K,noise_percent,iterations,converged,initial_acc,final_acc
10,0.0,1,True,1.0,1.0
10,0.0,1,True,1.0,1.0
10,0.0,1,True,1.0,1.0
10,0.0,1,True,1.0,1.0
10,0.0,1,True,1.0,1.0
10,0.0,1,True,1.0,1.0
10,0.0,1,True,1.0,1.0
10,0.0,1,True,1.0,1.0
10,0.0,1,True,1.0,1.0
10,0.0,1,True,1.0,1.0
10,0.0,1,True,1.0,1.0
10,0.0,1,True,1.0,1.0
10,0.0,1,True,1.0,1.0
10,0.0,1,True,1.0,1.0
10,0.0,1,True,1.0,1.0
10,0.0,1,True,1.0,1.0
10,0.0,1,True,1.0,1.0
10,0.0,1,True,1.0,1.0
10,0.0,1,True,1.0,1.0
10,0.0,1,True,1.0,1.0
10,0.0,1,True,1.0,1.0
10,0.0,1,True,1.0,1.0
10,0.0,1,True,1.0,1.0
10,0.0,1,True,1.0,1.0
10,0.0,1,True,1.0,1.0
10,0.0,1,True,1.0,1.0
10,0.0,1,True,1.0,1.0
10,0.0,1,True,1.0,1.0
10,0.0,1,True,1.0,1.0
10,0.0,1,True,1.0,1.0
10,0.0,1,True,1.0,1.0
10,0.0,1,True,1.0,1.0
10,0.0,1,True,1.0,1.0
10,0.0,1,True,1.0,1.0
10,0.0,1,True,1.0,1.0
10,0.0,1,True,1.0,1.0
10,0.0,1,True,1.0,1.0
10,0.0,1,True,1.0,1.0
10,0.0,1,True,1.0,1.0
10,0.0,1,True,1.0,1.0
10,0.0,1,True,1.0,1.0
10,0.0,1,True,1.0,1.0
10,0.0,1,True,1.0,1.0
10,0.0,1,True,1.0,1.0
10,0.0,1,True,1.0,1.0
10,0.0,1,True,1.0,1.0
10,0.0,1,True,1.0,1.0
10,0.0,1,True,1.0,1.0
10,0.0,1,True,1.0,1.0
10,0.0,1,True,1.0,1.0
10,5.0,2,True,1.0,1.0
10,5.0,2,True,1.0,1.0
10,5.0,2,True,1.0,1.0
10,5.0,2,True,1.0,1.0
10,5.0,2,True,1.0,1.0
10,5.0,2,True,1.0,1.0
10,5.0,2,True,1.0,1.0
10,5.0,2,True,1.0,1.0
10,5.0,2,True,1.0,1.0
10,5.0,2,True,1.0,1.0
10,5.0,2,True,1.0,1.0
10,5.0,2,True,1.0,1.0
10,5.0,2,True,1.0,1.0
10,5.0,2,True,1.0,1.0
10,5.0,2,True,1.0,1.0
10,5.0,2,True,1.0,1.0
10,5.0,2,True,1.0,1.0
10,5.0,2,True,1.0,1.0
10,5.0,2,True,1.0,1.0
10,5.0,2,True,1.0,1.0
10,5.0,2,True,1.0,1.0
10,5.0,2,True,1.0,1.0
10,5.0,2,True,1.0,1.0
10,5.0,2,True,1.0,1.0
10,5.0,2,True,1.0,1.0
10,5.0,2,True,1.0,1.0
10,5.0,2,True,1.0,1.0
10,5.0,2,True,1.0,1.0
10,5.0,2,True,1.0,1.0
10,5.0,2,True,1.0,1.0
10,5.0,2,True,1.0,1.0
10,5.0,2,True,1.0,1.0
10,5.0,2,True,1.0,1.0
10,5.0,2,True,1.0,1.0
10,5.0,2,True,1.0,1.0
10,5.0,2,True,1.0,1.0
10,5.0,2,True,1.0,1.0
10,5.0,2,True,1.0,1.0
10,5.0,2,True,1.0,1.0
10,5.0,2,True,1.0,1.0
10,5.0,2,True,1.0,1.0
10,5.0,2,True,1.0,1.0
10,5.0,2,True,1.0,1.0
10,5.0,2,True,1.0,1.0
10,5.0,2,True,1.0,1.0
10,5.0,2,True,1.0,1.0
10,5.0,2,True,1.0,1.0
10,5.0,2,True,1.0,1.0
10,5.0,2,True,1.0,1.0
10,5.0,2,True,1.0,1.0
10,10.0,2,True,1.0,1.0
10,10.0,2,True,1.0,1.0
10,10.0,2,True,1.0,1.0
10,10.0,2,True,1.0,1.0
10,10.0,2,True,1.0,1.0
10,10.0,2,True,1.0,1.0
10,10.0,2,True,1.0,1.0
10,10.0,2,True,1.0,1.0
10,10.0,2,True,1.0,1.0
10,10.0,2,True,1.0,1.0
10,10.0,2,True,1.0,1.0
10,10.0,2,True,1.0,1.0
10,10.0,2,True,1.0,1.0
10,10.0,2,True,1.0,1.0
10,10.0,2,True,1.0,1.0
10,10.0,2,True,1.0,1.0
10,10.0,2,True,1.0,1.0
10,10.0,2,True,1.0,1.0
10,10.0,2,True,1.0,1.0
10,10.0,2,True,1.0,1.0
10,10.0,2,True,1.0,1.0
10,10.0,2,True,1.0,1.0
10,10.0,2,True,1.0,1.0
10,10.0,2,True,1.0,1.0
10,10.0,2,True,1.0,1.0
10,10.0,2,True,1.0,1.0
10,10.0,2,True,1.0,1.0
10,10.0,2,True,1.0,1.0
10,10.0,2,True,1.0,1.0
10,10.0,2,True,1.0,1.0
10,10.0,2,True,1.0,1.0
10,10.0,2,True,1.0,1.0
10,10.0,2,True,1.0,1.0
10,10.0,2,True,1.0,1.0
10,10.0,2,True,1.0,1.0
10,10.0,2,True,1.0,1.0
10,10.0,2,True,1.0,1.0
10,10.0,2,True,1.0,1.0
10,10.0,2,True,1.0,1.0
10,10.0,2,True,1.0,1.0
10,10.0,2,True,1.0,1.0
10,10.0,2,True,1.0,1.0
10,10.0,2,True,1.0,1.0
10,10.0,2,True,1.0,1.0
10,10.0,2,True,1.0,1.0
10,10.0,2,True,1.0,1.0
10,10.0,2,True,1.0,1.0
10,10.0,2,True,1.0,1.0
10,10.0,2,True,1.0,1.0
10,10.0,2,True,1.0,1.0
10,15.0,2,True,1.0,1.0
10,15.0,2,True,1.0,1.0
10,15.0,2,True,1.0,1.0
10,15.0,2,True,1.0,1.0
10,15.0,2,True,1.0,1.0
10,15.0,5,True,0.14814814814814814,0.12345679012345678
10,15.0,2,True,1.0,1.0
10,15.0,2,True,1.0,1.0
10,15.0,2,True,1.0,1.0
10,15.0,2,True,1.0,1.0
10,15.0,2,True,1.0,1.0
10,15.0,2,True,1.0,1.0
10,15.0,2,True,1.0,1.0
10,15.0,2,True,1.0,1.0
10,15.0,2,True,1.0,1.0
10,15.0,2,True,1.0,1.0
10,15.0,2,True,1.0,1.0
10,15.0,2,True,1.0,1.0
10,15.0,2,True,1.0,1.0
10,15.0,2,True,1.0,1.0
10,15.0,2,True,1.0,1.0
10,15.0,3,True,0.14814814814814814,0.09876543209876543
10,15.0,2,True,1.0,1.0
10,15.0,2,True,1.0,1.0
10,15.0,2,True,1.0,1.0
10,15.0,2,True,1.0,1.0
10,15.0,2,True,1.0,1.0
10,15.0,2,True,1.0,1.0
10,15.0,2,True,1.0,1.0
10,15.0,2,True,1.0,1.0
10,15.0,2,True,1.0,1.0
10,15.0,2,True,1.0,1.0
10,15.0,2,True,1.0,1.0
10,15.0,2,True,1.0,1.0
10,15.0,2,True,1.0,1.0
10,15.0,2,True,1.0,1.0
10,15.0,2,True,1.0,1.0
10,15.0,2,True,1.0,1.0
10,15.0,2,True,1.0,1.0
10,15.0,2,True,1.0,1.0
10,15.0,2,True,1.0,1.0
10,15.0,2,True,1.0,1.0
10,15.0,2,True,1.0,1.0
10,15.0,2,True,1.0,1.0
10,15.0,2,True,1.0,1.0
10,15.0,2,True,1.0,1.0
10,15.0,2,True,1.0,1.0
10,15.0,2,True,1.0,1.0
10,15.0,3,True,0.20987654320987653,0.14814814814814814
10,15.0,2,True,1.0,1.0
10,20.0,2,True,1.0,1.0
10,20.0,4,True,0.12345679012345678,0.1111111111111111
10,20.0,2,True,1.0,1.0
10,20.0,2,True,1.0,1.0
10,20.0,2,True,1.0,1.0
10,20.0,11,True,0.24691358024691357,0.19753086419753085
10,20.0,3,True,0.07407407407407407,0.14814814814814814
10,20.0,3,True,0.13580246913580246,0.09876543209876543
10,20.0,8,True,0.2222222222222222,0.08641975308641975
10,20.0,3,True,0.24691358024691357,0.14814814814814814
10,20.0,2,True,0.2345679012345679,0.2345679012345679
10,20.0,2,True,1.0,1.0
10,20.0,7,True,0.2345679012345679,0.13580246913580246
10,20.0,2,True,1.0,1.0
10,20.0,7,True,0.08641975308641975,0.16049382716049382
10,20.0,2,True,1.0,1.0
10,20.0,7,True,0.1111111111111111,0.14814814814814814
10,20.0,4,True,0.1111111111111111,0.19753086419753085
10,20.0,2,True,1.0,1.0
10,20.0,4,True,0.08641975308641975,0.1728395061728395
10,20.0,2,True,1.0,1.0
10,20.0,5,True,0.20987654320987653,0.16049382716049382
10,20.0,2,True,0.08641975308641975,0.08641975308641975
10,20.0,5,True,0.24691358024691357,0.13580246913580246
10,20.0,2,True,1.0,1.0
10,20.0,2,True,1.0,1.0
10,20.0,2,True,1.0,1.0
10,20.0,2,True,0.1111111111111111,0.1111111111111111
10,20.0,2,True,1.0,1.0
10,20.0,11,True,0.14814814814814814,0.16049382716049382
10,20.0,5,True,0.08641975308641975,0.07407407407407407
10,20.0,5,True,0.20987654320987653,0.07407407407407407
10,20.0,2,True,1.0,1.0
10,20.0,2,True,0.07407407407407407,0.07407407407407407
10,20.0,4,True,0.2345679012345679,0.13580246913580246
10,20.0,4,True,0.13580246913580246,0.1111111111111111
10,20.0,3,True,0.16049382716049382,0.08641975308641975
10,20.0,2,True,1.0,1.0
10,20.0,2,True,1.0,1.0
10,20.0,2,True,1.0,1.0
10,20.0,2,True,1.0,1.0
10,20.0,2,True,1.0,1.0
10,20.0,6,True,0.13580246913580246,0.09876543209876543
10,20.0,2,True,1.0,1.0
10,20.0,2,True,1.0,1.0
10,20.0,8,True,0.12345679012345678,0.12345679012345678
10,20.0,2,True,0.09876543209876543,0.09876543209876543
10,20.0,2,True,1.0,1.0
10,20.0,2,True,1.0,1.0
10,20.0,2,True,1.0,1.0
10,25.0,2,True,1.0,1.0
10,25.0,6,True,0.07407407407407407,0.09876543209876543
10,25.0,2,True,0.09876543209876543,0.09876543209876543
10,25.0,2,True,0.09876543209876543,0.09876543209876543
10,25.0,4,True,0.14814814814814814,0.13580246913580246
10,25.0,2,True,0.14814814814814814,0.14814814814814814
10,25.0,3,True,0.1111111111111111,0.06172839506172839
10,25.0,2,True,0.08641975308641975,0.08641975308641975
10,25.0,2,True,1.0,1.0
10,25.0,3,True,0.20987654320987653,0.07407407407407407
10,25.0,5,True,0.07407407407407407,0.12345679012345678
10,25.0,5,True,0.1111111111111111,0.08641975308641975
10,25.0,2,True,1.0,1.0
10,25.0,8,True,0.18518518518518517,0.1111111111111111
10,25.0,2,True,1.0,1.0
10,25.0,2,True,1.0,1.0
10,25.0,2,True,1.0,1.0
10,25.0,2,True,1.0,1.0
10,25.0,4,True,0.07407407407407407,0.16049382716049382
10,25.0,5,True,0.07407407407407407,0.12345679012345678
10,25.0,3,True,0.1111111111111111,0.08641975308641975
10,25.0,2,True,1.0,1.0
10,25.0,2,True,1.0,1.0
10,25.0,2,True,1.0,1.0
10,25.0,2,True,1.0,1.0
10,25.0,2,True,1.0,1.0
10,25.0,4,True,0.19753086419753085,0.2345679012345679
10,25.0,2,True,1.0,1.0
10,25.0,2,True,1.0,1.0
10,25.0,3,True,0.08641975308641975,0.14814814814814814
10,25.0,2,True,0.07407407407407407,0.07407407407407407
10,25.0,2,True,1.0,1.0
10,25.0,2,True,1.0,1.0
10,25.0,2,True,1.0,1.0
10,25.0,4,True,0.07407407407407407,0.04938271604938271
10,25.0,9,True,0.32098765432098764,0.08641975308641975
10,25.0,7,True,0.037037037037037035,0.16049382716049382
10,25.0,3,True,0.1111111111111111,0.08641975308641975
10,25.0,2,True,1.0,1.0
10,25.0,6,True,0.32098765432098764,0.12345679012345678
10,25.0,2,True,0.09876543209876543,0.09876543209876543
10,25.0,5,True,0.13580246913580246,0.12345679012345678
10,25.0,2,True,1.0,1.0
10,25.0,2,True,1.0,1.0
10,25.0,2,True,1.0,1.0
10,25.0,5,True,0.12345679012345678,0.12345679012345678
10,25.0,5,True,0.18518518518518517,0.08641975308641975
10,25.0,4,True,0.1111111111111111,0.1728395061728395
10,25.0,4,True,0.14814814814814814,0.09876543209876543
10,25.0,2,True,0.07407407407407407,0.07407407407407407
10,30.0,3,True,0.2222222222222222,0.20987654320987653
10,30.0,3,True,0.13580246913580246,0.1728395061728395
10,30.0,5,True,0.20987654320987653,0.09876543209876543
10,30.0,6,True,0.1728395061728395,0.09876543209876543
10,30.0,2,True,0.07407407407407407,0.07407407407407407
10,30.0,3,True,0.07407407407407407,0.13580246913580246
10,30.0,4,True,0.1111111111111111,0.06172839506172839
10,30.0,3,True,0.12345679012345678,0.1111111111111111
10,30.0,6,True,0.20987654320987653,0.037037037037037035
10,30.0,2,True,0.16049382716049382,0.16049382716049382
10,30.0,2,True,0.04938271604938271,0.04938271604938271
10,30.0,11,True,0.14814814814814814,0.08641975308641975
10,30.0,8,True,0.07407407407407407,0.07407407407407407
10,30.0,3,True,0.09876543209876543,0.06172839506172839
10,30.0,10,True,0.1111111111111111,0.1111111111111111
10,30.0,2,True,0.1111111111111111,0.1111111111111111
10,30.0,2,True,0.1111111111111111,0.1111111111111111
10,30.0,4,True,0.14814814814814814,0.13580246913580246
10,30.0,4,True,0.14814814814814814,0.14814814814814814
10,30.0,6,True,0.16049382716049382,0.04938271604938271
10,30.0,2,True,1.0,1.0
10,30.0,4,True,0.12345679012345678,0.1111111111111111
10,30.0,3,True,0.08641975308641975,0.19753086419753085
10,30.0,5,True,0.12345679012345678,0.08641975308641975
10,30.0,2,True,0.14814814814814814,0.14814814814814814
10,30.0,2,True,0.1111111111111111,0.1111111111111111
10,30.0,2,True,1.0,1.0
10,30.0,3,True,0.07407407407407407,0.1111111111111111
10,30.0,2,True,0.13580246913580246,0.13580246913580246
10,30.0,2,True,1.0,1.0
10,30.0,5,True,0.2222222222222222,0.14814814814814814
10,30.0,4,True,0.07407407407407407,0.09876543209876543
10,30.0,5,True,0.16049382716049382,0.08641975308641975
10,30.0,5,True,0.1111111111111111,0.13580246913580246
10,30.0,11,True,0.1111111111111111,0.1111111111111111
10,30.0,2,True,1.0,1.0
10,30.0,7,True,0.16049382716049382,0.1728395061728395
10,30.0,2,True,1.0,1.0
10,30.0,2,True,0.08641975308641975,0.08641975308641975
10,30.0,2,True,0.08641975308641975,0.08641975308641975
10,30.0,2,True,0.08641975308641975,0.08641975308641975
10,30.0,10,True,0.12345679012345678,0.1111111111111111
10,30.0,8,True,0.16049382716049382,0.04938271604938271
10,30.0,2,True,1.0,1.0
10,30.0,2,True,0.07407407407407407,0.07407407407407407
10,30.0,4,True,0.09876543209876543,0.13580246913580246
10,30.0,2,True,1.0,1.0
10,30.0,11,True,0.08641975308641975,0.04938271604938271
10,30.0,2,True,1.0,1.0
10,30.0,2,True,0.1111111111111111,0.1111111111111111
10,35.0,2,True,0.037037037037037035,0.037037037037037035
10,35.0,8,True,0.1111111111111111,0.13580246913580246
10,35.0,2,True,0.13580246913580246,0.13580246913580246
10,35.0,2,True,0.09876543209876543,0.09876543209876543
10,35.0,4,True,0.12345679012345678,0.1728395061728395
10,35.0,3,True,0.07407407407407407,0.08641975308641975
10,35.0,3,True,0.16049382716049382,0.12345679012345678
10,35.0,7,True,0.09876543209876543,0.12345679012345678
10,35.0,2,True,0.1728395061728395,0.1728395061728395
10,35.0,7,True,0.13580246913580246,0.06172839506172839
10,35.0,2,True,0.07407407407407407,0.07407407407407407
10,35.0,9,True,0.14814814814814814,0.07407407407407407
10,35.0,12,True,0.09876543209876543,0.12345679012345678
10,35.0,2,True,0.14814814814814814,0.14814814814814814
10,35.0,9,True,0.13580246913580246,0.14814814814814814
10,35.0,3,True,0.16049382716049382,0.14814814814814814
10,35.0,3,True,0.06172839506172839,0.16049382716049382
10,35.0,10,True,0.1111111111111111,0.09876543209876543
10,35.0,11,True,0.037037037037037035,0.09876543209876543
10,35.0,9,True,0.09876543209876543,0.04938271604938271
10,35.0,2,True,0.07407407407407407,0.07407407407407407
10,35.0,13,True,0.1111111111111111,0.04938271604938271
10,35.0,2,True,0.06172839506172839,0.06172839506172839
10,35.0,3,True,0.13580246913580246,0.25925925925925924
10,35.0,5,True,0.1728395061728395,0.12345679012345678
10,35.0,2,True,0.13580246913580246,0.13580246913580246
10,35.0,7,True,0.08641975308641975,0.08641975308641975
10,35.0,4,True,0.13580246913580246,0.1111111111111111
10,35.0,3,True,0.16049382716049382,0.06172839506172839
10,35.0,3,True,0.07407407407407407,0.1111111111111111
10,35.0,2,True,1.0,1.0
10,35.0,3,True,0.12345679012345678,0.06172839506172839
10,35.0,2,True,0.14814814814814814,0.14814814814814814
10,35.0,2,True,0.1111111111111111,0.1111111111111111
10,35.0,3,True,0.14814814814814814,0.18518518518518517
10,35.0,2,True,0.13580246913580246,0.13580246913580246
10,35.0,2,True,0.09876543209876543,0.09876543209876543
10,35.0,4,True,0.13580246913580246,0.1111111111111111
10,35.0,2,True,1.0,1.0
10,35.0,9,True,0.16049382716049382,0.06172839506172839
10,35.0,3,True,0.12345679012345678,0.19753086419753085
10,35.0,2,True,0.13580246913580246,0.13580246913580246
10,35.0,2,True,0.04938271604938271,0.04938271604938271
10,35.0,2,True,0.1728395061728395,0.1728395061728395
10,35.0,4,True,0.09876543209876543,0.13580246913580246
10,35.0,7,True,0.12345679012345678,0.1111111111111111
10,35.0,8,True,0.07407407407407407,0.09876543209876543
10,35.0,12,True,0.09876543209876543,0.06172839506172839
10,35.0,3,True,0.09876543209876543,0.09876543209876543
10,35.0,5,True,0.13580246913580246,0.19753086419753085
10,40.0,3,True,0.13580246913580246,0.1111111111111111
10,40.0,2,True,0.14814814814814814,0.14814814814814814
10,40.0,2,True,0.12345679012345678,0.12345679012345678
10,40.0,7,True,0.04938271604938271,0.16049382716049382
10,40.0,5,True,0.14814814814814814,0.07407407407407407
10,40.0,2,True,0.09876543209876543,0.09876543209876543
10,40.0,4,True,0.09876543209876543,0.14814814814814814
10,40.0,2,True,0.07407407407407407,0.07407407407407407
10,40.0,6,True,0.18518518518518517,0.07407407407407407
10,40.0,5,True,0.12345679012345678,0.1728395061728395
10,40.0,2,True,0.1111111111111111,0.1111111111111111
10,40.0,4,True,0.1111111111111111,0.08641975308641975
10,40.0,3,True,0.06172839506172839,0.09876543209876543
10,40.0,4,True,0.14814814814814814,0.2222222222222222
10,40.0,7,True,0.12345679012345678,0.12345679012345678
10,40.0,5,True,0.19753086419753085,0.07407407407407407
10,40.0,3,True,0.07407407407407407,0.08641975308641975
10,40.0,2,True,0.09876543209876543,0.09876543209876543
10,40.0,3,True,0.12345679012345678,0.12345679012345678
10,40.0,5,True,0.08641975308641975,0.12345679012345678
10,40.0,5,True,0.09876543209876543,0.1111111111111111
10,40.0,2,True,0.09876543209876543,0.09876543209876543
10,40.0,6,True,0.16049382716049382,0.13580246913580246
10,40.0,9,True,0.1111111111111111,0.09876543209876543
10,40.0,2,True,0.12345679012345678,0.12345679012345678
10,40.0,2,True,0.13580246913580246,0.13580246913580246
10,40.0,5,True,0.06172839506172839,0.12345679012345678
10,40.0,5,True,0.18518518518518517,0.08641975308641975
10,40.0,3,True,0.12345679012345678,0.12345679012345678
10,40.0,6,True,0.13580246913580246,0.09876543209876543
10,40.0,3,True,0.1111111111111111,0.06172839506172839
10,40.0,3,True,0.1111111111111111,0.1111111111111111
10,40.0,3,True,0.04938271604938271,0.12345679012345678
10,40.0,6,True,0.08641975308641975,0.08641975308641975
10,40.0,7,True,0.14814814814814814,0.09876543209876543
10,40.0,2,True,0.1111111111111111,0.1111111111111111
10,40.0,2,True,0.037037037037037035,0.037037037037037035
10,40.0,2,True,0.1111111111111111,0.1111111111111111
10,40.0,4,True,0.12345679012345678,0.04938271604938271
10,40.0,2,True,0.09876543209876543,0.09876543209876543
10,40.0,3,True,0.1728395061728395,0.13580246913580246
10,40.0,4,True,0.09876543209876543,0.09876543209876543
10,40.0,4,True,0.14814814814814814,0.04938271604938271
10,40.0,3,True,0.09876543209876543,0.09876543209876543
10,40.0,5,True,0.14814814814814814,0.12345679012345678
10,40.0,3,True,0.09876543209876543,0.18518518518518517
10,40.0,2,True,0.08641975308641975,0.08641975308641975
10,40.0,4,True,0.12345679012345678,0.13580246913580246
10,40.0,15,True,0.07407407407407407,0.20987654320987653
10,40.0,3,True,0.07407407407407407,0.08641975308641975
10,45.0,2,True,0.037037037037037035,0.037037037037037035
10,45.0,8,True,0.16049382716049382,0.18518518518518517
10,45.0,4,True,0.14814814814814814,0.12345679012345678
10,45.0,2,True,0.13580246913580246,0.13580246913580246
10,45.0,2,True,0.13580246913580246,0.13580246913580246
10,45.0,3,True,0.14814814814814814,0.19753086419753085
10,45.0,4,True,0.14814814814814814,0.09876543209876543
10,45.0,9,True,0.1111111111111111,0.1111111111111111
10,45.0,4,True,0.09876543209876543,0.024691358024691357
10,45.0,10,True,0.04938271604938271,0.08641975308641975
10,45.0,4,True,0.1111111111111111,0.16049382716049382
10,45.0,12,True,0.1111111111111111,0.04938271604938271
10,45.0,5,True,0.1728395061728395,0.12345679012345678
10,45.0,5,True,0.12345679012345678,0.07407407407407407
10,45.0,5,True,0.08641975308641975,0.07407407407407407
10,45.0,2,True,0.14814814814814814,0.14814814814814814
10,45.0,5,True,0.13580246913580246,0.06172839506172839
10,45.0,3,True,0.13580246913580246,0.1111111111111111
10,45.0,2,True,0.1728395061728395,0.1728395061728395
10,45.0,5,True,0.14814814814814814,0.06172839506172839
10,45.0,3,True,0.08641975308641975,0.07407407407407407
10,45.0,4,True,0.16049382716049382,0.08641975308641975
10,45.0,9,True,0.1111111111111111,0.08641975308641975
10,45.0,4,True,0.13580246913580246,0.19753086419753085
10,45.0,2,True,0.1111111111111111,0.1111111111111111
10,45.0,5,True,0.1111111111111111,0.07407407407407407
10,45.0,5,True,0.13580246913580246,0.13580246913580246
10,45.0,2,True,1.0,1.0
10,45.0,4,True,0.06172839506172839,0.1111111111111111
10,45.0,2,True,0.1111111111111111,0.1111111111111111
10,45.0,2,True,0.09876543209876543,0.09876543209876543
10,45.0,3,True,0.07407407407407407,0.16049382716049382
10,45.0,4,True,0.04938271604938271,0.07407407407407407
10,45.0,5,True,0.12345679012345678,0.07407407407407407
10,45.0,2,True,0.08641975308641975,0.08641975308641975
10,45.0,2,True,0.07407407407407407,0.07407407407407407
10,45.0,6,True,0.13580246913580246,0.13580246913580246
10,45.0,2,True,0.14814814814814814,0.14814814814814814
10,45.0,5,True,0.1111111111111111,0.18518518518518517
10,45.0,6,True,0.07407407407407407,0.08641975308641975
10,45.0,2,True,0.1728395061728395,0.1728395061728395
10,45.0,2,True,0.12345679012345678,0.12345679012345678
10,45.0,5,True,0.09876543209876543,0.09876543209876543
10,45.0,5,True,0.14814814814814814,0.1728395061728395
10,45.0,4,True,0.1111111111111111,0.20987654320987653
10,45.0,3,True,0.20987654320987653,0.09876543209876543
10,45.0,4,True,0.1111111111111111,0.037037037037037035
10,45.0,12,True,0.09876543209876543,0.07407407407407407
10,45.0,4,True,0.04938271604938271,0.14814814814814814
10,45.0,2,True,0.18518518518518517,0.18518518518518517
10,50.0,5,True,0.1111111111111111,0.09876543209876543
10,50.0,2,True,0.18518518518518517,0.18518518518518517
10,50.0,2,True,0.16049382716049382,0.16049382716049382
10,50.0,9,True,0.08641975308641975,0.07407407407407407
10,50.0,2,True,0.06172839506172839,0.06172839506172839
10,50.0,4,True,0.13580246913580246,0.09876543209876543
10,50.0,5,True,0.14814814814814814,0.07407407407407407
10,50.0,8,True,0.06172839506172839,0.06172839506172839
10,50.0,3,True,0.06172839506172839,0.14814814814814814
10,50.0,2,True,0.16049382716049382,0.16049382716049382
10,50.0,4,True,0.12345679012345678,0.07407407407407407
10,50.0,4,True,0.08641975308641975,0.07407407407407407
10,50.0,12,True,0.16049382716049382,0.14814814814814814
10,50.0,3,True,0.09876543209876543,0.12345679012345678
10,50.0,2,True,0.13580246913580246,0.13580246913580246
10,50.0,4,True,0.12345679012345678,0.12345679012345678
10,50.0,2,True,0.09876543209876543,0.09876543209876543
10,50.0,5,True,0.1111111111111111,0.12345679012345678
10,50.0,16,True,0.1111111111111111,0.07407407407407407
10,50.0,5,True,0.07407407407407407,0.14814814814814814
10,50.0,2,True,0.12345679012345678,0.12345679012345678
10,50.0,4,True,0.1111111111111111,0.08641975308641975
10,50.0,3,True,0.07407407407407407,0.13580246913580246
10,50.0,2,True,0.04938271604938271,0.04938271604938271
10,50.0,4,True,0.1111111111111111,0.09876543209876543
10,50.0,2,True,0.08641975308641975,0.08641975308641975
10,50.0,3,True,0.13580246913580246,0.12345679012345678
10,50.0,2,True,0.12345679012345678,0.12345679012345678
10,50.0,2,True,0.1111111111111111,0.1111111111111111
10,50.0,9,True,0.1111111111111111,0.09876543209876543
10,50.0,2,True,0.04938271604938271,0.04938271604938271
10,50.0,6,True,0.12345679012345678,0.14814814814814814
10,50.0,6,True,0.07407407407407407,0.04938271604938271
10,50.0,4,True,0.16049382716049382,0.037037037037037035
10,50.0,2,True,0.12345679012345678,0.12345679012345678
10,50.0,11,True,0.07407407407407407,0.09876543209876543
10,50.0,8,True,0.12345679012345678,0.20987654320987653
10,50.0,3,True,0.08641975308641975,0.1111111111111111
10,50.0,2,True,0.13580246913580246,0.13580246913580246
10,50.0,6,True,0.07407407407407407,0.08641975308641975
10,50.0,7,True,0.1728395061728395,0.08641975308641975
10,50.0,3,True,0.09876543209876543,0.09876543209876543
10,50.0,3,True,0.18518518518518517,0.08641975308641975
10,50.0,5,True,0.12345679012345678,0.12345679012345678
10,50.0,4,True,0.12345679012345678,0.18518518518518517
10,50.0,2,True,0.12345679012345678,0.12345679012345678
10,50.0,2,True,0.09876543209876543,0.09876543209876543
10,50.0,8,True,0.16049382716049382,0.12345679012345678
10,50.0,3,True,0.13580246913580246,0.12345679012345678
10,50.0,3,True,0.1111111111111111,0.13580246913580246
10,55.00000000000001,7,True,0.07407407407407407,0.08641975308641975
10,55.00000000000001,4,True,0.09876543209876543,0.12345679012345678
10,55.00000000000001,5,True,0.08641975308641975,0.07407407407407407
10,55.00000000000001,8,True,0.14814814814814814,0.12345679012345678
10,55.00000000000001,3,True,0.1111111111111111,0.06172839506172839
10,55.00000000000001,11,True,0.13580246913580246,0.14814814814814814
10,55.00000000000001,6,True,0.08641975308641975,0.04938271604938271
10,55.00000000000001,7,True,0.13580246913580246,0.08641975308641975
10,55.00000000000001,13,True,0.08641975308641975,0.12345679012345678
10,55.00000000000001,9,True,0.09876543209876543,0.09876543209876543
10,55.00000000000001,2,True,0.06172839506172839,0.06172839506172839
10,55.00000000000001,5,True,0.09876543209876543,0.08641975308641975
10,55.00000000000001,7,True,0.16049382716049382,0.09876543209876543
10,55.00000000000001,3,True,0.1111111111111111,0.16049382716049382
10,55.00000000000001,2,True,0.08641975308641975,0.08641975308641975
10,55.00000000000001,8,True,0.1111111111111111,0.14814814814814814
10,55.00000000000001,5,True,0.1111111111111111,0.04938271604938271
10,55.00000000000001,4,True,0.1111111111111111,0.08641975308641975
10,55.00000000000001,7,True,0.1111111111111111,0.08641975308641975
10,55.00000000000001,3,True,0.06172839506172839,0.1111111111111111
10,55.00000000000001,9,True,0.13580246913580246,0.16049382716049382
10,55.00000000000001,12,True,0.12345679012345678,0.09876543209876543
10,55.00000000000001,3,True,0.13580246913580246,0.1728395061728395
10,55.00000000000001,3,True,0.04938271604938271,0.13580246913580246
10,55.00000000000001,5,True,0.1111111111111111,0.13580246913580246
10,55.00000000000001,5,True,0.14814814814814814,0.13580246913580246
10,55.00000000000001,3,True,0.09876543209876543,0.04938271604938271
10,55.00000000000001,2,True,0.09876543209876543,0.09876543209876543
10,55.00000000000001,2,True,0.08641975308641975,0.08641975308641975
10,55.00000000000001,7,True,0.08641975308641975,0.08641975308641975
10,55.00000000000001,6,True,0.14814814814814814,0.09876543209876543
10,55.00000000000001,2,True,0.13580246913580246,0.13580246913580246
10,55.00000000000001,3,True,0.1111111111111111,0.09876543209876543
10,55.00000000000001,4,True,0.07407407407407407,0.037037037037037035
10,55.00000000000001,8,True,0.12345679012345678,0.08641975308641975
10,55.00000000000001,18,True,0.037037037037037035,0.08641975308641975
10,55.00000000000001,4,True,0.12345679012345678,0.1111111111111111
10,55.00000000000001,4,True,0.16049382716049382,0.1111111111111111
10,55.00000000000001,3,True,0.16049382716049382,0.13580246913580246
10,55.00000000000001,2,True,0.1111111111111111,0.1111111111111111
10,55.00000000000001,5,True,0.12345679012345678,0.20987654320987653
10,55.00000000000001,4,True,0.08641975308641975,0.08641975308641975
10,55.00000000000001,8,True,0.06172839506172839,0.12345679012345678
10,55.00000000000001,2,True,0.04938271604938271,0.04938271604938271
10,55.00000000000001,8,True,0.08641975308641975,0.12345679012345678
10,55.00000000000001,8,True,0.16049382716049382,0.07407407407407407
10,55.00000000000001,4,True,0.16049382716049382,0.12345679012345678
10,55.00000000000001,4,True,0.1111111111111111,0.09876543209876543
10,55.00000000000001,2,True,0.12345679012345678,0.12345679012345678
10,55.00000000000001,3,True,0.09876543209876543,0.12345679012345678
10,60.0,6,True,0.08641975308641975,0.16049382716049382
10,60.0,3,True,0.07407407407407407,0.037037037037037035
10,60.0,3,True,0.14814814814814814,0.07407407407407407
10,60.0,3,True,0.09876543209876543,0.1111111111111111
10,60.0,6,True,0.09876543209876543,0.07407407407407407
10,60.0,5,True,0.12345679012345678,0.14814814814814814
10,60.0,3,True,0.14814814814814814,0.1728395061728395
10,60.0,4,True,0.09876543209876543,0.07407407407407407
10,60.0,3,True,0.09876543209876543,0.13580246913580246
10,60.0,5,True,0.06172839506172839,0.1111111111111111
10,60.0,13,True,0.09876543209876543,0.07407407407407407
10,60.0,5,True,0.12345679012345678,0.12345679012345678
10,60.0,3,True,0.13580246913580246,0.14814814814814814
10,60.0,5,True,0.04938271604938271,0.09876543209876543
10,60.0,5,True,0.13580246913580246,0.1728395061728395
10,60.0,5,True,0.09876543209876543,0.06172839506172839
10,60.0,5,True,0.13580246913580246,0.06172839506172839
10,60.0,8,True,0.07407407407407407,0.14814814814814814
10,60.0,5,True,0.04938271604938271,0.08641975308641975
10,60.0,4,True,0.09876543209876543,0.20987654320987653
10,60.0,3,True,0.14814814814814814,0.09876543209876543
10,60.0,6,True,0.13580246913580246,0.1111111111111111
10,60.0,5,True,0.12345679012345678,0.08641975308641975
10,60.0,9,True,0.09876543209876543,0.1111111111111111
10,60.0,3,True,0.16049382716049382,0.1111111111111111
10,60.0,13,True,0.04938271604938271,0.14814814814814814
10,60.0,4,True,0.09876543209876543,0.12345679012345678
10,60.0,4,True,0.12345679012345678,0.14814814814814814
10,60.0,8,True,0.09876543209876543,0.09876543209876543
10,60.0,8,True,0.13580246913580246,0.19753086419753085
10,60.0,12,True,0.13580246913580246,0.037037037037037035
10,60.0,3,True,0.12345679012345678,0.08641975308641975
10,60.0,12,True,0.1111111111111111,0.13580246913580246
10,60.0,4,True,0.024691358024691357,0.12345679012345678
10,60.0,20,False,0.13580246913580246,0.08641975308641975
10,60.0,3,True,0.1111111111111111,0.04938271604938271
10,60.0,9,True,0.07407407407407407,0.07407407407407407
10,60.0,7,True,0.13580246913580246,0.1111111111111111
10,60.0,3,True,0.08641975308641975,0.06172839506172839
10,60.0,6,True,0.16049382716049382,0.07407407407407407
10,60.0,4,True,0.08641975308641975,0.07407407407407407
10,60.0,8,True,0.12345679012345678,0.12345679012345678
10,60.0,3,True,0.12345679012345678,0.1111111111111111
10,60.0,7,True,0.12345679012345678,0.14814814814814814
10,60.0,13,True,0.12345679012345678,0.09876543209876543
10,60.0,5,True,0.1728395061728395,0.08641975308641975
10,60.0,3,True,0.08641975308641975,0.09876543209876543
10,60.0,4,True,0.07407407407407407,0.16049382716049382
10,60.0,6,True,0.16049382716049382,0.14814814814814814
10,60.0,4,True,0.12345679012345678,0.06172839506172839
10,70.0,4,True,0.14814814814814814,0.04938271604938271
10,70.0,4,True,0.08641975308641975,0.13580246913580246
10,70.0,3,True,0.12345679012345678,0.1111111111111111
10,70.0,6,True,0.1111111111111111,0.09876543209876543
10,70.0,5,True,0.13580246913580246,0.12345679012345678
10,70.0,5,True,0.09876543209876543,0.037037037037037035
10,70.0,8,True,0.08641975308641975,0.09876543209876543
10,70.0,3,True,0.1111111111111111,0.024691358024691357
10,70.0,4,True,0.12345679012345678,0.07407407407407407
10,70.0,8,True,0.12345679012345678,0.12345679012345678
10,70.0,3,True,0.12345679012345678,0.07407407407407407
10,70.0,6,True,0.09876543209876543,0.13580246913580246
10,70.0,3,True,0.024691358024691357,0.09876543209876543
10,70.0,4,True,0.12345679012345678,0.1111111111111111
10,70.0,6,True,0.1111111111111111,0.07407407407407407
10,70.0,3,True,0.08641975308641975,0.07407407407407407
10,70.0,8,True,0.08641975308641975,0.16049382716049382
10,70.0,12,True,0.1111111111111111,0.1111111111111111
10,70.0,4,True,0.09876543209876543,0.13580246913580246
10,70.0,9,True,0.13580246913580246,0.1111111111111111
10,70.0,4,True,0.08641975308641975,0.09876543209876543
10,70.0,5,True,0.1111111111111111,0.1111111111111111
10,70.0,3,True,0.14814814814814814,0.18518518518518517
10,70.0,7,True,0.13580246913580246,0.14814814814814814
10,70.0,3,True,0.12345679012345678,0.13580246913580246
10,70.0,3,True,0.12345679012345678,0.13580246913580246
10,70.0,10,True,0.1111111111111111,0.1111111111111111
10,70.0,3,True,0.1111111111111111,0.07407407407407407
10,70.0,3,True,0.1111111111111111,0.18518518518518517
10,70.0,4,True,0.14814814814814814,0.09876543209876543
10,70.0,3,True,0.09876543209876543,0.16049382716049382
10,70.0,18,True,0.1111111111111111,0.06172839506172839
10,70.0,5,True,0.12345679012345678,0.08641975308641975
10,70.0,6,True,0.1111111111111111,0.08641975308641975
10,70.0,5,True,0.09876543209876543,0.08641975308641975
10,70.0,7,True,0.14814814814814814,0.14814814814814814
10,70.0,3,True,0.12345679012345678,0.12345679012345678
10,70.0,5,True,0.14814814814814814,0.13580246913580246
10,70.0,3,True,0.12345679012345678,0.12345679012345678
10,70.0,5,True,0.09876543209876543,0.20987654320987653
10,70.0,5,True,0.12345679012345678,0.13580246913580246
10,70.0,3,True,0.1111111111111111,0.12345679012345678
10,70.0,4,True,0.1111111111111111,0.12345679012345678
10,70.0,3,True,0.1111111111111111,0.07407407407407407
10,70.0,4,True,0.13580246913580246,0.14814814814814814
10,70.0,13,True,0.09876543209876543,0.08641975308641975
10,70.0,3,True,0.1728395061728395,0.06172839506172839
10,70.0,4,True,0.09876543209876543,0.08641975308641975
10,70.0,5,True,0.13580246913580246,0.14814814814814814
10,70.0,4,True,0.13580246913580246,0.1111111111111111
10,80.0,13,True,0.1111111111111111,0.04938271604938271
10,80.0,3,True,0.09876543209876543,0.08641975308641975
10,80.0,3,True,0.1111111111111111,0.1111111111111111
10,80.0,8,True,0.08641975308641975,0.08641975308641975
10,80.0,17,True,0.09876543209876543,0.13580246913580246
10,80.0,3,True,0.09876543209876543,0.04938271604938271
10,80.0,3,True,0.1111111111111111,0.2222222222222222
10,80.0,3,True,0.1111111111111111,0.1111111111111111
10,80.0,3,True,0.1111111111111111,0.14814814814814814
10,80.0,6,True,0.1111111111111111,0.07407407407407407
10,80.0,3,True,0.12345679012345678,0.06172839506172839
10,80.0,8,True,0.1111111111111111,0.14814814814814814
10,80.0,6,True,0.12345679012345678,0.08641975308641975
10,80.0,3,True,0.1111111111111111,0.12345679012345678
10,80.0,6,True,0.1111111111111111,0.06172839506172839
10,80.0,5,True,0.12345679012345678,0.13580246913580246
10,80.0,4,True,0.1111111111111111,0.12345679012345678
10,80.0,8,True,0.12345679012345678,0.1111111111111111
10,80.0,8,True,0.1111111111111111,0.19753086419753085
10,80.0,6,True,0.09876543209876543,0.06172839506172839
10,80.0,3,True,0.1111111111111111,0.08641975308641975
10,80.0,9,True,0.12345679012345678,0.12345679012345678
10,80.0,8,True,0.1111111111111111,0.13580246913580246
10,80.0,3,True,0.1111111111111111,0.16049382716049382
10,80.0,3,True,0.1111111111111111,0.1111111111111111
10,80.0,6,True,0.12345679012345678,0.1111111111111111
10,80.0,3,True,0.1111111111111111,0.037037037037037035
10,80.0,7,True,0.1111111111111111,0.1111111111111111
10,80.0,4,True,0.1111111111111111,0.1728395061728395
10,80.0,4,True,0.1111111111111111,0.12345679012345678
10,80.0,5,True,0.1111111111111111,0.18518518518518517
10,80.0,7,True,0.1111111111111111,0.1111111111111111
10,80.0,10,True,0.1111111111111111,0.1111111111111111
10,80.0,4,True,0.1111111111111111,0.04938271604938271
10,80.0,5,True,0.12345679012345678,0.19753086419753085
10,80.0,4,True,0.09876543209876543,0.04938271604938271
10,80.0,4,True,0.1111111111111111,0.1111111111111111
10,80.0,4,True,0.09876543209876543,0.06172839506172839
10,80.0,4,True,0.09876543209876543,0.08641975308641975
10,80.0,8,True,0.1111111111111111,0.04938271604938271
10,80.0,3,True,0.1111111111111111,0.12345679012345678
10,80.0,3,True,0.1111111111111111,0.08641975308641975
10,80.0,3,True,0.12345679012345678,0.09876543209876543
10,80.0,3,True,0.1111111111111111,0.07407407407407407
10,80.0,5,True,0.13580246913580246,0.14814814814814814
10,80.0,5,True,0.09876543209876543,0.08641975308641975
10,80.0,3,True,0.1111111111111111,0.16049382716049382
10,80.0,4,True,0.09876543209876543,0.06172839506172839
10,80.0,6,True,0.1111111111111111,0.1111111111111111
10,80.0,3,True,0.12345679012345678,0.06172839506172839
25,0.0,1,True,1.0,1.0
25,0.0,1,True,1.0,1.0
25,0.0,1,True,1.0,1.0
25,0.0,1,True,1.0,1.0
25,0.0,1,True,1.0,1.0
25,0.0,1,True,1.0,1.0
25,0.0,1,True,1.0,1.0
25,0.0,1,True,1.0,1.0
25,0.0,1,True,1.0,1.0
25,0.0,1,True,1.0,1.0
25,0.0,1,True,1.0,1.0
25,0.0,1,True,1.0,1.0
25,0.0,1,True,1.0,1.0
25,0.0,1,True,1.0,1.0
25,0.0,1,True,1.0,1.0
25,0.0,1,True,1.0,1.0
25,0.0,1,True,1.0,1.0
25,0.0,1,True,1.0,1.0
25,0.0,1,True,1.0,1.0
25,0.0,1,True,1.0,1.0
25,0.0,1,True,1.0,1.0
25,0.0,1,True,1.0,1.0
25,0.0,1,True,1.0,1.0
25,0.0,1,True,1.0,1.0
25,0.0,1,True,1.0,1.0
25,0.0,1,True,1.0,1.0
25,0.0,1,True,1.0,1.0
25,0.0,1,True,1.0,1.0
25,0.0,1,True,1.0,1.0
25,0.0,1,True,1.0,1.0
25,0.0,1,True,1.0,1.0
25,0.0,1,True,1.0,1.0
25,0.0,1,True,1.0,1.0
25,0.0,1,True,1.0,1.0
25,0.0,1,True,1.0,1.0
25,0.0,1,True,1.0,1.0
25,0.0,1,True,1.0,1.0
25,0.0,1,True,1.0,1.0
25,0.0,1,True,1.0,1.0
25,0.0,1,True,1.0,1.0
25,0.0,1,True,1.0,1.0
25,0.0,1,True,1.0,1.0
25,0.0,1,True,1.0,1.0
25,0.0,1,True,1.0,1.0
25,0.0,1,True,1.0,1.0
25,0.0,1,True,1.0,1.0
25,0.0,1,True,1.0,1.0
25,0.0,1,True,1.0,1.0
25,0.0,1,True,1.0,1.0
25,0.0,1,True,1.0,1.0
25,5.0,2,True,1.0,1.0
25,5.0,2,True,1.0,1.0
25,5.0,2,True,1.0,1.0
25,5.0,2,True,1.0,1.0
25,5.0,2,True,1.0,1.0
25,5.0,2,True,1.0,1.0
25,5.0,2,True,1.0,1.0
25,5.0,2,True,1.0,1.0
25,5.0,2,True,1.0,1.0
25,5.0,2,True,1.0,1.0
25,5.0,2,True,1.0,1.0
25,5.0,2,True,1.0,1.0
25,5.0,2,True,1.0,1.0
25,5.0,2,True,1.0,1.0
25,5.0,2,True,1.0,1.0
25,5.0,2,True,1.0,1.0
25,5.0,2,True,1.0,1.0
25,5.0,2,True,1.0,1.0
25,5.0,2,True,1.0,1.0
25,5.0,2,True,1.0,1.0
25,5.0,2,True,1.0,1.0
25,5.0,2,True,1.0,1.0
25,5.0,2,True,1.0,1.0
25,5.0,2,True,1.0,1.0
25,5.0,2,True,1.0,1.0
25,5.0,2,True,1.0,1.0
25,5.0,2,True,1.0,1.0
25,5.0,2,True,1.0,1.0
25,5.0,2,True,1.0,1.0
25,5.0,2,True,1.0,1.0
25,5.0,2,True,1.0,1.0
25,5.0,2,True,1.0,1.0
25,5.0,2,True,1.0,1.0
25,5.0,2,True,1.0,1.0
25,5.0,2,True,1.0,1.0
25,5.0,2,True,1.0,1.0
25,5.0,2,True,1.0,1.0
25,5.0,2,True,1.0,1.0
25,5.0,2,True,1.0,1.0
25,5.0,2,True,1.0,1.0
25,5.0,2,True,1.0,1.0
25,5.0,2,True,1.0,1.0
25,5.0,2,True,1.0,1.0
25,5.0,2,True,1.0,1.0
25,5.0,2,True,1.0,1.0
25,5.0,2,True,1.0,1.0
25,5.0,2,True,1.0,1.0
25,5.0,2,True,1.0,1.0
25,5.0,2,True,1.0,1.0
25,5.0,2,True,1.0,1.0
25,10.0,2,True,1.0,1.0
25,10.0,2,True,1.0,1.0
25,10.0,2,True,1.0,1.0
25,10.0,2,True,1.0,1.0
25,10.0,2,True,1.0,1.0
25,10.0,2,True,1.0,1.0
25,10.0,2,True,1.0,1.0
25,10.0,2,True,1.0,1.0
25,10.0,2,True,1.0,1.0
25,10.0,2,True,1.0,1.0
25,10.0,2,True,1.0,1.0
25,10.0,2,True,1.0,1.0
25,10.0,2,True,1.0,1.0
25,10.0,2,True,1.0,1.0
25,10.0,2,True,1.0,1.0
25,10.0,2,True,1.0,1.0
25,10.0,2,True,1.0,1.0
25,10.0,2,True,1.0,1.0
25,10.0,2,True,1.0,1.0
25,10.0,2,True,1.0,1.0
25,10.0,2,True,1.0,1.0
25,10.0,2,True,1.0,1.0
25,10.0,2,True,1.0,1.0
25,10.0,2,True,1.0,1.0
25,10.0,2,True,1.0,1.0
25,10.0,2,True,1.0,1.0
25,10.0,2,True,1.0,1.0
25,10.0,2,True,1.0,1.0
25,10.0,2,True,1.0,1.0
25,10.0,2,True,1.0,1.0
25,10.0,2,True,1.0,1.0
25,10.0,2,True,1.0,1.0
25,10.0,2,True,1.0,1.0
25,10.0,2,True,1.0,1.0
25,10.0,2,True,1.0,1.0
25,10.0,2,True,1.0,1.0
25,10.0,2,True,1.0,1.0
25,10.0,2,True,1.0,1.0
25,10.0,2,True,1.0,1.0
25,10.0,2,True,1.0,1.0
25,10.0,2,True,1.0,1.0
25,10.0,2,True,1.0,1.0
25,10.0,2,True,1.0,1.0
25,10.0,2,True,1.0,1.0
25,10.0,2,True,1.0,1.0
25,10.0,2,True,1.0,1.0
25,10.0,2,True,1.0,1.0
25,10.0,2,True,1.0,1.0
25,10.0,2,True,1.0,1.0
25,10.0,2,True,1.0,1.0
25,15.0,2,True,1.0,1.0
25,15.0,2,True,1.0,1.0
25,15.0,2,True,1.0,1.0
25,15.0,2,True,1.0,1.0
25,15.0,2,True,1.0,1.0
25,15.0,2,True,1.0,1.0
25,15.0,2,True,1.0,1.0
25,15.0,2,True,1.0,1.0
25,15.0,2,True,1.0,1.0
25,15.0,2,True,1.0,1.0
25,15.0,2,True,1.0,1.0
25,15.0,2,True,1.0,1.0
25,15.0,2,True,1.0,1.0
25,15.0,2,True,1.0,1.0
25,15.0,2,True,1.0,1.0
25,15.0,2,True,1.0,1.0
25,15.0,2,True,1.0,1.0
25,15.0,2,True,1.0,1.0
25,15.0,2,True,1.0,1.0
25,15.0,2,True,1.0,1.0
25,15.0,2,True,1.0,1.0
25,15.0,2,True,1.0,1.0
25,15.0,2,True,1.0,1.0
25,15.0,2,True,1.0,1.0
25,15.0,2,True,1.0,1.0
25,15.0,2,True,1.0,1.0
25,15.0,2,True,1.0,1.0
25,15.0,2,True,1.0,1.0
25,15.0,2,True,1.0,1.0
25,15.0,2,True,1.0,1.0
25,15.0,2,True,1.0,1.0
25,15.0,2,True,1.0,1.0
25,15.0,2,True,1.0,1.0
25,15.0,2,True,1.0,1.0
25,15.0,2,True,1.0,1.0
25,15.0,2,True,1.0,1.0
25,15.0,2,True,1.0,1.0
25,15.0,2,True,1.0,1.0
25,15.0,2,True,1.0,1.0
25,15.0,2,True,1.0,1.0
25,15.0,2,True,1.0,1.0
25,15.0,2,True,1.0,1.0
25,15.0,2,True,1.0,1.0
25,15.0,2,True,1.0,1.0
25,15.0,2,True,1.0,1.0
25,15.0,2,True,1.0,1.0
25,15.0,2,True,1.0,1.0
25,15.0,2,True,1.0,1.0
25,15.0,2,True,1.0,1.0
25,15.0,2,True,1.0,1.0
25,20.0,2,True,1.0,1.0
25,20.0,2,True,1.0,1.0
25,20.0,2,True,1.0,1.0
25,20.0,2,True,1.0,1.0
25,20.0,2,True,1.0,1.0
25,20.0,2,True,1.0,1.0
25,20.0,2,True,1.0,1.0
25,20.0,2,True,1.0,1.0
25,20.0,2,True,1.0,1.0
25,20.0,2,True,1.0,1.0
25,20.0,2,True,1.0,1.0
25,20.0,2,True,1.0,1.0
25,20.0,2,True,1.0,1.0
25,20.0,2,True,1.0,1.0
25,20.0,2,True,1.0,1.0
25,20.0,2,True,1.0,1.0
25,20.0,2,True,1.0,1.0
25,20.0,2,True,1.0,1.0
25,20.0,2,True,1.0,1.0
25,20.0,2,True,1.0,1.0
25,20.0,2,True,1.0,1.0
25,20.0,2,True,1.0,1.0
25,20.0,2,True,1.0,1.0
25,20.0,2,True,1.0,1.0
25,20.0,2,True,1.0,1.0
25,20.0,2,True,1.0,1.0
25,20.0,2,True,1.0,1.0
25,20.0,2,True,1.0,1.0
25,20.0,2,True,1.0,1.0
25,20.0,2,True,1.0,1.0
25,20.0,2,True,1.0,1.0
25,20.0,2,True,1.0,1.0
25,20.0,2,True,1.0,1.0
25,20.0,2,True,1.0,1.0
25,20.0,2,True,1.0,1.0
25,20.0,2,True,1.0,1.0
25,20.0,2,True,1.0,1.0
25,20.0,2,True,1.0,1.0
25,20.0,2,True,1.0,1.0
25,20.0,2,True,1.0,1.0
25,20.0,2,True,1.0,1.0
25,20.0,2,True,1.0,1.0
25,20.0,2,True,1.0,1.0
25,20.0,2,True,1.0,1.0
25,20.0,2,True,1.0,1.0
25,20.0,2,True,1.0,1.0
25,20.0,2,True,1.0,1.0
25,20.0,2,True,1.0,1.0
25,20.0,2,True,1.0,1.0
25,20.0,2,True,1.0,1.0
25,25.0,2,True,1.0,1.0
25,25.0,3,True,0.07407407407407407,0.07407407407407407
25,25.0,2,True,1.0,1.0
25,25.0,2,True,1.0,1.0
25,25.0,2,True,1.0,1.0
25,25.0,2,True,1.0,1.0
25,25.0,2,True,1.0,1.0
25,25.0,2,True,1.0,1.0
25,25.0,2,True,1.0,1.0
25,25.0,6,True,0.08641975308641975,0.2222222222222222
25,25.0,2,True,1.0,1.0
25,25.0,2,True,1.0,1.0
25,25.0,2,True,1.0,1.0
25,25.0,2,True,1.0,1.0
25,25.0,2,True,1.0,1.0
25,25.0,2,True,1.0,1.0
25,25.0,2,True,1.0,1.0
25,25.0,2,True,1.0,1.0
25,25.0,2,True,1.0,1.0
25,25.0,7,True,0.1728395061728395,0.06172839506172839
25,25.0,2,True,1.0,1.0
25,25.0,2,True,1.0,1.0
25,25.0,2,True,1.0,1.0
25,25.0,2,True,1.0,1.0
25,25.0,2,True,1.0,1.0
25,25.0,2,True,1.0,1.0
25,25.0,2,True,1.0,1.0
25,25.0,2,True,1.0,1.0
25,25.0,2,True,1.0,1.0
25,25.0,2,True,1.0,1.0
25,25.0,2,True,1.0,1.0
25,25.0,2,True,1.0,1.0
25,25.0,2,True,1.0,1.0
25,25.0,4,True,0.2716049382716049,0.18518518518518517
25,25.0,2,True,1.0,1.0
25,25.0,2,True,1.0,1.0
25,25.0,5,True,0.24691358024691357,0.08641975308641975
25,25.0,2,True,1.0,1.0
25,25.0,2,True,1.0,1.0
25,25.0,2,True,1.0,1.0
25,25.0,2,True,1.0,1.0
25,25.0,2,True,1.0,1.0
25,25.0,2,True,1.0,1.0
25,25.0,2,True,1.0,1.0
25,25.0,2,True,1.0,1.0
25,25.0,2,True,1.0,1.0
25,25.0,4,True,0.1111111111111111,0.12345679012345678
25,25.0,2,True,1.0,1.0
25,25.0,2,True,1.0,1.0
25,25.0,2,True,1.0,1.0
25,30.0,3,True,0.14814814814814814,0.09876543209876543
25,30.0,2,True,1.0,1.0
25,30.0,2,True,1.0,1.0
25,30.0,2,True,1.0,1.0
25,30.0,2,True,1.0,1.0
25,30.0,2,True,1.0,1.0
25,30.0,2,True,1.0,1.0
25,30.0,2,True,1.0,1.0
25,30.0,2,True,1.0,1.0
25,30.0,2,True,1.0,1.0
25,30.0,2,True,1.0,1.0
25,30.0,2,True,1.0,1.0
25,30.0,2,True,1.0,1.0
25,30.0,2,True,1.0,1.0
25,30.0,2,True,1.0,1.0
25,30.0,2,True,1.0,1.0
25,30.0,2,True,0.07407407407407407,0.07407407407407407
25,30.0,2,True,1.0,1.0
25,30.0,3,True,0.8641975308641975,1.0
25,30.0,6,True,0.2222222222222222,0.12345679012345678
25,30.0,2,True,1.0,1.0
25,30.0,3,True,0.9259259259259259,1.0
25,30.0,2,True,1.0,1.0
25,30.0,2,True,1.0,1.0
25,30.0,2,True,1.0,1.0
25,30.0,2,True,1.0,1.0
25,30.0,7,True,0.13580246913580246,0.09876543209876543
25,30.0,12,True,0.09876543209876543,0.18518518518518517
25,30.0,3,True,0.09876543209876543,0.09876543209876543
25,30.0,2,True,1.0,1.0
25,30.0,2,True,0.1728395061728395,0.1728395061728395
25,30.0,2,True,1.0,1.0
25,30.0,2,True,0.12345679012345678,0.12345679012345678
25,30.0,4,True,0.1728395061728395,0.14814814814814814
25,30.0,2,True,1.0,1.0
25,30.0,5,True,0.09876543209876543,0.07407407407407407
25,30.0,2,True,1.0,1.0
25,30.0,3,True,0.8271604938271605,1.0
25,30.0,3,True,0.07407407407407407,0.13580246913580246
25,30.0,4,True,0.12345679012345678,0.25925925925925924
25,30.0,2,True,1.0,1.0
25,30.0,2,True,1.0,1.0
25,30.0,5,True,0.08641975308641975,0.09876543209876543
25,30.0,2,True,1.0,1.0
25,30.0,2,True,1.0,1.0
25,30.0,2,True,1.0,1.0
25,30.0,2,True,1.0,1.0
25,30.0,2,True,1.0,1.0
25,30.0,2,True,0.12345679012345678,0.12345679012345678
25,30.0,2,True,1.0,1.0
25,35.0,7,True,0.09876543209876543,0.1728395061728395
25,35.0,3,True,0.08641975308641975,0.07407407407407407
25,35.0,5,True,0.1111111111111111,0.13580246913580246
25,35.0,6,True,0.09876543209876543,0.06172839506172839
25,35.0,3,True,0.08641975308641975,0.08641975308641975
25,35.0,2,True,1.0,1.0
25,35.0,3,True,0.14814814814814814,0.1111111111111111
25,35.0,2,True,1.0,1.0
25,35.0,2,True,0.12345679012345678,0.12345679012345678
25,35.0,3,True,0.08641975308641975,0.09876543209876543
25,35.0,4,True,0.1111111111111111,0.09876543209876543
25,35.0,2,True,0.12345679012345678,0.12345679012345678
25,35.0,3,True,0.8271604938271605,1.0
25,35.0,4,True,0.14814814814814814,0.19753086419753085
25,35.0,4,True,0.09876543209876543,0.07407407407407407
25,35.0,2,True,0.14814814814814814,0.14814814814814814
25,35.0,2,True,1.0,1.0
25,35.0,2,True,0.07407407407407407,0.07407407407407407
25,35.0,3,True,0.09876543209876543,0.12345679012345678
25,35.0,3,True,0.08641975308641975,0.07407407407407407
25,35.0,4,True,0.07407407407407407,0.13580246913580246
25,35.0,10,True,0.14814814814814814,0.06172839506172839
25,35.0,3,True,0.13580246913580246,0.13580246913580246
25,35.0,3,True,0.19753086419753085,0.20987654320987653
25,35.0,2,True,1.0,1.0
25,35.0,4,True,0.13580246913580246,0.1111111111111111
25,35.0,8,True,0.06172839506172839,0.06172839506172839
25,35.0,2,True,1.0,1.0
25,35.0,3,True,0.1728395061728395,0.12345679012345678
25,35.0,4,True,0.1111111111111111,0.1111111111111111
25,35.0,3,True,0.13580246913580246,0.1111111111111111
25,35.0,3,True,0.9876543209876543,1.0
25,35.0,2,True,0.1111111111111111,0.1111111111111111
25,35.0,11,True,0.1111111111111111,0.1111111111111111
25,35.0,4,True,0.07407407407407407,0.12345679012345678
25,35.0,3,True,0.04938271604938271,0.04938271604938271
25,35.0,2,True,1.0,1.0
25,35.0,3,True,0.037037037037037035,0.037037037037037035
25,35.0,2,True,0.04938271604938271,0.04938271604938271
25,35.0,3,True,0.38271604938271603,1.0
25,35.0,2,True,1.0,1.0
25,35.0,7,True,0.04938271604938271,0.19753086419753085
25,35.0,5,True,0.07407407407407407,0.04938271604938271
25,35.0,4,True,0.08641975308641975,0.14814814814814814
25,35.0,3,True,0.09876543209876543,0.09876543209876543
25,35.0,2,True,1.0,1.0
25,35.0,2,True,1.0,1.0
25,35.0,12,True,0.18518518518518517,0.13580246913580246
25,35.0,2,True,1.0,1.0
25,35.0,2,True,1.0,1.0
25,40.0,4,True,0.1111111111111111,0.07407407407407407
25,40.0,3,True,0.06172839506172839,0.06172839506172839
25,40.0,4,True,0.07407407407407407,0.20987654320987653
25,40.0,3,True,0.04938271604938271,0.04938271604938271
25,40.0,4,True,0.08641975308641975,0.07407407407407407
25,40.0,2,True,0.16049382716049382,0.16049382716049382
25,40.0,4,True,0.12345679012345678,0.024691358024691357
25,40.0,2,True,0.09876543209876543,0.09876543209876543
25,40.0,3,True,0.1111111111111111,0.08641975308641975
25,40.0,2,True,0.04938271604938271,0.04938271604938271
25,40.0,6,True,0.08641975308641975,0.12345679012345678
25,40.0,7,True,0.1111111111111111,0.1111111111111111
25,40.0,3,True,0.12345679012345678,0.12345679012345678
25,40.0,7,True,0.16049382716049382,0.19753086419753085
25,40.0,2,True,0.12345679012345678,0.12345679012345678
25,40.0,7,True,0.12345679012345678,0.06172839506172839
25,40.0,3,True,0.16049382716049382,0.1728395061728395
25,40.0,3,True,0.16049382716049382,0.1728395061728395
25,40.0,3,True,0.12345679012345678,0.12345679012345678
25,40.0,7,True,0.08641975308641975,0.06172839506172839
25,40.0,4,True,0.07407407407407407,0.19753086419753085
25,40.0,7,True,0.07407407407407407,0.04938271604938271
25,40.0,3,True,0.14814814814814814,0.08641975308641975
25,40.0,2,True,1.0,1.0
25,40.0,4,True,0.14814814814814814,0.12345679012345678
25,40.0,3,True,0.1111111111111111,0.08641975308641975
25,40.0,10,True,0.06172839506172839,0.06172839506172839
25,40.0,5,True,0.14814814814814814,0.13580246913580246
25,40.0,2,True,0.14814814814814814,0.14814814814814814
25,40.0,6,True,0.13580246913580246,0.09876543209876543
25,40.0,3,True,0.13580246913580246,0.16049382716049382
25,40.0,5,True,0.04938271604938271,0.1111111111111111
25,40.0,5,True,0.1111111111111111,0.14814814814814814
25,40.0,12,True,0.18518518518518517,0.20987654320987653
25,40.0,2,True,0.08641975308641975,0.08641975308641975
25,40.0,5,True,0.1728395061728395,0.012345679012345678
25,40.0,3,True,0.04938271604938271,0.04938271604938271
25,40.0,3,True,0.1111111111111111,0.12345679012345678
25,40.0,6,True,0.04938271604938271,0.07407407407407407
25,40.0,4,True,0.07407407407407407,0.13580246913580246
25,40.0,3,True,0.5061728395061729,1.0
25,40.0,3,True,0.9135802469135802,1.0
25,40.0,4,True,0.07407407407407407,0.13580246913580246
25,40.0,5,True,0.13580246913580246,0.09876543209876543
25,40.0,5,True,0.18518518518518517,0.13580246913580246
25,40.0,3,True,0.12345679012345678,0.1111111111111111
25,40.0,2,True,0.037037037037037035,0.037037037037037035
25,40.0,2,True,0.12345679012345678,0.12345679012345678
25,40.0,3,True,0.13580246913580246,0.13580246913580246
25,40.0,2,True,0.1728395061728395,0.1728395061728395
25,45.0,9,True,0.14814814814814814,0.13580246913580246
25,45.0,4,True,0.07407407407407407,0.13580246913580246
25,45.0,7,True,0.1111111111111111,0.09876543209876543
25,45.0,2,True,0.07407407407407407,0.07407407407407407
25,45.0,6,True,0.1111111111111111,0.08641975308641975
25,45.0,3,True,0.07407407407407407,0.16049382716049382
25,45.0,3,True,0.09876543209876543,0.09876543209876543
25,45.0,6,True,0.09876543209876543,0.07407407407407407
25,45.0,3,True,0.09876543209876543,0.1111111111111111
25,45.0,3,True,0.48148148148148145,1.0
25,45.0,4,True,0.09876543209876543,0.07407407407407407
25,45.0,3,True,0.18518518518518517,0.18518518518518517
25,45.0,8,True,0.12345679012345678,0.12345679012345678
25,45.0,8,True,0.1111111111111111,0.037037037037037035
25,45.0,11,True,0.13580246913580246,0.09876543209876543
25,45.0,3,True,0.08641975308641975,0.07407407407407407
25,45.0,3,True,0.012345679012345678,0.07407407407407407
25,45.0,3,True,0.09876543209876543,0.09876543209876543
25,45.0,5,True,0.1111111111111111,0.08641975308641975
25,45.0,2,True,0.13580246913580246,0.13580246913580246
25,45.0,4,True,0.07407407407407407,0.09876543209876543
25,45.0,4,True,0.09876543209876543,0.07407407407407407
25,45.0,11,True,0.09876543209876543,0.09876543209876543
25,45.0,5,True,0.12345679012345678,0.09876543209876543
25,45.0,2,True,0.16049382716049382,0.16049382716049382
25,45.0,8,True,0.1111111111111111,0.09876543209876543
25,45.0,8,True,0.09876543209876543,0.12345679012345678
25,45.0,4,True,0.14814814814814814,0.14814814814814814
25,45.0,9,True,0.1728395061728395,0.1728395061728395
25,45.0,3,True,0.07407407407407407,0.08641975308641975
25,45.0,4,True,0.12345679012345678,0.07407407407407407
25,45.0,5,True,0.09876543209876543,0.07407407407407407
25,45.0,4,True,0.09876543209876543,0.13580246913580246
25,45.0,2,True,0.13580246913580246,0.13580246913580246
25,45.0,3,True,0.16049382716049382,0.16049382716049382
25,45.0,9,True,0.09876543209876543,0.06172839506172839
25,45.0,6,True,0.09876543209876543,0.1111111111111111
25,45.0,5,True,0.12345679012345678,0.14814814814814814
25,45.0,2,True,0.1728395061728395,0.1728395061728395
25,45.0,3,True,0.06172839506172839,0.06172839506172839
25,45.0,3,True,0.08641975308641975,0.06172839506172839
25,45.0,2,True,0.1728395061728395,0.1728395061728395
25,45.0,18,True,0.1111111111111111,0.1111111111111111
25,45.0,3,True,0.1111111111111111,0.08641975308641975
25,45.0,3,True,0.07407407407407407,0.07407407407407407
25,45.0,7,True,0.08641975308641975,0.09876543209876543
25,45.0,8,True,0.12345679012345678,0.2222222222222222
25,45.0,5,True,0.12345679012345678,0.06172839506172839
25,45.0,5,True,0.04938271604938271,0.09876543209876543
25,45.0,5,True,0.2222222222222222,0.12345679012345678
25,50.0,2,True,0.1111111111111111,0.1111111111111111
25,50.0,3,True,0.1728395061728395,0.1728395061728395
25,50.0,4,True,0.04938271604938271,0.06172839506172839
25,50.0,6,True,0.1728395061728395,0.07407407407407407
25,50.0,7,True,0.04938271604938271,0.12345679012345678
25,50.0,3,True,0.09876543209876543,0.06172839506172839
25,50.0,3,True,0.1728395061728395,0.1728395061728395
25,50.0,2,True,0.09876543209876543,0.09876543209876543
25,50.0,3,True,0.1111111111111111,0.09876543209876543
25,50.0,4,True,0.08641975308641975,0.08641975308641975
25,50.0,4,True,0.12345679012345678,0.09876543209876543
25,50.0,4,True,0.12345679012345678,0.09876543209876543
25,50.0,9,True,0.1728395061728395,0.08641975308641975
25,50.0,6,True,0.09876543209876543,0.09876543209876543
25,50.0,7,True,0.08641975308641975,0.19753086419753085
25,50.0,2,True,0.12345679012345678,0.12345679012345678
25,50.0,6,True,0.09876543209876543,0.06172839506172839
25,50.0,3,True,0.14814814814814814,0.1111111111111111
25,50.0,3,True,0.16049382716049382,0.13580246913580246
25,50.0,5,True,0.09876543209876543,0.18518518518518517
25,50.0,6,True,0.09876543209876543,0.12345679012345678
25,50.0,3,True,0.09876543209876543,0.07407407407407407
25,50.0,3,True,0.08641975308641975,0.12345679012345678
25,50.0,4,True,0.1111111111111111,0.09876543209876543
25,50.0,4,True,0.08641975308641975,0.07407407407407407
25,50.0,10,True,0.09876543209876543,0.13580246913580246
25,50.0,4,True,0.07407407407407407,0.20987654320987653
25,50.0,2,True,0.08641975308641975,0.08641975308641975
25,50.0,3,True,0.08641975308641975,0.09876543209876543
25,50.0,4,True,0.1111111111111111,0.06172839506172839
25,50.0,3,True,0.1111111111111111,0.1111111111111111
25,50.0,3,True,0.1111111111111111,0.12345679012345678
25,50.0,3,True,0.13580246913580246,0.1111111111111111
25,50.0,6,True,0.13580246913580246,0.09876543209876543
25,50.0,6,True,0.1728395061728395,0.08641975308641975
25,50.0,2,True,0.1111111111111111,0.1111111111111111
25,50.0,3,True,0.13580246913580246,0.16049382716049382
25,50.0,8,True,0.12345679012345678,0.13580246913580246
25,50.0,5,True,0.12345679012345678,0.08641975308641975
25,50.0,4,True,0.12345679012345678,0.09876543209876543
25,50.0,4,True,0.13580246913580246,0.08641975308641975
25,50.0,4,True,0.08641975308641975,0.18518518518518517
25,50.0,3,True,0.08641975308641975,0.07407407407407407
25,50.0,5,True,0.1728395061728395,0.1728395061728395
25,50.0,3,True,0.07407407407407407,0.09876543209876543
25,50.0,5,True,0.07407407407407407,0.06172839506172839
25,50.0,4,True,0.1111111111111111,0.06172839506172839
25,50.0,4,True,0.14814814814814814,0.13580246913580246
25,50.0,3,True,0.16049382716049382,0.13580246913580246
25,50.0,3,True,0.14814814814814814,0.16049382716049382
25,55.00000000000001,5,True,0.08641975308641975,0.19753086419753085
25,55.00000000000001,20,False,0.09876543209876543,0.13580246913580246
25,55.00000000000001,2,True,0.09876543209876543,0.09876543209876543
25,55.00000000000001,5,True,0.09876543209876543,0.09876543209876543
25,55.00000000000001,6,True,0.037037037037037035,0.08641975308641975
25,55.00000000000001,5,True,0.16049382716049382,0.08641975308641975
25,55.00000000000001,7,True,0.09876543209876543,0.16049382716049382
25,55.00000000000001,3,True,0.09876543209876543,0.06172839506172839
25,55.00000000000001,3,True,0.09876543209876543,0.12345679012345678
25,55.00000000000001,3,True,0.13580246913580246,0.07407407407407407
25,55.00000000000001,4,True,0.09876543209876543,0.04938271604938271
25,55.00000000000001,3,True,0.08641975308641975,0.06172839506172839
25,55.00000000000001,3,True,0.037037037037037035,0.06172839506172839
25,55.00000000000001,3,True,0.04938271604938271,0.06172839506172839
25,55.00000000000001,11,True,0.08641975308641975,0.1111111111111111
25,55.00000000000001,8,True,0.08641975308641975,0.09876543209876543
25,55.00000000000001,8,True,0.12345679012345678,0.09876543209876543
25,55.00000000000001,4,True,0.04938271604938271,0.1111111111111111
25,55.00000000000001,3,True,0.12345679012345678,0.1111111111111111
25,55.00000000000001,12,True,0.12345679012345678,0.12345679012345678
25,55.00000000000001,3,True,0.14814814814814814,0.14814814814814814
25,55.00000000000001,6,True,0.09876543209876543,0.08641975308641975
25,55.00000000000001,3,True,0.06172839506172839,0.09876543209876543
25,55.00000000000001,6,True,0.14814814814814814,0.18518518518518517
25,55.00000000000001,12,True,0.13580246913580246,0.13580246913580246
25,55.00000000000001,4,True,0.12345679012345678,0.06172839506172839
25,55.00000000000001,3,True,0.09876543209876543,0.12345679012345678
25,55.00000000000001,3,True,0.07407407407407407,0.08641975308641975
25,55.00000000000001,3,True,0.09876543209876543,0.1111111111111111
25,55.00000000000001,7,True,0.04938271604938271,0.09876543209876543
25,55.00000000000001,11,True,0.037037037037037035,0.09876543209876543
25,55.00000000000001,4,True,0.13580246913580246,0.1728395061728395
25,55.00000000000001,4,True,0.06172839506172839,0.14814814814814814
25,55.00000000000001,4,True,0.14814814814814814,0.14814814814814814
25,55.00000000000001,5,True,0.1111111111111111,0.1111111111111111
25,55.00000000000001,3,True,0.06172839506172839,0.08641975308641975
25,55.00000000000001,4,True,0.1728395061728395,0.09876543209876543
25,55.00000000000001,3,True,0.07407407407407407,0.07407407407407407
25,55.00000000000001,5,True,0.1111111111111111,0.08641975308641975
25,55.00000000000001,5,True,0.06172839506172839,0.1728395061728395
25,55.00000000000001,11,True,0.09876543209876543,0.12345679012345678
25,55.00000000000001,5,True,0.07407407407407407,0.16049382716049382
25,55.00000000000001,4,True,0.14814814814814814,0.1111111111111111
25,55.00000000000001,3,True,0.13580246913580246,0.1728395061728395
25,55.00000000000001,3,True,0.09876543209876543,0.1111111111111111
25,55.00000000000001,13,True,0.1111111111111111,0.06172839506172839
25,55.00000000000001,12,True,0.08641975308641975,0.07407407407407407
25,55.00000000000001,5,True,0.1111111111111111,0.07407407407407407
25,55.00000000000001,6,True,0.16049382716049382,0.07407407407407407
25,55.00000000000001,2,True,0.08641975308641975,0.08641975308641975
25,60.0,3,True,0.12345679012345678,0.12345679012345678
25,60.0,3,True,0.08641975308641975,0.08641975308641975
25,60.0,5,True,0.12345679012345678,0.14814814814814814
25,60.0,13,True,0.12345679012345678,0.09876543209876543
25,60.0,8,True,0.06172839506172839,0.07407407407407407
25,60.0,6,True,0.07407407407407407,0.2222222222222222
25,60.0,2,True,0.07407407407407407,0.07407407407407407
25,60.0,5,True,0.1111111111111111,0.07407407407407407
25,60.0,6,True,0.14814814814814814,0.08641975308641975
25,60.0,6,True,0.04938271604938271,0.18518518518518517
25,60.0,10,True,0.13580246913580246,0.14814814814814814
25,60.0,7,True,0.1111111111111111,0.18518518518518517
25,60.0,7,True,0.13580246913580246,0.06172839506172839
25,60.0,3,True,0.1728395061728395,0.14814814814814814
25,60.0,4,True,0.08641975308641975,0.04938271604938271
25,60.0,4,True,0.1111111111111111,0.1728395061728395
25,60.0,4,True,0.09876543209876543,0.24691358024691357
25,60.0,7,True,0.08641975308641975,0.1111111111111111
25,60.0,9,True,0.14814814814814814,0.14814814814814814
25,60.0,6,True,0.09876543209876543,0.09876543209876543
25,60.0,4,True,0.13580246913580246,0.08641975308641975
25,60.0,5,True,0.16049382716049382,0.1728395061728395
25,60.0,7,True,0.06172839506172839,0.14814814814814814
25,60.0,3,True,0.13580246913580246,0.09876543209876543
25,60.0,5,True,0.1111111111111111,0.09876543209876543
25,60.0,5,True,0.09876543209876543,0.037037037037037035
25,60.0,20,False,0.04938271604938271,0.1111111111111111
25,60.0,3,True,0.04938271604938271,0.04938271604938271
25,60.0,10,True,0.1728395061728395,0.13580246913580246
25,60.0,5,True,0.08641975308641975,0.1728395061728395
25,60.0,6,True,0.1111111111111111,0.07407407407407407
25,60.0,6,True,0.12345679012345678,0.12345679012345678
25,60.0,3,True,0.12345679012345678,0.13580246913580246
25,60.0,4,True,0.12345679012345678,0.04938271604938271
25,60.0,12,True,0.16049382716049382,0.1111111111111111
25,60.0,3,True,0.12345679012345678,0.13580246913580246
25,60.0,6,True,0.13580246913580246,0.04938271604938271
25,60.0,5,True,0.13580246913580246,0.09876543209876543
25,60.0,2,True,0.09876543209876543,0.09876543209876543
25,60.0,3,True,0.14814814814814814,0.12345679012345678
25,60.0,7,True,0.06172839506172839,0.19753086419753085
25,60.0,3,True,0.04938271604938271,0.04938271604938271
25,60.0,4,True,0.07407407407407407,0.08641975308641975
25,60.0,5,True,0.07407407407407407,0.09876543209876543
25,60.0,7,True,0.12345679012345678,0.12345679012345678
25,60.0,7,True,0.08641975308641975,0.037037037037037035
25,60.0,3,True,0.1728395061728395,0.08641975308641975
25,60.0,6,True,0.1111111111111111,0.08641975308641975
25,60.0,4,True,0.09876543209876543,0.08641975308641975
25,60.0,3,True,0.09876543209876543,0.14814814814814814
25,70.0,3,True,0.012345679012345678,0.037037037037037035
25,70.0,3,True,0.13580246913580246,0.09876543209876543
25,70.0,6,True,0.037037037037037035,0.30864197530864196
25,70.0,5,True,0.08641975308641975,0.14814814814814814
25,70.0,5,True,0.12345679012345678,0.13580246913580246
25,70.0,8,True,0.12345679012345678,0.13580246913580246
25,70.0,3,True,0.1111111111111111,0.09876543209876543
25,70.0,2,True,0.16049382716049382,0.16049382716049382
25,70.0,3,True,0.09876543209876543,0.08641975308641975
25,70.0,4,True,0.09876543209876543,0.12345679012345678
25,70.0,3,True,0.12345679012345678,0.13580246913580246
25,70.0,6,True,0.09876543209876543,0.06172839506172839
25,70.0,3,True,0.09876543209876543,0.08641975308641975
25,70.0,11,True,0.14814814814814814,0.1111111111111111
25,70.0,4,True,0.06172839506172839,0.08641975308641975
25,70.0,10,True,0.07407407407407407,0.09876543209876543
25,70.0,3,True,0.09876543209876543,0.09876543209876543
25,70.0,4,True,0.13580246913580246,0.04938271604938271
25,70.0,5,True,0.024691358024691357,0.14814814814814814
25,70.0,6,True,0.12345679012345678,0.14814814814814814
25,70.0,15,True,0.08641975308641975,0.1111111111111111
25,70.0,4,True,0.09876543209876543,0.07407407407407407
25,70.0,5,True,0.16049382716049382,0.12345679012345678
25,70.0,5,True,0.12345679012345678,0.08641975308641975
25,70.0,5,True,0.1111111111111111,0.12345679012345678
25,70.0,6,True,0.20987654320987653,0.16049382716049382
25,70.0,3,True,0.09876543209876543,0.13580246913580246
25,70.0,7,True,0.12345679012345678,0.12345679012345678
25,70.0,5,True,0.08641975308641975,0.14814814814814814
25,70.0,4,True,0.14814814814814814,0.1111111111111111
25,70.0,6,True,0.14814814814814814,0.09876543209876543
25,70.0,6,True,0.12345679012345678,0.14814814814814814
25,70.0,3,True,0.08641975308641975,0.08641975308641975
25,70.0,3,True,0.06172839506172839,0.06172839506172839
25,70.0,4,True,0.08641975308641975,0.06172839506172839
25,70.0,5,True,0.09876543209876543,0.1111111111111111
25,70.0,4,True,0.1111111111111111,0.1111111111111111
25,70.0,3,True,0.08641975308641975,0.06172839506172839
25,70.0,4,True,0.16049382716049382,0.13580246913580246
25,70.0,5,True,0.1111111111111111,0.1728395061728395
25,70.0,7,True,0.12345679012345678,0.08641975308641975
25,70.0,3,True,0.1111111111111111,0.07407407407407407
25,70.0,7,True,0.1111111111111111,0.09876543209876543
25,70.0,3,True,0.12345679012345678,0.1111111111111111
25,70.0,4,True,0.07407407407407407,0.18518518518518517
25,70.0,9,True,0.09876543209876543,0.08641975308641975
25,70.0,5,True,0.07407407407407407,0.14814814814814814
25,70.0,3,True,0.09876543209876543,0.08641975308641975
25,70.0,3,True,0.04938271604938271,0.04938271604938271
25,70.0,4,True,0.1111111111111111,0.20987654320987653
25,80.0,4,True,0.16049382716049382,0.07407407407407407
25,80.0,5,True,0.16049382716049382,0.09876543209876543
25,80.0,6,True,0.12345679012345678,0.14814814814814814
25,80.0,6,True,0.08641975308641975,0.1111111111111111
25,80.0,5,True,0.1728395061728395,0.13580246913580246
25,80.0,5,True,0.1111111111111111,0.07407407407407407
25,80.0,4,True,0.07407407407407407,0.07407407407407407
25,80.0,13,True,0.08641975308641975,0.037037037037037035
25,80.0,7,True,0.16049382716049382,0.07407407407407407
25,80.0,5,True,0.09876543209876543,0.09876543209876543
25,80.0,7,True,0.09876543209876543,0.14814814814814814
25,80.0,8,True,0.12345679012345678,0.1111111111111111
25,80.0,3,True,0.13580246913580246,0.13580246913580246
25,80.0,4,True,0.1728395061728395,0.14814814814814814
25,80.0,6,True,0.1111111111111111,0.13580246913580246
25,80.0,10,True,0.16049382716049382,0.09876543209876543
25,80.0,6,True,0.09876543209876543,0.13580246913580246
25,80.0,3,True,0.07407407407407407,0.07407407407407407
25,80.0,8,True,0.09876543209876543,0.12345679012345678
25,80.0,4,True,0.1111111111111111,0.16049382716049382
25,80.0,6,True,0.12345679012345678,0.06172839506172839
25,80.0,7,True,0.1111111111111111,0.1728395061728395
25,80.0,6,True,0.1111111111111111,0.09876543209876543
25,80.0,6,True,0.13580246913580246,0.1111111111111111
25,80.0,3,True,0.13580246913580246,0.07407407407407407
25,80.0,13,True,0.12345679012345678,0.16049382716049382
25,80.0,5,True,0.12345679012345678,0.06172839506172839
25,80.0,11,True,0.07407407407407407,0.09876543209876543
25,80.0,5,True,0.14814814814814814,0.07407407407407407
25,80.0,5,True,0.1728395061728395,0.13580246913580246
25,80.0,3,True,0.08641975308641975,0.13580246913580246
25,80.0,4,True,0.09876543209876543,0.04938271604938271
25,80.0,5,True,0.1111111111111111,0.08641975308641975
25,80.0,3,True,0.08641975308641975,0.037037037037037035
25,80.0,3,True,0.06172839506172839,0.09876543209876543
25,80.0,4,True,0.12345679012345678,0.09876543209876543
25,80.0,3,True,0.09876543209876543,0.09876543209876543
25,80.0,3,True,0.08641975308641975,0.09876543209876543
25,80.0,5,True,0.12345679012345678,0.13580246913580246
25,80.0,5,True,0.08641975308641975,0.12345679012345678
25,80.0,4,True,0.1111111111111111,0.09876543209876543
25,80.0,6,True,0.18518518518518517,0.13580246913580246
25,80.0,4,True,0.13580246913580246,0.14814814814814814
25,80.0,4,True,0.04938271604938271,0.08641975308641975
25,80.0,7,True,0.13580246913580246,0.16049382716049382
25,80.0,5,True,0.1111111111111111,0.06172839506172839
25,80.0,6,True,0.08641975308641975,0.13580246913580246
25,80.0,7,True,0.12345679012345678,0.09876543209876543
25,80.0,6,True,0.1111111111111111,0.12345679012345678
25,80.0,4,True,0.08641975308641975,0.12345679012345678
50,0.0,1,True,1.0,1.0
50,0.0,1,True,1.0,1.0
50,0.0,1,True,1.0,1.0
50,0.0,1,True,1.0,1.0
50,0.0,1,True,1.0,1.0
50,0.0,1,True,1.0,1.0
50,0.0,1,True,1.0,1.0
50,0.0,1,True,1.0,1.0
50,0.0,1,True,1.0,1.0
50,0.0,1,True,1.0,1.0
50,0.0,1,True,1.0,1.0
50,0.0,1,True,1.0,1.0
50,0.0,1,True,1.0,1.0
50,0.0,1,True,1.0,1.0
50,0.0,1,True,1.0,1.0
50,0.0,1,True,1.0,1.0
50,0.0,1,True,1.0,1.0
50,0.0,1,True,1.0,1.0
50,0.0,1,True,1.0,1.0
50,0.0,1,True,1.0,1.0
50,0.0,1,True,1.0,1.0
50,0.0,1,True,1.0,1.0
50,0.0,1,True,1.0,1.0
50,0.0,1,True,1.0,1.0
50,0.0,1,True,1.0,1.0
50,0.0,1,True,1.0,1.0
50,0.0,1,True,1.0,1.0
50,0.0,1,True,1.0,1.0
50,0.0,1,True,1.0,1.0
50,0.0,1,True,1.0,1.0
50,0.0,1,True,1.0,1.0
50,0.0,1,True,1.0,1.0
50,0.0,1,True,1.0,1.0
50,0.0,1,True,1.0,1.0
50,0.0,1,True,1.0,1.0
50,0.0,1,True,1.0,1.0
50,0.0,1,True,1.0,1.0
50,0.0,1,True,1.0,1.0
50,0.0,1,True,1.0,1.0
50,0.0,1,True,1.0,1.0
50,0.0,1,True,1.0,1.0
50,0.0,1,True,1.0,1.0
50,0.0,1,True,1.0,1.0
50,0.0,1,True,1.0,1.0
50,0.0,1,True,1.0,1.0
50,0.0,1,True,1.0,1.0
50,0.0,1,True,1.0,1.0
50,0.0,1,True,1.0,1.0
50,0.0,1,True,1.0,1.0
50,0.0,1,True,1.0,1.0
50,5.0,2,True,1.0,1.0
50,5.0,2,True,1.0,1.0
50,5.0,2,True,1.0,1.0
50,5.0,2,True,1.0,1.0
50,5.0,2,True,1.0,1.0
50,5.0,2,True,1.0,1.0
50,5.0,2,True,1.0,1.0
50,5.0,2,True,1.0,1.0
50,5.0,2,True,1.0,1.0
50,5.0,2,True,1.0,1.0
50,5.0,2,True,1.0,1.0
50,5.0,2,True,1.0,1.0
50,5.0,2,True,1.0,1.0
50,5.0,2,True,1.0,1.0
50,5.0,2,True,1.0,1.0
50,5.0,2,True,1.0,1.0
50,5.0,2,True,1.0,1.0
50,5.0,2,True,1.0,1.0
50,5.0,2,True,1.0,1.0
50,5.0,2,True,1.0,1.0
50,5.0,2,True,1.0,1.0
50,5.0,2,True,1.0,1.0
50,5.0,2,True,1.0,1.0
50,5.0,2,True,1.0,1.0
50,5.0,2,True,1.0,1.0
50,5.0,2,True,1.0,1.0
50,5.0,2,True,1.0,1.0
50,5.0,2,True,1.0,1.0
50,5.0,2,True,1.0,1.0
50,5.0,2,True,1.0,1.0
50,5.0,2,True,1.0,1.0
50,5.0,2,True,1.0,1.0
50,5.0,2,True,1.0,1.0
50,5.0,2,True,1.0,1.0
50,5.0,2,True,1.0,1.0
50,5.0,2,True,1.0,1.0
50,5.0,2,True,1.0,1.0
50,5.0,2,True,1.0,1.0
50,5.0,2,True,1.0,1.0
50,5.0,2,True,1.0,1.0
50,5.0,2,True,1.0,1.0
50,5.0,2,True,1.0,1.0
50,5.0,2,True,1.0,1.0
50,5.0,2,True,1.0,1.0
50,5.0,2,True,1.0,1.0
50,5.0,2,True,1.0,1.0
50,5.0,2,True,1.0,1.0
50,5.0,2,True,1.0,1.0
50,5.0,2,True,1.0,1.0
50,5.0,2,True,1.0,1.0
50,10.0,2,True,1.0,1.0
50,10.0,2,True,1.0,1.0
50,10.0,2,True,1.0,1.0
50,10.0,2,True,1.0,1.0
50,10.0,2,True,1.0,1.0
50,10.0,2,True,1.0,1.0
50,10.0,2,True,1.0,1.0
50,10.0,2,True,1.0,1.0
50,10.0,2,True,1.0,1.0
50,10.0,2,True,1.0,1.0
50,10.0,2,True,1.0,1.0
50,10.0,2,True,1.0,1.0
50,10.0,2,True,1.0,1.0
50,10.0,2,True,1.0,1.0
50,10.0,2,True,1.0,1.0
50,10.0,2,True,1.0,1.0
50,10.0,2,True,1.0,1.0
50,10.0,2,True,1.0,1.0
50,10.0,2,True,1.0,1.0
50,10.0,2,True,1.0,1.0
50,10.0,2,True,1.0,1.0
50,10.0,2,True,1.0,1.0
50,10.0,2,True,1.0,1.0
50,10.0,2,True,1.0,1.0
50,10.0,2,True,1.0,1.0
50,10.0,2,True,1.0,1.0
50,10.0,2,True,1.0,1.0
50,10.0,2,True,1.0,1.0
50,10.0,2,True,1.0,1.0
50,10.0,2,True,1.0,1.0
50,10.0,2,True,1.0,1.0
50,10.0,2,True,1.0,1.0
50,10.0,2,True,1.0,1.0
50,10.0,2,True,1.0,1.0
50,10.0,2,True,1.0,1.0
50,10.0,2,True,1.0,1.0
50,10.0,2,True,1.0,1.0
50,10.0,2,True,1.0,1.0
50,10.0,2,True,1.0,1.0
50,10.0,2,True,1.0,1.0
50,10.0,2,True,1.0,1.0
50,10.0,2,True,1.0,1.0
50,10.0,2,True,1.0,1.0
50,10.0,2,True,1.0,1.0
50,10.0,2,True,1.0,1.0
50,10.0,2,True,1.0,1.0
50,10.0,2,True,1.0,1.0
50,10.0,2,True,1.0,1.0
50,10.0,2,True,1.0,1.0
50,10.0,2,True,1.0,1.0
50,15.0,2,True,1.0,1.0
50,15.0,2,True,1.0,1.0
50,15.0,2,True,1.0,1.0
50,15.0,2,True,1.0,1.0
50,15.0,2,True,1.0,1.0
50,15.0,2,True,1.0,1.0
50,15.0,2,True,1.0,1.0
50,15.0,2,True,1.0,1.0
50,15.0,2,True,1.0,1.0
50,15.0,2,True,1.0,1.0
50,15.0,2,True,1.0,1.0
50,15.0,2,True,1.0,1.0
50,15.0,2,True,1.0,1.0
50,15.0,2,True,1.0,1.0
50,15.0,2,True,1.0,1.0
50,15.0,2,True,1.0,1.0
50,15.0,2,True,1.0,1.0
50,15.0,2,True,1.0,1.0
50,15.0,2,True,1.0,1.0
50,15.0,2,True,1.0,1.0
50,15.0,2,True,1.0,1.0
50,15.0,2,True,1.0,1.0
50,15.0,2,True,1.0,1.0
50,15.0,2,True,1.0,1.0
50,15.0,2,True,1.0,1.0
50,15.0,2,True,1.0,1.0
50,15.0,2,True,1.0,1.0
50,15.0,2,True,1.0,1.0
50,15.0,2,True,1.0,1.0
50,15.0,2,True,1.0,1.0
50,15.0,2,True,1.0,1.0
50,15.0,2,True,1.0,1.0
50,15.0,2,True,1.0,1.0
50,15.0,2,True,1.0,1.0
50,15.0,2,True,1.0,1.0
50,15.0,2,True,1.0,1.0
50,15.0,2,True,1.0,1.0
50,15.0,2,True,1.0,1.0
50,15.0,2,True,1.0,1.0
50,15.0,2,True,1.0,1.0
50,15.0,2,True,1.0,1.0
50,15.0,2,True,1.0,1.0
50,15.0,2,True,1.0,1.0
50,15.0,2,True,1.0,1.0
50,15.0,2,True,1.0,1.0
50,15.0,2,True,1.0,1.0
50,15.0,2,True,1.0,1.0
50,15.0,2,True,1.0,1.0
50,15.0,2,True,1.0,1.0
50,15.0,2,True,1.0,1.0
50,20.0,2,True,1.0,1.0
50,20.0,2,True,1.0,1.0
50,20.0,2,True,1.0,1.0
50,20.0,2,True,1.0,1.0
50,20.0,2,True,1.0,1.0
50,20.0,2,True,1.0,1.0
50,20.0,2,True,1.0,1.0
50,20.0,2,True,1.0,1.0
50,20.0,2,True,1.0,1.0
50,20.0,2,True,1.0,1.0
50,20.0,2,True,1.0,1.0
50,20.0,2,True,1.0,1.0
50,20.0,2,True,1.0,1.0
50,20.0,2,True,1.0,1.0
50,20.0,2,True,1.0,1.0
50,20.0,2,True,1.0,1.0
50,20.0,2,True,1.0,1.0
50,20.0,2,True,1.0,1.0
50,20.0,2,True,1.0,1.0
50,20.0,2,True,1.0,1.0
50,20.0,2,True,1.0,1.0
50,20.0,2,True,1.0,1.0
50,20.0,2,True,1.0,1.0
50,20.0,2,True,1.0,1.0
50,20.0,2,True,1.0,1.0
50,20.0,2,True,1.0,1.0
50,20.0,2,True,1.0,1.0
50,20.0,2,True,1.0,1.0
50,20.0,2,True,1.0,1.0
50,20.0,2,True,1.0,1.0
50,20.0,2,True,1.0,1.0
50,20.0,2,True,1.0,1.0
50,20.0,2,True,1.0,1.0
50,20.0,2,True,1.0,1.0
50,20.0,2,True,1.0,1.0
50,20.0,2,True,1.0,1.0
50,20.0,2,True,1.0,1.0
50,20.0,2,True,1.0,1.0
50,20.0,2,True,1.0,1.0
50,20.0,2,True,1.0,1.0
50,20.0,2,True,1.0,1.0
50,20.0,2,True,1.0,1.0
50,20.0,2,True,1.0,1.0
50,20.0,2,True,1.0,1.0
50,20.0,2,True,1.0,1.0
50,20.0,2,True,1.0,1.0
50,20.0,2,True,1.0,1.0
50,20.0,2,True,1.0,1.0
50,20.0,2,True,1.0,1.0
50,20.0,2,True,1.0,1.0
50,25.0,2,True,1.0,1.0
50,25.0,2,True,1.0,1.0
50,25.0,2,True,1.0,1.0
50,25.0,2,True,1.0,1.0
50,25.0,2,True,1.0,1.0
50,25.0,2,True,1.0,1.0
50,25.0,2,True,1.0,1.0
50,25.0,2,True,1.0,1.0
50,25.0,2,True,1.0,1.0
50,25.0,2,True,1.0,1.0
50,25.0,2,True,1.0,1.0
50,25.0,2,True,1.0,1.0
50,25.0,2,True,1.0,1.0
50,25.0,2,True,1.0,1.0
50,25.0,2,True,1.0,1.0
50,25.0,2,True,1.0,1.0
50,25.0,2,True,1.0,1.0
50,25.0,2,True,1.0,1.0
50,25.0,2,True,1.0,1.0
50,25.0,2,True,1.0,1.0
50,25.0,2,True,1.0,1.0
50,25.0,2,True,1.0,1.0
50,25.0,2,True,1.0,1.0
50,25.0,2,True,1.0,1.0
50,25.0,2,True,1.0,1.0
50,25.0,2,True,1.0,1.0
50,25.0,2,True,1.0,1.0
50,25.0,2,True,1.0,1.0
50,25.0,2,True,1.0,1.0
50,25.0,2,True,1.0,1.0
50,25.0,2,True,1.0,1.0
50,25.0,2,True,1.0,1.0
50,25.0,2,True,1.0,1.0
50,25.0,2,True,1.0,1.0
50,25.0,2,True,1.0,1.0
50,25.0,2,True,1.0,1.0
50,25.0,2,True,1.0,1.0
50,25.0,2,True,1.0,1.0
50,25.0,2,True,1.0,1.0
50,25.0,2,True,1.0,1.0
50,25.0,2,True,1.0,1.0
50,25.0,2,True,1.0,1.0
50,25.0,2,True,1.0,1.0
50,25.0,2,True,1.0,1.0
50,25.0,2,True,1.0,1.0
50,25.0,2,True,1.0,1.0
50,25.0,2,True,1.0,1.0
50,25.0,2,True,1.0,1.0
50,25.0,2,True,1.0,1.0
50,25.0,2,True,1.0,1.0
50,30.0,2,True,1.0,1.0
50,30.0,2,True,1.0,1.0
50,30.0,3,True,0.9382716049382716,1.0
50,30.0,2,True,1.0,1.0
50,30.0,2,True,1.0,1.0
50,30.0,2,True,1.0,1.0
50,30.0,2,True,1.0,1.0
50,30.0,2,True,1.0,1.0
50,30.0,2,True,1.0,1.0
50,30.0,2,True,1.0,1.0
50,30.0,2,True,1.0,1.0
50,30.0,2,True,1.0,1.0
50,30.0,2,True,1.0,1.0
50,30.0,2,True,1.0,1.0
50,30.0,2,True,1.0,1.0
50,30.0,2,True,1.0,1.0
50,30.0,2,True,1.0,1.0
50,30.0,2,True,1.0,1.0
50,30.0,2,True,1.0,1.0
50,30.0,2,True,1.0,1.0
50,30.0,2,True,1.0,1.0
50,30.0,2,True,1.0,1.0
50,30.0,2,True,1.0,1.0
50,30.0,2,True,1.0,1.0
50,30.0,2,True,1.0,1.0
50,30.0,2,True,1.0,1.0
50,30.0,2,True,1.0,1.0
50,30.0,2,True,1.0,1.0
50,30.0,2,True,1.0,1.0
50,30.0,2,True,1.0,1.0
50,30.0,2,True,1.0,1.0
50,30.0,2,True,1.0,1.0
50,30.0,2,True,1.0,1.0
50,30.0,2,True,1.0,1.0
50,30.0,2,True,1.0,1.0
50,30.0,2,True,1.0,1.0
50,30.0,2,True,1.0,1.0
50,30.0,2,True,1.0,1.0
50,30.0,2,True,1.0,1.0
50,30.0,2,True,1.0,1.0
50,30.0,2,True,1.0,1.0
50,30.0,2,True,1.0,1.0
50,30.0,2,True,1.0,1.0
50,30.0,2,True,1.0,1.0
50,30.0,2,True,1.0,1.0
50,30.0,2,True,1.0,1.0
50,30.0,2,True,1.0,1.0
50,30.0,2,True,1.0,1.0
50,30.0,2,True,1.0,1.0
50,30.0,2,True,1.0,1.0
50,35.0,2,True,1.0,1.0
50,35.0,3,True,0.9259259259259259,1.0
50,35.0,2,True,1.0,1.0
50,35.0,2,True,1.0,1.0
50,35.0,2,True,1.0,1.0
50,35.0,2,True,1.0,1.0
50,35.0,4,True,0.19753086419753085,0.12345679012345678
50,35.0,20,False,0.3333333333333333,0.07407407407407407
50,35.0,7,True,0.1728395061728395,0.08641975308641975
50,35.0,2,True,1.0,1.0
50,35.0,3,True,0.8024691358024691,1.0
50,35.0,2,True,1.0,1.0
50,35.0,2,True,1.0,1.0
50,35.0,13,True,0.2222222222222222,0.08641975308641975
50,35.0,2,True,1.0,1.0
50,35.0,3,True,0.9382716049382716,1.0
50,35.0,18,True,0.38271604938271603,0.1111111111111111
50,35.0,3,True,0.5308641975308642,1.0
50,35.0,4,True,0.13580246913580246,0.14814814814814814
50,35.0,2,True,1.0,1.0
50,35.0,2,True,1.0,1.0
50,35.0,8,True,0.13580246913580246,0.09876543209876543
50,35.0,2,True,1.0,1.0
50,35.0,12,True,0.1111111111111111,0.1111111111111111
50,35.0,3,True,0.9753086419753086,1.0
50,35.0,2,True,1.0,1.0
50,35.0,5,True,0.07407407407407407,0.14814814814814814
50,35.0,2,True,1.0,1.0
50,35.0,4,True,0.12345679012345678,0.13580246913580246
50,35.0,14,True,0.14814814814814814,0.14814814814814814
50,35.0,20,False,0.13580246913580246,0.18518518518518517
50,35.0,2,True,1.0,1.0
50,35.0,2,True,1.0,1.0
50,35.0,2,True,1.0,1.0
50,35.0,2,True,1.0,1.0
50,35.0,2,True,1.0,1.0
50,35.0,2,True,1.0,1.0
50,35.0,2,True,1.0,1.0
50,35.0,2,True,1.0,1.0
50,35.0,2,True,1.0,1.0
50,35.0,2,True,1.0,1.0
50,35.0,2,True,1.0,1.0
50,35.0,2,True,1.0,1.0
50,35.0,3,True,0.9876543209876543,1.0
50,35.0,3,True,0.037037037037037035,0.037037037037037035
50,35.0,13,True,0.5185185185185185,0.06172839506172839
50,35.0,2,True,1.0,1.0
50,35.0,2,True,1.0,1.0
50,35.0,2,True,1.0,1.0
50,35.0,3,True,0.9629629629629629,1.0
50,40.0,16,True,0.1111111111111111,0.04938271604938271
50,40.0,6,True,0.16049382716049382,0.04938271604938271
50,40.0,5,True,0.09876543209876543,0.14814814814814814
50,40.0,3,True,0.18518518518518517,0.08641975308641975
50,40.0,4,True,0.18518518518518517,0.1111111111111111
50,40.0,5,True,0.08641975308641975,0.07407407407407407
50,40.0,4,True,0.19753086419753085,0.09876543209876543
50,40.0,5,True,0.38271604938271603,0.12345679012345678
50,40.0,5,True,0.08641975308641975,0.04938271604938271
50,40.0,5,True,0.14814814814814814,0.1111111111111111
50,40.0,4,True,0.09876543209876543,0.14814814814814814
50,40.0,2,True,1.0,1.0
50,40.0,2,True,0.08641975308641975,0.08641975308641975
50,40.0,10,True,0.1111111111111111,0.1111111111111111
50,40.0,5,True,0.1111111111111111,0.13580246913580246
50,40.0,8,True,0.24691358024691357,0.19753086419753085
50,40.0,2,True,1.0,1.0
50,40.0,4,True,0.14814814814814814,0.07407407407407407
50,40.0,8,True,0.06172839506172839,0.1111111111111111
50,40.0,13,True,0.2839506172839506,0.14814814814814814
50,40.0,3,True,0.5925925925925926,1.0
50,40.0,6,True,0.1111111111111111,0.14814814814814814
50,40.0,16,True,0.07407407407407407,0.07407407407407407
50,40.0,8,True,0.13580246913580246,0.07407407407407407
50,40.0,13,True,0.35802469135802467,0.1111111111111111
50,40.0,6,True,0.16049382716049382,0.1111111111111111
50,40.0,6,True,0.1728395061728395,0.06172839506172839
50,40.0,5,True,0.12345679012345678,0.07407407407407407
50,40.0,6,True,0.09876543209876543,0.06172839506172839
50,40.0,2,True,0.1111111111111111,0.1111111111111111
50,40.0,8,True,0.14814814814814814,0.18518518518518517
50,40.0,3,True,0.8395061728395061,1.0
50,40.0,7,True,0.08641975308641975,0.06172839506172839
50,40.0,3,True,0.6296296296296297,1.0
50,40.0,11,True,0.13580246913580246,0.12345679012345678
50,40.0,2,True,0.13580246913580246,0.13580246913580246
50,40.0,7,True,0.12345679012345678,0.19753086419753085
50,40.0,8,True,0.14814814814814814,0.12345679012345678
50,40.0,5,True,0.06172839506172839,0.12345679012345678
50,40.0,4,True,0.07407407407407407,0.1111111111111111
50,40.0,8,True,0.06172839506172839,0.1111111111111111
50,40.0,7,True,0.1728395061728395,0.1111111111111111
50,40.0,17,True,0.13580246913580246,0.1728395061728395
50,40.0,16,True,0.1728395061728395,0.16049382716049382
50,40.0,2,True,1.0,1.0
50,40.0,10,True,0.13580246913580246,0.12345679012345678
50,40.0,6,True,0.08641975308641975,0.037037037037037035
50,40.0,5,True,0.1111111111111111,0.07407407407407407
50,40.0,2,True,1.0,1.0
50,40.0,3,True,0.1111111111111111,0.14814814814814814
50,45.0,3,True,0.06172839506172839,0.08641975308641975
50,45.0,12,True,0.12345679012345678,0.13580246913580246
50,45.0,8,True,0.08641975308641975,0.08641975308641975
50,45.0,8,True,0.12345679012345678,0.13580246913580246
50,45.0,3,True,0.13580246913580246,0.12345679012345678
50,45.0,5,True,0.1111111111111111,0.12345679012345678
50,45.0,3,True,0.09876543209876543,0.09876543209876543
50,45.0,11,True,0.07407407407407407,0.1111111111111111
50,45.0,8,True,0.1111111111111111,0.1111111111111111
50,45.0,8,True,0.18518518518518517,0.12345679012345678
50,45.0,2,True,0.12345679012345678,0.12345679012345678
50,45.0,4,True,0.14814814814814814,0.09876543209876543
50,45.0,9,True,0.09876543209876543,0.024691358024691357
50,45.0,11,True,0.13580246913580246,0.12345679012345678
50,45.0,5,True,0.06172839506172839,0.13580246913580246
50,45.0,5,True,0.1111111111111111,0.14814814814814814
50,45.0,12,True,0.14814814814814814,0.2222222222222222
50,45.0,6,True,0.09876543209876543,0.08641975308641975
50,45.0,3,True,0.09876543209876543,0.09876543209876543
50,45.0,3,True,0.024691358024691357,0.024691358024691357
50,45.0,9,True,0.14814814814814814,0.06172839506172839
50,45.0,6,True,0.09876543209876543,0.037037037037037035
50,45.0,2,True,0.12345679012345678,0.12345679012345678
50,45.0,20,False,0.14814814814814814,0.04938271604938271
50,45.0,3,True,0.16049382716049382,0.19753086419753085
50,45.0,16,True,0.12345679012345678,0.09876543209876543
50,45.0,4,True,0.07407407407407407,0.2222222222222222
50,45.0,2,True,0.13580246913580246,0.13580246913580246
50,45.0,5,True,0.04938271604938271,0.09876543209876543
50,45.0,6,True,0.13580246913580246,0.13580246913580246
50,45.0,3,True,0.13580246913580246,0.06172839506172839
50,45.0,8,True,0.1111111111111111,0.12345679012345678
50,45.0,8,True,0.1111111111111111,0.1111111111111111
50,45.0,7,True,0.13580246913580246,0.09876543209876543
50,45.0,3,True,0.08641975308641975,0.08641975308641975
50,45.0,8,True,0.08641975308641975,0.06172839506172839
50,45.0,7,True,0.14814814814814814,0.12345679012345678
50,45.0,5,True,0.14814814814814814,0.024691358024691357
50,45.0,3,True,0.12345679012345678,0.12345679012345678
50,45.0,3,True,0.16049382716049382,0.08641975308641975
50,45.0,3,True,0.09876543209876543,0.06172839506172839
50,45.0,20,False,0.20987654320987653,0.1111111111111111
50,45.0,2,True,0.1728395061728395,0.1728395061728395
50,45.0,5,True,0.13580246913580246,0.1111111111111111
50,45.0,6,True,0.06172839506172839,0.13580246913580246
50,45.0,8,True,0.14814814814814814,0.08641975308641975
50,45.0,6,True,0.07407407407407407,0.07407407407407407
50,45.0,20,False,0.07407407407407407,0.12345679012345678
50,45.0,14,True,0.12345679012345678,0.13580246913580246
50,45.0,4,True,0.07407407407407407,0.07407407407407407
50,50.0,15,True,0.12345679012345678,0.07407407407407407
50,50.0,7,True,0.09876543209876543,0.07407407407407407
50,50.0,10,True,0.09876543209876543,0.08641975308641975
50,50.0,13,True,0.07407407407407407,0.14814814814814814
50,50.0,9,True,0.1111111111111111,0.13580246913580246
50,50.0,7,True,0.06172839506172839,0.12345679012345678
50,50.0,15,True,0.09876543209876543,0.09876543209876543
50,50.0,4,True,0.09876543209876543,0.06172839506172839
50,50.0,3,True,0.13580246913580246,0.13580246913580246
50,50.0,6,True,0.037037037037037035,0.08641975308641975
50,50.0,7,True,0.13580246913580246,0.19753086419753085
50,50.0,7,True,0.09876543209876543,0.08641975308641975
50,50.0,5,True,0.08641975308641975,0.12345679012345678
50,50.0,6,True,0.09876543209876543,0.13580246913580246
50,50.0,12,True,0.07407407407407407,0.07407407407407407
50,50.0,7,True,0.04938271604938271,0.08641975308641975
50,50.0,3,True,0.09876543209876543,0.08641975308641975
50,50.0,2,True,0.2345679012345679,0.2345679012345679
50,50.0,14,True,0.13580246913580246,0.09876543209876543
50,50.0,7,True,0.12345679012345678,0.16049382716049382
50,50.0,9,True,0.1111111111111111,0.08641975308641975
50,50.0,8,True,0.1111111111111111,0.12345679012345678
50,50.0,5,True,0.09876543209876543,0.07407407407407407
50,50.0,3,True,0.037037037037037035,0.037037037037037035
50,50.0,7,True,0.12345679012345678,0.09876543209876543
50,50.0,3,True,0.07407407407407407,0.09876543209876543
50,50.0,3,True,0.08641975308641975,0.07407407407407407
50,50.0,12,True,0.07407407407407407,0.08641975308641975
50,50.0,5,True,0.1111111111111111,0.037037037037037035
50,50.0,3,True,0.08641975308641975,0.06172839506172839
50,50.0,8,True,0.08641975308641975,0.09876543209876543
50,50.0,16,True,0.08641975308641975,0.037037037037037035
50,50.0,3,True,0.1111111111111111,0.1111111111111111
50,50.0,4,True,0.16049382716049382,0.14814814814814814
50,50.0,10,True,0.18518518518518517,0.18518518518518517
50,50.0,7,True,0.12345679012345678,0.08641975308641975
50,50.0,5,True,0.13580246913580246,0.07407407407407407
50,50.0,6,True,0.09876543209876543,0.07407407407407407
50,50.0,2,True,0.1111111111111111,0.1111111111111111
50,50.0,11,True,0.13580246913580246,0.07407407407407407
50,50.0,10,True,0.16049382716049382,0.08641975308641975
50,50.0,19,True,0.16049382716049382,0.12345679012345678
50,50.0,3,True,0.08641975308641975,0.13580246913580246
50,50.0,6,True,0.1111111111111111,0.06172839506172839
50,50.0,4,True,0.12345679012345678,0.12345679012345678
50,50.0,3,True,0.07407407407407407,0.09876543209876543
50,50.0,5,True,0.14814814814814814,0.04938271604938271
50,50.0,7,True,0.08641975308641975,0.07407407407407407
50,50.0,5,True,0.12345679012345678,0.07407407407407407
50,50.0,15,True,0.13580246913580246,0.07407407407407407
50,55.00000000000001,4,True,0.12345679012345678,0.06172839506172839
50,55.00000000000001,5,True,0.07407407407407407,0.1111111111111111
50,55.00000000000001,10,True,0.037037037037037035,0.07407407407407407
50,55.00000000000001,5,True,0.12345679012345678,0.09876543209876543
50,55.00000000000001,3,True,0.19753086419753085,0.20987654320987653
50,55.00000000000001,10,True,0.09876543209876543,0.09876543209876543
50,55.00000000000001,17,True,0.07407407407407407,0.1728395061728395
50,55.00000000000001,15,True,0.1111111111111111,0.2222222222222222
50,55.00000000000001,15,True,0.13580246913580246,0.09876543209876543
50,55.00000000000001,5,True,0.07407407407407407,0.09876543209876543
50,55.00000000000001,3,True,0.16049382716049382,0.1728395061728395
50,55.00000000000001,5,True,0.12345679012345678,0.06172839506172839
50,55.00000000000001,18,True,0.13580246913580246,0.14814814814814814
50,55.00000000000001,11,True,0.13580246913580246,0.07407407407407407
50,55.00000000000001,4,True,0.08641975308641975,0.14814814814814814
50,55.00000000000001,3,True,0.09876543209876543,0.08641975308641975
50,55.00000000000001,2,True,0.12345679012345678,0.12345679012345678
50,55.00000000000001,8,True,0.09876543209876543,0.07407407407407407
50,55.00000000000001,13,True,0.07407407407407407,0.08641975308641975
50,55.00000000000001,3,True,0.12345679012345678,0.1111111111111111
50,55.00000000000001,11,True,0.14814814814814814,0.2716049382716049
50,55.00000000000001,13,True,0.2222222222222222,0.13580246913580246
50,55.00000000000001,5,True,0.12345679012345678,0.14814814814814814
50,55.00000000000001,2,True,0.08641975308641975,0.08641975308641975
50,55.00000000000001,10,True,0.09876543209876543,0.08641975308641975
50,55.00000000000001,15,True,0.13580246913580246,0.12345679012345678
50,55.00000000000001,5,True,0.12345679012345678,0.12345679012345678
50,55.00000000000001,6,True,0.12345679012345678,0.12345679012345678
50,55.00000000000001,17,True,0.13580246913580246,0.14814814814814814
50,55.00000000000001,9,True,0.1111111111111111,0.14814814814814814
50,55.00000000000001,19,True,0.06172839506172839,0.04938271604938271
50,55.00000000000001,5,True,0.1111111111111111,0.1111111111111111
50,55.00000000000001,5,True,0.09876543209876543,0.09876543209876543
50,55.00000000000001,6,True,0.12345679012345678,0.08641975308641975
50,55.00000000000001,9,True,0.07407407407407407,0.09876543209876543
50,55.00000000000001,5,True,0.09876543209876543,0.09876543209876543
50,55.00000000000001,7,True,0.08641975308641975,0.09876543209876543
50,55.00000000000001,3,True,0.14814814814814814,0.18518518518518517
50,55.00000000000001,4,True,0.14814814814814814,0.08641975308641975
50,55.00000000000001,8,True,0.09876543209876543,0.07407407407407407
50,55.00000000000001,10,True,0.12345679012345678,0.08641975308641975
50,55.00000000000001,5,True,0.16049382716049382,0.07407407407407407
50,55.00000000000001,3,True,0.04938271604938271,0.09876543209876543
50,55.00000000000001,4,True,0.08641975308641975,0.09876543209876543
50,55.00000000000001,3,True,0.14814814814814814,0.12345679012345678
50,55.00000000000001,3,True,0.09876543209876543,0.07407407407407407
50,55.00000000000001,7,True,0.14814814814814814,0.09876543209876543
50,55.00000000000001,11,True,0.07407407407407407,0.04938271604938271
50,55.00000000000001,3,True,0.12345679012345678,0.1111111111111111
50,55.00000000000001,5,True,0.09876543209876543,0.12345679012345678
50,60.0,10,True,0.04938271604938271,0.09876543209876543
50,60.0,7,True,0.07407407407407407,0.12345679012345678
50,60.0,5,True,0.2345679012345679,0.16049382716049382
50,60.0,6,True,0.13580246913580246,0.1728395061728395
50,60.0,5,True,0.13580246913580246,0.1111111111111111
50,60.0,15,True,0.1111111111111111,0.1111111111111111
50,60.0,8,True,0.13580246913580246,0.06172839506172839
50,60.0,19,True,0.07407407407407407,0.12345679012345678
50,60.0,14,True,0.08641975308641975,0.16049382716049382
50,60.0,10,True,0.14814814814814814,0.09876543209876543
50,60.0,3,True,0.04938271604938271,0.06172839506172839
50,60.0,11,True,0.09876543209876543,0.06172839506172839
50,60.0,10,True,0.13580246913580246,0.1728395061728395
50,60.0,4,True,0.09876543209876543,0.08641975308641975
50,60.0,2,True,0.12345679012345678,0.12345679012345678
50,60.0,3,True,0.09876543209876543,0.07407407407407407
50,60.0,6,True,0.07407407407407407,0.1111111111111111
50,60.0,20,False,0.09876543209876543,0.24691358024691357
50,60.0,7,True,0.08641975308641975,0.09876543209876543
50,60.0,3,True,0.13580246913580246,0.1111111111111111
50,60.0,6,True,0.12345679012345678,0.16049382716049382
50,60.0,14,True,0.04938271604938271,0.12345679012345678
50,60.0,5,True,0.12345679012345678,0.08641975308641975
50,60.0,14,True,0.08641975308641975,0.06172839506172839
50,60.0,3,True,0.06172839506172839,0.06172839506172839
50,60.0,6,True,0.09876543209876543,0.13580246913580246
50,60.0,3,True,0.13580246913580246,0.14814814814814814
50,60.0,5,True,0.08641975308641975,0.1111111111111111
50,60.0,5,True,0.1111111111111111,0.08641975308641975
50,60.0,4,True,0.037037037037037035,0.09876543209876543
50,60.0,5,True,0.12345679012345678,0.12345679012345678
50,60.0,18,True,0.04938271604938271,0.12345679012345678
50,60.0,3,True,0.1111111111111111,0.1111111111111111
50,60.0,3,True,0.13580246913580246,0.13580246913580246
50,60.0,6,True,0.12345679012345678,0.14814814814814814
50,60.0,14,True,0.08641975308641975,0.18518518518518517
50,60.0,7,True,0.037037037037037035,0.13580246913580246
50,60.0,14,True,0.14814814814814814,0.13580246913580246
50,60.0,3,True,0.13580246913580246,0.1111111111111111
50,60.0,4,True,0.07407407407407407,0.1111111111111111
50,60.0,14,True,0.06172839506172839,0.12345679012345678
50,60.0,6,True,0.09876543209876543,0.06172839506172839
50,60.0,10,True,0.1111111111111111,0.13580246913580246
50,60.0,2,True,0.1728395061728395,0.1728395061728395
50,60.0,14,True,0.1111111111111111,0.12345679012345678
50,60.0,6,True,0.1111111111111111,0.06172839506172839
50,60.0,9,True,0.09876543209876543,0.09876543209876543
50,60.0,18,True,0.09876543209876543,0.12345679012345678
50,60.0,9,True,0.06172839506172839,0.14814814814814814
50,60.0,3,True,0.13580246913580246,0.18518518518518517
50,70.0,5,True,0.08641975308641975,0.1728395061728395
50,70.0,8,True,0.12345679012345678,0.1111111111111111
50,70.0,6,True,0.14814814814814814,0.12345679012345678
50,70.0,6,True,0.07407407407407407,0.06172839506172839
50,70.0,13,True,0.12345679012345678,0.09876543209876543
50,70.0,11,True,0.07407407407407407,0.06172839506172839
50,70.0,5,True,0.13580246913580246,0.12345679012345678
50,70.0,6,True,0.1728395061728395,0.1111111111111111
50,70.0,4,True,0.12345679012345678,0.08641975308641975
50,70.0,16,True,0.08641975308641975,0.06172839506172839
50,70.0,3,True,0.20987654320987653,0.1111111111111111
50,70.0,3,True,0.06172839506172839,0.07407407407407407
50,70.0,9,True,0.08641975308641975,0.08641975308641975
50,70.0,3,True,0.19753086419753085,0.16049382716049382
50,70.0,6,True,0.07407407407407407,0.12345679012345678
50,70.0,6,True,0.08641975308641975,0.1111111111111111
50,70.0,4,True,0.06172839506172839,0.1728395061728395
50,70.0,16,True,0.07407407407407407,0.13580246913580246
50,70.0,3,True,0.13580246913580246,0.13580246913580246
50,70.0,3,True,0.18518518518518517,0.09876543209876543
50,70.0,6,True,0.12345679012345678,0.08641975308641975
50,70.0,3,True,0.12345679012345678,0.16049382716049382
50,70.0,5,True,0.16049382716049382,0.09876543209876543
50,70.0,5,True,0.08641975308641975,0.12345679012345678
50,70.0,3,True,0.12345679012345678,0.1111111111111111
50,70.0,3,True,0.06172839506172839,0.08641975308641975
50,70.0,9,True,0.12345679012345678,0.09876543209876543
50,70.0,8,True,0.09876543209876543,0.1111111111111111
50,70.0,8,True,0.14814814814814814,0.07407407407407407
50,70.0,6,True,0.08641975308641975,0.12345679012345678
50,70.0,8,True,0.08641975308641975,0.09876543209876543
50,70.0,6,True,0.06172839506172839,0.1728395061728395
50,70.0,3,True,0.16049382716049382,0.16049382716049382
50,70.0,7,True,0.09876543209876543,0.16049382716049382
50,70.0,3,True,0.12345679012345678,0.024691358024691357
50,70.0,9,True,0.12345679012345678,0.08641975308641975
50,70.0,6,True,0.06172839506172839,0.08641975308641975
50,70.0,5,True,0.12345679012345678,0.1728395061728395
50,70.0,14,True,0.19753086419753085,0.09876543209876543
50,70.0,3,True,0.08641975308641975,0.13580246913580246
50,70.0,11,True,0.08641975308641975,0.1111111111111111
50,70.0,6,True,0.04938271604938271,0.08641975308641975
50,70.0,4,True,0.09876543209876543,0.1111111111111111
50,70.0,3,True,0.12345679012345678,0.12345679012345678
50,70.0,11,True,0.12345679012345678,0.1111111111111111
50,70.0,5,True,0.19753086419753085,0.16049382716049382
50,70.0,6,True,0.1111111111111111,0.09876543209876543
50,70.0,4,True,0.14814814814814814,0.09876543209876543
50,70.0,2,True,0.07407407407407407,0.07407407407407407
50,70.0,3,True,0.08641975308641975,0.1111111111111111
50,80.0,3,True,0.13580246913580246,0.09876543209876543
50,80.0,5,True,0.1111111111111111,0.08641975308641975
50,80.0,11,True,0.12345679012345678,0.13580246913580246
50,80.0,5,True,0.14814814814814814,0.09876543209876543
50,80.0,3,True,0.1111111111111111,0.12345679012345678
50,80.0,20,False,0.06172839506172839,0.12345679012345678
50,80.0,6,True,0.08641975308641975,0.18518518518518517
50,80.0,8,True,0.1111111111111111,0.08641975308641975
50,80.0,11,True,0.08641975308641975,0.2222222222222222
50,80.0,5,True,0.09876543209876543,0.16049382716049382
50,80.0,10,True,0.037037037037037035,0.12345679012345678
50,80.0,5,True,0.14814814814814814,0.12345679012345678
50,80.0,16,True,0.12345679012345678,0.08641975308641975
50,80.0,10,True,0.08641975308641975,0.19753086419753085
50,80.0,3,True,0.07407407407407407,0.08641975308641975
50,80.0,6,True,0.14814814814814814,1.0
50,80.0,5,True,0.14814814814814814,0.1111111111111111
50,80.0,3,True,0.16049382716049382,0.12345679012345678
50,80.0,8,True,0.12345679012345678,0.06172839506172839
50,80.0,3,True,0.1111111111111111,0.09876543209876543
50,80.0,19,True,0.06172839506172839,0.12345679012345678
50,80.0,7,True,0.16049382716049382,0.1111111111111111
50,80.0,3,True,0.07407407407407407,0.13580246913580246
50,80.0,9,True,0.13580246913580246,0.04938271604938271
50,80.0,13,True,0.1111111111111111,0.037037037037037035
50,80.0,8,True,0.08641975308641975,0.1728395061728395
50,80.0,4,True,0.08641975308641975,0.06172839506172839
50,80.0,17,True,0.13580246913580246,0.12345679012345678
50,80.0,8,True,0.13580246913580246,0.18518518518518517
50,80.0,5,True,0.12345679012345678,0.12345679012345678
50,80.0,4,True,0.12345679012345678,0.1111111111111111
50,80.0,6,True,0.07407407407407407,0.06172839506172839
50,80.0,5,True,0.09876543209876543,0.1728395061728395
50,80.0,3,True,0.037037037037037035,0.08641975308641975
50,80.0,6,True,0.12345679012345678,0.06172839506172839
50,80.0,18,True,0.12345679012345678,0.13580246913580246
50,80.0,3,True,0.12345679012345678,0.19753086419753085
50,80.0,5,True,0.14814814814814814,0.07407407407407407
50,80.0,7,True,0.09876543209876543,0.1111111111111111
50,80.0,15,True,0.1111111111111111,0.13580246913580246
50,80.0,4,True,0.08641975308641975,0.1111111111111111
50,80.0,4,True,0.14814814814814814,0.09876543209876543
50,80.0,4,True,0.14814814814814814,0.1111111111111111
50,80.0,5,True,0.1111111111111111,0.06172839506172839
50,80.0,11,True,0.09876543209876543,0.07407407407407407
50,80.0,5,True,0.08641975308641975,0.14814814814814814
50,80.0,6,True,0.08641975308641975,0.06172839506172839
50,80.0,10,True,0.13580246913580246,0.2222222222222222
50,80.0,20,True,0.1111111111111111,0.13580246913580246
50,80.0,3,True,0.13580246913580246,0.14814814814814814
75,0.0,1,True,1.0,1.0
75,0.0,1,True,1.0,1.0
75,0.0,1,True,1.0,1.0
75,0.0,1,True,1.0,1.0
75,0.0,1,True,1.0,1.0
75,0.0,1,True,1.0,1.0
75,0.0,1,True,1.0,1.0
75,0.0,1,True,1.0,1.0
75,0.0,1,True,1.0,1.0
75,0.0,1,True,1.0,1.0
75,0.0,1,True,1.0,1.0
75,0.0,1,True,1.0,1.0
75,0.0,1,True,1.0,1.0
75,0.0,1,True,1.0,1.0
75,0.0,1,True,1.0,1.0
75,0.0,1,True,1.0,1.0
75,0.0,1,True,1.0,1.0
75,0.0,1,True,1.0,1.0
75,0.0,1,True,1.0,1.0
75,0.0,1,True,1.0,1.0
75,0.0,1,True,1.0,1.0
75,0.0,1,True,1.0,1.0
75,0.0,1,True,1.0,1.0
75,0.0,1,True,1.0,1.0
75,0.0,1,True,1.0,1.0
75,0.0,1,True,1.0,1.0
75,0.0,1,True,1.0,1.0
75,0.0,1,True,1.0,1.0
75,0.0,1,True,1.0,1.0
75,0.0,1,True,1.0,1.0
75,0.0,1,True,1.0,1.0
75,0.0,1,True,1.0,1.0
75,0.0,1,True,1.0,1.0
75,0.0,1,True,1.0,1.0
75,0.0,1,True,1.0,1.0
75,0.0,1,True,1.0,1.0
75,0.0,1,True,1.0,1.0
75,0.0,1,True,1.0,1.0
75,0.0,1,True,1.0,1.0
75,0.0,1,True,1.0,1.0
75,0.0,1,True,1.0,1.0
75,0.0,1,True,1.0,1.0
75,0.0,1,True,1.0,1.0
75,0.0,1,True,1.0,1.0
75,0.0,1,True,1.0,1.0
75,0.0,1,True,1.0,1.0
75,0.0,1,True,1.0,1.0
75,0.0,1,True,1.0,1.0
75,0.0,1,True,1.0,1.0
75,0.0,1,True,1.0,1.0
75,5.0,2,True,1.0,1.0
75,5.0,2,True,1.0,1.0
75,5.0,2,True,1.0,1.0
75,5.0,2,True,1.0,1.0
75,5.0,2,True,1.0,1.0
75,5.0,2,True,1.0,1.0
75,5.0,2,True,1.0,1.0
75,5.0,2,True,1.0,1.0
75,5.0,2,True,1.0,1.0
75,5.0,2,True,1.0,1.0
75,5.0,2,True,1.0,1.0
75,5.0,2,True,1.0,1.0
75,5.0,2,True,1.0,1.0
75,5.0,2,True,1.0,1.0
75,5.0,2,True,1.0,1.0
75,5.0,2,True,1.0,1.0
75,5.0,2,True,1.0,1.0
75,5.0,2,True,1.0,1.0
75,5.0,2,True,1.0,1.0
75,5.0,2,True,1.0,1.0
75,5.0,2,True,1.0,1.0
75,5.0,2,True,1.0,1.0
75,5.0,2,True,1.0,1.0
75,5.0,2,True,1.0,1.0
75,5.0,2,True,1.0,1.0
75,5.0,2,True,1.0,1.0
75,5.0,2,True,1.0,1.0
75,5.0,2,True,1.0,1.0
75,5.0,2,True,1.0,1.0
75,5.0,2,True,1.0,1.0
75,5.0,2,True,1.0,1.0
75,5.0,2,True,1.0,1.0
75,5.0,2,True,1.0,1.0
75,5.0,2,True,1.0,1.0
75,5.0,2,True,1.0,1.0
75,5.0,2,True,1.0,1.0
75,5.0,2,True,1.0,1.0
75,5.0,2,True,1.0,1.0
75,5.0,2,True,1.0,1.0
75,5.0,2,True,1.0,1.0
75,5.0,2,True,1.0,1.0
75,5.0,2,True,1.0,1.0
75,5.0,2,True,1.0,1.0
75,5.0,2,True,1.0,1.0
75,5.0,2,True,1.0,1.0
75,5.0,2,True,1.0,1.0
75,5.0,2,True,1.0,1.0
75,5.0,2,True,1.0,1.0
75,5.0,2,True,1.0,1.0
75,5.0,2,True,1.0,1.0
75,10.0,2,True,1.0,1.0
75,10.0,2,True,1.0,1.0
75,10.0,2,True,1.0,1.0
75,10.0,2,True,1.0,1.0
75,10.0,2,True,1.0,1.0
75,10.0,2,True,1.0,1.0
75,10.0,2,True,1.0,1.0
75,10.0,2,True,1.0,1.0
75,10.0,2,True,1.0,1.0
75,10.0,2,True,1.0,1.0
75,10.0,2,True,1.0,1.0
75,10.0,2,True,1.0,1.0
75,10.0,2,True,1.0,1.0
75,10.0,2,True,1.0,1.0
75,10.0,2,True,1.0,1.0
75,10.0,2,True,1.0,1.0
75,10.0,2,True,1.0,1.0
75,10.0,2,True,1.0,1.0
75,10.0,2,True,1.0,1.0
75,10.0,2,True,1.0,1.0
75,10.0,2,True,1.0,1.0
75,10.0,2,True,1.0,1.0
75,10.0,2,True,1.0,1.0
75,10.0,2,True,1.0,1.0
75,10.0,2,True,1.0,1.0
75,10.0,2,True,1.0,1.0
75,10.0,2,True,1.0,1.0
75,10.0,2,True,1.0,1.0
75,10.0,2,True,1.0,1.0
75,10.0,2,True,1.0,1.0
75,10.0,2,True,1.0,1.0
75,10.0,2,True,1.0,1.0
75,10.0,2,True,1.0,1.0
75,10.0,2,True,1.0,1.0
75,10.0,2,True,1.0,1.0
75,10.0,2,True,1.0,1.0
75,10.0,2,True,1.0,1.0
75,10.0,2,True,1.0,1.0
75,10.0,2,True,1.0,1.0
75,10.0,2,True,1.0,1.0
75,10.0,2,True,1.0,1.0
75,10.0,2,True,1.0,1.0
75,10.0,2,True,1.0,1.0
75,10.0,2,True,1.0,1.0
75,10.0,2,True,1.0,1.0
75,10.0,2,True,1.0,1.0
75,10.0,2,True,1.0,1.0
75,10.0,2,True,1.0,1.0
75,10.0,2,True,1.0,1.0
75,10.0,2,True,1.0,1.0
75,15.0,2,True,1.0,1.0
75,15.0,2,True,1.0,1.0
75,15.0,2,True,1.0,1.0
75,15.0,2,True,1.0,1.0
75,15.0,2,True,1.0,1.0
75,15.0,2,True,1.0,1.0
75,15.0,2,True,1.0,1.0
75,15.0,2,True,1.0,1.0
75,15.0,2,True,1.0,1.0
75,15.0,2,True,1.0,1.0
75,15.0,2,True,1.0,1.0
75,15.0,2,True,1.0,1.0
75,15.0,2,True,1.0,1.0
75,15.0,2,True,1.0,1.0
75,15.0,2,True,1.0,1.0
75,15.0,2,True,1.0,1.0
75,15.0,2,True,1.0,1.0
75,15.0,2,True,1.0,1.0
75,15.0,2,True,1.0,1.0
75,15.0,2,True,1.0,1.0
75,15.0,2,True,1.0,1.0
75,15.0,2,True,1.0,1.0
75,15.0,2,True,1.0,1.0
75,15.0,2,True,1.0,1.0
75,15.0,2,True,1.0,1.0
75,15.0,2,True,1.0,1.0
75,15.0,2,True,1.0,1.0
75,15.0,2,True,1.0,1.0
75,15.0,2,True,1.0,1.0
75,15.0,2,True,1.0,1.0
75,15.0,2,True,1.0,1.0
75,15.0,2,True,1.0,1.0
75,15.0,2,True,1.0,1.0
75,15.0,2,True,1.0,1.0
75,15.0,2,True,1.0,1.0
75,15.0,2,True,1.0,1.0
75,15.0,2,True,1.0,1.0
75,15.0,2,True,1.0,1.0
75,15.0,2,True,1.0,1.0
75,15.0,2,True,1.0,1.0
75,15.0,2,True,1.0,1.0
75,15.0,2,True,1.0,1.0
75,15.0,2,True,1.0,1.0
75,15.0,2,True,1.0,1.0
75,15.0,2,True,1.0,1.0
75,15.0,2,True,1.0,1.0
75,15.0,2,True,1.0,1.0
75,15.0,2,True,1.0,1.0
75,15.0,2,True,1.0,1.0
75,15.0,2,True,1.0,1.0
75,20.0,2,True,1.0,1.0
75,20.0,2,True,1.0,1.0
75,20.0,2,True,1.0,1.0
75,20.0,2,True,1.0,1.0
75,20.0,2,True,1.0,1.0
75,20.0,2,True,1.0,1.0
75,20.0,2,True,1.0,1.0
75,20.0,2,True,1.0,1.0
75,20.0,2,True,1.0,1.0
75,20.0,2,True,1.0,1.0
75,20.0,2,True,1.0,1.0
75,20.0,2,True,1.0,1.0
75,20.0,2,True,1.0,1.0
75,20.0,2,True,1.0,1.0
75,20.0,2,True,1.0,1.0
75,20.0,2,True,1.0,1.0
75,20.0,2,True,1.0,1.0
75,20.0,2,True,1.0,1.0
75,20.0,2,True,1.0,1.0
75,20.0,2,True,1.0,1.0
75,20.0,2,True,1.0,1.0
75,20.0,2,True,1.0,1.0
75,20.0,2,True,1.0,1.0
75,20.0,2,True,1.0,1.0
75,20.0,2,True,1.0,1.0
75,20.0,2,True,1.0,1.0
75,20.0,2,True,1.0,1.0
75,20.0,2,True,1.0,1.0
75,20.0,2,True,1.0,1.0
75,20.0,2,True,1.0,1.0
75,20.0,2,True,1.0,1.0
75,20.0,2,True,1.0,1.0
75,20.0,2,True,1.0,1.0
75,20.0,2,True,1.0,1.0
75,20.0,2,True,1.0,1.0
75,20.0,2,True,1.0,1.0
75,20.0,2,True,1.0,1.0
75,20.0,2,True,1.0,1.0
75,20.0,2,True,1.0,1.0
75,20.0,2,True,1.0,1.0
75,20.0,2,True,1.0,1.0
75,20.0,2,True,1.0,1.0
75,20.0,2,True,1.0,1.0
75,20.0,2,True,1.0,1.0
75,20.0,2,True,1.0,1.0
75,20.0,2,True,1.0,1.0
75,20.0,2,True,1.0,1.0
75,20.0,2,True,1.0,1.0
75,20.0,2,True,1.0,1.0
75,20.0,2,True,1.0,1.0
75,25.0,2,True,1.0,1.0
75,25.0,2,True,1.0,1.0
75,25.0,2,True,1.0,1.0
75,25.0,2,True,1.0,1.0
75,25.0,2,True,1.0,1.0
75,25.0,2,True,1.0,1.0
75,25.0,2,True,1.0,1.0
75,25.0,2,True,1.0,1.0
75,25.0,2,True,1.0,1.0
75,25.0,2,True,1.0,1.0
75,25.0,2,True,1.0,1.0
75,25.0,2,True,1.0,1.0
75,25.0,2,True,1.0,1.0
75,25.0,2,True,1.0,1.0
75,25.0,2,True,1.0,1.0
75,25.0,2,True,1.0,1.0
75,25.0,2,True,1.0,1.0
75,25.0,2,True,1.0,1.0
75,25.0,2,True,1.0,1.0
75,25.0,2,True,1.0,1.0
75,25.0,2,True,1.0,1.0
75,25.0,2,True,1.0,1.0
75,25.0,2,True,1.0,1.0
75,25.0,2,True,1.0,1.0
75,25.0,2,True,1.0,1.0
75,25.0,2,True,1.0,1.0
75,25.0,2,True,1.0,1.0
75,25.0,2,True,1.0,1.0
75,25.0,2,True,1.0,1.0
75,25.0,2,True,1.0,1.0
75,25.0,2,True,1.0,1.0
75,25.0,2,True,1.0,1.0
75,25.0,2,True,1.0,1.0
75,25.0,2,True,1.0,1.0
75,25.0,2,True,1.0,1.0
75,25.0,2,True,1.0,1.0
75,25.0,2,True,1.0,1.0
75,25.0,2,True,1.0,1.0
75,25.0,2,True,1.0,1.0
75,25.0,2,True,1.0,1.0
75,25.0,2,True,1.0,1.0
75,25.0,2,True,1.0,1.0
75,25.0,2,True,1.0,1.0
75,25.0,2,True,1.0,1.0
75,25.0,2,True,1.0,1.0
75,25.0,2,True,1.0,1.0
75,25.0,2,True,1.0,1.0
75,25.0,2,True,1.0,1.0
75,25.0,2,True,1.0,1.0
75,25.0,2,True,1.0,1.0
75,30.0,2,True,1.0,1.0
75,30.0,2,True,1.0,1.0
75,30.0,2,True,1.0,1.0
75,30.0,2,True,1.0,1.0
75,30.0,2,True,1.0,1.0
75,30.0,2,True,1.0,1.0
75,30.0,2,True,1.0,1.0
75,30.0,2,True,1.0,1.0
75,30.0,2,True,1.0,1.0
75,30.0,2,True,1.0,1.0
75,30.0,2,True,1.0,1.0
75,30.0,2,True,1.0,1.0
75,30.0,2,True,1.0,1.0
75,30.0,2,True,1.0,1.0
75,30.0,2,True,1.0,1.0
75,30.0,2,True,1.0,1.0
75,30.0,2,True,1.0,1.0
75,30.0,2,True,1.0,1.0
75,30.0,2,True,1.0,1.0
75,30.0,2,True,1.0,1.0
75,30.0,2,True,1.0,1.0
75,30.0,2,True,1.0,1.0
75,30.0,2,True,1.0,1.0
75,30.0,2,True,1.0,1.0
75,30.0,2,True,1.0,1.0
75,30.0,2,True,1.0,1.0
75,30.0,2,True,1.0,1.0
75,30.0,2,True,1.0,1.0
75,30.0,2,True,1.0,1.0
75,30.0,2,True,1.0,1.0
75,30.0,2,True,1.0,1.0
75,30.0,2,True,1.0,1.0
75,30.0,2,True,1.0,1.0
75,30.0,2,True,1.0,1.0
75,30.0,2,True,1.0,1.0
75,30.0,2,True,1.0,1.0
75,30.0,2,True,1.0,1.0
75,30.0,2,True,1.0,1.0
75,30.0,2,True,1.0,1.0
75,30.0,2,True,1.0,1.0
75,30.0,2,True,1.0,1.0
75,30.0,2,True,1.0,1.0
75,30.0,2,True,1.0,1.0
75,30.0,2,True,1.0,1.0
75,30.0,2,True,1.0,1.0
75,30.0,2,True,1.0,1.0
75,30.0,2,True,1.0,1.0
75,30.0,2,True,1.0,1.0
75,30.0,2,True,1.0,1.0
75,30.0,2,True,1.0,1.0
75,35.0,2,True,1.0,1.0
75,35.0,2,True,1.0,1.0
75,35.0,3,True,0.4074074074074074,1.0
75,35.0,3,True,0.2345679012345679,0.08641975308641975
75,35.0,2,True,1.0,1.0
75,35.0,2,True,1.0,1.0
75,35.0,2,True,1.0,1.0
75,35.0,2,True,1.0,1.0
75,35.0,2,True,1.0,1.0
75,35.0,2,True,1.0,1.0
75,35.0,2,True,1.0,1.0
75,35.0,2,True,1.0,1.0
75,35.0,2,True,1.0,1.0
75,35.0,2,True,1.0,1.0
75,35.0,2,True,1.0,1.0
75,35.0,2,True,1.0,1.0
75,35.0,2,True,1.0,1.0
75,35.0,2,True,1.0,1.0
75,35.0,2,True,1.0,1.0
75,35.0,2,True,1.0,1.0
75,35.0,3,True,0.2345679012345679,1.0
75,35.0,2,True,1.0,1.0
75,35.0,2,True,1.0,1.0
75,35.0,2,True,1.0,1.0
75,35.0,2,True,1.0,1.0
75,35.0,2,True,1.0,1.0
75,35.0,2,True,1.0,1.0
75,35.0,2,True,1.0,1.0
75,35.0,2,True,1.0,1.0
75,35.0,2,True,1.0,1.0
75,35.0,3,True,0.4444444444444444,1.0
75,35.0,13,True,0.09876543209876543,0.037037037037037035
75,35.0,2,True,1.0,1.0
75,35.0,2,True,1.0,1.0
75,35.0,2,True,1.0,1.0
75,35.0,2,True,1.0,1.0
75,35.0,2,True,1.0,1.0
75,35.0,2,True,1.0,1.0
75,35.0,2,True,1.0,1.0
75,35.0,7,True,0.1111111111111111,0.07407407407407407
75,35.0,2,True,1.0,1.0
75,35.0,2,True,1.0,1.0
75,35.0,2,True,1.0,1.0
75,35.0,2,True,1.0,1.0
75,35.0,9,True,0.12345679012345678,0.09876543209876543
75,35.0,2,True,1.0,1.0
75,35.0,2,True,1.0,1.0
75,35.0,2,True,1.0,1.0
75,35.0,2,True,1.0,1.0
75,35.0,3,True,0.8024691358024691,1.0
75,40.0,7,True,0.24691358024691357,0.13580246913580246
75,40.0,3,True,0.9135802469135802,1.0
75,40.0,12,True,0.345679012345679,0.13580246913580246
75,40.0,2,True,1.0,1.0
75,40.0,9,True,0.1728395061728395,0.04938271604938271
75,40.0,3,True,0.1111111111111111,0.09876543209876543
75,40.0,2,True,1.0,1.0
75,40.0,5,True,0.13580246913580246,0.12345679012345678
75,40.0,8,True,0.12345679012345678,0.13580246913580246
75,40.0,8,True,0.07407407407407407,0.09876543209876543
75,40.0,7,True,0.12345679012345678,0.1111111111111111
75,40.0,5,True,0.07407407407407407,0.09876543209876543
75,40.0,20,False,0.18518518518518517,0.13580246913580246
75,40.0,2,True,1.0,1.0
75,40.0,4,True,0.12345679012345678,0.13580246913580246
75,40.0,2,True,1.0,1.0
75,40.0,14,True,0.13580246913580246,0.07407407407407407
75,40.0,3,True,0.6419753086419753,1.0
75,40.0,8,True,0.12345679012345678,0.14814814814814814
75,40.0,4,True,0.1728395061728395,0.08641975308641975
75,40.0,8,True,0.08641975308641975,0.07407407407407407
75,40.0,14,True,0.12345679012345678,0.1111111111111111
75,40.0,2,True,1.0,1.0
75,40.0,20,False,0.13580246913580246,0.13580246913580246
75,40.0,4,True,0.08641975308641975,0.12345679012345678
75,40.0,6,True,0.13580246913580246,0.1728395061728395
75,40.0,5,True,0.13580246913580246,0.14814814814814814
75,40.0,2,True,1.0,1.0
75,40.0,3,True,0.08641975308641975,0.08641975308641975
75,40.0,13,True,0.07407407407407407,0.14814814814814814
75,40.0,2,True,1.0,1.0
75,40.0,12,True,0.08641975308641975,0.08641975308641975
75,40.0,2,True,1.0,1.0
75,40.0,3,True,0.4444444444444444,1.0
75,40.0,2,True,1.0,1.0
75,40.0,9,True,0.1728395061728395,0.08641975308641975
75,40.0,5,True,0.12345679012345678,0.12345679012345678
75,40.0,2,True,0.13580246913580246,0.13580246913580246
75,40.0,11,True,0.1728395061728395,0.07407407407407407
75,40.0,4,True,0.07407407407407407,0.09876543209876543
75,40.0,2,True,1.0,1.0
75,40.0,4,True,0.20987654320987653,0.07407407407407407
75,40.0,3,True,0.35802469135802467,1.0
75,40.0,11,True,0.09876543209876543,0.1111111111111111
75,40.0,14,True,0.09876543209876543,0.07407407407407407
75,40.0,6,True,0.16049382716049382,0.09876543209876543
75,40.0,2,True,1.0,1.0
75,40.0,2,True,1.0,1.0
75,40.0,4,True,0.5061728395061729,1.0
75,40.0,3,True,0.4444444444444444,1.0
75,45.0,3,True,0.13580246913580246,0.09876543209876543
75,45.0,9,True,0.14814814814814814,0.14814814814814814
75,45.0,8,True,0.08641975308641975,0.14814814814814814
75,45.0,17,True,0.1111111111111111,0.08641975308641975
75,45.0,5,True,0.13580246913580246,0.16049382716049382
75,45.0,3,True,0.12345679012345678,0.13580246913580246
75,45.0,11,True,0.12345679012345678,0.07407407407407407
75,45.0,12,True,0.16049382716049382,0.08641975308641975
75,45.0,3,True,0.07407407407407407,0.08641975308641975
75,45.0,15,True,0.14814814814814814,0.16049382716049382
75,45.0,15,True,0.037037037037037035,0.08641975308641975
75,45.0,4,True,0.14814814814814814,0.09876543209876543
75,45.0,6,True,0.19753086419753085,0.1111111111111111
75,45.0,6,True,0.08641975308641975,0.07407407407407407
75,45.0,3,True,0.1111111111111111,0.09876543209876543
75,45.0,13,True,0.08641975308641975,0.18518518518518517
75,45.0,5,True,0.1111111111111111,0.08641975308641975
75,45.0,5,True,0.1728395061728395,0.04938271604938271
75,45.0,8,True,0.09876543209876543,0.1728395061728395
75,45.0,3,True,0.1111111111111111,0.14814814814814814
75,45.0,3,True,0.13580246913580246,0.09876543209876543
75,45.0,5,True,0.1111111111111111,0.1728395061728395
75,45.0,5,True,0.12345679012345678,0.09876543209876543
75,45.0,2,True,0.08641975308641975,0.08641975308641975
75,45.0,9,True,0.13580246913580246,0.09876543209876543
75,45.0,5,True,0.1111111111111111,0.14814814814814814
75,45.0,9,True,0.09876543209876543,0.06172839506172839
75,45.0,12,True,0.06172839506172839,0.08641975308641975
75,45.0,10,True,0.13580246913580246,0.1111111111111111
75,45.0,6,True,0.08641975308641975,0.037037037037037035
75,45.0,5,True,0.12345679012345678,0.09876543209876543
75,45.0,5,True,0.13580246913580246,0.04938271604938271
75,45.0,18,True,0.07407407407407407,0.08641975308641975
75,45.0,17,True,0.1111111111111111,0.04938271604938271
75,45.0,3,True,0.1111111111111111,0.12345679012345678
75,45.0,5,True,0.1728395061728395,0.09876543209876543
75,45.0,4,True,0.08641975308641975,0.12345679012345678
75,45.0,8,True,0.07407407407407407,0.06172839506172839
75,45.0,10,True,0.14814814814814814,0.09876543209876543
75,45.0,15,True,0.1111111111111111,0.20987654320987653
75,45.0,5,True,0.1111111111111111,0.1728395061728395
75,45.0,3,True,0.14814814814814814,0.1111111111111111
75,45.0,18,True,0.1111111111111111,0.14814814814814814
75,45.0,6,True,0.07407407407407407,0.1111111111111111
75,45.0,13,True,0.1111111111111111,0.04938271604938271
75,45.0,6,True,0.14814814814814814,0.2222222222222222
75,45.0,7,True,0.16049382716049382,0.1111111111111111
75,45.0,3,True,0.037037037037037035,0.07407407407407407
75,45.0,9,True,0.037037037037037035,0.09876543209876543
75,45.0,4,True,0.09876543209876543,0.04938271604938271
75,50.0,5,True,0.13580246913580246,0.09876543209876543
75,50.0,5,True,0.08641975308641975,0.1111111111111111
75,50.0,4,True,0.1728395061728395,0.04938271604938271
75,50.0,4,True,0.06172839506172839,0.13580246913580246
75,50.0,7,True,0.12345679012345678,0.04938271604938271
75,50.0,20,False,0.06172839506172839,0.09876543209876543
75,50.0,3,True,0.06172839506172839,0.09876543209876543
75,50.0,7,True,0.07407407407407407,0.1111111111111111
75,50.0,7,True,0.09876543209876543,0.04938271604938271
75,50.0,3,True,0.1111111111111111,0.07407407407407407
75,50.0,4,True,0.08641975308641975,0.04938271604938271
75,50.0,12,True,0.04938271604938271,0.12345679012345678
75,50.0,6,True,0.16049382716049382,0.12345679012345678
75,50.0,7,True,0.14814814814814814,0.09876543209876543
75,50.0,3,True,0.12345679012345678,0.13580246913580246
75,50.0,4,True,0.07407407407407407,0.1111111111111111
75,50.0,2,True,0.1111111111111111,0.1111111111111111
75,50.0,7,True,0.14814814814814814,0.04938271604938271
75,50.0,7,True,0.06172839506172839,0.16049382716049382
75,50.0,3,True,0.14814814814814814,0.08641975308641975
75,50.0,11,True,0.12345679012345678,0.04938271604938271
75,50.0,3,True,0.13580246913580246,0.13580246913580246
75,50.0,3,True,0.13580246913580246,0.14814814814814814
75,50.0,3,True,0.12345679012345678,0.18518518518518517
75,50.0,3,True,0.08641975308641975,0.1111111111111111
75,50.0,3,True,0.13580246913580246,0.08641975308641975
75,50.0,4,True,0.08641975308641975,0.09876543209876543
75,50.0,20,False,0.16049382716049382,0.1111111111111111
75,50.0,4,True,0.14814814814814814,0.08641975308641975
75,50.0,4,True,0.1111111111111111,0.13580246913580246
75,50.0,5,True,0.07407407407407407,0.09876543209876543
75,50.0,3,True,0.1111111111111111,0.09876543209876543
75,50.0,3,True,0.07407407407407407,0.1111111111111111
75,50.0,5,True,0.1111111111111111,0.13580246913580246
75,50.0,3,True,0.08641975308641975,0.04938271604938271
75,50.0,4,True,0.12345679012345678,0.1111111111111111
75,50.0,15,True,0.16049382716049382,0.08641975308641975
75,50.0,3,True,0.1111111111111111,0.024691358024691357
75,50.0,8,True,0.13580246913580246,0.18518518518518517
75,50.0,3,True,0.09876543209876543,0.08641975308641975
75,50.0,6,True,0.16049382716049382,0.06172839506172839
75,50.0,6,True,0.07407407407407407,0.16049382716049382
75,50.0,4,True,0.13580246913580246,0.13580246913580246
75,50.0,6,True,0.08641975308641975,0.1728395061728395
75,50.0,7,True,0.08641975308641975,0.12345679012345678
75,50.0,5,True,0.09876543209876543,0.12345679012345678
75,50.0,3,True,0.08641975308641975,0.16049382716049382
75,50.0,4,True,0.09876543209876543,0.09876543209876543
75,50.0,5,True,0.08641975308641975,0.06172839506172839
75,50.0,6,True,0.13580246913580246,0.08641975308641975
75,55.00000000000001,3,True,0.08641975308641975,0.04938271604938271
75,55.00000000000001,3,True,0.14814814814814814,0.16049382716049382
75,55.00000000000001,5,True,0.08641975308641975,0.09876543209876543
75,55.00000000000001,5,True,0.13580246913580246,0.13580246913580246
75,55.00000000000001,5,True,0.13580246913580246,0.07407407407407407
75,55.00000000000001,13,True,0.1111111111111111,0.1728395061728395
75,55.00000000000001,4,True,0.09876543209876543,0.09876543209876543
75,55.00000000000001,20,False,0.1111111111111111,0.16049382716049382
75,55.00000000000001,9,True,0.08641975308641975,0.037037037037037035
75,55.00000000000001,6,True,0.09876543209876543,0.12345679012345678
75,55.00000000000001,15,True,0.08641975308641975,0.09876543209876543
75,55.00000000000001,13,True,0.08641975308641975,0.20987654320987653
75,55.00000000000001,3,True,0.08641975308641975,0.07407407407407407
75,55.00000000000001,3,True,0.1111111111111111,0.08641975308641975
75,55.00000000000001,3,True,0.16049382716049382,0.1728395061728395
75,55.00000000000001,11,True,0.12345679012345678,0.04938271604938271
75,55.00000000000001,6,True,0.06172839506172839,0.1111111111111111
75,55.00000000000001,3,True,0.06172839506172839,0.14814814814814814
75,55.00000000000001,3,True,0.1111111111111111,0.09876543209876543
75,55.00000000000001,6,True,0.09876543209876543,0.1728395061728395
75,55.00000000000001,3,True,0.04938271604938271,0.13580246913580246
75,55.00000000000001,10,True,0.08641975308641975,0.037037037037037035
75,55.00000000000001,9,True,0.18518518518518517,0.1728395061728395
75,55.00000000000001,8,True,0.09876543209876543,0.037037037037037035
75,55.00000000000001,20,False,0.07407407407407407,0.1111111111111111
75,55.00000000000001,8,True,0.1111111111111111,0.07407407407407407
75,55.00000000000001,3,True,0.09876543209876543,0.06172839506172839
75,55.00000000000001,4,True,0.09876543209876543,0.13580246913580246
75,55.00000000000001,13,True,0.1111111111111111,0.1728395061728395
75,55.00000000000001,3,True,0.08641975308641975,0.08641975308641975
75,55.00000000000001,7,True,0.1728395061728395,0.037037037037037035
75,55.00000000000001,5,True,0.09876543209876543,0.07407407407407407
75,55.00000000000001,3,True,0.13580246913580246,0.07407407407407407
75,55.00000000000001,10,True,0.09876543209876543,0.1111111111111111
75,55.00000000000001,14,True,0.08641975308641975,0.12345679012345678
75,55.00000000000001,6,True,0.12345679012345678,0.13580246913580246
75,55.00000000000001,4,True,0.08641975308641975,0.07407407407407407
75,55.00000000000001,14,True,0.14814814814814814,0.08641975308641975
75,55.00000000000001,2,True,0.07407407407407407,0.07407407407407407
75,55.00000000000001,5,True,0.09876543209876543,0.13580246913580246
75,55.00000000000001,3,True,0.09876543209876543,0.09876543209876543
75,55.00000000000001,3,True,0.09876543209876543,0.2222222222222222
75,55.00000000000001,9,True,0.1111111111111111,0.09876543209876543
75,55.00000000000001,20,False,0.07407407407407407,0.06172839506172839
75,55.00000000000001,5,True,0.09876543209876543,0.13580246913580246
75,55.00000000000001,11,True,0.07407407407407407,0.08641975308641975
75,55.00000000000001,6,True,0.1111111111111111,0.08641975308641975
75,55.00000000000001,4,True,0.16049382716049382,0.12345679012345678
75,55.00000000000001,4,True,0.09876543209876543,0.16049382716049382
75,55.00000000000001,10,True,0.1728395061728395,0.1111111111111111
75,60.0,6,True,0.14814814814814814,0.08641975308641975
75,60.0,3,True,0.1111111111111111,0.12345679012345678
75,60.0,5,True,0.13580246913580246,0.13580246913580246
75,60.0,16,True,0.09876543209876543,0.1111111111111111
75,60.0,5,True,0.06172839506172839,0.1111111111111111
75,60.0,18,True,0.14814814814814814,0.07407407407407407
75,60.0,4,True,0.07407407407407407,0.1111111111111111
75,60.0,9,True,0.04938271604938271,0.16049382716049382
75,60.0,4,True,0.13580246913580246,0.16049382716049382
75,60.0,9,True,0.09876543209876543,0.19753086419753085
75,60.0,3,True,0.13580246913580246,0.06172839506172839
75,60.0,5,True,0.1111111111111111,0.09876543209876543
75,60.0,5,True,0.14814814814814814,0.09876543209876543
75,60.0,6,True,0.13580246913580246,0.13580246913580246
75,60.0,4,True,0.06172839506172839,0.14814814814814814
75,60.0,6,True,0.09876543209876543,0.1111111111111111
75,60.0,20,False,0.1111111111111111,0.14814814814814814
75,60.0,7,True,0.18518518518518517,0.12345679012345678
75,60.0,5,True,0.06172839506172839,0.16049382716049382
75,60.0,9,True,0.14814814814814814,0.1111111111111111
75,60.0,6,True,0.1728395061728395,0.13580246913580246
75,60.0,17,True,0.1111111111111111,0.08641975308641975
75,60.0,4,True,0.16049382716049382,0.09876543209876543
75,60.0,20,False,0.09876543209876543,0.1111111111111111
75,60.0,7,True,0.08641975308641975,0.09876543209876543
75,60.0,7,True,0.09876543209876543,0.024691358024691357
75,60.0,4,True,0.08641975308641975,0.07407407407407407
75,60.0,10,True,0.08641975308641975,0.08641975308641975
75,60.0,8,True,0.13580246913580246,0.20987654320987653
75,60.0,3,True,0.12345679012345678,0.14814814814814814
75,60.0,4,True,0.09876543209876543,0.12345679012345678
75,60.0,3,True,0.08641975308641975,0.024691358024691357
75,60.0,2,True,0.2345679012345679,0.2345679012345679
75,60.0,4,True,0.1111111111111111,0.19753086419753085
75,60.0,15,True,0.1111111111111111,0.12345679012345678
75,60.0,7,True,0.08641975308641975,0.07407407407407407
75,60.0,3,True,0.1728395061728395,0.07407407407407407
75,60.0,16,True,0.13580246913580246,0.16049382716049382
75,60.0,11,True,0.1111111111111111,0.13580246913580246
75,60.0,8,True,0.13580246913580246,0.1728395061728395
75,60.0,6,True,0.08641975308641975,0.13580246913580246
75,60.0,4,True,0.1728395061728395,0.06172839506172839
75,60.0,3,True,0.07407407407407407,0.07407407407407407
75,60.0,8,True,0.13580246913580246,0.07407407407407407
75,60.0,7,True,0.09876543209876543,0.1728395061728395
75,60.0,8,True,0.12345679012345678,0.12345679012345678
75,60.0,4,True,0.13580246913580246,0.04938271604938271
75,60.0,4,True,0.13580246913580246,0.07407407407407407
75,60.0,4,True,0.1111111111111111,0.06172839506172839
75,60.0,5,True,0.12345679012345678,0.09876543209876543
75,70.0,7,True,0.04938271604938271,0.09876543209876543
75,70.0,4,True,0.08641975308641975,0.08641975308641975
75,70.0,4,True,0.08641975308641975,0.06172839506172839
75,70.0,4,True,0.07407407407407407,0.08641975308641975
75,70.0,4,True,0.14814814814814814,0.09876543209876543
75,70.0,6,True,0.09876543209876543,0.024691358024691357
75,70.0,5,True,0.08641975308641975,0.13580246913580246
75,70.0,4,True,0.13580246913580246,0.18518518518518517
75,70.0,4,True,0.13580246913580246,0.08641975308641975
75,70.0,10,True,0.09876543209876543,0.07407407407407407
75,70.0,4,True,0.1111111111111111,0.09876543209876543
75,70.0,20,False,0.09876543209876543,0.09876543209876543
75,70.0,3,True,0.08641975308641975,0.1111111111111111
75,70.0,4,True,0.07407407407407407,0.06172839506172839
75,70.0,4,True,0.08641975308641975,0.12345679012345678
75,70.0,15,True,0.08641975308641975,0.1111111111111111
75,70.0,9,True,0.07407407407407407,0.16049382716049382
75,70.0,4,True,0.09876543209876543,0.07407407407407407
75,70.0,4,True,0.20987654320987653,0.09876543209876543
75,70.0,11,True,0.1111111111111111,0.1111111111111111
75,70.0,10,True,0.1111111111111111,0.09876543209876543
75,70.0,8,True,0.08641975308641975,0.08641975308641975
75,70.0,9,True,0.07407407407407407,0.06172839506172839
75,70.0,7,True,0.08641975308641975,0.16049382716049382
75,70.0,6,True,0.07407407407407407,0.1111111111111111
75,70.0,6,True,0.1111111111111111,0.07407407407407407
75,70.0,3,True,0.13580246913580246,0.1111111111111111
75,70.0,3,True,0.12345679012345678,0.08641975308641975
75,70.0,5,True,0.12345679012345678,0.09876543209876543
75,70.0,11,True,0.16049382716049382,0.09876543209876543
75,70.0,5,True,0.12345679012345678,0.08641975308641975
75,70.0,6,True,0.07407407407407407,0.07407407407407407
75,70.0,3,True,0.04938271604938271,0.07407407407407407
75,70.0,13,True,0.14814814814814814,0.04938271604938271
75,70.0,4,True,0.08641975308641975,0.1111111111111111
75,70.0,7,True,0.13580246913580246,0.08641975308641975
75,70.0,11,True,0.14814814814814814,0.04938271604938271
75,70.0,9,True,0.1111111111111111,0.08641975308641975
75,70.0,8,True,0.14814814814814814,0.04938271604938271
75,70.0,7,True,0.08641975308641975,0.1111111111111111
75,70.0,10,True,0.07407407407407407,0.09876543209876543
75,70.0,13,True,0.14814814814814814,0.12345679012345678
75,70.0,7,True,0.07407407407407407,0.14814814814814814
75,70.0,17,True,0.08641975308641975,0.07407407407407407
75,70.0,5,True,0.12345679012345678,0.09876543209876543
75,70.0,8,True,0.1111111111111111,0.20987654320987653
75,70.0,4,True,0.16049382716049382,0.024691358024691357
75,70.0,3,True,0.1728395061728395,0.12345679012345678
75,70.0,20,False,0.13580246913580246,0.08641975308641975
75,70.0,10,True,0.08641975308641975,0.037037037037037035
75,80.0,5,True,0.09876543209876543,0.14814814814814814
75,80.0,8,True,0.12345679012345678,0.04938271604938271
75,80.0,9,True,0.08641975308641975,0.037037037037037035
75,80.0,14,True,0.12345679012345678,0.14814814814814814
75,80.0,9,True,0.07407407407407407,0.12345679012345678
75,80.0,4,True,0.09876543209876543,0.19753086419753085
75,80.0,5,True,0.08641975308641975,0.09876543209876543
75,80.0,15,True,0.12345679012345678,0.13580246913580246
75,80.0,8,True,0.09876543209876543,0.09876543209876543
75,80.0,3,True,0.1728395061728395,0.14814814814814814
75,80.0,4,True,0.09876543209876543,0.16049382716049382
75,80.0,3,True,0.18518518518518517,0.18518518518518517
75,80.0,4,True,0.16049382716049382,0.14814814814814814
75,80.0,9,True,0.07407407407407407,0.16049382716049382
75,80.0,5,True,0.08641975308641975,0.12345679012345678
75,80.0,4,True,0.09876543209876543,0.1111111111111111
75,80.0,5,True,0.14814814814814814,0.07407407407407407
75,80.0,12,True,0.14814814814814814,0.09876543209876543
75,80.0,6,True,0.08641975308641975,0.037037037037037035
75,80.0,12,True,0.13580246913580246,0.07407407407407407
75,80.0,3,True,0.12345679012345678,0.1111111111111111
75,80.0,13,True,0.09876543209876543,0.13580246913580246
75,80.0,6,True,0.13580246913580246,0.12345679012345678
75,80.0,16,True,0.12345679012345678,0.14814814814814814
75,80.0,4,True,0.1111111111111111,0.09876543209876543
75,80.0,10,True,0.08641975308641975,0.08641975308641975
75,80.0,4,True,0.14814814814814814,0.18518518518518517
75,80.0,4,True,0.09876543209876543,0.06172839506172839
75,80.0,3,True,0.18518518518518517,0.2222222222222222
75,80.0,10,True,0.08641975308641975,0.12345679012345678
75,80.0,4,True,0.07407407407407407,0.08641975308641975
75,80.0,10,True,0.1728395061728395,0.1111111111111111
75,80.0,3,True,0.14814814814814814,0.1728395061728395
75,80.0,20,False,0.09876543209876543,0.08641975308641975
75,80.0,17,True,0.09876543209876543,0.07407407407407407
75,80.0,7,True,0.07407407407407407,0.1111111111111111
75,80.0,9,True,0.1111111111111111,0.12345679012345678
75,80.0,4,True,0.12345679012345678,0.07407407407407407
75,80.0,15,True,0.1111111111111111,0.1111111111111111
75,80.0,4,True,0.1111111111111111,0.07407407407407407
75,80.0,4,True,0.13580246913580246,0.12345679012345678
75,80.0,6,True,0.14814814814814814,0.07407407407407407
75,80.0,5,True,0.1111111111111111,0.2222222222222222
75,80.0,9,True,0.16049382716049382,0.09876543209876543
75,80.0,3,True,0.14814814814814814,0.13580246913580246
75,80.0,7,True,0.1111111111111111,0.09876543209876543
75,80.0,7,True,0.07407407407407407,0.1728395061728395
75,80.0,3,True,0.09876543209876543,0.06172839506172839
75,80.0,6,True,0.08641975308641975,0.08641975308641975
75,80.0,4,True,0.12345679012345678,0.1111111111111111
100,0.0,1,True,1.0,1.0
100,0.0,1,True,1.0,1.0
100,0.0,1,True,1.0,1.0
100,0.0,1,True,1.0,1.0
100,0.0,1,True,1.0,1.0
100,0.0,1,True,1.0,1.0
100,0.0,1,True,1.0,1.0
100,0.0,1,True,1.0,1.0
100,0.0,1,True,1.0,1.0
100,0.0,1,True,1.0,1.0
100,0.0,1,True,1.0,1.0
100,0.0,1,True,1.0,1.0
100,0.0,1,True,1.0,1.0
100,0.0,1,True,1.0,1.0
100,0.0,1,True,1.0,1.0
100,0.0,1,True,1.0,1.0
100,0.0,1,True,1.0,1.0
100,0.0,1,True,1.0,1.0
100,0.0,1,True,1.0,1.0
100,0.0,1,True,1.0,1.0
100,0.0,1,True,1.0,1.0
100,0.0,1,True,1.0,1.0
100,0.0,1,True,1.0,1.0
100,0.0,1,True,1.0,1.0
100,0.0,1,True,1.0,1.0
100,0.0,1,True,1.0,1.0
100,0.0,1,True,1.0,1.0
100,0.0,1,True,1.0,1.0
100,0.0,1,True,1.0,1.0
100,0.0,1,True,1.0,1.0
100,0.0,1,True,1.0,1.0
100,0.0,1,True,1.0,1.0
100,0.0,1,True,1.0,1.0
100,0.0,1,True,1.0,1.0
100,0.0,1,True,1.0,1.0
100,0.0,1,True,1.0,1.0
100,0.0,1,True,1.0,1.0
100,0.0,1,True,1.0,1.0
100,0.0,1,True,1.0,1.0
100,0.0,1,True,1.0,1.0
100,0.0,1,True,1.0,1.0
100,0.0,1,True,1.0,1.0
100,0.0,1,True,1.0,1.0
100,0.0,1,True,1.0,1.0
100,0.0,1,True,1.0,1.0
100,0.0,1,True,1.0,1.0
100,0.0,1,True,1.0,1.0
100,0.0,1,True,1.0,1.0
100,0.0,1,True,1.0,1.0
100,0.0,1,True,1.0,1.0
100,5.0,2,True,1.0,1.0
100,5.0,2,True,1.0,1.0
100,5.0,2,True,1.0,1.0
100,5.0,2,True,1.0,1.0
100,5.0,2,True,1.0,1.0
100,5.0,2,True,1.0,1.0
100,5.0,2,True,1.0,1.0
100,5.0,2,True,1.0,1.0
100,5.0,2,True,1.0,1.0
100,5.0,2,True,1.0,1.0
100,5.0,2,True,1.0,1.0
100,5.0,2,True,1.0,1.0
100,5.0,2,True,1.0,1.0
100,5.0,2,True,1.0,1.0
100,5.0,2,True,1.0,1.0
100,5.0,2,True,1.0,1.0
100,5.0,2,True,1.0,1.0
100,5.0,2,True,1.0,1.0
100,5.0,2,True,1.0,1.0
100,5.0,2,True,1.0,1.0
100,5.0,2,True,1.0,1.0
100,5.0,2,True,1.0,1.0
100,5.0,2,True,1.0,1.0
100,5.0,2,True,1.0,1.0
100,5.0,2,True,1.0,1.0
100,5.0,2,True,1.0,1.0
100,5.0,2,True,1.0,1.0
100,5.0,2,True,1.0,1.0
100,5.0,2,True,1.0,1.0
100,5.0,2,True,1.0,1.0
100,5.0,2,True,1.0,1.0
100,5.0,2,True,1.0,1.0
100,5.0,2,True,1.0,1.0
100,5.0,2,True,1.0,1.0
100,5.0,2,True,1.0,1.0
100,5.0,2,True,1.0,1.0
100,5.0,2,True,1.0,1.0
100,5.0,2,True,1.0,1.0
100,5.0,2,True,1.0,1.0
100,5.0,2,True,1.0,1.0
100,5.0,2,True,1.0,1.0
100,5.0,2,True,1.0,1.0
100,5.0,2,True,1.0,1.0
100,5.0,2,True,1.0,1.0
100,5.0,2,True,1.0,1.0
100,5.0,2,True,1.0,1.0
100,5.0,2,True,1.0,1.0
100,5.0,2,True,1.0,1.0
100,5.0,2,True,1.0,1.0
100,5.0,2,True,1.0,1.0
100,10.0,2,True,1.0,1.0
100,10.0,2,True,1.0,1.0
100,10.0,2,True,1.0,1.0
100,10.0,2,True,1.0,1.0
100,10.0,2,True,1.0,1.0
100,10.0,2,True,1.0,1.0
100,10.0,2,True,1.0,1.0
100,10.0,2,True,1.0,1.0
100,10.0,2,True,1.0,1.0
100,10.0,2,True,1.0,1.0
100,10.0,2,True,1.0,1.0
100,10.0,2,True,1.0,1.0
100,10.0,2,True,1.0,1.0
100,10.0,2,True,1.0,1.0
100,10.0,2,True,1.0,1.0
100,10.0,2,True,1.0,1.0
100,10.0,2,True,1.0,1.0
100,10.0,2,True,1.0,1.0
100,10.0,2,True,1.0,1.0
100,10.0,2,True,1.0,1.0
100,10.0,2,True,1.0,1.0
100,10.0,2,True,1.0,1.0
100,10.0,2,True,1.0,1.0
100,10.0,2,True,1.0,1.0
100,10.0,2,True,1.0,1.0
100,10.0,2,True,1.0,1.0
100,10.0,2,True,1.0,1.0
100,10.0,2,True,1.0,1.0
100,10.0,2,True,1.0,1.0
100,10.0,2,True,1.0,1.0
100,10.0,2,True,1.0,1.0
100,10.0,2,True,1.0,1.0
100,10.0,2,True,1.0,1.0
100,10.0,2,True,1.0,1.0
100,10.0,2,True,1.0,1.0
100,10.0,2,True,1.0,1.0
100,10.0,2,True,1.0,1.0
100,10.0,2,True,1.0,1.0
100,10.0,2,True,1.0,1.0
100,10.0,2,True,1.0,1.0
100,10.0,2,True,1.0,1.0
100,10.0,2,True,1.0,1.0
100,10.0,2,True,1.0,1.0
100,10.0,2,True,1.0,1.0
100,10.0,2,True,1.0,1.0
100,10.0,2,True,1.0,1.0
100,10.0,2,True,1.0,1.0
100,10.0,2,True,1.0,1.0
100,10.0,2,True,1.0,1.0
100,10.0,2,True,1.0,1.0
100,15.0,2,True,1.0,1.0
100,15.0,2,True,1.0,1.0
100,15.0,2,True,1.0,1.0
100,15.0,2,True,1.0,1.0
100,15.0,2,True,1.0,1.0
100,15.0,2,True,1.0,1.0
100,15.0,2,True,1.0,1.0
100,15.0,2,True,1.0,1.0
100,15.0,2,True,1.0,1.0
100,15.0,2,True,1.0,1.0
100,15.0,2,True,1.0,1.0
100,15.0,2,True,1.0,1.0
100,15.0,2,True,1.0,1.0
100,15.0,2,True,1.0,1.0
100,15.0,2,True,1.0,1.0
100,15.0,2,True,1.0,1.0
100,15.0,2,True,1.0,1.0
100,15.0,2,True,1.0,1.0
100,15.0,2,True,1.0,1.0
100,15.0,2,True,1.0,1.0
100,15.0,2,True,1.0,1.0
100,15.0,2,True,1.0,1.0
100,15.0,2,True,1.0,1.0
100,15.0,2,True,1.0,1.0
100,15.0,2,True,1.0,1.0
100,15.0,2,True,1.0,1.0
100,15.0,2,True,1.0,1.0
100,15.0,2,True,1.0,1.0
100,15.0,2,True,1.0,1.0
100,15.0,2,True,1.0,1.0
100,15.0,2,True,1.0,1.0
100,15.0,2,True,1.0,1.0
100,15.0,2,True,1.0,1.0
100,15.0,2,True,1.0,1.0
100,15.0,2,True,1.0,1.0
100,15.0,2,True,1.0,1.0
100,15.0,2,True,1.0,1.0
100,15.0,2,True,1.0,1.0
100,15.0,2,True,1.0,1.0
100,15.0,2,True,1.0,1.0
100,15.0,2,True,1.0,1.0
100,15.0,2,True,1.0,1.0
100,15.0,2,True,1.0,1.0
100,15.0,2,True,1.0,1.0
100,15.0,2,True,1.0,1.0
100,15.0,2,True,1.0,1.0
100,15.0,2,True,1.0,1.0
100,15.0,2,True,1.0,1.0
100,15.0,2,True,1.0,1.0
100,15.0,2,True,1.0,1.0
100,20.0,2,True,1.0,1.0
100,20.0,2,True,1.0,1.0
100,20.0,2,True,1.0,1.0
100,20.0,2,True,1.0,1.0
100,20.0,2,True,1.0,1.0
100,20.0,2,True,1.0,1.0
100,20.0,2,True,1.0,1.0
100,20.0,2,True,1.0,1.0
100,20.0,2,True,1.0,1.0
100,20.0,2,True,1.0,1.0
100,20.0,2,True,1.0,1.0
100,20.0,2,True,1.0,1.0
100,20.0,2,True,1.0,1.0
100,20.0,2,True,1.0,1.0
100,20.0,2,True,1.0,1.0
100,20.0,2,True,1.0,1.0
100,20.0,2,True,1.0,1.0
100,20.0,2,True,1.0,1.0
100,20.0,2,True,1.0,1.0
100,20.0,2,True,1.0,1.0
100,20.0,2,True,1.0,1.0
100,20.0,2,True,1.0,1.0
100,20.0,2,True,1.0,1.0
100,20.0,2,True,1.0,1.0
100,20.0,2,True,1.0,1.0
100,20.0,2,True,1.0,1.0
100,20.0,2,True,1.0,1.0
100,20.0,2,True,1.0,1.0
100,20.0,2,True,1.0,1.0
100,20.0,2,True,1.0,1.0
100,20.0,2,True,1.0,1.0
100,20.0,2,True,1.0,1.0
100,20.0,2,True,1.0,1.0
100,20.0,2,True,1.0,1.0
100,20.0,2,True,1.0,1.0
100,20.0,2,True,1.0,1.0
100,20.0,2,True,1.0,1.0
100,20.0,2,True,1.0,1.0
100,20.0,2,True,1.0,1.0
100,20.0,2,True,1.0,1.0
100,20.0,2,True,1.0,1.0
100,20.0,2,True,1.0,1.0
100,20.0,2,True,1.0,1.0
100,20.0,2,True,1.0,1.0
100,20.0,2,True,1.0,1.0
100,20.0,2,True,1.0,1.0
100,20.0,2,True,1.0,1.0
100,20.0,2,True,1.0,1.0
100,20.0,2,True,1.0,1.0
100,20.0,2,True,1.0,1.0
100,25.0,2,True,1.0,1.0
100,25.0,2,True,1.0,1.0
100,25.0,2,True,1.0,1.0
100,25.0,2,True,1.0,1.0
100,25.0,2,True,1.0,1.0
100,25.0,2,True,1.0,1.0
100,25.0,2,True,1.0,1.0
100,25.0,2,True,1.0,1.0
100,25.0,2,True,1.0,1.0
100,25.0,2,True,1.0,1.0
100,25.0,2,True,1.0,1.0
100,25.0,2,True,1.0,1.0
100,25.0,2,True,1.0,1.0
100,25.0,2,True,1.0,1.0
100,25.0,2,True,1.0,1.0
100,25.0,2,True,1.0,1.0
100,25.0,2,True,1.0,1.0
100,25.0,2,True,1.0,1.0
100,25.0,2,True,1.0,1.0
100,25.0,2,True,1.0,1.0
100,25.0,2,True,1.0,1.0
100,25.0,2,True,1.0,1.0
100,25.0,2,True,1.0,1.0
100,25.0,2,True,1.0,1.0
100,25.0,2,True,1.0,1.0
100,25.0,2,True,1.0,1.0
100,25.0,2,True,1.0,1.0
100,25.0,2,True,1.0,1.0
100,25.0,2,True,1.0,1.0
100,25.0,2,True,1.0,1.0
100,25.0,2,True,1.0,1.0
100,25.0,2,True,1.0,1.0
100,25.0,2,True,1.0,1.0
100,25.0,2,True,1.0,1.0
100,25.0,2,True,1.0,1.0
100,25.0,2,True,1.0,1.0
100,25.0,2,True,1.0,1.0
100,25.0,2,True,1.0,1.0
100,25.0,2,True,1.0,1.0
100,25.0,2,True,1.0,1.0
100,25.0,2,True,1.0,1.0
100,25.0,2,True,1.0,1.0
100,25.0,2,True,1.0,1.0
100,25.0,2,True,1.0,1.0
100,25.0,2,True,1.0,1.0
100,25.0,2,True,1.0,1.0
100,25.0,2,True,1.0,1.0
100,25.0,2,True,1.0,1.0
100,25.0,2,True,1.0,1.0
100,25.0,2,True,1.0,1.0
100,30.0,2,True,1.0,1.0
100,30.0,2,True,1.0,1.0
100,30.0,2,True,1.0,1.0
100,30.0,2,True,1.0,1.0
100,30.0,2,True,1.0,1.0
100,30.0,2,True,1.0,1.0
100,30.0,2,True,1.0,1.0
100,30.0,2,True,1.0,1.0
100,30.0,2,True,1.0,1.0
100,30.0,2,True,1.0,1.0
100,30.0,2,True,1.0,1.0
100,30.0,2,True,1.0,1.0
100,30.0,2,True,1.0,1.0
100,30.0,2,True,1.0,1.0
100,30.0,2,True,1.0,1.0
100,30.0,2,True,1.0,1.0
100,30.0,2,True,1.0,1.0
100,30.0,2,True,1.0,1.0
100,30.0,2,True,1.0,1.0
100,30.0,2,True,1.0,1.0
100,30.0,2,True,1.0,1.0
100,30.0,2,True,1.0,1.0
100,30.0,2,True,1.0,1.0
100,30.0,2,True,1.0,1.0
100,30.0,2,True,1.0,1.0
100,30.0,2,True,1.0,1.0
100,30.0,2,True,1.0,1.0
100,30.0,2,True,1.0,1.0
100,30.0,2,True,1.0,1.0
100,30.0,2,True,1.0,1.0
100,30.0,2,True,1.0,1.0
100,30.0,2,True,1.0,1.0
100,30.0,2,True,1.0,1.0
100,30.0,2,True,1.0,1.0
100,30.0,2,True,1.0,1.0
100,30.0,2,True,1.0,1.0
100,30.0,2,True,1.0,1.0
100,30.0,2,True,1.0,1.0
100,30.0,2,True,1.0,1.0
100,30.0,2,True,1.0,1.0
100,30.0,2,True,1.0,1.0
100,30.0,2,True,1.0,1.0
100,30.0,2,True,1.0,1.0
100,30.0,2,True,1.0,1.0
100,30.0,2,True,1.0,1.0
100,30.0,2,True,1.0,1.0
100,30.0,2,True,1.0,1.0
100,30.0,2,True,1.0,1.0
100,30.0,2,True,1.0,1.0
100,30.0,2,True,1.0,1.0
100,35.0,2,True,1.0,1.0
100,35.0,2,True,1.0,1.0
100,35.0,5,True,0.09876543209876543,0.12345679012345678
100,35.0,2,True,1.0,1.0
100,35.0,2,True,1.0,1.0
100,35.0,2,True,1.0,1.0
100,35.0,2,True,1.0,1.0
100,35.0,2,True,1.0,1.0
100,35.0,2,True,1.0,1.0
100,35.0,2,True,1.0,1.0
100,35.0,2,True,1.0,1.0
100,35.0,2,True,1.0,1.0
100,35.0,2,True,1.0,1.0
100,35.0,2,True,1.0,1.0
100,35.0,2,True,1.0,1.0
100,35.0,2,True,1.0,1.0
100,35.0,2,True,1.0,1.0
100,35.0,2,True,1.0,1.0
100,35.0,4,True,0.5802469135802469,1.0
100,35.0,2,True,1.0,1.0
100,35.0,2,True,1.0,1.0
100,35.0,3,True,0.3333333333333333,1.0
100,35.0,2,True,1.0,1.0
100,35.0,2,True,1.0,1.0
100,35.0,2,True,1.0,1.0
100,35.0,2,True,1.0,1.0
100,35.0,2,True,1.0,1.0
100,35.0,3,True,0.5308641975308642,1.0
100,35.0,3,True,0.7777777777777778,1.0
100,35.0,3,True,0.37037037037037035,1.0
100,35.0,2,True,1.0,1.0
100,35.0,2,True,1.0,1.0
100,35.0,2,True,1.0,1.0
100,35.0,2,True,1.0,1.0
100,35.0,2,True,1.0,1.0
100,35.0,2,True,1.0,1.0
100,35.0,2,True,1.0,1.0
100,35.0,2,True,1.0,1.0
100,35.0,2,True,1.0,1.0
100,35.0,3,True,0.9259259259259259,1.0
100,35.0,2,True,1.0,1.0
100,35.0,2,True,1.0,1.0
100,35.0,3,True,0.6419753086419753,1.0
100,35.0,3,True,0.8024691358024691,1.0
100,35.0,2,True,1.0,1.0
100,35.0,2,True,1.0,1.0
100,35.0,2,True,1.0,1.0
100,35.0,2,True,1.0,1.0
100,35.0,2,True,1.0,1.0
100,35.0,2,True,1.0,1.0
100,40.0,5,True,0.09876543209876543,0.1728395061728395
100,40.0,3,True,0.04938271604938271,0.1111111111111111
100,40.0,20,False,0.13580246913580246,0.07407407407407407
100,40.0,4,True,0.14814814814814814,0.14814814814814814
100,40.0,2,True,1.0,1.0
100,40.0,12,True,0.24691358024691357,0.16049382716049382
100,40.0,3,True,0.19753086419753085,1.0
100,40.0,2,True,1.0,1.0
100,40.0,20,False,0.20987654320987653,0.14814814814814814
100,40.0,2,True,1.0,1.0
100,40.0,5,True,0.12345679012345678,0.12345679012345678
100,40.0,11,True,0.14814814814814814,0.13580246913580246
100,40.0,4,True,0.1111111111111111,0.1111111111111111
100,40.0,5,True,0.16049382716049382,0.12345679012345678
100,40.0,4,True,0.1728395061728395,0.09876543209876543
100,40.0,7,True,0.2222222222222222,0.18518518518518517
100,40.0,3,True,0.13580246913580246,0.14814814814814814
100,40.0,3,True,0.38271604938271603,1.0
100,40.0,11,True,0.19753086419753085,0.19753086419753085
100,40.0,18,True,0.2839506172839506,0.08641975308641975
100,40.0,5,True,0.16049382716049382,0.16049382716049382
100,40.0,3,True,0.9753086419753086,1.0
100,40.0,5,True,0.1111111111111111,0.09876543209876543
100,40.0,8,True,0.25925925925925924,0.12345679012345678
100,40.0,2,True,1.0,1.0
100,40.0,11,True,0.1728395061728395,0.024691358024691357
100,40.0,8,True,0.14814814814814814,0.12345679012345678
100,40.0,4,True,0.1111111111111111,0.08641975308641975
100,40.0,10,True,0.07407407407407407,0.06172839506172839
100,40.0,5,True,0.09876543209876543,0.024691358024691357
100,40.0,3,True,0.08641975308641975,0.09876543209876543
100,40.0,4,True,0.037037037037037035,0.037037037037037035
100,40.0,3,True,0.04938271604938271,0.12345679012345678
100,40.0,5,True,0.1111111111111111,0.09876543209876543
100,40.0,2,True,1.0,1.0
100,40.0,5,True,0.13580246913580246,0.08641975308641975
100,40.0,3,True,0.654320987654321,1.0
100,40.0,5,True,0.12345679012345678,0.14814814814814814
100,40.0,2,True,1.0,1.0
100,40.0,7,True,0.14814814814814814,0.09876543209876543
100,40.0,3,True,0.14814814814814814,0.1111111111111111
100,40.0,3,True,0.2345679012345679,1.0
100,40.0,4,True,0.13580246913580246,0.06172839506172839
100,40.0,4,True,0.14814814814814814,0.09876543209876543
100,40.0,3,True,0.654320987654321,1.0
100,40.0,7,True,0.12345679012345678,0.12345679012345678
100,40.0,2,True,1.0,1.0
100,40.0,6,True,0.13580246913580246,0.1111111111111111
100,40.0,5,True,0.08641975308641975,0.12345679012345678
100,40.0,2,True,1.0,1.0
100,45.0,7,True,0.12345679012345678,0.12345679012345678
100,45.0,4,True,0.08641975308641975,0.08641975308641975
100,45.0,3,True,0.2222222222222222,0.12345679012345678
100,45.0,11,True,0.12345679012345678,0.14814814814814814
100,45.0,5,True,0.14814814814814814,0.1111111111111111
100,45.0,13,True,0.09876543209876543,0.1111111111111111
100,45.0,7,True,0.04938271604938271,0.2222222222222222
100,45.0,4,True,0.14814814814814814,0.1111111111111111
100,45.0,6,True,0.12345679012345678,0.037037037037037035
100,45.0,3,True,0.07407407407407407,0.13580246913580246
100,45.0,7,True,0.13580246913580246,0.07407407407407407
100,45.0,3,True,0.13580246913580246,0.04938271604938271
100,45.0,5,True,0.18518518518518517,0.07407407407407407
100,45.0,9,True,0.09876543209876543,0.1111111111111111
100,45.0,4,True,0.16049382716049382,0.1728395061728395
100,45.0,20,True,0.07407407407407407,0.20987654320987653
100,45.0,20,False,0.12345679012345678,0.08641975308641975
100,45.0,9,True,0.07407407407407407,0.13580246913580246
100,45.0,19,True,0.08641975308641975,0.12345679012345678
100,45.0,4,True,0.09876543209876543,0.09876543209876543
100,45.0,13,True,0.12345679012345678,0.2345679012345679
100,45.0,10,True,0.08641975308641975,0.09876543209876543
100,45.0,3,True,0.20987654320987653,0.06172839506172839
100,45.0,6,True,0.24691358024691357,0.07407407407407407
100,45.0,3,True,0.037037037037037035,0.08641975308641975
100,45.0,6,True,0.1111111111111111,0.1111111111111111
100,45.0,3,True,0.06172839506172839,0.09876543209876543
100,45.0,4,True,0.1111111111111111,0.14814814814814814
100,45.0,9,True,0.07407407407407407,0.07407407407407407
100,45.0,8,True,0.04938271604938271,0.12345679012345678
100,45.0,4,True,0.1111111111111111,0.06172839506172839
100,45.0,15,True,0.1111111111111111,0.09876543209876543
100,45.0,4,True,0.13580246913580246,0.16049382716049382
100,45.0,3,True,0.09876543209876543,0.12345679012345678
100,45.0,3,True,0.07407407407407407,0.08641975308641975
100,45.0,4,True,0.08641975308641975,0.13580246913580246
100,45.0,6,True,0.16049382716049382,0.08641975308641975
100,45.0,12,True,0.12345679012345678,0.07407407407407407
100,45.0,12,True,0.08641975308641975,0.1111111111111111
100,45.0,20,False,0.08641975308641975,0.07407407407407407
100,45.0,3,True,0.08641975308641975,0.14814814814814814
100,45.0,4,True,0.08641975308641975,0.06172839506172839
100,45.0,17,True,0.13580246913580246,0.1111111111111111
100,45.0,4,True,0.1111111111111111,0.1728395061728395
100,45.0,3,True,0.16049382716049382,0.1728395061728395
100,45.0,20,False,0.04938271604938271,0.1111111111111111
100,45.0,3,True,0.12345679012345678,0.14814814814814814
100,45.0,6,True,0.07407407407407407,0.08641975308641975
100,45.0,4,True,0.12345679012345678,0.1111111111111111
100,45.0,12,True,0.14814814814814814,0.1111111111111111
100,50.0,9,True,0.09876543209876543,0.09876543209876543
100,50.0,7,True,0.08641975308641975,0.1728395061728395
100,50.0,10,True,0.08641975308641975,0.14814814814814814
100,50.0,7,True,0.1111111111111111,0.12345679012345678
100,50.0,10,True,0.13580246913580246,0.12345679012345678
100,50.0,4,True,0.09876543209876543,0.12345679012345678
100,50.0,5,True,0.12345679012345678,0.13580246913580246
100,50.0,19,True,0.09876543209876543,0.14814814814814814
100,50.0,3,True,0.14814814814814814,0.08641975308641975
100,50.0,12,True,0.09876543209876543,0.18518518518518517
100,50.0,3,True,0.14814814814814814,0.16049382716049382
100,50.0,2,True,0.19753086419753085,0.19753086419753085
100,50.0,3,True,0.04938271604938271,0.07407407407407407
100,50.0,3,True,0.04938271604938271,0.08641975308641975
100,50.0,7,True,0.1111111111111111,0.18518518518518517
100,50.0,3,True,0.18518518518518517,0.12345679012345678
100,50.0,7,True,0.13580246913580246,0.06172839506172839
100,50.0,4,True,0.1728395061728395,0.06172839506172839
100,50.0,4,True,0.1111111111111111,0.12345679012345678
100,50.0,5,True,0.12345679012345678,0.13580246913580246
100,50.0,20,False,0.13580246913580246,0.09876543209876543
100,50.0,15,True,0.14814814814814814,0.06172839506172839
100,50.0,4,True,0.08641975308641975,0.12345679012345678
100,50.0,4,True,0.07407407407407407,0.14814814814814814
100,50.0,7,True,0.14814814814814814,0.12345679012345678
100,50.0,3,True,0.16049382716049382,0.14814814814814814
100,50.0,8,True,0.12345679012345678,0.12345679012345678
100,50.0,17,True,0.12345679012345678,0.037037037037037035
100,50.0,16,True,0.09876543209876543,0.09876543209876543
100,50.0,9,True,0.13580246913580246,0.12345679012345678
100,50.0,3,True,0.13580246913580246,0.07407407407407407
100,50.0,3,True,0.1111111111111111,0.09876543209876543
100,50.0,4,True,0.09876543209876543,0.13580246913580246
100,50.0,7,True,0.14814814814814814,0.13580246913580246
100,50.0,12,True,0.13580246913580246,0.14814814814814814
100,50.0,5,True,0.09876543209876543,0.1111111111111111
100,50.0,18,True,0.037037037037037035,0.1728395061728395
100,50.0,3,True,0.14814814814814814,0.16049382716049382
100,50.0,20,False,0.06172839506172839,0.12345679012345678
100,50.0,4,True,0.09876543209876543,0.13580246913580246
100,50.0,8,True,0.12345679012345678,0.06172839506172839
100,50.0,3,True,0.13580246913580246,0.14814814814814814
100,50.0,7,True,0.07407407407407407,0.09876543209876543
100,50.0,6,True,0.07407407407407407,0.12345679012345678
100,50.0,6,True,0.12345679012345678,0.1728395061728395
100,50.0,7,True,0.18518518518518517,0.07407407407407407
100,50.0,6,True,0.14814814814814814,0.1728395061728395
100,50.0,3,True,0.09876543209876543,0.09876543209876543
100,50.0,17,True,0.16049382716049382,0.06172839506172839
100,50.0,4,True,0.13580246913580246,0.14814814814814814
100,55.00000000000001,5,True,0.09876543209876543,0.06172839506172839
100,55.00000000000001,11,True,0.06172839506172839,0.12345679012345678
100,55.00000000000001,16,True,0.07407407407407407,0.09876543209876543
100,55.00000000000001,5,True,0.09876543209876543,0.1111111111111111
100,55.00000000000001,19,True,0.06172839506172839,0.12345679012345678
100,55.00000000000001,6,True,0.13580246913580246,0.16049382716049382
100,55.00000000000001,3,True,0.1111111111111111,0.07407407407407407
100,55.00000000000001,6,True,0.07407407407407407,0.1111111111111111
100,55.00000000000001,5,True,0.1111111111111111,0.08641975308641975
100,55.00000000000001,3,True,0.12345679012345678,0.1111111111111111
100,55.00000000000001,19,True,0.09876543209876543,0.08641975308641975
100,55.00000000000001,10,True,0.12345679012345678,0.13580246913580246
100,55.00000000000001,20,False,0.12345679012345678,0.07407407407407407
100,55.00000000000001,9,True,0.12345679012345678,0.04938271604938271
100,55.00000000000001,4,True,0.09876543209876543,0.12345679012345678
100,55.00000000000001,3,True,0.04938271604938271,0.14814814814814814
100,55.00000000000001,8,True,0.1111111111111111,0.12345679012345678
100,55.00000000000001,5,True,0.1111111111111111,0.12345679012345678
100,55.00000000000001,5,True,0.1111111111111111,0.12345679012345678
100,55.00000000000001,11,True,0.1111111111111111,0.13580246913580246
100,55.00000000000001,15,True,0.13580246913580246,0.1728395061728395
100,55.00000000000001,5,True,0.2345679012345679,0.06172839506172839
100,55.00000000000001,4,True,0.07407407407407407,0.13580246913580246
100,55.00000000000001,20,False,0.12345679012345678,0.08641975308641975
100,55.00000000000001,3,True,0.08641975308641975,0.08641975308641975
100,55.00000000000001,4,True,0.09876543209876543,0.08641975308641975
100,55.00000000000001,5,True,0.1111111111111111,0.1111111111111111
100,55.00000000000001,13,True,0.1111111111111111,0.07407407407407407
100,55.00000000000001,16,True,0.09876543209876543,0.08641975308641975
100,55.00000000000001,5,True,0.1111111111111111,0.2345679012345679
100,55.00000000000001,3,True,0.13580246913580246,0.13580246913580246
100,55.00000000000001,11,True,0.12345679012345678,0.2345679012345679
100,55.00000000000001,10,True,0.12345679012345678,0.09876543209876543
100,55.00000000000001,4,True,0.13580246913580246,0.09876543209876543
100,55.00000000000001,4,True,0.13580246913580246,0.07407407407407407
100,55.00000000000001,3,True,0.06172839506172839,0.04938271604938271
100,55.00000000000001,10,True,0.1111111111111111,0.13580246913580246
100,55.00000000000001,9,True,0.16049382716049382,0.024691358024691357
100,55.00000000000001,12,True,0.09876543209876543,0.16049382716049382
100,55.00000000000001,5,True,0.1111111111111111,0.08641975308641975
100,55.00000000000001,3,True,0.09876543209876543,0.12345679012345678
100,55.00000000000001,16,True,0.09876543209876543,0.1111111111111111
100,55.00000000000001,12,True,0.16049382716049382,0.07407407407407407
100,55.00000000000001,8,True,0.12345679012345678,0.08641975308641975
100,55.00000000000001,6,True,0.12345679012345678,0.13580246913580246
100,55.00000000000001,20,False,0.09876543209876543,0.06172839506172839
100,55.00000000000001,8,True,0.06172839506172839,0.1111111111111111
100,55.00000000000001,15,True,0.14814814814814814,0.12345679012345678
100,55.00000000000001,3,True,0.08641975308641975,0.06172839506172839
100,55.00000000000001,4,True,0.09876543209876543,0.19753086419753085
100,60.0,7,True,0.04938271604938271,0.1111111111111111
100,60.0,9,True,0.12345679012345678,0.13580246913580246
100,60.0,7,True,0.07407407407407407,0.14814814814814814
100,60.0,12,True,0.09876543209876543,0.18518518518518517
100,60.0,16,True,0.08641975308641975,0.13580246913580246
100,60.0,6,True,0.09876543209876543,0.06172839506172839
100,60.0,12,True,0.12345679012345678,0.16049382716049382
100,60.0,4,True,0.13580246913580246,0.14814814814814814
100,60.0,7,True,0.1111111111111111,0.20987654320987653
100,60.0,12,True,0.14814814814814814,0.07407407407407407
100,60.0,4,True,0.13580246913580246,0.13580246913580246
100,60.0,3,True,0.09876543209876543,0.07407407407407407
100,60.0,4,True,0.16049382716049382,0.1111111111111111
100,60.0,10,True,0.1111111111111111,0.13580246913580246
100,60.0,14,True,0.08641975308641975,0.14814814814814814
100,60.0,8,True,0.1111111111111111,0.09876543209876543
100,60.0,8,True,0.09876543209876543,0.09876543209876543
100,60.0,10,True,0.09876543209876543,0.1111111111111111
100,60.0,6,True,0.1111111111111111,0.14814814814814814
100,60.0,3,True,0.13580246913580246,0.037037037037037035
100,60.0,7,True,0.12345679012345678,0.07407407407407407
100,60.0,20,False,0.1111111111111111,0.13580246913580246
100,60.0,7,True,0.13580246913580246,0.08641975308641975
100,60.0,6,True,0.09876543209876543,0.12345679012345678
100,60.0,6,True,0.13580246913580246,0.13580246913580246
100,60.0,18,True,0.13580246913580246,0.07407407407407407
100,60.0,20,False,0.12345679012345678,0.1111111111111111
100,60.0,3,True,0.09876543209876543,0.1111111111111111
100,60.0,3,True,0.07407407407407407,0.08641975308641975
100,60.0,20,False,0.04938271604938271,0.12345679012345678
100,60.0,7,True,0.08641975308641975,0.1111111111111111
100,60.0,5,True,0.12345679012345678,0.08641975308641975
100,60.0,4,True,0.08641975308641975,0.1111111111111111
100,60.0,7,True,0.1111111111111111,0.18518518518518517
100,60.0,6,True,0.13580246913580246,0.12345679012345678
100,60.0,3,True,0.08641975308641975,0.08641975308641975
100,60.0,10,True,0.1111111111111111,0.12345679012345678
100,60.0,14,True,0.12345679012345678,0.09876543209876543
100,60.0,6,True,0.1111111111111111,0.07407407407407407
100,60.0,8,True,0.14814814814814814,0.16049382716049382
100,60.0,4,True,0.06172839506172839,0.037037037037037035
100,60.0,4,True,0.13580246913580246,0.12345679012345678
100,60.0,8,True,0.09876543209876543,0.1728395061728395
100,60.0,3,True,0.04938271604938271,0.037037037037037035
100,60.0,3,True,0.1111111111111111,0.07407407407407407
100,60.0,3,True,0.13580246913580246,0.13580246913580246
100,60.0,11,True,0.12345679012345678,0.18518518518518517
100,60.0,5,True,0.04938271604938271,0.14814814814814814
100,60.0,14,True,0.16049382716049382,0.1111111111111111
100,60.0,12,True,0.14814814814814814,0.037037037037037035
100,70.0,9,True,0.12345679012345678,0.09876543209876543
100,70.0,20,False,0.08641975308641975,0.1111111111111111
100,70.0,19,True,0.09876543209876543,0.16049382716049382
100,70.0,13,True,0.16049382716049382,0.06172839506172839
100,70.0,9,True,0.1111111111111111,0.09876543209876543
100,70.0,9,True,0.09876543209876543,0.1111111111111111
100,70.0,20,False,0.12345679012345678,0.09876543209876543
100,70.0,17,True,0.09876543209876543,0.08641975308641975
100,70.0,10,True,0.1111111111111111,0.08641975308641975
100,70.0,7,True,0.04938271604938271,0.08641975308641975
100,70.0,17,True,0.12345679012345678,0.06172839506172839
100,70.0,12,True,0.1111111111111111,0.07407407407407407
100,70.0,9,True,0.18518518518518517,0.16049382716049382
100,70.0,6,True,0.12345679012345678,0.12345679012345678
100,70.0,4,True,0.1111111111111111,0.12345679012345678
100,70.0,4,True,0.13580246913580246,0.19753086419753085
100,70.0,15,True,0.08641975308641975,0.12345679012345678
100,70.0,11,True,0.12345679012345678,0.1728395061728395
100,70.0,11,True,0.13580246913580246,0.18518518518518517
100,70.0,20,False,0.12345679012345678,0.09876543209876543
100,70.0,5,True,0.09876543209876543,0.08641975308641975
100,70.0,10,True,0.14814814814814814,0.08641975308641975
100,70.0,20,False,0.12345679012345678,0.13580246913580246
100,70.0,5,True,0.14814814814814814,0.09876543209876543
100,70.0,3,True,0.12345679012345678,0.12345679012345678
100,70.0,6,True,0.06172839506172839,0.1111111111111111
100,70.0,4,True,0.06172839506172839,0.08641975308641975
100,70.0,10,True,0.1111111111111111,0.09876543209876543
100,70.0,6,True,0.09876543209876543,0.20987654320987653
100,70.0,4,True,0.1111111111111111,0.12345679012345678
100,70.0,12,True,0.14814814814814814,0.08641975308641975
100,70.0,7,True,0.08641975308641975,0.037037037037037035
100,70.0,8,True,0.16049382716049382,0.09876543209876543
100,70.0,11,True,0.14814814814814814,0.18518518518518517
100,70.0,7,True,0.14814814814814814,0.1111111111111111
100,70.0,18,True,0.13580246913580246,0.04938271604938271
100,70.0,11,True,0.12345679012345678,0.16049382716049382
100,70.0,4,True,0.1111111111111111,0.09876543209876543
100,70.0,4,True,0.13580246913580246,0.06172839506172839
100,70.0,9,True,0.13580246913580246,0.037037037037037035
100,70.0,6,True,0.037037037037037035,0.04938271604938271
100,70.0,5,True,0.09876543209876543,0.08641975308641975
100,70.0,14,True,0.04938271604938271,0.09876543209876543
100,70.0,16,True,0.14814814814814814,0.1111111111111111
100,70.0,5,True,0.07407407407407407,0.13580246913580246
100,70.0,16,True,0.08641975308641975,0.14814814814814814
100,70.0,5,True,0.09876543209876543,0.2345679012345679
100,70.0,11,True,0.07407407407407407,0.1111111111111111
100,70.0,3,True,0.16049382716049382,0.06172839506172839
100,70.0,6,True,0.13580246913580246,0.08641975308641975
100,80.0,15,True,0.12345679012345678,0.16049382716049382
100,80.0,9,True,0.08641975308641975,0.08641975308641975
100,80.0,13,True,0.07407407407407407,0.04938271604938271
100,80.0,14,True,0.1111111111111111,0.14814814814814814
100,80.0,4,True,0.1111111111111111,0.16049382716049382
100,80.0,10,True,0.08641975308641975,0.08641975308641975
100,80.0,18,True,0.13580246913580246,0.09876543209876543
100,80.0,4,True,0.09876543209876543,0.18518518518518517
100,80.0,13,True,0.06172839506172839,0.09876543209876543
100,80.0,19,True,0.06172839506172839,0.16049382716049382
100,80.0,5,True,0.20987654320987653,0.06172839506172839
100,80.0,7,True,0.13580246913580246,0.09876543209876543
100,80.0,10,True,0.1111111111111111,0.08641975308641975
100,80.0,5,True,0.12345679012345678,0.08641975308641975
100,80.0,10,True,0.13580246913580246,0.08641975308641975
100,80.0,7,True,0.1111111111111111,0.12345679012345678
100,80.0,4,True,0.2222222222222222,0.09876543209876543
100,80.0,16,True,0.1111111111111111,0.18518518518518517
100,80.0,13,True,0.1111111111111111,0.12345679012345678
100,80.0,11,True,0.06172839506172839,0.09876543209876543
100,80.0,4,True,0.09876543209876543,0.08641975308641975
100,80.0,4,True,0.1111111111111111,0.13580246913580246
100,80.0,6,True,0.08641975308641975,0.12345679012345678
100,80.0,12,True,0.07407407407407407,0.08641975308641975
100,80.0,4,True,0.13580246913580246,0.09876543209876543
100,80.0,9,True,0.09876543209876543,0.12345679012345678
100,80.0,8,True,0.09876543209876543,0.13580246913580246
100,80.0,3,True,0.12345679012345678,0.09876543209876543
100,80.0,14,True,0.07407407407407407,0.12345679012345678
100,80.0,12,True,0.07407407407407407,0.07407407407407407
100,80.0,11,True,0.16049382716049382,0.12345679012345678
100,80.0,8,True,0.06172839506172839,0.07407407407407407
100,80.0,13,True,0.13580246913580246,0.07407407407407407
100,80.0,5,True,0.06172839506172839,0.06172839506172839
100,80.0,11,True,0.09876543209876543,0.12345679012345678
100,80.0,14,True,0.14814814814814814,0.06172839506172839
100,80.0,6,True,0.12345679012345678,0.13580246913580246
100,80.0,11,True,0.1111111111111111,0.16049382716049382
100,80.0,18,True,0.13580246913580246,0.14814814814814814
100,80.0,5,True,0.08641975308641975,0.14814814814814814
100,80.0,11,True,0.16049382716049382,0.1111111111111111
100,80.0,4,True,0.12345679012345678,0.09876543209876543
100,80.0,7,True,0.09876543209876543,0.16049382716049382
100,80.0,6,True,0.037037037037037035,0.16049382716049382
100,80.0,11,True,0.07407407407407407,0.07407407407407407
100,80.0,8,True,0.1111111111111111,0.08641975308641975
100,80.0,4,True,0.1728395061728395,0.06172839506172839
100,80.0,11,True,0.06172839506172839,0.12345679012345678
100,80.0,14,True,0.1111111111111111,0.18518518518518517
100,80.0,4,True,0.08641975308641975,0.08641975308641975
150,0.0,1,True,1.0,1.0
150,0.0,1,True,1.0,1.0
150,0.0,1,True,1.0,1.0
150,0.0,1,True,1.0,1.0
150,0.0,1,True,1.0,1.0
150,0.0,1,True,1.0,1.0
150,0.0,1,True,1.0,1.0
150,0.0,1,True,1.0,1.0
150,0.0,1,True,1.0,1.0
150,0.0,1,True,1.0,1.0
150,0.0,1,True,1.0,1.0
150,0.0,1,True,1.0,1.0
150,0.0,1,True,1.0,1.0
150,0.0,1,True,1.0,1.0
150,0.0,1,True,1.0,1.0
150,0.0,1,True,1.0,1.0
150,0.0,1,True,1.0,1.0
150,0.0,1,True,1.0,1.0
150,0.0,1,True,1.0,1.0
150,0.0,1,True,1.0,1.0
150,0.0,1,True,1.0,1.0
150,0.0,1,True,1.0,1.0
150,0.0,1,True,1.0,1.0
150,0.0,1,True,1.0,1.0
150,0.0,1,True,1.0,1.0
150,0.0,1,True,1.0,1.0
150,0.0,1,True,1.0,1.0
150,0.0,1,True,1.0,1.0
150,0.0,1,True,1.0,1.0
150,0.0,1,True,1.0,1.0
150,0.0,1,True,1.0,1.0
150,0.0,1,True,1.0,1.0
150,0.0,1,True,1.0,1.0
150,0.0,1,True,1.0,1.0
150,0.0,1,True,1.0,1.0
150,0.0,1,True,1.0,1.0
150,0.0,1,True,1.0,1.0
150,0.0,1,True,1.0,1.0
150,0.0,1,True,1.0,1.0
150,0.0,1,True,1.0,1.0
150,0.0,1,True,1.0,1.0
150,0.0,1,True,1.0,1.0
150,0.0,1,True,1.0,1.0
150,0.0,1,True,1.0,1.0
150,0.0,1,True,1.0,1.0
150,0.0,1,True,1.0,1.0
150,0.0,1,True,1.0,1.0
150,0.0,1,True,1.0,1.0
150,0.0,1,True,1.0,1.0
150,0.0,1,True,1.0,1.0
150,5.0,2,True,1.0,1.0
150,5.0,2,True,1.0,1.0
150,5.0,2,True,1.0,1.0
150,5.0,2,True,1.0,1.0
150,5.0,2,True,1.0,1.0
150,5.0,2,True,1.0,1.0
150,5.0,2,True,1.0,1.0
150,5.0,2,True,1.0,1.0
150,5.0,2,True,1.0,1.0
150,5.0,2,True,1.0,1.0
150,5.0,2,True,1.0,1.0
150,5.0,2,True,1.0,1.0
150,5.0,2,True,1.0,1.0
150,5.0,2,True,1.0,1.0
150,5.0,2,True,1.0,1.0
150,5.0,2,True,1.0,1.0
150,5.0,2,True,1.0,1.0
150,5.0,2,True,1.0,1.0
150,5.0,2,True,1.0,1.0
150,5.0,2,True,1.0,1.0
150,5.0,2,True,1.0,1.0
150,5.0,2,True,1.0,1.0
150,5.0,2,True,1.0,1.0
150,5.0,2,True,1.0,1.0
150,5.0,2,True,1.0,1.0
150,5.0,2,True,1.0,1.0
150,5.0,2,True,1.0,1.0
150,5.0,2,True,1.0,1.0
150,5.0,2,True,1.0,1.0
150,5.0,2,True,1.0,1.0
150,5.0,2,True,1.0,1.0
150,5.0,2,True,1.0,1.0
150,5.0,2,True,1.0,1.0
150,5.0,2,True,1.0,1.0
150,5.0,2,True,1.0,1.0
150,5.0,2,True,1.0,1.0
150,5.0,2,True,1.0,1.0
150,5.0,2,True,1.0,1.0
150,5.0,2,True,1.0,1.0
150,5.0,2,True,1.0,1.0
150,5.0,2,True,1.0,1.0
150,5.0,2,True,1.0,1.0
150,5.0,2,True,1.0,1.0
150,5.0,2,True,1.0,1.0
150,5.0,2,True,1.0,1.0
150,5.0,2,True,1.0,1.0
150,5.0,2,True,1.0,1.0
150,5.0,2,True,1.0,1.0
150,5.0,2,True,1.0,1.0
150,5.0,2,True,1.0,1.0
150,10.0,2,True,1.0,1.0
150,10.0,2,True,1.0,1.0
150,10.0,2,True,1.0,1.0
150,10.0,2,True,1.0,1.0
150,10.0,2,True,1.0,1.0
150,10.0,2,True,1.0,1.0
150,10.0,2,True,1.0,1.0
150,10.0,2,True,1.0,1.0
150,10.0,2,True,1.0,1.0
150,10.0,2,True,1.0,1.0
150,10.0,2,True,1.0,1.0
150,10.0,2,True,1.0,1.0
150,10.0,2,True,1.0,1.0
150,10.0,2,True,1.0,1.0
150,10.0,2,True,1.0,1.0
150,10.0,2,True,1.0,1.0
150,10.0,2,True,1.0,1.0
150,10.0,2,True,1.0,1.0
150,10.0,2,True,1.0,1.0
150,10.0,2,True,1.0,1.0
150,10.0,2,True,1.0,1.0
150,10.0,2,True,1.0,1.0
150,10.0,2,True,1.0,1.0
150,10.0,2,True,1.0,1.0
150,10.0,2,True,1.0,1.0
150,10.0,2,True,1.0,1.0
150,10.0,2,True,1.0,1.0
150,10.0,2,True,1.0,1.0
150,10.0,2,True,1.0,1.0
150,10.0,2,True,1.0,1.0
150,10.0,2,True,1.0,1.0
150,10.0,2,True,1.0,1.0
150,10.0,2,True,1.0,1.0
150,10.0,2,True,1.0,1.0
150,10.0,2,True,1.0,1.0
150,10.0,2,True,1.0,1.0
150,10.0,2,True,1.0,1.0
150,10.0,2,True,1.0,1.0
150,10.0,2,True,1.0,1.0
150,10.0,2,True,1.0,1.0
150,10.0,2,True,1.0,1.0
150,10.0,2,True,1.0,1.0
150,10.0,2,True,1.0,1.0
150,10.0,2,True,1.0,1.0
150,10.0,2,True,1.0,1.0
150,10.0,2,True,1.0,1.0
150,10.0,2,True,1.0,1.0
150,10.0,2,True,1.0,1.0
150,10.0,2,True,1.0,1.0
150,10.0,2,True,1.0,1.0
150,15.0,2,True,1.0,1.0
150,15.0,2,True,1.0,1.0
150,15.0,2,True,1.0,1.0
150,15.0,2,True,1.0,1.0
150,15.0,2,True,1.0,1.0
150,15.0,2,True,1.0,1.0
150,15.0,2,True,1.0,1.0
150,15.0,2,True,1.0,1.0
150,15.0,2,True,1.0,1.0
150,15.0,2,True,1.0,1.0
150,15.0,2,True,1.0,1.0
150,15.0,2,True,1.0,1.0
150,15.0,2,True,1.0,1.0
150,15.0,2,True,1.0,1.0
150,15.0,2,True,1.0,1.0
150,15.0,2,True,1.0,1.0
150,15.0,2,True,1.0,1.0
150,15.0,2,True,1.0,1.0
150,15.0,2,True,1.0,1.0
150,15.0,2,True,1.0,1.0
150,15.0,2,True,1.0,1.0
150,15.0,2,True,1.0,1.0
150,15.0,2,True,1.0,1.0
150,15.0,2,True,1.0,1.0
150,15.0,2,True,1.0,1.0
150,15.0,2,True,1.0,1.0
150,15.0,2,True,1.0,1.0
150,15.0,2,True,1.0,1.0
150,15.0,2,True,1.0,1.0
150,15.0,2,True,1.0,1.0
150,15.0,2,True,1.0,1.0
150,15.0,2,True,1.0,1.0
150,15.0,2,True,1.0,1.0
150,15.0,2,True,1.0,1.0
150,15.0,2,True,1.0,1.0
150,15.0,2,True,1.0,1.0
150,15.0,2,True,1.0,1.0
150,15.0,2,True,1.0,1.0
150,15.0,2,True,1.0,1.0
150,15.0,2,True,1.0,1.0
150,15.0,2,True,1.0,1.0
150,15.0,2,True,1.0,1.0
150,15.0,2,True,1.0,1.0
150,15.0,2,True,1.0,1.0
150,15.0,2,True,1.0,1.0
150,15.0,2,True,1.0,1.0
150,15.0,2,True,1.0,1.0
150,15.0,2,True,1.0,1.0
150,15.0,2,True,1.0,1.0
150,15.0,2,True,1.0,1.0
150,20.0,2,True,1.0,1.0
150,20.0,2,True,1.0,1.0
150,20.0,2,True,1.0,1.0
150,20.0,2,True,1.0,1.0
150,20.0,2,True,1.0,1.0
150,20.0,2,True,1.0,1.0
150,20.0,2,True,1.0,1.0
150,20.0,2,True,1.0,1.0
150,20.0,2,True,1.0,1.0
150,20.0,2,True,1.0,1.0
150,20.0,2,True,1.0,1.0
150,20.0,2,True,1.0,1.0
150,20.0,2,True,1.0,1.0
150,20.0,2,True,1.0,1.0
150,20.0,2,True,1.0,1.0
150,20.0,2,True,1.0,1.0
150,20.0,2,True,1.0,1.0
150,20.0,2,True,1.0,1.0
150,20.0,2,True,1.0,1.0
150,20.0,2,True,1.0,1.0
150,20.0,2,True,1.0,1.0
150,20.0,2,True,1.0,1.0
150,20.0,2,True,1.0,1.0
150,20.0,2,True,1.0,1.0
150,20.0,2,True,1.0,1.0
150,20.0,2,True,1.0,1.0
150,20.0,2,True,1.0,1.0
150,20.0,2,True,1.0,1.0
150,20.0,2,True,1.0,1.0
150,20.0,2,True,1.0,1.0
150,20.0,2,True,1.0,1.0
150,20.0,2,True,1.0,1.0
150,20.0,2,True,1.0,1.0
150,20.0,2,True,1.0,1.0
150,20.0,2,True,1.0,1.0
150,20.0,2,True,1.0,1.0
150,20.0,2,True,1.0,1.0
150,20.0,2,True,1.0,1.0
150,20.0,2,True,1.0,1.0
150,20.0,2,True,1.0,1.0
150,20.0,2,True,1.0,1.0
150,20.0,2,True,1.0,1.0
150,20.0,2,True,1.0,1.0
150,20.0,2,True,1.0,1.0
150,20.0,2,True,1.0,1.0
150,20.0,2,True,1.0,1.0
150,20.0,2,True,1.0,1.0
150,20.0,2,True,1.0,1.0
150,20.0,2,True,1.0,1.0
150,20.0,2,True,1.0,1.0
150,25.0,2,True,1.0,1.0
150,25.0,2,True,1.0,1.0
150,25.0,2,True,1.0,1.0
150,25.0,2,True,1.0,1.0
150,25.0,2,True,1.0,1.0
150,25.0,2,True,1.0,1.0
150,25.0,2,True,1.0,1.0
150,25.0,2,True,1.0,1.0
150,25.0,2,True,1.0,1.0
150,25.0,2,True,1.0,1.0
150,25.0,2,True,1.0,1.0
150,25.0,2,True,1.0,1.0
150,25.0,2,True,1.0,1.0
150,25.0,2,True,1.0,1.0
150,25.0,2,True,1.0,1.0
150,25.0,2,True,1.0,1.0
150,25.0,2,True,1.0,1.0
150,25.0,2,True,1.0,1.0
150,25.0,2,True,1.0,1.0
150,25.0,2,True,1.0,1.0
150,25.0,2,True,1.0,1.0
150,25.0,2,True,1.0,1.0
150,25.0,2,True,1.0,1.0
150,25.0,2,True,1.0,1.0
150,25.0,2,True,1.0,1.0
150,25.0,2,True,1.0,1.0
150,25.0,2,True,1.0,1.0
150,25.0,2,True,1.0,1.0
150,25.0,2,True,1.0,1.0
150,25.0,2,True,1.0,1.0
150,25.0,2,True,1.0,1.0
150,25.0,2,True,1.0,1.0
150,25.0,2,True,1.0,1.0
150,25.0,2,True,1.0,1.0
150,25.0,2,True,1.0,1.0
150,25.0,2,True,1.0,1.0
150,25.0,2,True,1.0,1.0
150,25.0,2,True,1.0,1.0
150,25.0,2,True,1.0,1.0
150,25.0,2,True,1.0,1.0
150,25.0,2,True,1.0,1.0
150,25.0,2,True,1.0,1.0
150,25.0,2,True,1.0,1.0
150,25.0,2,True,1.0,1.0
150,25.0,2,True,1.0,1.0
150,25.0,2,True,1.0,1.0
150,25.0,2,True,1.0,1.0
150,25.0,2,True,1.0,1.0
150,25.0,2,True,1.0,1.0
150,25.0,2,True,1.0,1.0
150,30.0,2,True,1.0,1.0
150,30.0,2,True,1.0,1.0
150,30.0,2,True,1.0,1.0
150,30.0,2,True,1.0,1.0
150,30.0,2,True,1.0,1.0
150,30.0,2,True,1.0,1.0
150,30.0,2,True,1.0,1.0
150,30.0,2,True,1.0,1.0
150,30.0,2,True,1.0,1.0
150,30.0,2,True,1.0,1.0
150,30.0,2,True,1.0,1.0
150,30.0,2,True,1.0,1.0
150,30.0,2,True,1.0,1.0
150,30.0,2,True,1.0,1.0
150,30.0,2,True,1.0,1.0
150,30.0,2,True,1.0,1.0
150,30.0,2,True,1.0,1.0
150,30.0,2,True,1.0,1.0
150,30.0,2,True,1.0,1.0
150,30.0,2,True,1.0,1.0
150,30.0,2,True,1.0,1.0
150,30.0,2,True,1.0,1.0
150,30.0,2,True,1.0,1.0
150,30.0,2,True,1.0,1.0
150,30.0,2,True,1.0,1.0
150,30.0,2,True,1.0,1.0
150,30.0,2,True,1.0,1.0
150,30.0,2,True,1.0,1.0
150,30.0,2,True,1.0,1.0
150,30.0,2,True,1.0,1.0
150,30.0,2,True,1.0,1.0
150,30.0,2,True,1.0,1.0
150,30.0,2,True,1.0,1.0
150,30.0,2,True,1.0,1.0
150,30.0,2,True,1.0,1.0
150,30.0,2,True,1.0,1.0
150,30.0,2,True,1.0,1.0
150,30.0,2,True,1.0,1.0
150,30.0,2,True,1.0,1.0
150,30.0,2,True,1.0,1.0
150,30.0,2,True,1.0,1.0
150,30.0,2,True,1.0,1.0
150,30.0,2,True,1.0,1.0
150,30.0,2,True,1.0,1.0
150,30.0,2,True,1.0,1.0
150,30.0,2,True,1.0,1.0
150,30.0,2,True,1.0,1.0
150,30.0,2,True,1.0,1.0
150,30.0,2,True,1.0,1.0
150,30.0,2,True,1.0,1.0
150,35.0,2,True,1.0,1.0
150,35.0,2,True,1.0,1.0
150,35.0,2,True,1.0,1.0
150,35.0,2,True,1.0,1.0
150,35.0,2,True,1.0,1.0
150,35.0,2,True,1.0,1.0
150,35.0,2,True,1.0,1.0
150,35.0,2,True,1.0,1.0
150,35.0,2,True,1.0,1.0
150,35.0,2,True,1.0,1.0
150,35.0,2,True,1.0,1.0
150,35.0,2,True,1.0,1.0
150,35.0,2,True,1.0,1.0
150,35.0,2,True,1.0,1.0
150,35.0,2,True,1.0,1.0
150,35.0,2,True,1.0,1.0
150,35.0,2,True,1.0,1.0
150,35.0,2,True,1.0,1.0
150,35.0,2,True,1.0,1.0
150,35.0,2,True,1.0,1.0
150,35.0,2,True,1.0,1.0
150,35.0,2,True,1.0,1.0
150,35.0,2,True,1.0,1.0
150,35.0,2,True,1.0,1.0
150,35.0,2,True,1.0,1.0
150,35.0,2,True,1.0,1.0
150,35.0,2,True,1.0,1.0
150,35.0,2,True,1.0,1.0
150,35.0,2,True,1.0,1.0
150,35.0,2,True,1.0,1.0
150,35.0,2,True,1.0,1.0
150,35.0,2,True,1.0,1.0
150,35.0,2,True,1.0,1.0
150,35.0,2,True,1.0,1.0
150,35.0,2,True,1.0,1.0
150,35.0,2,True,1.0,1.0
150,35.0,2,True,1.0,1.0
150,35.0,2,True,1.0,1.0
150,35.0,2,True,1.0,1.0
150,35.0,2,True,1.0,1.0
150,35.0,2,True,1.0,1.0
150,35.0,2,True,1.0,1.0
150,35.0,2,True,1.0,1.0
150,35.0,2,True,1.0,1.0
150,35.0,3,True,0.8641975308641975,1.0
150,35.0,2,True,1.0,1.0
150,35.0,2,True,1.0,1.0
150,35.0,2,True,1.0,1.0
150,35.0,2,True,1.0,1.0
150,35.0,2,True,1.0,1.0
150,40.0,2,True,1.0,1.0
150,40.0,2,True,1.0,1.0
150,40.0,3,True,0.49382716049382713,1.0
150,40.0,3,True,0.9135802469135802,1.0
150,40.0,3,True,0.41975308641975306,1.0
150,40.0,3,True,0.25925925925925924,1.0
150,40.0,3,True,0.7037037037037037,1.0
150,40.0,3,True,0.43209876543209874,1.0
150,40.0,3,True,0.2839506172839506,1.0
150,40.0,3,True,0.3950617283950617,1.0
150,40.0,16,True,0.09876543209876543,0.08641975308641975
150,40.0,2,True,1.0,1.0
150,40.0,2,True,1.0,1.0
150,40.0,5,True,0.12345679012345678,0.08641975308641975
150,40.0,16,True,0.08641975308641975,0.14814814814814814
150,40.0,7,True,0.20987654320987653,0.08641975308641975
150,40.0,4,True,0.14814814814814814,1.0
150,40.0,3,True,0.37037037037037035,1.0
150,40.0,2,True,1.0,1.0
150,40.0,8,True,0.12345679012345678,0.04938271604938271
150,40.0,20,False,0.1111111111111111,0.08641975308641975
150,40.0,5,True,0.2345679012345679,0.09876543209876543
150,40.0,2,True,1.0,1.0
150,40.0,10,True,0.20987654320987653,0.09876543209876543
150,40.0,3,True,0.3333333333333333,1.0
150,40.0,2,True,1.0,1.0
150,40.0,5,True,0.12345679012345678,0.07407407407407407
150,40.0,3,True,0.3333333333333333,1.0
150,40.0,3,True,0.9135802469135802,1.0
150,40.0,2,True,1.0,1.0
150,40.0,3,True,0.3333333333333333,1.0
150,40.0,3,True,0.13580246913580246,0.13580246913580246
150,40.0,2,True,1.0,1.0
150,40.0,3,True,0.19753086419753085,1.0
150,40.0,3,True,0.5802469135802469,1.0
150,40.0,3,True,0.09876543209876543,0.1728395061728395
150,40.0,3,True,0.7160493827160493,1.0
150,40.0,3,True,0.9629629629629629,1.0
150,40.0,4,True,0.25925925925925924,1.0
150,40.0,4,True,0.1111111111111111,0.07407407407407407
150,40.0,3,True,0.30864197530864196,1.0
150,40.0,3,True,0.9753086419753086,1.0
150,40.0,4,True,0.19753086419753085,1.0
150,40.0,3,True,0.2222222222222222,1.0
150,40.0,3,True,0.37037037037037035,1.0
150,40.0,2,True,1.0,1.0
150,40.0,2,True,1.0,1.0
150,40.0,2,True,1.0,1.0
150,40.0,2,True,1.0,1.0
150,40.0,3,True,0.41975308641975306,1.0
150,45.0,20,False,0.12345679012345678,0.09876543209876543
150,45.0,20,False,0.1111111111111111,0.04938271604938271
150,45.0,10,True,0.16049382716049382,0.06172839506172839
150,45.0,16,True,0.08641975308641975,0.09876543209876543
150,45.0,18,True,0.08641975308641975,0.07407407407407407
150,45.0,9,True,0.16049382716049382,0.14814814814814814
150,45.0,14,True,0.09876543209876543,0.13580246913580246
150,45.0,8,True,0.13580246913580246,0.09876543209876543
150,45.0,17,True,0.1111111111111111,0.13580246913580246
150,45.0,7,True,0.12345679012345678,0.1111111111111111
150,45.0,20,False,0.12345679012345678,0.07407407407407407
150,45.0,5,True,0.14814814814814814,0.16049382716049382
150,45.0,6,True,0.08641975308641975,0.19753086419753085
150,45.0,14,True,0.12345679012345678,0.13580246913580246
150,45.0,8,True,0.1111111111111111,0.16049382716049382
150,45.0,6,True,0.09876543209876543,0.12345679012345678
150,45.0,19,True,0.09876543209876543,0.08641975308641975
150,45.0,7,True,0.14814814814814814,0.09876543209876543
150,45.0,6,True,0.07407407407407407,0.12345679012345678
150,45.0,11,True,0.07407407407407407,0.13580246913580246
150,45.0,6,True,0.1111111111111111,0.16049382716049382
150,45.0,10,True,0.12345679012345678,0.08641975308641975
150,45.0,13,True,0.06172839506172839,0.12345679012345678
150,45.0,12,True,0.09876543209876543,0.13580246913580246
150,45.0,20,False,0.09876543209876543,0.12345679012345678
150,45.0,13,True,0.09876543209876543,0.09876543209876543
150,45.0,4,True,0.14814814814814814,0.1728395061728395
150,45.0,20,False,0.13580246913580246,0.07407407407407407
150,45.0,7,True,0.09876543209876543,0.1728395061728395
150,45.0,9,True,0.1111111111111111,0.07407407407407407
150,45.0,11,True,0.1111111111111111,0.1728395061728395
150,45.0,3,True,0.2345679012345679,1.0
150,45.0,20,True,0.09876543209876543,0.09876543209876543
150,45.0,18,True,0.1111111111111111,0.07407407407407407
150,45.0,7,True,0.08641975308641975,0.1111111111111111
150,45.0,8,True,0.04938271604938271,0.12345679012345678
150,45.0,17,True,0.07407407407407407,0.13580246913580246
150,45.0,15,True,0.14814814814814814,0.09876543209876543
150,45.0,3,True,0.16049382716049382,1.0
150,45.0,20,True,0.12345679012345678,0.1111111111111111
150,45.0,9,True,0.12345679012345678,0.1111111111111111
150,45.0,17,True,0.18518518518518517,0.06172839506172839
150,45.0,14,True,0.09876543209876543,0.07407407407407407
150,45.0,6,True,0.12345679012345678,0.1111111111111111
150,45.0,3,True,0.1111111111111111,0.18518518518518517
150,45.0,4,True,0.09876543209876543,0.09876543209876543
150,45.0,9,True,0.12345679012345678,0.19753086419753085
150,45.0,20,False,0.14814814814814814,0.08641975308641975
150,45.0,5,True,0.12345679012345678,0.18518518518518517
150,45.0,20,False,0.12345679012345678,0.09876543209876543
150,50.0,20,False,0.09876543209876543,0.06172839506172839
150,50.0,12,True,0.16049382716049382,0.024691358024691357
150,50.0,13,True,0.12345679012345678,0.13580246913580246
150,50.0,20,False,0.18518518518518517,0.09876543209876543
150,50.0,12,True,0.08641975308641975,0.07407407407407407
150,50.0,5,True,0.09876543209876543,0.07407407407407407
150,50.0,20,False,0.07407407407407407,0.13580246913580246
150,50.0,10,True,0.14814814814814814,0.13580246913580246
150,50.0,6,True,0.13580246913580246,0.2222222222222222
150,50.0,6,True,0.16049382716049382,0.14814814814814814
150,50.0,20,False,0.1111111111111111,0.16049382716049382
150,50.0,20,False,0.06172839506172839,0.20987654320987653
150,50.0,20,False,0.08641975308641975,0.14814814814814814
150,50.0,5,True,0.13580246913580246,0.1111111111111111
150,50.0,3,True,0.037037037037037035,0.1111111111111111
150,50.0,13,True,0.13580246913580246,0.06172839506172839
150,50.0,4,True,0.1111111111111111,0.09876543209876543
150,50.0,6,True,0.13580246913580246,0.08641975308641975
150,50.0,12,True,0.1111111111111111,0.07407407407407407
150,50.0,5,True,0.1111111111111111,0.06172839506172839
150,50.0,5,True,0.08641975308641975,0.04938271604938271
150,50.0,11,True,0.1111111111111111,0.07407407407407407
150,50.0,4,True,0.1111111111111111,0.12345679012345678
150,50.0,9,True,0.14814814814814814,0.12345679012345678
150,50.0,20,False,0.13580246913580246,0.12345679012345678
150,50.0,4,True,0.16049382716049382,0.1728395061728395
150,50.0,12,True,0.1111111111111111,0.12345679012345678
150,50.0,20,False,0.12345679012345678,0.1728395061728395
150,50.0,14,True,0.09876543209876543,0.07407407407407407
150,50.0,11,True,0.1111111111111111,0.09876543209876543
150,50.0,18,True,0.1111111111111111,0.09876543209876543
150,50.0,20,False,0.13580246913580246,0.08641975308641975
150,50.0,5,True,0.09876543209876543,0.08641975308641975
150,50.0,4,True,0.08641975308641975,0.13580246913580246
150,50.0,6,True,0.09876543209876543,0.16049382716049382
150,50.0,7,True,0.09876543209876543,0.09876543209876543
150,50.0,20,False,0.08641975308641975,0.08641975308641975
150,50.0,6,True,0.09876543209876543,0.08641975308641975
150,50.0,8,True,0.09876543209876543,0.13580246913580246
150,50.0,7,True,0.13580246913580246,0.08641975308641975
150,50.0,10,True,0.16049382716049382,0.13580246913580246
150,50.0,4,True,0.09876543209876543,0.09876543209876543
150,50.0,3,True,0.1111111111111111,0.12345679012345678
150,50.0,12,True,0.07407407407407407,0.07407407407407407
150,50.0,20,False,0.08641975308641975,0.1111111111111111
150,50.0,9,True,0.07407407407407407,0.13580246913580246
150,50.0,13,True,0.09876543209876543,0.1111111111111111
150,50.0,6,True,0.09876543209876543,0.09876543209876543
150,50.0,12,True,0.04938271604938271,0.09876543209876543
150,50.0,4,True,0.07407407407407407,0.09876543209876543
150,55.00000000000001,12,True,0.18518518518518517,0.1111111111111111
150,55.00000000000001,7,True,0.09876543209876543,0.12345679012345678
150,55.00000000000001,12,True,0.1111111111111111,0.08641975308641975
150,55.00000000000001,16,True,0.07407407407407407,0.09876543209876543
150,55.00000000000001,11,True,0.14814814814814814,0.12345679012345678
150,55.00000000000001,20,False,0.14814814814814814,0.06172839506172839
150,55.00000000000001,6,True,0.12345679012345678,0.12345679012345678
150,55.00000000000001,11,True,0.07407407407407407,0.09876543209876543
150,55.00000000000001,4,True,0.13580246913580246,0.12345679012345678
150,55.00000000000001,19,True,0.1111111111111111,0.04938271604938271
150,55.00000000000001,6,True,0.18518518518518517,0.07407407407407407
150,55.00000000000001,7,True,0.04938271604938271,0.04938271604938271
150,55.00000000000001,7,True,0.09876543209876543,0.04938271604938271
150,55.00000000000001,5,True,0.09876543209876543,0.08641975308641975
150,55.00000000000001,20,False,0.08641975308641975,0.07407407407407407
150,55.00000000000001,3,True,0.09876543209876543,0.12345679012345678
150,55.00000000000001,8,True,0.06172839506172839,0.08641975308641975
150,55.00000000000001,6,True,0.13580246913580246,0.07407407407407407
150,55.00000000000001,20,False,0.09876543209876543,0.1728395061728395
150,55.00000000000001,7,True,0.12345679012345678,0.08641975308641975
150,55.00000000000001,10,True,0.1111111111111111,0.1111111111111111
150,55.00000000000001,3,True,0.07407407407407407,0.06172839506172839
150,55.00000000000001,8,True,0.13580246913580246,0.13580246913580246
150,55.00000000000001,10,True,0.13580246913580246,0.16049382716049382
150,55.00000000000001,18,True,0.07407407407407407,0.1111111111111111
150,55.00000000000001,6,True,0.08641975308641975,0.09876543209876543
150,55.00000000000001,10,True,0.12345679012345678,0.16049382716049382
150,55.00000000000001,7,True,0.08641975308641975,0.08641975308641975
150,55.00000000000001,5,True,0.1111111111111111,0.14814814814814814
150,55.00000000000001,6,True,0.08641975308641975,0.04938271604938271
150,55.00000000000001,13,True,0.1728395061728395,0.14814814814814814
150,55.00000000000001,11,True,0.04938271604938271,0.09876543209876543
150,55.00000000000001,11,True,0.1111111111111111,0.1728395061728395
150,55.00000000000001,6,True,0.08641975308641975,0.1111111111111111
150,55.00000000000001,5,True,0.09876543209876543,0.1111111111111111
150,55.00000000000001,12,True,0.09876543209876543,0.1111111111111111
150,55.00000000000001,4,True,0.12345679012345678,0.14814814814814814
150,55.00000000000001,19,True,0.13580246913580246,0.12345679012345678
150,55.00000000000001,7,True,0.1111111111111111,0.07407407407407407
150,55.00000000000001,12,True,0.1111111111111111,0.06172839506172839
150,55.00000000000001,4,True,0.13580246913580246,0.08641975308641975
150,55.00000000000001,8,True,0.08641975308641975,0.14814814814814814
150,55.00000000000001,20,False,0.09876543209876543,0.04938271604938271
150,55.00000000000001,7,True,0.1728395061728395,0.08641975308641975
150,55.00000000000001,3,True,0.09876543209876543,0.09876543209876543
150,55.00000000000001,7,True,0.12345679012345678,0.07407407407407407
150,55.00000000000001,4,True,0.12345679012345678,0.06172839506172839
150,55.00000000000001,7,True,0.08641975308641975,0.16049382716049382
150,55.00000000000001,20,True,0.08641975308641975,0.04938271604938271
150,55.00000000000001,20,False,0.08641975308641975,0.1111111111111111
150,60.0,16,True,0.1728395061728395,0.14814814814814814
150,60.0,8,True,0.14814814814814814,0.14814814814814814
150,60.0,9,True,0.07407407407407407,0.13580246913580246
150,60.0,12,True,0.07407407407407407,0.1111111111111111
150,60.0,3,True,0.06172839506172839,0.07407407407407407
150,60.0,20,False,0.09876543209876543,0.12345679012345678
150,60.0,9,True,0.08641975308641975,0.1111111111111111
150,60.0,8,True,0.06172839506172839,0.16049382716049382
150,60.0,15,True,0.1111111111111111,0.12345679012345678
150,60.0,18,True,0.12345679012345678,0.07407407407407407
150,60.0,20,False,0.13580246913580246,0.12345679012345678
150,60.0,4,True,0.037037037037037035,0.1111111111111111
150,60.0,12,True,0.07407407407407407,0.12345679012345678
150,60.0,4,True,0.09876543209876543,0.08641975308641975
150,60.0,15,True,0.1111111111111111,0.09876543209876543
150,60.0,11,True,0.1111111111111111,0.16049382716049382
150,60.0,4,True,0.1111111111111111,0.1728395061728395
150,60.0,11,True,0.07407407407407407,0.04938271604938271
150,60.0,8,True,0.12345679012345678,0.1111111111111111
150,60.0,4,True,0.1111111111111111,0.08641975308641975
150,60.0,20,False,0.14814814814814814,0.09876543209876543
150,60.0,5,True,0.18518518518518517,0.12345679012345678
150,60.0,8,True,0.12345679012345678,0.09876543209876543
150,60.0,20,False,0.1111111111111111,0.08641975308641975
150,60.0,20,False,0.13580246913580246,0.12345679012345678
150,60.0,13,True,0.06172839506172839,0.037037037037037035
150,60.0,8,True,0.1111111111111111,0.1111111111111111
150,60.0,4,True,0.09876543209876543,0.1111111111111111
150,60.0,13,True,0.09876543209876543,0.07407407407407407
150,60.0,14,True,0.08641975308641975,0.13580246913580246
150,60.0,20,False,0.09876543209876543,0.07407407407407407
150,60.0,4,True,0.06172839506172839,0.07407407407407407
150,60.0,6,True,0.1111111111111111,0.16049382716049382
150,60.0,9,True,0.1728395061728395,0.08641975308641975
150,60.0,13,True,0.07407407407407407,0.16049382716049382
150,60.0,16,True,0.07407407407407407,0.09876543209876543
150,60.0,7,True,0.1728395061728395,0.09876543209876543
150,60.0,13,True,0.12345679012345678,0.08641975308641975
150,60.0,10,True,0.09876543209876543,0.06172839506172839
150,60.0,3,True,0.1111111111111111,0.07407407407407407
150,60.0,4,True,0.12345679012345678,0.1111111111111111
150,60.0,11,True,0.1111111111111111,0.19753086419753085
150,60.0,12,True,0.08641975308641975,0.16049382716049382
150,60.0,20,False,0.09876543209876543,0.09876543209876543
150,60.0,17,True,0.09876543209876543,0.12345679012345678
150,60.0,12,True,0.1728395061728395,0.07407407407407407
150,60.0,20,False,0.1111111111111111,0.12345679012345678
150,60.0,4,True,0.1111111111111111,0.07407407407407407
150,60.0,20,False,0.07407407407407407,0.08641975308641975
150,60.0,16,True,0.08641975308641975,0.09876543209876543
150,70.0,10,True,0.04938271604938271,0.13580246913580246
150,70.0,6,True,0.09876543209876543,0.16049382716049382
150,70.0,20,True,0.07407407407407407,0.18518518518518517
150,70.0,6,True,0.13580246913580246,0.09876543209876543
150,70.0,9,True,0.1728395061728395,0.07407407407407407
150,70.0,20,True,0.12345679012345678,0.06172839506172839
150,70.0,14,True,0.09876543209876543,0.09876543209876543
150,70.0,11,True,0.09876543209876543,0.12345679012345678
150,70.0,5,True,0.12345679012345678,0.19753086419753085
150,70.0,3,True,0.07407407407407407,0.037037037037037035
150,70.0,20,False,0.20987654320987653,0.1111111111111111
150,70.0,3,True,0.04938271604938271,0.1111111111111111
150,70.0,20,False,0.18518518518518517,0.09876543209876543
150,70.0,3,True,0.1111111111111111,0.12345679012345678
150,70.0,6,True,0.1111111111111111,0.08641975308641975
150,70.0,15,True,0.12345679012345678,0.07407407407407407
150,70.0,6,True,0.1111111111111111,0.1111111111111111
150,70.0,14,True,0.1111111111111111,0.12345679012345678
150,70.0,20,False,0.12345679012345678,0.08641975308641975
150,70.0,7,True,0.12345679012345678,0.06172839506172839
150,70.0,5,True,0.07407407407407407,0.09876543209876543
150,70.0,8,True,0.1111111111111111,0.09876543209876543
150,70.0,19,True,0.1111111111111111,0.13580246913580246
150,70.0,17,True,0.04938271604938271,0.16049382716049382
150,70.0,20,False,0.1111111111111111,0.1111111111111111
150,70.0,4,True,0.09876543209876543,0.14814814814814814
150,70.0,5,True,0.13580246913580246,0.12345679012345678
150,70.0,5,True,0.07407407407407407,0.14814814814814814
150,70.0,20,False,0.1111111111111111,0.06172839506172839
150,70.0,8,True,0.09876543209876543,0.09876543209876543
150,70.0,15,True,0.06172839506172839,0.08641975308641975
150,70.0,20,False,0.12345679012345678,0.07407407407407407
150,70.0,20,False,0.07407407407407407,0.08641975308641975
150,70.0,3,True,0.07407407407407407,0.07407407407407407
150,70.0,10,True,0.1111111111111111,0.13580246913580246
150,70.0,5,True,0.14814814814814814,0.07407407407407407
150,70.0,12,True,0.09876543209876543,0.06172839506172839
150,70.0,6,True,0.1111111111111111,0.14814814814814814
150,70.0,8,True,0.12345679012345678,0.09876543209876543
150,70.0,7,True,0.1111111111111111,0.09876543209876543
150,70.0,10,True,0.1111111111111111,0.08641975308641975
150,70.0,20,True,0.09876543209876543,0.06172839506172839
150,70.0,10,True,0.13580246913580246,0.06172839506172839
150,70.0,7,True,0.08641975308641975,0.04938271604938271
150,70.0,20,False,0.16049382716049382,0.08641975308641975
150,70.0,8,True,0.1111111111111111,0.13580246913580246
150,70.0,4,True,0.07407407407407407,0.07407407407407407
150,70.0,4,True,0.12345679012345678,0.1111111111111111
150,70.0,20,False,0.08641975308641975,0.13580246913580246
150,70.0,4,True,0.07407407407407407,0.12345679012345678
150,80.0,4,True,0.1111111111111111,0.1111111111111111
150,80.0,11,True,0.08641975308641975,0.18518518518518517
150,80.0,3,True,0.14814814814814814,0.1111111111111111
150,80.0,20,False,0.09876543209876543,0.1728395061728395
150,80.0,20,True,0.12345679012345678,0.08641975308641975
150,80.0,9,True,0.14814814814814814,0.13580246913580246
150,80.0,7,True,0.08641975308641975,0.08641975308641975
150,80.0,5,True,0.14814814814814814,0.08641975308641975
150,80.0,14,True,0.1111111111111111,0.12345679012345678
150,80.0,9,True,0.09876543209876543,0.12345679012345678
150,80.0,4,True,0.16049382716049382,0.09876543209876543
150,80.0,16,True,0.08641975308641975,0.13580246913580246
150,80.0,7,True,0.14814814814814814,0.13580246913580246
150,80.0,4,True,0.07407407407407407,0.037037037037037035
150,80.0,10,True,0.09876543209876543,0.037037037037037035
150,80.0,6,True,0.07407407407407407,0.2222222222222222
150,80.0,20,False,0.14814814814814814,0.08641975308641975
150,80.0,20,False,0.09876543209876543,0.13580246913580246
150,80.0,16,True,0.09876543209876543,0.16049382716049382
150,80.0,13,True,0.13580246913580246,0.12345679012345678
150,80.0,8,True,0.12345679012345678,0.04938271604938271
150,80.0,18,True,0.12345679012345678,0.07407407407407407
150,80.0,16,True,0.12345679012345678,0.04938271604938271
150,80.0,7,True,0.1111111111111111,0.06172839506172839
150,80.0,12,True,0.14814814814814814,0.09876543209876543
150,80.0,6,True,0.13580246913580246,0.1111111111111111
150,80.0,12,True,0.09876543209876543,0.09876543209876543
150,80.0,8,True,0.12345679012345678,0.14814814814814814
150,80.0,4,True,0.1111111111111111,0.037037037037037035
150,80.0,3,True,0.13580246913580246,0.08641975308641975
150,80.0,10,True,0.09876543209876543,0.09876543209876543
150,80.0,3,True,0.12345679012345678,0.1111111111111111
150,80.0,20,False,0.08641975308641975,0.08641975308641975
150,80.0,8,True,0.06172839506172839,0.19753086419753085
150,80.0,20,False,0.12345679012345678,0.08641975308641975
150,80.0,15,True,0.12345679012345678,0.07407407407407407
150,80.0,7,True,0.12345679012345678,0.037037037037037035
150,80.0,12,True,0.1111111111111111,0.19753086419753085
150,80.0,7,True,0.12345679012345678,0.04938271604938271
150,80.0,5,True,0.12345679012345678,0.09876543209876543
150,80.0,7,True,0.1111111111111111,0.07407407407407407
150,80.0,6,True,0.14814814814814814,0.08641975308641975
150,80.0,11,True,0.13580246913580246,0.07407407407407407
150,80.0,8,True,0.13580246913580246,0.04938271604938271
150,80.0,3,True,0.16049382716049382,0.14814814814814814
150,80.0,20,False,0.09876543209876543,0.13580246913580246
150,80.0,8,True,0.14814814814814814,0.1111111111111111
150,80.0,7,True,0.16049382716049382,0.06172839506172839
150,80.0,11,True,0.09876543209876543,0.08641975308641975
150,80.0,14,True,0.14814814814814814,0.12345679012345678
200,0.0,1,True,1.0,1.0
200,0.0,1,True,1.0,1.0
200,0.0,1,True,1.0,1.0
200,0.0,1,True,1.0,1.0
200,0.0,1,True,1.0,1.0
200,0.0,1,True,1.0,1.0
200,0.0,1,True,1.0,1.0
200,0.0,1,True,1.0,1.0
200,0.0,1,True,1.0,1.0
200,0.0,1,True,1.0,1.0
200,0.0,1,True,1.0,1.0
200,0.0,1,True,1.0,1.0
200,0.0,1,True,1.0,1.0
200,0.0,1,True,1.0,1.0
200,0.0,1,True,1.0,1.0
200,0.0,1,True,1.0,1.0
200,0.0,1,True,1.0,1.0
200,0.0,1,True,1.0,1.0
200,0.0,1,True,1.0,1.0
200,0.0,1,True,1.0,1.0
200,0.0,1,True,1.0,1.0
200,0.0,1,True,1.0,1.0
200,0.0,1,True,1.0,1.0
200,0.0,1,True,1.0,1.0
200,0.0,1,True,1.0,1.0
200,0.0,1,True,1.0,1.0
200,0.0,1,True,1.0,1.0
200,0.0,1,True,1.0,1.0
200,0.0,1,True,1.0,1.0
200,0.0,1,True,1.0,1.0
200,0.0,1,True,1.0,1.0
200,0.0,1,True,1.0,1.0
200,0.0,1,True,1.0,1.0
200,0.0,1,True,1.0,1.0
200,0.0,1,True,1.0,1.0
200,0.0,1,True,1.0,1.0
200,0.0,1,True,1.0,1.0
200,0.0,1,True,1.0,1.0
200,0.0,1,True,1.0,1.0
200,0.0,1,True,1.0,1.0
200,0.0,1,True,1.0,1.0
200,0.0,1,True,1.0,1.0
200,0.0,1,True,1.0,1.0
200,0.0,1,True,1.0,1.0
200,0.0,1,True,1.0,1.0
200,0.0,1,True,1.0,1.0
200,0.0,1,True,1.0,1.0
200,0.0,1,True,1.0,1.0
200,0.0,1,True,1.0,1.0
200,0.0,1,True,1.0,1.0
200,5.0,2,True,1.0,1.0
200,5.0,2,True,1.0,1.0
200,5.0,2,True,1.0,1.0
200,5.0,2,True,1.0,1.0
200,5.0,2,True,1.0,1.0
200,5.0,2,True,1.0,1.0
200,5.0,2,True,1.0,1.0
200,5.0,2,True,1.0,1.0
200,5.0,2,True,1.0,1.0
200,5.0,2,True,1.0,1.0
200,5.0,2,True,1.0,1.0
200,5.0,2,True,1.0,1.0
200,5.0,2,True,1.0,1.0
200,5.0,2,True,1.0,1.0
200,5.0,2,True,1.0,1.0
200,5.0,2,True,1.0,1.0
200,5.0,2,True,1.0,1.0
200,5.0,2,True,1.0,1.0
200,5.0,2,True,1.0,1.0
200,5.0,2,True,1.0,1.0
200,5.0,2,True,1.0,1.0
200,5.0,2,True,1.0,1.0
200,5.0,2,True,1.0,1.0
200,5.0,2,True,1.0,1.0
200,5.0,2,True,1.0,1.0
200,5.0,2,True,1.0,1.0
200,5.0,2,True,1.0,1.0
200,5.0,2,True,1.0,1.0
200,5.0,2,True,1.0,1.0
200,5.0,2,True,1.0,1.0
200,5.0,2,True,1.0,1.0
200,5.0,2,True,1.0,1.0
200,5.0,2,True,1.0,1.0
200,5.0,2,True,1.0,1.0
200,5.0,2,True,1.0,1.0
200,5.0,2,True,1.0,1.0
200,5.0,2,True,1.0,1.0
200,5.0,2,True,1.0,1.0
200,5.0,2,True,1.0,1.0
200,5.0,2,True,1.0,1.0
200,5.0,2,True,1.0,1.0
200,5.0,2,True,1.0,1.0
200,5.0,2,True,1.0,1.0
200,5.0,2,True,1.0,1.0
200,5.0,2,True,1.0,1.0
200,5.0,2,True,1.0,1.0
200,5.0,2,True,1.0,1.0
200,5.0,2,True,1.0,1.0
200,5.0,2,True,1.0,1.0
200,5.0,2,True,1.0,1.0
200,10.0,2,True,1.0,1.0
200,10.0,2,True,1.0,1.0
200,10.0,2,True,1.0,1.0
200,10.0,2,True,1.0,1.0
200,10.0,2,True,1.0,1.0
200,10.0,2,True,1.0,1.0
200,10.0,2,True,1.0,1.0
200,10.0,2,True,1.0,1.0
200,10.0,2,True,1.0,1.0
200,10.0,2,True,1.0,1.0
200,10.0,2,True,1.0,1.0
200,10.0,2,True,1.0,1.0
200,10.0,2,True,1.0,1.0
200,10.0,2,True,1.0,1.0
200,10.0,2,True,1.0,1.0
200,10.0,2,True,1.0,1.0
200,10.0,2,True,1.0,1.0
200,10.0,2,True,1.0,1.0
200,10.0,2,True,1.0,1.0
200,10.0,2,True,1.0,1.0
200,10.0,2,True,1.0,1.0
200,10.0,2,True,1.0,1.0
200,10.0,2,True,1.0,1.0
200,10.0,2,True,1.0,1.0
200,10.0,2,True,1.0,1.0
200,10.0,2,True,1.0,1.0
200,10.0,2,True,1.0,1.0
200,10.0,2,True,1.0,1.0
200,10.0,2,True,1.0,1.0
200,10.0,2,True,1.0,1.0
200,10.0,2,True,1.0,1.0
200,10.0,2,True,1.0,1.0
200,10.0,2,True,1.0,1.0
200,10.0,2,True,1.0,1.0
200,10.0,2,True,1.0,1.0
200,10.0,2,True,1.0,1.0
200,10.0,2,True,1.0,1.0
200,10.0,2,True,1.0,1.0
200,10.0,2,True,1.0,1.0
200,10.0,2,True,1.0,1.0
200,10.0,2,True,1.0,1.0
200,10.0,2,True,1.0,1.0
200,10.0,2,True,1.0,1.0
200,10.0,2,True,1.0,1.0
200,10.0,2,True,1.0,1.0
200,10.0,2,True,1.0,1.0
200,10.0,2,True,1.0,1.0
200,10.0,2,True,1.0,1.0
200,10.0,2,True,1.0,1.0
200,10.0,2,True,1.0,1.0
200,15.0,2,True,1.0,1.0
200,15.0,2,True,1.0,1.0
200,15.0,2,True,1.0,1.0
200,15.0,2,True,1.0,1.0
200,15.0,2,True,1.0,1.0
200,15.0,2,True,1.0,1.0
200,15.0,2,True,1.0,1.0
200,15.0,2,True,1.0,1.0
200,15.0,2,True,1.0,1.0
200,15.0,2,True,1.0,1.0
200,15.0,2,True,1.0,1.0
200,15.0,2,True,1.0,1.0
200,15.0,2,True,1.0,1.0
200,15.0,2,True,1.0,1.0
200,15.0,2,True,1.0,1.0
200,15.0,2,True,1.0,1.0
200,15.0,2,True,1.0,1.0
200,15.0,2,True,1.0,1.0
200,15.0,2,True,1.0,1.0
200,15.0,2,True,1.0,1.0
200,15.0,2,True,1.0,1.0
200,15.0,2,True,1.0,1.0
200,15.0,2,True,1.0,1.0
200,15.0,2,True,1.0,1.0
200,15.0,2,True,1.0,1.0
200,15.0,2,True,1.0,1.0
200,15.0,2,True,1.0,1.0
200,15.0,2,True,1.0,1.0
200,15.0,2,True,1.0,1.0
200,15.0,2,True,1.0,1.0
200,15.0,2,True,1.0,1.0
200,15.0,2,True,1.0,1.0
200,15.0,2,True,1.0,1.0
200,15.0,2,True,1.0,1.0
200,15.0,2,True,1.0,1.0
200,15.0,2,True,1.0,1.0
200,15.0,2,True,1.0,1.0
200,15.0,2,True,1.0,1.0
200,15.0,2,True,1.0,1.0
200,15.0,2,True,1.0,1.0
200,15.0,2,True,1.0,1.0
200,15.0,2,True,1.0,1.0
200,15.0,2,True,1.0,1.0
200,15.0,2,True,1.0,1.0
200,15.0,2,True,1.0,1.0
200,15.0,2,True,1.0,1.0
200,15.0,2,True,1.0,1.0
200,15.0,2,True,1.0,1.0
200,15.0,2,True,1.0,1.0
200,15.0,2,True,1.0,1.0
200,20.0,2,True,1.0,1.0
200,20.0,2,True,1.0,1.0
200,20.0,2,True,1.0,1.0
200,20.0,2,True,1.0,1.0
200,20.0,2,True,1.0,1.0
200,20.0,2,True,1.0,1.0
200,20.0,2,True,1.0,1.0
200,20.0,2,True,1.0,1.0
200,20.0,2,True,1.0,1.0
200,20.0,2,True,1.0,1.0
200,20.0,2,True,1.0,1.0
200,20.0,2,True,1.0,1.0
200,20.0,2,True,1.0,1.0
200,20.0,2,True,1.0,1.0
200,20.0,2,True,1.0,1.0
200,20.0,2,True,1.0,1.0
200,20.0,2,True,1.0,1.0
200,20.0,2,True,1.0,1.0
200,20.0,2,True,1.0,1.0
200,20.0,2,True,1.0,1.0
200,20.0,2,True,1.0,1.0
200,20.0,2,True,1.0,1.0
200,20.0,2,True,1.0,1.0
200,20.0,2,True,1.0,1.0
200,20.0,2,True,1.0,1.0
200,20.0,2,True,1.0,1.0
200,20.0,2,True,1.0,1.0
200,20.0,2,True,1.0,1.0
200,20.0,2,True,1.0,1.0
200,20.0,2,True,1.0,1.0
200,20.0,2,True,1.0,1.0
200,20.0,2,True,1.0,1.0
200,20.0,2,True,1.0,1.0
200,20.0,2,True,1.0,1.0
200,20.0,2,True,1.0,1.0
200,20.0,2,True,1.0,1.0
200,20.0,2,True,1.0,1.0
200,20.0,2,True,1.0,1.0
200,20.0,2,True,1.0,1.0
200,20.0,2,True,1.0,1.0
200,20.0,2,True,1.0,1.0
200,20.0,2,True,1.0,1.0
200,20.0,2,True,1.0,1.0
200,20.0,2,True,1.0,1.0
200,20.0,2,True,1.0,1.0
200,20.0,2,True,1.0,1.0
200,20.0,2,True,1.0,1.0
200,20.0,2,True,1.0,1.0
200,20.0,2,True,1.0,1.0
200,20.0,2,True,1.0,1.0
200,25.0,2,True,1.0,1.0
200,25.0,2,True,1.0,1.0
200,25.0,2,True,1.0,1.0
200,25.0,2,True,1.0,1.0
200,25.0,2,True,1.0,1.0
200,25.0,2,True,1.0,1.0
200,25.0,2,True,1.0,1.0
200,25.0,2,True,1.0,1.0
200,25.0,2,True,1.0,1.0
200,25.0,2,True,1.0,1.0
200,25.0,2,True,1.0,1.0
200,25.0,2,True,1.0,1.0
200,25.0,2,True,1.0,1.0
200,25.0,2,True,1.0,1.0
200,25.0,2,True,1.0,1.0
200,25.0,2,True,1.0,1.0
200,25.0,2,True,1.0,1.0
200,25.0,2,True,1.0,1.0
200,25.0,2,True,1.0,1.0
200,25.0,2,True,1.0,1.0
200,25.0,2,True,1.0,1.0
200,25.0,2,True,1.0,1.0
200,25.0,2,True,1.0,1.0
200,25.0,2,True,1.0,1.0
200,25.0,2,True,1.0,1.0
200,25.0,2,True,1.0,1.0
200,25.0,2,True,1.0,1.0
200,25.0,2,True,1.0,1.0
200,25.0,2,True,1.0,1.0
200,25.0,2,True,1.0,1.0
200,25.0,2,True,1.0,1.0
200,25.0,2,True,1.0,1.0
200,25.0,2,True,1.0,1.0
200,25.0,2,True,1.0,1.0
200,25.0,2,True,1.0,1.0
200,25.0,2,True,1.0,1.0
200,25.0,2,True,1.0,1.0
200,25.0,2,True,1.0,1.0
200,25.0,2,True,1.0,1.0
200,25.0,2,True,1.0,1.0
200,25.0,2,True,1.0,1.0
200,25.0,2,True,1.0,1.0
200,25.0,2,True,1.0,1.0
200,25.0,2,True,1.0,1.0
200,25.0,2,True,1.0,1.0
200,25.0,2,True,1.0,1.0
200,25.0,2,True,1.0,1.0
200,25.0,2,True,1.0,1.0
200,25.0,2,True,1.0,1.0
200,25.0,2,True,1.0,1.0
200,30.0,2,True,1.0,1.0
200,30.0,2,True,1.0,1.0
200,30.0,2,True,1.0,1.0
200,30.0,2,True,1.0,1.0
200,30.0,2,True,1.0,1.0
200,30.0,2,True,1.0,1.0
200,30.0,2,True,1.0,1.0
200,30.0,2,True,1.0,1.0
200,30.0,2,True,1.0,1.0
200,30.0,2,True,1.0,1.0
200,30.0,2,True,1.0,1.0
200,30.0,2,True,1.0,1.0
200,30.0,2,True,1.0,1.0
200,30.0,2,True,1.0,1.0
200,30.0,2,True,1.0,1.0
200,30.0,2,True,1.0,1.0
200,30.0,2,True,1.0,1.0
200,30.0,2,True,1.0,1.0
200,30.0,2,True,1.0,1.0
200,30.0,2,True,1.0,1.0
200,30.0,2,True,1.0,1.0
200,30.0,2,True,1.0,1.0
200,30.0,2,True,1.0,1.0
200,30.0,2,True,1.0,1.0
200,30.0,2,True,1.0,1.0
200,30.0,2,True,1.0,1.0
200,30.0,2,True,1.0,1.0
200,30.0,2,True,1.0,1.0
200,30.0,2,True,1.0,1.0
200,30.0,2,True,1.0,1.0
200,30.0,2,True,1.0,1.0
200,30.0,2,True,1.0,1.0
200,30.0,2,True,1.0,1.0
200,30.0,2,True,1.0,1.0
200,30.0,2,True,1.0,1.0
200,30.0,2,True,1.0,1.0
200,30.0,2,True,1.0,1.0
200,30.0,2,True,1.0,1.0
200,30.0,2,True,1.0,1.0
200,30.0,2,True,1.0,1.0
200,30.0,2,True,1.0,1.0
200,30.0,2,True,1.0,1.0
200,30.0,2,True,1.0,1.0
200,30.0,2,True,1.0,1.0
200,30.0,2,True,1.0,1.0
200,30.0,2,True,1.0,1.0
200,30.0,2,True,1.0,1.0
200,30.0,2,True,1.0,1.0
200,30.0,2,True,1.0,1.0
200,30.0,2,True,1.0,1.0
200,35.0,2,True,1.0,1.0
200,35.0,2,True,1.0,1.0
200,35.0,2,True,1.0,1.0
200,35.0,2,True,1.0,1.0
200,35.0,2,True,1.0,1.0
200,35.0,2,True,1.0,1.0
200,35.0,2,True,1.0,1.0
200,35.0,2,True,1.0,1.0
200,35.0,2,True,1.0,1.0
200,35.0,2,True,1.0,1.0
200,35.0,2,True,1.0,1.0
200,35.0,2,True,1.0,1.0
200,35.0,2,True,1.0,1.0
200,35.0,2,True,1.0,1.0
200,35.0,2,True,1.0,1.0
200,35.0,2,True,1.0,1.0
200,35.0,2,True,1.0,1.0
200,35.0,2,True,1.0,1.0
200,35.0,2,True,1.0,1.0
200,35.0,2,True,1.0,1.0
200,35.0,2,True,1.0,1.0
200,35.0,2,True,1.0,1.0
200,35.0,2,True,1.0,1.0
200,35.0,2,True,1.0,1.0
200,35.0,2,True,1.0,1.0
200,35.0,2,True,1.0,1.0
200,35.0,2,True,1.0,1.0
200,35.0,2,True,1.0,1.0
200,35.0,2,True,1.0,1.0
200,35.0,2,True,1.0,1.0
200,35.0,2,True,1.0,1.0
200,35.0,2,True,1.0,1.0
200,35.0,2,True,1.0,1.0
200,35.0,2,True,1.0,1.0
200,35.0,2,True,1.0,1.0
200,35.0,2,True,1.0,1.0
200,35.0,2,True,1.0,1.0
200,35.0,2,True,1.0,1.0
200,35.0,2,True,1.0,1.0
200,35.0,2,True,1.0,1.0
200,35.0,2,True,1.0,1.0
200,35.0,2,True,1.0,1.0
200,35.0,2,True,1.0,1.0
200,35.0,2,True,1.0,1.0
200,35.0,2,True,1.0,1.0
200,35.0,2,True,1.0,1.0
200,35.0,2,True,1.0,1.0
200,35.0,2,True,1.0,1.0
200,35.0,2,True,1.0,1.0
200,35.0,2,True,1.0,1.0
200,40.0,4,True,0.16049382716049382,1.0
200,40.0,4,True,0.1728395061728395,1.0
200,40.0,3,True,0.43209876543209874,1.0
200,40.0,3,True,0.25925925925925924,1.0
200,40.0,3,True,0.16049382716049382,1.0
200,40.0,4,True,0.1728395061728395,1.0
200,40.0,3,True,0.8395061728395061,1.0
200,40.0,3,True,0.2345679012345679,1.0
200,40.0,3,True,0.9012345679012346,1.0
200,40.0,3,True,0.5432098765432098,1.0
200,40.0,3,True,0.9876543209876543,1.0
200,40.0,3,True,0.5555555555555556,1.0
200,40.0,3,True,0.14814814814814814,1.0
200,40.0,2,True,1.0,1.0
200,40.0,3,True,0.41975308641975306,1.0
200,40.0,3,True,0.9876543209876543,1.0
200,40.0,3,True,0.9382716049382716,1.0
200,40.0,3,True,0.49382716049382713,1.0
200,40.0,3,True,0.3950617283950617,1.0
200,40.0,3,True,0.3950617283950617,1.0
200,40.0,3,True,0.4074074074074074,1.0
200,40.0,3,True,0.38271604938271603,1.0
200,40.0,2,True,1.0,1.0
200,40.0,3,True,0.35802469135802467,1.0
200,40.0,3,True,0.37037037037037035,1.0
200,40.0,3,True,0.2345679012345679,1.0
200,40.0,3,True,0.345679012345679,1.0
200,40.0,3,True,0.6296296296296297,1.0
200,40.0,2,True,1.0,1.0
200,40.0,3,True,0.345679012345679,1.0
200,40.0,10,True,0.12345679012345678,0.1111111111111111
200,40.0,20,False,0.1111111111111111,0.09876543209876543
200,40.0,20,False,0.14814814814814814,0.09876543209876543
200,40.0,3,True,0.24691358024691357,1.0
200,40.0,3,True,0.8765432098765432,1.0
200,40.0,3,True,0.6172839506172839,1.0
200,40.0,4,True,0.14814814814814814,1.0
200,40.0,3,True,0.5308641975308642,1.0
200,40.0,2,True,1.0,1.0
200,40.0,3,True,0.32098765432098764,1.0
200,40.0,3,True,0.1728395061728395,1.0
200,40.0,12,True,0.16049382716049382,0.12345679012345678
200,40.0,3,True,0.3333333333333333,1.0
200,40.0,3,True,0.691358024691358,1.0
200,40.0,3,True,0.4444444444444444,1.0
200,40.0,3,True,0.9876543209876543,1.0
200,40.0,2,True,1.0,1.0
200,40.0,3,True,0.7283950617283951,1.0
200,40.0,2,True,1.0,1.0
200,40.0,3,True,0.2962962962962963,1.0
200,45.0,7,True,0.09876543209876543,0.13580246913580246
200,45.0,11,True,0.14814814814814814,0.13580246913580246
200,45.0,17,True,0.1111111111111111,0.16049382716049382
200,45.0,12,True,0.12345679012345678,0.04938271604938271
200,45.0,4,True,0.08641975308641975,0.13580246913580246
200,45.0,8,True,0.08641975308641975,0.04938271604938271
200,45.0,20,False,0.13580246913580246,0.09876543209876543
200,45.0,20,False,0.12345679012345678,0.1111111111111111
200,45.0,20,False,0.16049382716049382,0.1111111111111111
200,45.0,8,True,0.13580246913580246,0.09876543209876543
200,45.0,20,True,0.06172839506172839,0.024691358024691357
200,45.0,6,True,0.1728395061728395,0.024691358024691357
200,45.0,20,False,0.12345679012345678,0.1111111111111111
200,45.0,20,False,0.14814814814814814,0.1111111111111111
200,45.0,20,False,0.12345679012345678,0.1111111111111111
200,45.0,7,True,0.12345679012345678,0.1111111111111111
200,45.0,20,False,0.1111111111111111,0.1111111111111111
200,45.0,19,True,0.12345679012345678,0.12345679012345678
200,45.0,14,True,0.09876543209876543,0.06172839506172839
200,45.0,8,True,0.09876543209876543,0.07407407407407407
200,45.0,18,True,0.1111111111111111,0.08641975308641975
200,45.0,20,False,0.12345679012345678,0.13580246913580246
200,45.0,20,False,0.09876543209876543,0.08641975308641975
200,45.0,9,True,0.13580246913580246,0.16049382716049382
200,45.0,20,False,0.14814814814814814,0.1111111111111111
200,45.0,20,False,0.1111111111111111,0.1111111111111111
200,45.0,16,True,0.16049382716049382,0.09876543209876543
200,45.0,20,False,0.09876543209876543,0.12345679012345678
200,45.0,20,False,0.07407407407407407,0.12345679012345678
200,45.0,20,False,0.13580246913580246,0.1111111111111111
200,45.0,9,True,0.1111111111111111,0.09876543209876543
200,45.0,9,True,0.18518518518518517,0.07407407407407407
200,45.0,20,False,0.09876543209876543,0.13580246913580246
200,45.0,14,True,0.09876543209876543,0.16049382716049382
200,45.0,8,True,0.13580246913580246,0.16049382716049382
200,45.0,20,False,0.12345679012345678,0.09876543209876543
200,45.0,20,False,0.1111111111111111,0.12345679012345678
200,45.0,8,True,0.1111111111111111,0.12345679012345678
200,45.0,12,True,0.12345679012345678,0.08641975308641975
200,45.0,9,True,0.12345679012345678,0.1111111111111111
200,45.0,20,False,0.07407407407407407,0.08641975308641975
200,45.0,10,True,0.09876543209876543,0.09876543209876543
200,45.0,20,False,0.08641975308641975,0.09876543209876543
200,45.0,10,True,0.1111111111111111,0.16049382716049382
200,45.0,20,True,0.12345679012345678,0.16049382716049382
200,45.0,20,False,0.07407407407407407,0.1111111111111111
200,45.0,13,True,0.1111111111111111,0.1111111111111111
200,45.0,6,True,0.1111111111111111,0.1111111111111111
200,45.0,16,True,0.12345679012345678,0.1728395061728395
200,45.0,10,True,0.08641975308641975,0.12345679012345678
200,50.0,20,False,0.09876543209876543,0.09876543209876543
200,50.0,20,False,0.12345679012345678,0.12345679012345678
200,50.0,11,True,0.09876543209876543,0.06172839506172839
200,50.0,20,False,0.09876543209876543,0.1111111111111111
200,50.0,4,True,0.08641975308641975,0.08641975308641975
200,50.0,9,True,0.1111111111111111,0.1111111111111111
200,50.0,5,True,0.09876543209876543,0.13580246913580246
200,50.0,20,False,0.1111111111111111,0.09876543209876543
200,50.0,14,True,0.14814814814814814,0.07407407407407407
200,50.0,20,False,0.08641975308641975,0.1111111111111111
200,50.0,3,True,0.1728395061728395,0.13580246913580246
200,50.0,20,False,0.1111111111111111,0.12345679012345678
200,50.0,20,False,0.13580246913580246,0.1111111111111111
200,50.0,10,True,0.09876543209876543,0.20987654320987653
200,50.0,20,False,0.13580246913580246,0.1111111111111111
200,50.0,20,False,0.06172839506172839,0.12345679012345678
200,50.0,6,True,0.12345679012345678,0.14814814814814814
200,50.0,15,True,0.1111111111111111,0.1728395061728395
200,50.0,20,False,0.09876543209876543,0.08641975308641975
200,50.0,10,True,0.12345679012345678,0.08641975308641975
200,50.0,8,True,0.1111111111111111,0.07407407407407407
200,50.0,13,True,0.06172839506172839,0.14814814814814814
200,50.0,20,False,0.08641975308641975,0.09876543209876543
200,50.0,19,True,0.1111111111111111,0.16049382716049382
200,50.0,20,False,0.09876543209876543,0.1111111111111111
200,50.0,15,True,0.13580246913580246,0.1728395061728395
200,50.0,7,True,0.07407407407407407,0.09876543209876543
200,50.0,20,False,0.07407407407407407,0.1111111111111111
200,50.0,20,False,0.13580246913580246,0.14814814814814814
200,50.0,20,False,0.1111111111111111,0.1111111111111111
200,50.0,10,True,0.13580246913580246,0.14814814814814814
200,50.0,7,True,0.1111111111111111,0.12345679012345678
200,50.0,19,True,0.09876543209876543,0.18518518518518517
200,50.0,20,False,0.08641975308641975,0.09876543209876543
200,50.0,20,True,0.1111111111111111,0.1111111111111111
200,50.0,13,True,0.07407407407407407,0.12345679012345678
200,50.0,20,False,0.08641975308641975,0.14814814814814814
200,50.0,4,True,0.1111111111111111,0.14814814814814814
200,50.0,5,True,0.12345679012345678,0.12345679012345678
200,50.0,16,True,0.14814814814814814,0.09876543209876543
200,50.0,20,False,0.09876543209876543,0.13580246913580246
200,50.0,6,True,0.12345679012345678,0.07407407407407407
200,50.0,20,False,0.1111111111111111,0.1111111111111111
200,50.0,11,True,0.1111111111111111,0.1111111111111111
200,50.0,9,True,0.09876543209876543,0.13580246913580246
200,50.0,17,True,0.12345679012345678,0.13580246913580246
200,50.0,20,False,0.08641975308641975,0.14814814814814814
200,50.0,14,True,0.12345679012345678,0.09876543209876543
200,50.0,20,False,0.06172839506172839,0.09876543209876543
200,50.0,3,True,0.06172839506172839,0.07407407407407407
200,55.00000000000001,20,False,0.1111111111111111,0.14814814814814814
200,55.00000000000001,20,False,0.09876543209876543,0.09876543209876543
200,55.00000000000001,20,False,0.12345679012345678,0.1111111111111111
200,55.00000000000001,18,True,0.08641975308641975,0.1111111111111111
200,55.00000000000001,20,False,0.1728395061728395,0.1111111111111111
200,55.00000000000001,20,False,0.16049382716049382,0.1111111111111111
200,55.00000000000001,20,False,0.08641975308641975,0.09876543209876543
200,55.00000000000001,20,True,0.1111111111111111,0.1111111111111111
200,55.00000000000001,20,True,0.1111111111111111,0.04938271604938271
200,55.00000000000001,5,True,0.09876543209876543,0.14814814814814814
200,55.00000000000001,20,False,0.09876543209876543,0.1111111111111111
200,55.00000000000001,11,True,0.12345679012345678,0.1111111111111111
200,55.00000000000001,20,False,0.13580246913580246,0.13580246913580246
200,55.00000000000001,20,False,0.08641975308641975,0.1111111111111111
200,55.00000000000001,20,False,0.13580246913580246,0.1111111111111111
200,55.00000000000001,12,True,0.08641975308641975,0.06172839506172839
200,55.00000000000001,8,True,0.07407407407407407,0.1111111111111111
200,55.00000000000001,8,True,0.1111111111111111,0.13580246913580246
200,55.00000000000001,13,True,0.1111111111111111,0.07407407407407407
200,55.00000000000001,20,False,0.09876543209876543,0.1111111111111111
200,55.00000000000001,20,False,0.1111111111111111,0.08641975308641975
200,55.00000000000001,20,False,0.08641975308641975,0.14814814814814814
200,55.00000000000001,10,True,0.09876543209876543,0.1111111111111111
200,55.00000000000001,19,True,0.1111111111111111,0.16049382716049382
200,55.00000000000001,13,True,0.09876543209876543,0.06172839506172839
200,55.00000000000001,20,False,0.09876543209876543,0.1111111111111111
200,55.00000000000001,20,False,0.13580246913580246,0.1111111111111111
200,55.00000000000001,9,True,0.08641975308641975,0.12345679012345678
200,55.00000000000001,17,True,0.1111111111111111,0.06172839506172839
200,55.00000000000001,18,True,0.16049382716049382,0.08641975308641975
200,55.00000000000001,20,False,0.1111111111111111,0.1111111111111111
200,55.00000000000001,14,True,0.12345679012345678,0.08641975308641975
200,55.00000000000001,20,False,0.1111111111111111,0.09876543209876543
200,55.00000000000001,20,False,0.1111111111111111,0.08641975308641975
200,55.00000000000001,20,False,0.1111111111111111,0.1111111111111111
200,55.00000000000001,9,True,0.09876543209876543,0.1111111111111111
200,55.00000000000001,20,False,0.09876543209876543,0.09876543209876543
200,55.00000000000001,20,False,0.13580246913580246,0.1111111111111111
200,55.00000000000001,7,True,0.14814814814814814,0.1111111111111111
200,55.00000000000001,9,True,0.07407407407407407,0.08641975308641975
200,55.00000000000001,9,True,0.09876543209876543,0.09876543209876543
200,55.00000000000001,20,False,0.12345679012345678,0.12345679012345678
200,55.00000000000001,20,False,0.08641975308641975,0.13580246913580246
200,55.00000000000001,20,True,0.07407407407407407,0.18518518518518517
200,55.00000000000001,10,True,0.1111111111111111,0.1111111111111111
200,55.00000000000001,20,False,0.08641975308641975,0.12345679012345678
200,55.00000000000001,20,False,0.08641975308641975,0.07407407407407407
200,55.00000000000001,19,True,0.09876543209876543,0.13580246913580246
200,55.00000000000001,20,False,0.1111111111111111,0.09876543209876543
200,55.00000000000001,20,False,0.1111111111111111,0.08641975308641975
200,60.0,13,True,0.1111111111111111,0.1111111111111111
200,60.0,20,False,0.12345679012345678,0.09876543209876543
200,60.0,20,False,0.13580246913580246,0.06172839506172839
200,60.0,20,False,0.07407407407407407,0.08641975308641975
200,60.0,7,True,0.08641975308641975,0.04938271604938271
200,60.0,11,True,0.08641975308641975,0.13580246913580246
200,60.0,20,False,0.09876543209876543,0.09876543209876543
200,60.0,10,True,0.12345679012345678,0.09876543209876543
200,60.0,20,False,0.09876543209876543,0.09876543209876543
200,60.0,20,False,0.1111111111111111,0.12345679012345678
200,60.0,11,True,0.06172839506172839,0.12345679012345678
200,60.0,16,True,0.1111111111111111,0.14814814814814814
200,60.0,20,False,0.1111111111111111,0.13580246913580246
200,60.0,5,True,0.07407407407407407,0.13580246913580246
200,60.0,9,True,0.07407407407407407,0.07407407407407407
200,60.0,12,True,0.08641975308641975,0.08641975308641975
200,60.0,5,True,0.1728395061728395,0.14814814814814814
200,60.0,10,True,0.13580246913580246,0.08641975308641975
200,60.0,20,False,0.13580246913580246,0.14814814814814814
200,60.0,5,True,0.1111111111111111,0.12345679012345678
200,60.0,20,False,0.09876543209876543,0.12345679012345678
200,60.0,20,False,0.12345679012345678,0.19753086419753085
200,60.0,8,True,0.14814814814814814,0.04938271604938271
200,60.0,20,False,0.12345679012345678,0.1111111111111111
200,60.0,20,False,0.14814814814814814,0.13580246913580246
200,60.0,7,True,0.13580246913580246,0.1111111111111111
200,60.0,11,True,0.09876543209876543,0.12345679012345678
200,60.0,8,True,0.09876543209876543,0.1111111111111111
200,60.0,20,False,0.13580246913580246,0.1111111111111111
200,60.0,20,False,0.07407407407407407,0.12345679012345678
200,60.0,5,True,0.07407407407407407,0.08641975308641975
200,60.0,20,False,0.08641975308641975,0.1111111111111111
200,60.0,3,True,0.09876543209876543,0.04938271604938271
200,60.0,20,False,0.09876543209876543,0.1111111111111111
200,60.0,20,False,0.1111111111111111,0.09876543209876543
200,60.0,20,False,0.1111111111111111,0.18518518518518517
200,60.0,20,True,0.12345679012345678,0.08641975308641975
200,60.0,7,True,0.14814814814814814,0.09876543209876543
200,60.0,7,True,0.1111111111111111,0.09876543209876543
200,60.0,16,True,0.14814814814814814,0.14814814814814814
200,60.0,20,False,0.07407407407407407,0.09876543209876543
200,60.0,20,False,0.13580246913580246,0.12345679012345678
200,60.0,15,True,0.1111111111111111,0.13580246913580246
200,60.0,11,True,0.12345679012345678,0.08641975308641975
200,60.0,20,False,0.12345679012345678,0.1111111111111111
200,60.0,6,True,0.1111111111111111,0.1728395061728395
200,60.0,15,True,0.09876543209876543,0.1111111111111111
200,60.0,20,False,0.1111111111111111,0.09876543209876543
200,60.0,20,False,0.13580246913580246,0.1111111111111111
200,60.0,6,True,0.1111111111111111,0.08641975308641975
200,70.0,15,True,0.12345679012345678,0.20987654320987653
200,70.0,17,True,0.09876543209876543,0.14814814814814814
200,70.0,5,True,0.09876543209876543,0.08641975308641975
200,70.0,7,True,0.13580246913580246,0.13580246913580246
200,70.0,20,False,0.12345679012345678,0.13580246913580246
200,70.0,8,True,0.14814814814814814,0.06172839506172839
200,70.0,5,True,0.09876543209876543,0.13580246913580246
200,70.0,20,False,0.13580246913580246,0.12345679012345678
200,70.0,17,True,0.1111111111111111,0.1111111111111111
200,70.0,20,False,0.12345679012345678,0.1111111111111111
200,70.0,3,True,0.07407407407407407,0.1111111111111111
200,70.0,20,False,0.09876543209876543,0.12345679012345678
200,70.0,20,False,0.08641975308641975,0.1111111111111111
200,70.0,20,False,0.1111111111111111,0.09876543209876543
200,70.0,20,False,0.09876543209876543,0.07407407407407407
200,70.0,20,False,0.12345679012345678,0.1111111111111111
200,70.0,4,True,0.1111111111111111,0.09876543209876543
200,70.0,13,True,0.1111111111111111,0.12345679012345678
200,70.0,20,False,0.12345679012345678,0.12345679012345678
200,70.0,20,False,0.12345679012345678,0.09876543209876543
200,70.0,20,False,0.1111111111111111,0.1111111111111111
200,70.0,20,False,0.1111111111111111,0.09876543209876543
200,70.0,20,False,0.12345679012345678,0.12345679012345678
200,70.0,6,True,0.1111111111111111,0.12345679012345678
200,70.0,13,True,0.12345679012345678,0.1111111111111111
200,70.0,20,True,0.09876543209876543,0.08641975308641975
200,70.0,20,True,0.1111111111111111,0.20987654320987653
200,70.0,20,False,0.1111111111111111,0.1111111111111111
200,70.0,10,True,0.08641975308641975,0.1728395061728395
200,70.0,20,False,0.12345679012345678,0.1111111111111111
200,70.0,20,False,0.07407407407407407,0.1111111111111111
200,70.0,20,False,0.13580246913580246,0.1111111111111111
200,70.0,9,True,0.13580246913580246,0.16049382716049382
200,70.0,4,True,0.08641975308641975,0.09876543209876543
200,70.0,10,True,0.09876543209876543,0.07407407407407407
200,70.0,4,True,0.09876543209876543,0.1111111111111111
200,70.0,20,False,0.12345679012345678,0.16049382716049382
200,70.0,7,True,0.09876543209876543,0.13580246913580246
200,70.0,20,False,0.09876543209876543,0.1111111111111111
200,70.0,10,True,0.09876543209876543,0.19753086419753085
200,70.0,14,True,0.1111111111111111,0.1728395061728395
200,70.0,20,False,0.08641975308641975,0.07407407407407407
200,70.0,20,False,0.06172839506172839,0.1111111111111111
200,70.0,8,True,0.07407407407407407,0.1728395061728395
200,70.0,8,True,0.12345679012345678,0.09876543209876543
200,70.0,14,True,0.19753086419753085,0.16049382716049382
200,70.0,9,True,0.13580246913580246,0.07407407407407407
200,70.0,5,True,0.09876543209876543,0.12345679012345678
200,70.0,20,False,0.12345679012345678,0.1111111111111111
200,70.0,20,False,0.13580246913580246,0.12345679012345678
200,80.0,20,False,0.12345679012345678,0.08641975308641975
200,80.0,18,True,0.09876543209876543,0.06172839506172839
200,80.0,3,True,0.1728395061728395,0.07407407407407407
200,80.0,3,True,0.08641975308641975,0.13580246913580246
200,80.0,9,True,0.12345679012345678,0.08641975308641975
200,80.0,20,False,0.07407407407407407,0.1111111111111111
200,80.0,8,True,0.1111111111111111,0.12345679012345678
200,80.0,20,False,0.09876543209876543,0.13580246913580246
200,80.0,20,False,0.13580246913580246,0.13580246913580246
200,80.0,17,True,0.1111111111111111,0.07407407407407407
200,80.0,20,False,0.07407407407407407,0.1111111111111111
200,80.0,20,False,0.12345679012345678,0.09876543209876543
200,80.0,20,False,0.09876543209876543,0.09876543209876543
200,80.0,18,True,0.13580246913580246,0.1111111111111111
200,80.0,15,True,0.1111111111111111,0.20987654320987653
200,80.0,4,True,0.09876543209876543,0.07407407407407407
200,80.0,20,False,0.07407407407407407,0.1111111111111111
200,80.0,3,True,0.09876543209876543,0.1728395061728395
200,80.0,10,True,0.024691358024691357,0.09876543209876543
200,80.0,5,True,0.12345679012345678,0.09876543209876543
200,80.0,10,True,0.12345679012345678,0.07407407407407407
200,80.0,20,False,0.09876543209876543,0.12345679012345678
200,80.0,20,False,0.18518518518518517,0.1111111111111111
200,80.0,10,True,0.07407407407407407,0.14814814814814814
200,80.0,17,True,0.1111111111111111,0.16049382716049382
200,80.0,20,False,0.12345679012345678,0.12345679012345678
200,80.0,8,True,0.14814814814814814,0.13580246913580246
200,80.0,15,True,0.12345679012345678,0.09876543209876543
200,80.0,20,False,0.12345679012345678,0.08641975308641975
200,80.0,5,True,0.08641975308641975,0.12345679012345678
200,80.0,11,True,0.12345679012345678,0.14814814814814814
200,80.0,20,False,0.12345679012345678,0.1111111111111111
200,80.0,4,True,0.09876543209876543,0.09876543209876543
200,80.0,20,False,0.12345679012345678,0.09876543209876543
200,80.0,15,True,0.12345679012345678,0.13580246913580246
200,80.0,3,True,0.13580246913580246,0.06172839506172839
200,80.0,12,True,0.08641975308641975,0.13580246913580246
200,80.0,20,False,0.13580246913580246,0.13580246913580246
200,80.0,20,False,0.09876543209876543,0.14814814814814814
200,80.0,18,True,0.12345679012345678,0.09876543209876543
200,80.0,20,False,0.1111111111111111,0.08641975308641975
200,80.0,11,True,0.1111111111111111,0.09876543209876543
200,80.0,20,False,0.1111111111111111,0.09876543209876543
200,80.0,20,False,0.1111111111111111,0.07407407407407407
200,80.0,20,False,0.1111111111111111,0.09876543209876543
200,80.0,5,True,0.09876543209876543,0.07407407407407407
200,80.0,3,True,0.09876543209876543,0.09876543209876543
200,80.0,20,False,0.08641975308641975,0.09876543209876543
200,80.0,20,False,0.1111111111111111,0.08641975308641975
200,80.0,20,False,0.12345679012345678,0.12345679012345678
300,0.0,1,True,1.0,1.0
300,0.0,1,True,1.0,1.0
300,0.0,1,True,1.0,1.0
300,0.0,1,True,1.0,1.0
300,0.0,1,True,1.0,1.0
300,0.0,1,True,1.0,1.0
300,0.0,1,True,1.0,1.0
300,0.0,1,True,1.0,1.0
300,0.0,1,True,1.0,1.0
300,0.0,1,True,1.0,1.0
300,0.0,1,True,1.0,1.0
300,0.0,1,True,1.0,1.0
300,0.0,1,True,1.0,1.0
300,0.0,1,True,1.0,1.0
300,0.0,1,True,1.0,1.0
300,0.0,1,True,1.0,1.0
300,0.0,1,True,1.0,1.0
300,0.0,1,True,1.0,1.0
300,0.0,1,True,1.0,1.0
300,0.0,1,True,1.0,1.0
300,0.0,1,True,1.0,1.0
300,0.0,1,True,1.0,1.0
300,0.0,1,True,1.0,1.0
300,0.0,1,True,1.0,1.0
300,0.0,1,True,1.0,1.0
300,0.0,1,True,1.0,1.0
300,0.0,1,True,1.0,1.0
300,0.0,1,True,1.0,1.0
300,0.0,1,True,1.0,1.0
300,0.0,1,True,1.0,1.0
300,0.0,1,True,1.0,1.0
300,0.0,1,True,1.0,1.0
300,0.0,1,True,1.0,1.0
300,0.0,1,True,1.0,1.0
300,0.0,1,True,1.0,1.0
300,0.0,1,True,1.0,1.0
300,0.0,1,True,1.0,1.0
300,0.0,1,True,1.0,1.0
300,0.0,1,True,1.0,1.0
300,0.0,1,True,1.0,1.0
300,0.0,1,True,1.0,1.0
300,0.0,1,True,1.0,1.0
300,0.0,1,True,1.0,1.0
300,0.0,1,True,1.0,1.0
300,0.0,1,True,1.0,1.0
300,0.0,1,True,1.0,1.0
300,0.0,1,True,1.0,1.0
300,0.0,1,True,1.0,1.0
300,0.0,1,True,1.0,1.0
300,0.0,1,True,1.0,1.0
300,5.0,2,True,1.0,1.0
300,5.0,2,True,1.0,1.0
300,5.0,2,True,1.0,1.0
300,5.0,2,True,1.0,1.0
300,5.0,2,True,1.0,1.0
300,5.0,2,True,1.0,1.0
300,5.0,2,True,1.0,1.0
300,5.0,2,True,1.0,1.0
300,5.0,2,True,1.0,1.0
300,5.0,2,True,1.0,1.0
300,5.0,2,True,1.0,1.0
300,5.0,2,True,1.0,1.0
300,5.0,2,True,1.0,1.0
300,5.0,2,True,1.0,1.0
300,5.0,2,True,1.0,1.0
300,5.0,2,True,1.0,1.0
300,5.0,2,True,1.0,1.0
300,5.0,2,True,1.0,1.0
300,5.0,2,True,1.0,1.0
300,5.0,2,True,1.0,1.0
300,5.0,2,True,1.0,1.0
300,5.0,2,True,1.0,1.0
300,5.0,2,True,1.0,1.0
300,5.0,2,True,1.0,1.0
300,5.0,2,True,1.0,1.0
300,5.0,2,True,1.0,1.0
300,5.0,2,True,1.0,1.0
300,5.0,2,True,1.0,1.0
300,5.0,2,True,1.0,1.0
300,5.0,2,True,1.0,1.0
300,5.0,2,True,1.0,1.0
300,5.0,2,True,1.0,1.0
300,5.0,2,True,1.0,1.0
300,5.0,2,True,1.0,1.0
300,5.0,2,True,1.0,1.0
300,5.0,2,True,1.0,1.0
300,5.0,2,True,1.0,1.0
300,5.0,2,True,1.0,1.0
300,5.0,2,True,1.0,1.0
300,5.0,2,True,1.0,1.0
300,5.0,2,True,1.0,1.0
300,5.0,2,True,1.0,1.0
300,5.0,2,True,1.0,1.0
300,5.0,2,True,1.0,1.0
300,5.0,2,True,1.0,1.0
300,5.0,2,True,1.0,1.0
300,5.0,2,True,1.0,1.0
300,5.0,2,True,1.0,1.0
300,5.0,2,True,1.0,1.0
300,5.0,2,True,1.0,1.0
300,10.0,2,True,1.0,1.0
300,10.0,2,True,1.0,1.0
300,10.0,2,True,1.0,1.0
300,10.0,2,True,1.0,1.0
300,10.0,2,True,1.0,1.0
300,10.0,2,True,1.0,1.0
300,10.0,2,True,1.0,1.0
300,10.0,2,True,1.0,1.0
300,10.0,2,True,1.0,1.0
300,10.0,2,True,1.0,1.0
300,10.0,2,True,1.0,1.0
300,10.0,2,True,1.0,1.0
300,10.0,2,True,1.0,1.0
300,10.0,2,True,1.0,1.0
300,10.0,2,True,1.0,1.0
300,10.0,2,True,1.0,1.0
300,10.0,2,True,1.0,1.0
300,10.0,2,True,1.0,1.0
300,10.0,2,True,1.0,1.0
300,10.0,2,True,1.0,1.0
300,10.0,2,True,1.0,1.0
300,10.0,2,True,1.0,1.0
300,10.0,2,True,1.0,1.0
300,10.0,2,True,1.0,1.0
300,10.0,2,True,1.0,1.0
300,10.0,2,True,1.0,1.0
300,10.0,2,True,1.0,1.0
300,10.0,2,True,1.0,1.0
300,10.0,2,True,1.0,1.0
300,10.0,2,True,1.0,1.0
300,10.0,2,True,1.0,1.0
300,10.0,2,True,1.0,1.0
300,10.0,2,True,1.0,1.0
300,10.0,2,True,1.0,1.0
300,10.0,2,True,1.0,1.0
300,10.0,2,True,1.0,1.0
300,10.0,2,True,1.0,1.0
300,10.0,2,True,1.0,1.0
300,10.0,2,True,1.0,1.0
300,10.0,2,True,1.0,1.0
300,10.0,2,True,1.0,1.0
300,10.0,2,True,1.0,1.0
300,10.0,2,True,1.0,1.0
300,10.0,2,True,1.0,1.0
300,10.0,2,True,1.0,1.0
300,10.0,2,True,1.0,1.0
300,10.0,2,True,1.0,1.0
300,10.0,2,True,1.0,1.0
300,10.0,2,True,1.0,1.0
300,10.0,2,True,1.0,1.0
300,15.0,2,True,1.0,1.0
300,15.0,2,True,1.0,1.0
300,15.0,2,True,1.0,1.0
300,15.0,2,True,1.0,1.0
300,15.0,2,True,1.0,1.0
300,15.0,2,True,1.0,1.0
300,15.0,2,True,1.0,1.0
300,15.0,2,True,1.0,1.0
300,15.0,2,True,1.0,1.0
300,15.0,2,True,1.0,1.0
300,15.0,2,True,1.0,1.0
300,15.0,2,True,1.0,1.0
300,15.0,2,True,1.0,1.0
300,15.0,2,True,1.0,1.0
300,15.0,2,True,1.0,1.0
300,15.0,2,True,1.0,1.0
300,15.0,2,True,1.0,1.0
300,15.0,2,True,1.0,1.0
300,15.0,2,True,1.0,1.0
300,15.0,2,True,1.0,1.0
300,15.0,2,True,1.0,1.0
300,15.0,2,True,1.0,1.0
300,15.0,2,True,1.0,1.0
300,15.0,2,True,1.0,1.0
300,15.0,2,True,1.0,1.0
300,15.0,2,True,1.0,1.0
300,15.0,2,True,1.0,1.0
300,15.0,2,True,1.0,1.0
300,15.0,2,True,1.0,1.0
300,15.0,2,True,1.0,1.0
300,15.0,2,True,1.0,1.0
300,15.0,2,True,1.0,1.0
300,15.0,2,True,1.0,1.0
300,15.0,2,True,1.0,1.0
300,15.0,2,True,1.0,1.0
300,15.0,2,True,1.0,1.0
300,15.0,2,True,1.0,1.0
300,15.0,2,True,1.0,1.0
300,15.0,2,True,1.0,1.0
300,15.0,2,True,1.0,1.0
300,15.0,2,True,1.0,1.0
300,15.0,2,True,1.0,1.0
300,15.0,2,True,1.0,1.0
300,15.0,2,True,1.0,1.0
300,15.0,2,True,1.0,1.0
300,15.0,2,True,1.0,1.0
300,15.0,2,True,1.0,1.0
300,15.0,2,True,1.0,1.0
300,15.0,2,True,1.0,1.0
300,15.0,2,True,1.0,1.0
300,20.0,2,True,1.0,1.0
300,20.0,2,True,1.0,1.0
300,20.0,2,True,1.0,1.0
300,20.0,2,True,1.0,1.0
300,20.0,2,True,1.0,1.0
300,20.0,2,True,1.0,1.0
300,20.0,2,True,1.0,1.0
300,20.0,2,True,1.0,1.0
300,20.0,2,True,1.0,1.0
300,20.0,2,True,1.0,1.0
300,20.0,2,True,1.0,1.0
300,20.0,2,True,1.0,1.0
300,20.0,2,True,1.0,1.0
300,20.0,2,True,1.0,1.0
300,20.0,2,True,1.0,1.0
300,20.0,2,True,1.0,1.0
300,20.0,2,True,1.0,1.0
300,20.0,2,True,1.0,1.0
300,20.0,2,True,1.0,1.0
300,20.0,2,True,1.0,1.0
300,20.0,2,True,1.0,1.0
300,20.0,2,True,1.0,1.0
300,20.0,2,True,1.0,1.0
300,20.0,2,True,1.0,1.0
300,20.0,2,True,1.0,1.0
300,20.0,2,True,1.0,1.0
300,20.0,2,True,1.0,1.0
300,20.0,2,True,1.0,1.0
300,20.0,2,True,1.0,1.0
300,20.0,2,True,1.0,1.0
300,20.0,2,True,1.0,1.0
300,20.0,2,True,1.0,1.0
300,20.0,2,True,1.0,1.0
300,20.0,2,True,1.0,1.0
300,20.0,2,True,1.0,1.0
300,20.0,2,True,1.0,1.0
300,20.0,2,True,1.0,1.0
300,20.0,2,True,1.0,1.0
300,20.0,2,True,1.0,1.0
300,20.0,2,True,1.0,1.0
300,20.0,2,True,1.0,1.0
300,20.0,2,True,1.0,1.0
300,20.0,2,True,1.0,1.0
300,20.0,2,True,1.0,1.0
300,20.0,2,True,1.0,1.0
300,20.0,2,True,1.0,1.0
300,20.0,2,True,1.0,1.0
300,20.0,2,True,1.0,1.0
300,20.0,2,True,1.0,1.0
300,20.0,2,True,1.0,1.0
300,25.0,2,True,1.0,1.0
300,25.0,2,True,1.0,1.0
300,25.0,2,True,1.0,1.0
300,25.0,2,True,1.0,1.0
300,25.0,2,True,1.0,1.0
300,25.0,2,True,1.0,1.0
300,25.0,2,True,1.0,1.0
300,25.0,2,True,1.0,1.0
300,25.0,2,True,1.0,1.0
300,25.0,2,True,1.0,1.0
300,25.0,2,True,1.0,1.0
300,25.0,2,True,1.0,1.0
300,25.0,2,True,1.0,1.0
300,25.0,2,True,1.0,1.0
300,25.0,2,True,1.0,1.0
300,25.0,2,True,1.0,1.0
300,25.0,2,True,1.0,1.0
300,25.0,2,True,1.0,1.0
300,25.0,2,True,1.0,1.0
300,25.0,2,True,1.0,1.0
300,25.0,2,True,1.0,1.0
300,25.0,2,True,1.0,1.0
300,25.0,2,True,1.0,1.0
300,25.0,2,True,1.0,1.0
300,25.0,2,True,1.0,1.0
300,25.0,2,True,1.0,1.0
300,25.0,2,True,1.0,1.0
300,25.0,2,True,1.0,1.0
300,25.0,2,True,1.0,1.0
300,25.0,2,True,1.0,1.0
300,25.0,2,True,1.0,1.0
300,25.0,2,True,1.0,1.0
300,25.0,2,True,1.0,1.0
300,25.0,2,True,1.0,1.0
300,25.0,2,True,1.0,1.0
300,25.0,2,True,1.0,1.0
300,25.0,2,True,1.0,1.0
300,25.0,2,True,1.0,1.0
300,25.0,2,True,1.0,1.0
300,25.0,2,True,1.0,1.0
300,25.0,2,True,1.0,1.0
300,25.0,2,True,1.0,1.0
300,25.0,2,True,1.0,1.0
300,25.0,2,True,1.0,1.0
300,25.0,2,True,1.0,1.0
300,25.0,2,True,1.0,1.0
300,25.0,2,True,1.0,1.0
300,25.0,2,True,1.0,1.0
300,25.0,2,True,1.0,1.0
300,25.0,2,True,1.0,1.0
300,30.0,2,True,1.0,1.0
300,30.0,2,True,1.0,1.0
300,30.0,2,True,1.0,1.0
300,30.0,2,True,1.0,1.0
300,30.0,2,True,1.0,1.0
300,30.0,2,True,1.0,1.0
300,30.0,2,True,1.0,1.0
300,30.0,2,True,1.0,1.0
300,30.0,2,True,1.0,1.0
300,30.0,2,True,1.0,1.0
300,30.0,2,True,1.0,1.0
300,30.0,2,True,1.0,1.0
300,30.0,2,True,1.0,1.0
300,30.0,2,True,1.0,1.0
300,30.0,2,True,1.0,1.0
300,30.0,2,True,1.0,1.0
300,30.0,2,True,1.0,1.0
300,30.0,2,True,1.0,1.0
300,30.0,2,True,1.0,1.0
300,30.0,2,True,1.0,1.0
300,30.0,2,True,1.0,1.0
300,30.0,2,True,1.0,1.0
300,30.0,2,True,1.0,1.0
300,30.0,2,True,1.0,1.0
300,30.0,2,True,1.0,1.0
300,30.0,2,True,1.0,1.0
300,30.0,2,True,1.0,1.0
300,30.0,2,True,1.0,1.0
300,30.0,2,True,1.0,1.0
300,30.0,2,True,1.0,1.0
300,30.0,2,True,1.0,1.0
300,30.0,2,True,1.0,1.0
300,30.0,2,True,1.0,1.0
300,30.0,2,True,1.0,1.0
300,30.0,2,True,1.0,1.0
300,30.0,2,True,1.0,1.0
300,30.0,2,True,1.0,1.0
300,30.0,2,True,1.0,1.0
300,30.0,2,True,1.0,1.0
300,30.0,2,True,1.0,1.0
300,30.0,2,True,1.0,1.0
300,30.0,2,True,1.0,1.0
300,30.0,2,True,1.0,1.0
300,30.0,2,True,1.0,1.0
300,30.0,2,True,1.0,1.0
300,30.0,2,True,1.0,1.0
300,30.0,2,True,1.0,1.0
300,30.0,2,True,1.0,1.0
300,30.0,2,True,1.0,1.0
300,30.0,2,True,1.0,1.0
300,35.0,2,True,1.0,1.0
300,35.0,2,True,1.0,1.0
300,35.0,2,True,1.0,1.0
300,35.0,2,True,1.0,1.0
300,35.0,2,True,1.0,1.0
300,35.0,2,True,1.0,1.0
300,35.0,2,True,1.0,1.0
300,35.0,2,True,1.0,1.0
300,35.0,2,True,1.0,1.0
300,35.0,2,True,1.0,1.0
300,35.0,2,True,1.0,1.0
300,35.0,2,True,1.0,1.0
300,35.0,2,True,1.0,1.0
300,35.0,2,True,1.0,1.0
300,35.0,2,True,1.0,1.0
300,35.0,2,True,1.0,1.0
300,35.0,2,True,1.0,1.0
300,35.0,2,True,1.0,1.0
300,35.0,2,True,1.0,1.0
300,35.0,2,True,1.0,1.0
300,35.0,2,True,1.0,1.0
300,35.0,2,True,1.0,1.0
300,35.0,2,True,1.0,1.0
300,35.0,2,True,1.0,1.0
300,35.0,2,True,1.0,1.0
300,35.0,2,True,1.0,1.0
300,35.0,2,True,1.0,1.0
300,35.0,2,True,1.0,1.0
300,35.0,2,True,1.0,1.0
300,35.0,2,True,1.0,1.0
300,35.0,2,True,1.0,1.0
300,35.0,2,True,1.0,1.0
300,35.0,2,True,1.0,1.0
300,35.0,2,True,1.0,1.0
300,35.0,2,True,1.0,1.0
300,35.0,2,True,1.0,1.0
300,35.0,2,True,1.0,1.0
300,35.0,2,True,1.0,1.0
300,35.0,2,True,1.0,1.0
300,35.0,2,True,1.0,1.0
300,35.0,2,True,1.0,1.0
300,35.0,2,True,1.0,1.0
300,35.0,2,True,1.0,1.0
300,35.0,2,True,1.0,1.0
300,35.0,2,True,1.0,1.0
300,35.0,2,True,1.0,1.0
300,35.0,2,True,1.0,1.0
300,35.0,2,True,1.0,1.0
300,35.0,2,True,1.0,1.0
300,35.0,2,True,1.0,1.0
300,40.0,3,True,0.8518518518518519,1.0
300,40.0,3,True,0.25925925925925924,1.0
300,40.0,3,True,0.30864197530864196,1.0
300,40.0,3,True,0.5185185185185185,1.0
300,40.0,3,True,0.35802469135802467,1.0
300,40.0,3,True,0.2962962962962963,1.0
300,40.0,3,True,0.18518518518518517,1.0
300,40.0,3,True,0.2962962962962963,1.0
300,40.0,3,True,0.18518518518518517,1.0
300,40.0,2,True,1.0,1.0
300,40.0,3,True,0.38271604938271603,1.0
300,40.0,4,True,0.1728395061728395,1.0
300,40.0,3,True,0.7654320987654321,1.0
300,40.0,3,True,0.3333333333333333,1.0
300,40.0,3,True,0.6419753086419753,1.0
300,40.0,3,True,0.30864197530864196,1.0
300,40.0,4,True,0.13580246913580246,1.0
300,40.0,3,True,0.2839506172839506,1.0
300,40.0,3,True,0.6049382716049383,1.0
300,40.0,3,True,0.49382716049382713,1.0
300,40.0,3,True,0.14814814814814814,1.0
300,40.0,3,True,0.32098765432098764,1.0
300,40.0,3,True,0.14814814814814814,1.0
300,40.0,3,True,0.19753086419753085,1.0
300,40.0,3,True,0.2839506172839506,1.0
300,40.0,3,True,0.7901234567901234,1.0
300,40.0,3,True,0.2222222222222222,1.0
300,40.0,3,True,0.25925925925925924,1.0
300,40.0,3,True,0.4444444444444444,1.0
300,40.0,3,True,0.30864197530864196,1.0
300,40.0,3,True,0.345679012345679,1.0
300,40.0,3,True,0.30864197530864196,1.0
300,40.0,3,True,0.19753086419753085,1.0
300,40.0,3,True,0.35802469135802467,1.0
300,40.0,3,True,0.2345679012345679,1.0
300,40.0,3,True,0.3333333333333333,1.0
300,40.0,3,True,0.8888888888888888,1.0
300,40.0,3,True,0.18518518518518517,1.0
300,40.0,3,True,0.2962962962962963,1.0
300,40.0,3,True,0.30864197530864196,1.0
300,40.0,3,True,0.8765432098765432,1.0
300,40.0,3,True,0.35802469135802467,1.0
300,40.0,3,True,0.1728395061728395,1.0
300,40.0,2,True,1.0,1.0
300,40.0,3,True,0.14814814814814814,1.0
300,40.0,3,True,0.16049382716049382,1.0
300,40.0,3,True,0.32098765432098764,1.0
300,40.0,3,True,0.19753086419753085,1.0
300,40.0,3,True,0.9012345679012346,1.0
300,40.0,3,True,0.345679012345679,1.0
300,45.0,10,True,0.12345679012345678,0.1111111111111111
300,45.0,6,True,0.12345679012345678,0.1111111111111111
300,45.0,17,True,0.08641975308641975,0.1111111111111111
300,45.0,8,True,0.09876543209876543,0.1111111111111111
300,45.0,6,True,0.14814814814814814,0.09876543209876543
300,45.0,10,True,0.1111111111111111,0.1111111111111111
300,45.0,8,True,0.18518518518518517,0.1111111111111111
300,45.0,6,True,0.12345679012345678,0.06172839506172839
300,45.0,11,True,0.1111111111111111,0.1111111111111111
300,45.0,14,True,0.1111111111111111,0.1111111111111111
300,45.0,20,False,0.09876543209876543,0.09876543209876543
300,45.0,12,True,0.12345679012345678,0.1111111111111111
300,45.0,9,True,0.1111111111111111,0.1111111111111111
300,45.0,20,True,0.1111111111111111,0.08641975308641975
300,45.0,7,True,0.09876543209876543,0.1111111111111111
300,45.0,19,True,0.13580246913580246,0.1111111111111111
300,45.0,11,True,0.1111111111111111,0.1111111111111111
300,45.0,5,True,0.12345679012345678,0.08641975308641975
300,45.0,5,True,0.1111111111111111,0.1111111111111111
300,45.0,17,True,0.1111111111111111,0.1111111111111111
300,45.0,10,True,0.1111111111111111,0.1111111111111111
300,45.0,11,True,0.1111111111111111,0.1111111111111111
300,45.0,9,True,0.12345679012345678,0.1111111111111111
300,45.0,13,True,0.13580246913580246,0.1111111111111111
300,45.0,9,True,0.12345679012345678,0.1111111111111111
300,45.0,9,True,0.1111111111111111,0.07407407407407407
300,45.0,9,True,0.09876543209876543,0.1111111111111111
300,45.0,7,True,0.12345679012345678,0.08641975308641975
300,45.0,5,True,0.1111111111111111,0.1111111111111111
300,45.0,17,True,0.1111111111111111,0.1111111111111111
300,45.0,13,True,0.09876543209876543,0.1111111111111111
300,45.0,4,True,0.12345679012345678,0.2345679012345679
300,45.0,8,True,0.12345679012345678,0.1111111111111111
300,45.0,13,True,0.09876543209876543,0.1111111111111111
300,45.0,9,True,0.1111111111111111,0.1111111111111111
300,45.0,15,True,0.1111111111111111,0.1111111111111111
300,45.0,10,True,0.12345679012345678,0.1111111111111111
300,45.0,13,True,0.1111111111111111,0.1111111111111111
300,45.0,5,True,0.1111111111111111,0.1111111111111111
300,45.0,11,True,0.12345679012345678,0.1111111111111111
300,45.0,13,True,0.1111111111111111,0.1111111111111111
300,45.0,8,True,0.1111111111111111,0.1111111111111111
300,45.0,19,True,0.08641975308641975,0.1111111111111111
300,45.0,6,True,0.1111111111111111,0.1111111111111111
300,45.0,18,True,0.13580246913580246,0.1111111111111111
300,45.0,6,True,0.1111111111111111,0.1111111111111111
300,45.0,7,True,0.1111111111111111,0.1111111111111111
300,45.0,12,True,0.1111111111111111,0.1111111111111111
300,45.0,14,True,0.1111111111111111,0.1111111111111111
300,45.0,8,True,0.13580246913580246,0.1111111111111111
300,50.0,6,True,0.09876543209876543,0.1111111111111111
300,50.0,7,True,0.09876543209876543,0.1111111111111111
300,50.0,15,True,0.08641975308641975,0.1111111111111111
300,50.0,20,True,0.1111111111111111,0.1111111111111111
300,50.0,9,True,0.09876543209876543,0.1111111111111111
300,50.0,14,True,0.1111111111111111,0.1111111111111111
300,50.0,9,True,0.12345679012345678,0.1111111111111111
300,50.0,11,True,0.12345679012345678,0.1111111111111111
300,50.0,11,True,0.08641975308641975,0.1111111111111111
300,50.0,8,True,0.09876543209876543,0.1111111111111111
300,50.0,9,True,0.1111111111111111,0.1111111111111111
300,50.0,9,True,0.1111111111111111,0.1111111111111111
300,50.0,5,True,0.12345679012345678,0.16049382716049382
300,50.0,6,True,0.09876543209876543,0.07407407407407407
300,50.0,13,True,0.12345679012345678,0.13580246913580246
300,50.0,7,True,0.08641975308641975,0.1111111111111111
300,50.0,5,True,0.1111111111111111,0.1111111111111111
300,50.0,17,True,0.08641975308641975,0.1111111111111111
300,50.0,17,True,0.1111111111111111,0.1111111111111111
300,50.0,5,True,0.12345679012345678,0.12345679012345678
300,50.0,14,True,0.1111111111111111,0.09876543209876543
300,50.0,4,True,0.1111111111111111,0.1111111111111111
300,50.0,12,True,0.12345679012345678,0.1111111111111111
300,50.0,17,True,0.1111111111111111,0.1111111111111111
300,50.0,13,True,0.09876543209876543,0.1111111111111111
300,50.0,20,True,0.1111111111111111,0.1111111111111111
300,50.0,10,True,0.09876543209876543,0.1111111111111111
300,50.0,11,True,0.12345679012345678,0.1111111111111111
300,50.0,7,True,0.12345679012345678,0.1111111111111111
300,50.0,9,True,0.1111111111111111,0.1111111111111111
300,50.0,7,True,0.12345679012345678,0.1111111111111111
300,50.0,11,True,0.1111111111111111,0.1111111111111111
300,50.0,12,True,0.13580246913580246,0.024691358024691357
300,50.0,4,True,0.09876543209876543,0.1111111111111111
300,50.0,11,True,0.12345679012345678,0.1111111111111111
300,50.0,7,True,0.1111111111111111,0.1111111111111111
300,50.0,7,True,0.12345679012345678,0.1111111111111111
300,50.0,9,True,0.1111111111111111,0.1111111111111111
300,50.0,13,True,0.1111111111111111,0.1111111111111111
300,50.0,5,True,0.1111111111111111,0.1111111111111111
300,50.0,6,True,0.1111111111111111,0.1111111111111111
300,50.0,5,True,0.1111111111111111,0.1111111111111111
300,50.0,5,True,0.1111111111111111,0.1111111111111111
300,50.0,13,True,0.12345679012345678,0.1111111111111111
300,50.0,14,True,0.1111111111111111,0.1111111111111111
300,50.0,12,True,0.1111111111111111,0.1111111111111111
300,50.0,9,True,0.13580246913580246,0.1111111111111111
300,50.0,6,True,0.12345679012345678,0.1111111111111111
300,50.0,13,True,0.12345679012345678,0.1111111111111111
300,50.0,10,True,0.1111111111111111,0.1111111111111111
300,55.00000000000001,8,True,0.1111111111111111,0.1111111111111111
300,55.00000000000001,10,True,0.09876543209876543,0.1111111111111111
300,55.00000000000001,5,True,0.1111111111111111,0.1111111111111111
300,55.00000000000001,10,True,0.1111111111111111,0.1111111111111111
300,55.00000000000001,6,True,0.1111111111111111,0.1111111111111111
300,55.00000000000001,15,True,0.13580246913580246,0.1111111111111111
300,55.00000000000001,17,True,0.1111111111111111,0.1111111111111111
300,55.00000000000001,13,True,0.09876543209876543,0.1111111111111111
300,55.00000000000001,8,True,0.09876543209876543,0.1111111111111111
300,55.00000000000001,13,True,0.1111111111111111,0.1111111111111111
300,55.00000000000001,8,True,0.1111111111111111,0.1111111111111111
300,55.00000000000001,6,True,0.09876543209876543,0.1111111111111111
300,55.00000000000001,5,True,0.1111111111111111,0.1111111111111111
300,55.00000000000001,8,True,0.1111111111111111,0.1111111111111111
300,55.00000000000001,5,True,0.1111111111111111,0.1111111111111111
300,55.00000000000001,7,True,0.1111111111111111,0.1111111111111111
300,55.00000000000001,8,True,0.1111111111111111,0.1111111111111111
300,55.00000000000001,12,True,0.09876543209876543,0.1111111111111111
300,55.00000000000001,9,True,0.09876543209876543,0.1111111111111111
300,55.00000000000001,14,True,0.1111111111111111,0.1111111111111111
300,55.00000000000001,15,True,0.1111111111111111,0.1111111111111111
300,55.00000000000001,8,True,0.09876543209876543,0.1111111111111111
300,55.00000000000001,5,True,0.12345679012345678,0.06172839506172839
300,55.00000000000001,11,True,0.12345679012345678,0.1111111111111111
300,55.00000000000001,6,True,0.1111111111111111,0.1111111111111111
300,55.00000000000001,8,True,0.1111111111111111,0.1111111111111111
300,55.00000000000001,12,True,0.13580246913580246,0.1111111111111111
300,55.00000000000001,6,True,0.12345679012345678,0.1111111111111111
300,55.00000000000001,9,True,0.1111111111111111,0.1111111111111111
300,55.00000000000001,20,False,0.1111111111111111,0.12345679012345678
300,55.00000000000001,6,True,0.1111111111111111,0.1111111111111111
300,55.00000000000001,16,True,0.12345679012345678,0.1111111111111111
300,55.00000000000001,19,True,0.1111111111111111,0.1111111111111111
300,55.00000000000001,8,True,0.09876543209876543,0.1111111111111111
300,55.00000000000001,8,True,0.1111111111111111,0.1111111111111111
300,55.00000000000001,5,True,0.1111111111111111,0.12345679012345678
300,55.00000000000001,7,True,0.1111111111111111,0.1111111111111111
300,55.00000000000001,5,True,0.1111111111111111,0.1111111111111111
300,55.00000000000001,6,True,0.09876543209876543,0.1111111111111111
300,55.00000000000001,4,True,0.09876543209876543,0.09876543209876543
300,55.00000000000001,6,True,0.09876543209876543,0.1111111111111111
300,55.00000000000001,15,True,0.1111111111111111,0.1111111111111111
300,55.00000000000001,11,True,0.1111111111111111,0.1111111111111111
300,55.00000000000001,7,True,0.1111111111111111,0.1111111111111111
300,55.00000000000001,7,True,0.12345679012345678,0.1111111111111111
300,55.00000000000001,4,True,0.09876543209876543,0.09876543209876543
300,55.00000000000001,12,True,0.12345679012345678,0.1111111111111111
300,55.00000000000001,13,True,0.1111111111111111,0.1111111111111111
300,55.00000000000001,6,True,0.07407407407407407,0.1111111111111111
300,55.00000000000001,5,True,0.1111111111111111,0.08641975308641975
300,60.0,17,True,0.1111111111111111,0.1111111111111111
300,60.0,6,True,0.09876543209876543,0.1111111111111111
300,60.0,17,True,0.12345679012345678,0.1111111111111111
300,60.0,8,True,0.12345679012345678,0.1111111111111111
300,60.0,7,True,0.1111111111111111,0.1111111111111111
300,60.0,13,True,0.1111111111111111,0.1111111111111111
300,60.0,9,True,0.12345679012345678,0.1111111111111111
300,60.0,6,True,0.12345679012345678,0.1111111111111111
300,60.0,13,True,0.1111111111111111,0.1111111111111111
300,60.0,7,True,0.12345679012345678,0.1111111111111111
300,60.0,5,True,0.12345679012345678,0.1111111111111111
300,60.0,7,True,0.08641975308641975,0.1111111111111111
300,60.0,10,True,0.12345679012345678,0.1111111111111111
300,60.0,9,True,0.09876543209876543,0.1111111111111111
300,60.0,6,True,0.08641975308641975,0.1111111111111111
300,60.0,13,True,0.09876543209876543,0.1111111111111111
300,60.0,10,True,0.1111111111111111,0.1111111111111111
300,60.0,8,True,0.1111111111111111,0.1111111111111111
300,60.0,7,True,0.1111111111111111,0.1111111111111111
300,60.0,5,True,0.1111111111111111,0.1111111111111111
300,60.0,7,True,0.1111111111111111,0.1111111111111111
300,60.0,9,True,0.08641975308641975,0.1111111111111111
300,60.0,12,True,0.1111111111111111,0.1111111111111111
300,60.0,20,False,0.1111111111111111,0.09876543209876543
300,60.0,7,True,0.12345679012345678,0.1111111111111111
300,60.0,18,True,0.12345679012345678,0.1111111111111111
300,60.0,16,True,0.09876543209876543,0.1111111111111111
300,60.0,10,True,0.1111111111111111,0.1111111111111111
300,60.0,8,True,0.09876543209876543,0.1111111111111111
300,60.0,5,True,0.1111111111111111,0.1111111111111111
300,60.0,11,True,0.1111111111111111,0.1111111111111111
300,60.0,5,True,0.1111111111111111,0.13580246913580246
300,60.0,20,False,0.13580246913580246,0.1111111111111111
300,60.0,15,True,0.1111111111111111,0.1111111111111111
300,60.0,11,True,0.1111111111111111,0.1111111111111111
300,60.0,3,True,0.1111111111111111,0.1111111111111111
300,60.0,6,True,0.09876543209876543,0.1111111111111111
300,60.0,10,True,0.13580246913580246,0.1111111111111111
300,60.0,8,True,0.1111111111111111,0.1111111111111111
300,60.0,5,True,0.1111111111111111,0.1111111111111111
300,60.0,10,True,0.1111111111111111,0.1111111111111111
300,60.0,11,True,0.12345679012345678,0.1111111111111111
300,60.0,13,True,0.1111111111111111,0.1111111111111111
300,60.0,6,True,0.14814814814814814,0.1111111111111111
300,60.0,20,True,0.1111111111111111,0.1111111111111111
300,60.0,11,True,0.12345679012345678,0.08641975308641975
300,60.0,10,True,0.1111111111111111,0.1111111111111111
300,60.0,11,True,0.12345679012345678,0.1111111111111111
300,60.0,7,True,0.09876543209876543,0.1111111111111111
300,60.0,5,True,0.1111111111111111,0.1111111111111111
300,70.0,9,True,0.09876543209876543,0.1111111111111111
300,70.0,7,True,0.09876543209876543,0.1111111111111111
300,70.0,9,True,0.09876543209876543,0.1111111111111111
300,70.0,3,True,0.1111111111111111,0.1111111111111111
300,70.0,8,True,0.07407407407407407,0.1111111111111111
300,70.0,8,True,0.12345679012345678,0.1111111111111111
300,70.0,9,True,0.13580246913580246,0.1111111111111111
300,70.0,10,True,0.12345679012345678,0.1111111111111111
300,70.0,17,True,0.09876543209876543,0.1111111111111111
300,70.0,11,True,0.12345679012345678,0.1111111111111111
300,70.0,19,True,0.12345679012345678,0.1111111111111111
300,70.0,4,True,0.09876543209876543,0.1111111111111111
300,70.0,14,True,0.1111111111111111,0.1111111111111111
300,70.0,11,True,0.1111111111111111,0.1111111111111111
300,70.0,16,True,0.1111111111111111,0.1111111111111111
300,70.0,10,True,0.09876543209876543,0.1111111111111111
300,70.0,20,False,0.1111111111111111,0.08641975308641975
300,70.0,7,True,0.1111111111111111,0.1111111111111111
300,70.0,12,True,0.09876543209876543,0.1111111111111111
300,70.0,8,True,0.1111111111111111,0.09876543209876543
300,70.0,19,True,0.12345679012345678,0.1111111111111111
300,70.0,14,True,0.1111111111111111,0.1111111111111111
300,70.0,6,True,0.09876543209876543,0.1111111111111111
300,70.0,7,True,0.12345679012345678,0.1111111111111111
300,70.0,5,True,0.1111111111111111,0.1111111111111111
300,70.0,8,True,0.13580246913580246,0.1111111111111111
300,70.0,7,True,0.1111111111111111,0.1111111111111111
300,70.0,18,True,0.09876543209876543,0.1111111111111111
300,70.0,15,True,0.09876543209876543,0.1111111111111111
300,70.0,7,True,0.1111111111111111,0.16049382716049382
300,70.0,7,True,0.1111111111111111,0.1111111111111111
300,70.0,16,True,0.12345679012345678,0.1111111111111111
300,70.0,5,True,0.1111111111111111,0.08641975308641975
300,70.0,8,True,0.1111111111111111,0.1111111111111111
300,70.0,13,True,0.09876543209876543,0.16049382716049382
300,70.0,14,True,0.09876543209876543,0.1111111111111111
300,70.0,6,True,0.1111111111111111,0.12345679012345678
300,70.0,12,True,0.13580246913580246,0.1111111111111111
300,70.0,9,True,0.1111111111111111,0.12345679012345678
300,70.0,12,True,0.09876543209876543,0.1111111111111111
300,70.0,10,True,0.1111111111111111,0.1111111111111111
300,70.0,5,True,0.1111111111111111,0.1111111111111111
300,70.0,17,True,0.1111111111111111,0.1111111111111111
300,70.0,6,True,0.12345679012345678,0.1111111111111111
300,70.0,5,True,0.1111111111111111,0.1111111111111111
300,70.0,9,True,0.1111111111111111,0.1111111111111111
300,70.0,8,True,0.12345679012345678,0.1111111111111111
300,70.0,12,True,0.09876543209876543,0.1111111111111111
300,70.0,20,True,0.1111111111111111,0.1111111111111111
300,70.0,19,True,0.09876543209876543,0.1111111111111111
300,80.0,15,True,0.1111111111111111,0.1111111111111111
300,80.0,7,True,0.12345679012345678,0.1111111111111111
300,80.0,9,True,0.1111111111111111,0.1111111111111111
300,80.0,7,True,0.1111111111111111,0.1111111111111111
300,80.0,12,True,0.1111111111111111,0.1111111111111111
300,80.0,10,True,0.12345679012345678,0.1111111111111111
300,80.0,6,True,0.09876543209876543,0.1111111111111111
300,80.0,14,True,0.1111111111111111,0.1111111111111111
300,80.0,6,True,0.12345679012345678,0.1111111111111111
300,80.0,4,True,0.1111111111111111,0.08641975308641975
300,80.0,5,True,0.1111111111111111,0.1111111111111111
300,80.0,12,True,0.1111111111111111,0.1111111111111111
300,80.0,15,True,0.1111111111111111,0.1111111111111111
300,80.0,5,True,0.09876543209876543,0.12345679012345678
300,80.0,13,True,0.1111111111111111,0.1111111111111111
300,80.0,12,True,0.1111111111111111,0.1111111111111111
300,80.0,11,True,0.12345679012345678,0.1111111111111111
300,80.0,12,True,0.1111111111111111,0.1111111111111111
300,80.0,4,True,0.1111111111111111,0.1111111111111111
300,80.0,13,True,0.09876543209876543,0.1111111111111111
300,80.0,7,True,0.1111111111111111,0.1111111111111111
300,80.0,9,True,0.1111111111111111,0.1111111111111111
300,80.0,9,True,0.1111111111111111,0.1111111111111111
300,80.0,12,True,0.12345679012345678,0.1111111111111111
300,80.0,15,True,0.1111111111111111,0.04938271604938271
300,80.0,5,True,0.1111111111111111,0.1111111111111111
300,80.0,11,True,0.1111111111111111,0.1111111111111111
300,80.0,11,True,0.12345679012345678,0.1111111111111111
300,80.0,10,True,0.1111111111111111,0.1111111111111111
300,80.0,5,True,0.1111111111111111,0.1111111111111111
300,80.0,15,True,0.1111111111111111,0.1111111111111111
300,80.0,4,True,0.1111111111111111,0.1111111111111111
300,80.0,6,True,0.1111111111111111,0.08641975308641975
300,80.0,9,True,0.09876543209876543,0.12345679012345678
300,80.0,9,True,0.08641975308641975,0.1111111111111111
300,80.0,14,True,0.12345679012345678,0.1111111111111111
300,80.0,14,True,0.09876543209876543,0.1111111111111111
300,80.0,20,False,0.08641975308641975,0.1111111111111111
300,80.0,11,True,0.12345679012345678,0.1111111111111111
300,80.0,10,True,0.1111111111111111,0.1111111111111111
300,80.0,11,True,0.09876543209876543,0.1111111111111111
300,80.0,18,True,0.1111111111111111,0.1111111111111111
300,80.0,9,True,0.12345679012345678,0.1111111111111111
300,80.0,5,True,0.09876543209876543,0.1111111111111111
300,80.0,11,True,0.12345679012345678,0.1111111111111111
300,80.0,11,True,0.1111111111111111,0.1111111111111111
300,80.0,6,True,0.09876543209876543,0.1111111111111111
300,80.0,9,True,0.1111111111111111,0.1111111111111111
300,80.0,15,True,0.1111111111111111,0.06172839506172839
300,80.0,13,True,0.12345679012345678,0.1111111111111111
400,0.0,1,True,1.0,1.0
400,0.0,1,True,1.0,1.0
400,0.0,1,True,1.0,1.0
400,0.0,1,True,1.0,1.0
400,0.0,1,True,1.0,1.0
400,0.0,1,True,1.0,1.0
400,0.0,1,True,1.0,1.0
400,0.0,1,True,1.0,1.0
400,0.0,1,True,1.0,1.0
400,0.0,1,True,1.0,1.0
400,0.0,1,True,1.0,1.0
400,0.0,1,True,1.0,1.0
400,0.0,1,True,1.0,1.0
400,0.0,1,True,1.0,1.0
400,0.0,1,True,1.0,1.0
400,0.0,1,True,1.0,1.0
400,0.0,1,True,1.0,1.0
400,0.0,1,True,1.0,1.0
400,0.0,1,True,1.0,1.0
400,0.0,1,True,1.0,1.0
400,0.0,1,True,1.0,1.0
400,0.0,1,True,1.0,1.0
400,0.0,1,True,1.0,1.0
400,0.0,1,True,1.0,1.0
400,0.0,1,True,1.0,1.0
400,0.0,1,True,1.0,1.0
400,0.0,1,True,1.0,1.0
400,0.0,1,True,1.0,1.0
400,0.0,1,True,1.0,1.0
400,0.0,1,True,1.0,1.0
400,0.0,1,True,1.0,1.0
400,0.0,1,True,1.0,1.0
400,0.0,1,True,1.0,1.0
400,0.0,1,True,1.0,1.0
400,0.0,1,True,1.0,1.0
400,0.0,1,True,1.0,1.0
400,0.0,1,True,1.0,1.0
400,0.0,1,True,1.0,1.0
400,0.0,1,True,1.0,1.0
400,0.0,1,True,1.0,1.0
400,0.0,1,True,1.0,1.0
400,0.0,1,True,1.0,1.0
400,0.0,1,True,1.0,1.0
400,0.0,1,True,1.0,1.0
400,0.0,1,True,1.0,1.0
400,0.0,1,True,1.0,1.0
400,0.0,1,True,1.0,1.0
400,0.0,1,True,1.0,1.0
400,0.0,1,True,1.0,1.0
400,0.0,1,True,1.0,1.0
400,5.0,2,True,1.0,1.0
400,5.0,2,True,1.0,1.0
400,5.0,2,True,1.0,1.0
400,5.0,2,True,1.0,1.0
400,5.0,2,True,1.0,1.0
400,5.0,2,True,1.0,1.0
400,5.0,2,True,1.0,1.0
400,5.0,2,True,1.0,1.0
400,5.0,2,True,1.0,1.0
400,5.0,2,True,1.0,1.0
400,5.0,2,True,1.0,1.0
400,5.0,2,True,1.0,1.0
400,5.0,2,True,1.0,1.0
400,5.0,2,True,1.0,1.0
400,5.0,2,True,1.0,1.0
400,5.0,2,True,1.0,1.0
400,5.0,2,True,1.0,1.0
400,5.0,2,True,1.0,1.0
400,5.0,2,True,1.0,1.0
400,5.0,2,True,1.0,1.0
400,5.0,2,True,1.0,1.0
400,5.0,2,True,1.0,1.0
400,5.0,2,True,1.0,1.0
400,5.0,2,True,1.0,1.0
400,5.0,2,True,1.0,1.0
400,5.0,2,True,1.0,1.0
400,5.0,2,True,1.0,1.0
400,5.0,2,True,1.0,1.0
400,5.0,2,True,1.0,1.0
400,5.0,2,True,1.0,1.0
400,5.0,2,True,1.0,1.0
400,5.0,2,True,1.0,1.0
400,5.0,2,True,1.0,1.0
400,5.0,2,True,1.0,1.0
400,5.0,2,True,1.0,1.0
400,5.0,2,True,1.0,1.0
400,5.0,2,True,1.0,1.0
400,5.0,2,True,1.0,1.0
400,5.0,2,True,1.0,1.0
400,5.0,2,True,1.0,1.0
400,5.0,2,True,1.0,1.0
400,5.0,2,True,1.0,1.0
400,5.0,2,True,1.0,1.0
400,5.0,2,True,1.0,1.0
400,5.0,2,True,1.0,1.0
400,5.0,2,True,1.0,1.0
400,5.0,2,True,1.0,1.0
400,5.0,2,True,1.0,1.0
400,5.0,2,True,1.0,1.0
400,5.0,2,True,1.0,1.0
400,10.0,2,True,1.0,1.0
400,10.0,2,True,1.0,1.0
400,10.0,2,True,1.0,1.0
400,10.0,2,True,1.0,1.0
400,10.0,2,True,1.0,1.0
400,10.0,2,True,1.0,1.0
400,10.0,2,True,1.0,1.0
400,10.0,2,True,1.0,1.0
400,10.0,2,True,1.0,1.0
400,10.0,2,True,1.0,1.0
400,10.0,2,True,1.0,1.0
400,10.0,2,True,1.0,1.0
400,10.0,2,True,1.0,1.0
400,10.0,2,True,1.0,1.0
400,10.0,2,True,1.0,1.0
400,10.0,2,True,1.0,1.0
400,10.0,2,True,1.0,1.0
400,10.0,2,True,1.0,1.0
400,10.0,2,True,1.0,1.0
400,10.0,2,True,1.0,1.0
400,10.0,2,True,1.0,1.0
400,10.0,2,True,1.0,1.0
400,10.0,2,True,1.0,1.0
400,10.0,2,True,1.0,1.0
400,10.0,2,True,1.0,1.0
400,10.0,2,True,1.0,1.0
400,10.0,2,True,1.0,1.0
400,10.0,2,True,1.0,1.0
400,10.0,2,True,1.0,1.0
400,10.0,2,True,1.0,1.0
400,10.0,2,True,1.0,1.0
400,10.0,2,True,1.0,1.0
400,10.0,2,True,1.0,1.0
400,10.0,2,True,1.0,1.0
400,10.0,2,True,1.0,1.0
400,10.0,2,True,1.0,1.0
400,10.0,2,True,1.0,1.0
400,10.0,2,True,1.0,1.0
400,10.0,2,True,1.0,1.0
400,10.0,2,True,1.0,1.0
400,10.0,2,True,1.0,1.0
400,10.0,2,True,1.0,1.0
400,10.0,2,True,1.0,1.0
400,10.0,2,True,1.0,1.0
400,10.0,2,True,1.0,1.0
400,10.0,2,True,1.0,1.0
400,10.0,2,True,1.0,1.0
400,10.0,2,True,1.0,1.0
400,10.0,2,True,1.0,1.0
400,10.0,2,True,1.0,1.0
400,15.0,2,True,1.0,1.0
400,15.0,2,True,1.0,1.0
400,15.0,2,True,1.0,1.0
400,15.0,2,True,1.0,1.0
400,15.0,2,True,1.0,1.0
400,15.0,2,True,1.0,1.0
400,15.0,2,True,1.0,1.0
400,15.0,2,True,1.0,1.0
400,15.0,2,True,1.0,1.0
400,15.0,2,True,1.0,1.0
400,15.0,2,True,1.0,1.0
400,15.0,2,True,1.0,1.0
400,15.0,2,True,1.0,1.0
400,15.0,2,True,1.0,1.0
400,15.0,2,True,1.0,1.0
400,15.0,2,True,1.0,1.0
400,15.0,2,True,1.0,1.0
400,15.0,2,True,1.0,1.0
400,15.0,2,True,1.0,1.0
400,15.0,2,True,1.0,1.0
400,15.0,2,True,1.0,1.0
400,15.0,2,True,1.0,1.0
400,15.0,2,True,1.0,1.0
400,15.0,2,True,1.0,1.0
400,15.0,2,True,1.0,1.0
400,15.0,2,True,1.0,1.0
400,15.0,2,True,1.0,1.0
400,15.0,2,True,1.0,1.0
400,15.0,2,True,1.0,1.0
400,15.0,2,True,1.0,1.0
400,15.0,2,True,1.0,1.0
400,15.0,2,True,1.0,1.0
400,15.0,2,True,1.0,1.0
400,15.0,2,True,1.0,1.0
400,15.0,2,True,1.0,1.0
400,15.0,2,True,1.0,1.0
400,15.0,2,True,1.0,1.0
400,15.0,2,True,1.0,1.0
400,15.0,2,True,1.0,1.0
400,15.0,2,True,1.0,1.0
400,15.0,2,True,1.0,1.0
400,15.0,2,True,1.0,1.0
400,15.0,2,True,1.0,1.0
400,15.0,2,True,1.0,1.0
400,15.0,2,True,1.0,1.0
400,15.0,2,True,1.0,1.0
400,15.0,2,True,1.0,1.0
400,15.0,2,True,1.0,1.0
400,15.0,2,True,1.0,1.0
400,15.0,2,True,1.0,1.0
400,20.0,2,True,1.0,1.0
400,20.0,2,True,1.0,1.0
400,20.0,2,True,1.0,1.0
400,20.0,2,True,1.0,1.0
400,20.0,2,True,1.0,1.0
400,20.0,2,True,1.0,1.0
400,20.0,2,True,1.0,1.0
400,20.0,2,True,1.0,1.0
400,20.0,2,True,1.0,1.0
400,20.0,2,True,1.0,1.0
400,20.0,2,True,1.0,1.0
400,20.0,2,True,1.0,1.0
400,20.0,2,True,1.0,1.0
400,20.0,2,True,1.0,1.0
400,20.0,2,True,1.0,1.0
400,20.0,2,True,1.0,1.0
400,20.0,2,True,1.0,1.0
400,20.0,2,True,1.0,1.0
400,20.0,2,True,1.0,1.0
400,20.0,2,True,1.0,1.0
400,20.0,2,True,1.0,1.0
400,20.0,2,True,1.0,1.0
400,20.0,2,True,1.0,1.0
400,20.0,2,True,1.0,1.0
400,20.0,2,True,1.0,1.0
400,20.0,2,True,1.0,1.0
400,20.0,2,True,1.0,1.0
400,20.0,2,True,1.0,1.0
400,20.0,2,True,1.0,1.0
400,20.0,2,True,1.0,1.0
400,20.0,2,True,1.0,1.0
400,20.0,2,True,1.0,1.0
400,20.0,2,True,1.0,1.0
400,20.0,2,True,1.0,1.0
400,20.0,2,True,1.0,1.0
400,20.0,2,True,1.0,1.0
400,20.0,2,True,1.0,1.0
400,20.0,2,True,1.0,1.0
400,20.0,2,True,1.0,1.0
400,20.0,2,True,1.0,1.0
400,20.0,2,True,1.0,1.0
400,20.0,2,True,1.0,1.0
400,20.0,2,True,1.0,1.0
400,20.0,2,True,1.0,1.0
400,20.0,2,True,1.0,1.0
400,20.0,2,True,1.0,1.0
400,20.0,2,True,1.0,1.0
400,20.0,2,True,1.0,1.0
400,20.0,2,True,1.0,1.0
400,20.0,2,True,1.0,1.0
400,25.0,2,True,1.0,1.0
400,25.0,2,True,1.0,1.0
400,25.0,2,True,1.0,1.0
400,25.0,2,True,1.0,1.0
400,25.0,2,True,1.0,1.0
400,25.0,2,True,1.0,1.0
400,25.0,2,True,1.0,1.0
400,25.0,2,True,1.0,1.0
400,25.0,2,True,1.0,1.0
400,25.0,2,True,1.0,1.0
400,25.0,2,True,1.0,1.0
400,25.0,2,True,1.0,1.0
400,25.0,2,True,1.0,1.0
400,25.0,2,True,1.0,1.0
400,25.0,2,True,1.0,1.0
400,25.0,2,True,1.0,1.0
400,25.0,2,True,1.0,1.0
400,25.0,2,True,1.0,1.0
400,25.0,2,True,1.0,1.0
400,25.0,2,True,1.0,1.0
400,25.0,2,True,1.0,1.0
400,25.0,2,True,1.0,1.0
400,25.0,2,True,1.0,1.0
400,25.0,2,True,1.0,1.0
400,25.0,2,True,1.0,1.0
400,25.0,2,True,1.0,1.0
400,25.0,2,True,1.0,1.0
400,25.0,2,True,1.0,1.0
400,25.0,2,True,1.0,1.0
400,25.0,2,True,1.0,1.0
400,25.0,2,True,1.0,1.0
400,25.0,2,True,1.0,1.0
400,25.0,2,True,1.0,1.0
400,25.0,2,True,1.0,1.0
400,25.0,2,True,1.0,1.0
400,25.0,2,True,1.0,1.0
400,25.0,2,True,1.0,1.0
400,25.0,2,True,1.0,1.0
400,25.0,2,True,1.0,1.0
400,25.0,2,True,1.0,1.0
400,25.0,2,True,1.0,1.0
400,25.0,2,True,1.0,1.0
400,25.0,2,True,1.0,1.0
400,25.0,2,True,1.0,1.0
400,25.0,2,True,1.0,1.0
400,25.0,2,True,1.0,1.0
400,25.0,2,True,1.0,1.0
400,25.0,2,True,1.0,1.0
400,25.0,2,True,1.0,1.0
400,25.0,2,True,1.0,1.0
400,30.0,2,True,1.0,1.0
400,30.0,2,True,1.0,1.0
400,30.0,2,True,1.0,1.0
400,30.0,2,True,1.0,1.0
400,30.0,2,True,1.0,1.0
400,30.0,2,True,1.0,1.0
400,30.0,2,True,1.0,1.0
400,30.0,2,True,1.0,1.0
400,30.0,2,True,1.0,1.0
400,30.0,2,True,1.0,1.0
400,30.0,2,True,1.0,1.0
400,30.0,2,True,1.0,1.0
400,30.0,2,True,1.0,1.0
400,30.0,2,True,1.0,1.0
400,30.0,2,True,1.0,1.0
400,30.0,2,True,1.0,1.0
400,30.0,2,True,1.0,1.0
400,30.0,2,True,1.0,1.0
400,30.0,2,True,1.0,1.0
400,30.0,2,True,1.0,1.0
400,30.0,2,True,1.0,1.0
400,30.0,2,True,1.0,1.0
400,30.0,2,True,1.0,1.0
400,30.0,2,True,1.0,1.0
400,30.0,2,True,1.0,1.0
400,30.0,2,True,1.0,1.0
400,30.0,2,True,1.0,1.0
400,30.0,2,True,1.0,1.0
400,30.0,2,True,1.0,1.0
400,30.0,2,True,1.0,1.0
400,30.0,2,True,1.0,1.0
400,30.0,2,True,1.0,1.0
400,30.0,2,True,1.0,1.0
400,30.0,2,True,1.0,1.0
400,30.0,2,True,1.0,1.0
400,30.0,2,True,1.0,1.0
400,30.0,2,True,1.0,1.0
400,30.0,2,True,1.0,1.0
400,30.0,2,True,1.0,1.0
400,30.0,2,True,1.0,1.0
400,30.0,2,True,1.0,1.0
400,30.0,2,True,1.0,1.0
400,30.0,2,True,1.0,1.0
400,30.0,2,True,1.0,1.0
400,30.0,2,True,1.0,1.0
400,30.0,2,True,1.0,1.0
400,30.0,2,True,1.0,1.0
400,30.0,2,True,1.0,1.0
400,30.0,2,True,1.0,1.0
400,30.0,2,True,1.0,1.0
400,35.0,2,True,1.0,1.0
400,35.0,2,True,1.0,1.0
400,35.0,2,True,1.0,1.0
400,35.0,2,True,1.0,1.0
400,35.0,2,True,1.0,1.0
400,35.0,2,True,1.0,1.0
400,35.0,2,True,1.0,1.0
400,35.0,2,True,1.0,1.0
400,35.0,2,True,1.0,1.0
400,35.0,2,True,1.0,1.0
400,35.0,2,True,1.0,1.0
400,35.0,2,True,1.0,1.0
400,35.0,2,True,1.0,1.0
400,35.0,2,True,1.0,1.0
400,35.0,2,True,1.0,1.0
400,35.0,2,True,1.0,1.0
400,35.0,2,True,1.0,1.0
400,35.0,2,True,1.0,1.0
400,35.0,2,True,1.0,1.0
400,35.0,2,True,1.0,1.0
400,35.0,2,True,1.0,1.0
400,35.0,2,True,1.0,1.0
400,35.0,2,True,1.0,1.0
400,35.0,2,True,1.0,1.0
400,35.0,2,True,1.0,1.0
400,35.0,2,True,1.0,1.0
400,35.0,2,True,1.0,1.0
400,35.0,2,True,1.0,1.0
400,35.0,2,True,1.0,1.0
400,35.0,2,True,1.0,1.0
400,35.0,2,True,1.0,1.0
400,35.0,2,True,1.0,1.0
400,35.0,2,True,1.0,1.0
400,35.0,2,True,1.0,1.0
400,35.0,2,True,1.0,1.0
400,35.0,2,True,1.0,1.0
400,35.0,2,True,1.0,1.0
400,35.0,2,True,1.0,1.0
400,35.0,2,True,1.0,1.0
400,35.0,2,True,1.0,1.0
400,35.0,2,True,1.0,1.0
400,35.0,2,True,1.0,1.0
400,35.0,2,True,1.0,1.0
400,35.0,2,True,1.0,1.0
400,35.0,2,True,1.0,1.0
400,35.0,2,True,1.0,1.0
400,35.0,2,True,1.0,1.0
400,35.0,2,True,1.0,1.0
400,35.0,2,True,1.0,1.0
400,35.0,2,True,1.0,1.0
400,40.0,3,True,0.14814814814814814,1.0
400,40.0,3,True,0.20987654320987653,1.0
400,40.0,3,True,0.16049382716049382,1.0
400,40.0,3,True,0.20987654320987653,1.0
400,40.0,3,True,0.1728395061728395,1.0
400,40.0,3,True,0.13580246913580246,1.0
400,40.0,4,True,0.1111111111111111,1.0
400,40.0,3,True,0.14814814814814814,1.0
400,40.0,3,True,0.2962962962962963,1.0
400,40.0,3,True,0.1111111111111111,1.0
400,40.0,3,True,0.20987654320987653,1.0
400,40.0,4,True,0.13580246913580246,1.0
400,40.0,3,True,0.25925925925925924,1.0
400,40.0,4,True,0.1111111111111111,0.1111111111111111
400,40.0,4,True,0.1111111111111111,0.1111111111111111
400,40.0,3,True,0.1728395061728395,1.0
400,40.0,3,True,0.16049382716049382,1.0
400,40.0,3,True,0.14814814814814814,1.0
400,40.0,4,True,0.1111111111111111,1.0
400,40.0,3,True,0.16049382716049382,1.0
400,40.0,3,True,0.1728395061728395,1.0
400,40.0,3,True,0.16049382716049382,1.0
400,40.0,3,True,0.19753086419753085,1.0
400,40.0,3,True,0.2222222222222222,1.0
400,40.0,3,True,0.12345679012345678,1.0
400,40.0,3,True,0.1728395061728395,1.0
400,40.0,3,True,0.1111111111111111,1.0
400,40.0,3,True,0.30864197530864196,1.0
400,40.0,3,True,0.1111111111111111,1.0
400,40.0,3,True,0.2716049382716049,1.0
400,40.0,3,True,0.1728395061728395,1.0
400,40.0,4,True,0.14814814814814814,1.0
400,40.0,3,True,0.2716049382716049,1.0
400,40.0,3,True,0.14814814814814814,1.0
400,40.0,3,True,0.1728395061728395,1.0
400,40.0,3,True,0.2345679012345679,1.0
400,40.0,3,True,0.13580246913580246,1.0
400,40.0,3,True,0.14814814814814814,1.0
400,40.0,3,True,0.14814814814814814,1.0
400,40.0,3,True,0.1728395061728395,1.0
400,40.0,3,True,0.1728395061728395,1.0
400,40.0,3,True,0.12345679012345678,1.0
400,40.0,4,True,0.1111111111111111,1.0
400,40.0,4,True,0.13580246913580246,1.0
400,40.0,3,True,0.24691358024691357,1.0
400,40.0,3,True,0.14814814814814814,1.0
400,40.0,3,True,0.1111111111111111,1.0
400,40.0,3,True,0.18518518518518517,1.0
400,40.0,3,True,0.2222222222222222,1.0
400,40.0,3,True,0.19753086419753085,1.0
400,45.0,2,True,0.1111111111111111,0.1111111111111111
400,45.0,2,True,0.1111111111111111,0.1111111111111111
400,45.0,2,True,0.1111111111111111,0.1111111111111111
400,45.0,2,True,0.1111111111111111,0.1111111111111111
400,45.0,2,True,0.1111111111111111,0.1111111111111111
400,45.0,2,True,0.1111111111111111,0.1111111111111111
400,45.0,3,True,0.1111111111111111,0.1111111111111111
400,45.0,2,True,0.1111111111111111,0.1111111111111111
400,45.0,3,True,0.1111111111111111,0.1111111111111111
400,45.0,2,True,0.1111111111111111,0.1111111111111111
400,45.0,3,True,0.1111111111111111,0.1111111111111111
400,45.0,2,True,0.1111111111111111,0.1111111111111111
400,45.0,2,True,0.1111111111111111,0.1111111111111111
400,45.0,2,True,0.1111111111111111,0.1111111111111111
400,45.0,3,True,0.1111111111111111,0.1111111111111111
400,45.0,3,True,0.09876543209876543,0.1111111111111111
400,45.0,2,True,0.1111111111111111,0.1111111111111111
400,45.0,4,True,0.12345679012345678,0.1111111111111111
400,45.0,3,True,0.1111111111111111,0.1111111111111111
400,45.0,2,True,0.1111111111111111,0.1111111111111111
400,45.0,2,True,0.1111111111111111,0.1111111111111111
400,45.0,2,True,0.1111111111111111,0.1111111111111111
400,45.0,2,True,0.1111111111111111,0.1111111111111111
400,45.0,3,True,0.09876543209876543,0.1111111111111111
400,45.0,3,True,0.12345679012345678,0.1111111111111111
400,45.0,2,True,0.1111111111111111,0.1111111111111111
400,45.0,3,True,0.1111111111111111,0.1111111111111111
400,45.0,2,True,0.1111111111111111,0.1111111111111111
400,45.0,2,True,0.1111111111111111,0.1111111111111111
400,45.0,3,True,0.1111111111111111,0.1111111111111111
400,45.0,4,True,0.1111111111111111,0.1111111111111111
400,45.0,3,True,0.09876543209876543,0.1111111111111111
400,45.0,2,True,0.1111111111111111,0.1111111111111111
400,45.0,2,True,0.1111111111111111,0.1111111111111111
400,45.0,2,True,0.1111111111111111,0.1111111111111111
400,45.0,3,True,0.09876543209876543,0.1111111111111111
400,45.0,2,True,0.1111111111111111,0.1111111111111111
400,45.0,2,True,0.1111111111111111,0.1111111111111111
400,45.0,3,True,0.09876543209876543,0.1111111111111111
400,45.0,3,True,0.1111111111111111,0.1111111111111111
400,45.0,2,True,0.1111111111111111,0.1111111111111111
400,45.0,2,True,0.1111111111111111,0.1111111111111111
400,45.0,2,True,0.1111111111111111,0.1111111111111111
400,45.0,3,True,0.12345679012345678,0.1111111111111111
400,45.0,2,True,0.1111111111111111,0.1111111111111111
400,45.0,2,True,0.1111111111111111,0.1111111111111111
400,45.0,2,True,0.1111111111111111,0.1111111111111111
400,45.0,2,True,0.1111111111111111,0.1111111111111111
400,45.0,2,True,0.1111111111111111,0.1111111111111111
400,45.0,2,True,0.1111111111111111,0.1111111111111111
400,50.0,2,True,0.1111111111111111,0.1111111111111111
400,50.0,3,True,0.1111111111111111,0.1111111111111111
400,50.0,3,True,0.12345679012345678,0.1111111111111111
400,50.0,2,True,0.1111111111111111,0.1111111111111111
400,50.0,3,True,0.1111111111111111,0.1111111111111111
400,50.0,3,True,0.09876543209876543,0.1111111111111111
400,50.0,3,True,0.1111111111111111,0.1111111111111111
400,50.0,2,True,0.1111111111111111,0.1111111111111111
400,50.0,2,True,0.1111111111111111,0.1111111111111111
400,50.0,3,True,0.1111111111111111,0.1111111111111111
400,50.0,3,True,0.1111111111111111,0.1111111111111111
400,50.0,2,True,0.1111111111111111,0.1111111111111111
400,50.0,2,True,0.1111111111111111,0.1111111111111111
400,50.0,3,True,0.1111111111111111,0.1111111111111111
400,50.0,2,True,0.1111111111111111,0.1111111111111111
400,50.0,2,True,0.1111111111111111,0.1111111111111111
400,50.0,3,True,0.1111111111111111,0.1111111111111111
400,50.0,2,True,0.1111111111111111,0.1111111111111111
400,50.0,2,True,0.1111111111111111,0.1111111111111111
400,50.0,2,True,0.1111111111111111,0.1111111111111111
400,50.0,3,True,0.1111111111111111,0.1111111111111111
400,50.0,2,True,0.1111111111111111,0.1111111111111111
400,50.0,2,True,0.1111111111111111,0.1111111111111111
400,50.0,3,True,0.1111111111111111,0.1111111111111111
400,50.0,4,True,0.1111111111111111,0.1111111111111111
400,50.0,3,True,0.1111111111111111,0.1111111111111111
400,50.0,2,True,0.1111111111111111,0.1111111111111111
400,50.0,2,True,0.1111111111111111,0.1111111111111111
400,50.0,3,True,0.12345679012345678,0.1111111111111111
400,50.0,3,True,0.1111111111111111,0.1111111111111111
400,50.0,3,True,0.1111111111111111,0.1111111111111111
400,50.0,3,True,0.1111111111111111,0.1111111111111111
400,50.0,2,True,0.1111111111111111,0.1111111111111111
400,50.0,3,True,0.1111111111111111,0.1111111111111111
400,50.0,3,True,0.1111111111111111,0.1111111111111111
400,50.0,3,True,0.1111111111111111,0.1111111111111111
400,50.0,3,True,0.1111111111111111,0.1111111111111111
400,50.0,2,True,0.1111111111111111,0.1111111111111111
400,50.0,2,True,0.1111111111111111,0.1111111111111111
400,50.0,2,True,0.1111111111111111,0.1111111111111111
400,50.0,2,True,0.1111111111111111,0.1111111111111111
400,50.0,2,True,0.1111111111111111,0.1111111111111111
400,50.0,2,True,0.1111111111111111,0.1111111111111111
400,50.0,3,True,0.1111111111111111,0.1111111111111111
400,50.0,4,True,0.1111111111111111,0.1111111111111111
400,50.0,3,True,0.1111111111111111,0.1111111111111111
400,50.0,3,True,0.1111111111111111,0.1111111111111111
400,50.0,2,True,0.1111111111111111,0.1111111111111111
400,50.0,3,True,0.1111111111111111,0.1111111111111111
400,50.0,2,True,0.1111111111111111,0.1111111111111111
400,55.00000000000001,2,True,0.1111111111111111,0.1111111111111111
400,55.00000000000001,2,True,0.1111111111111111,0.1111111111111111
400,55.00000000000001,3,True,0.1111111111111111,0.1111111111111111
400,55.00000000000001,2,True,0.1111111111111111,0.1111111111111111
400,55.00000000000001,2,True,0.1111111111111111,0.1111111111111111
400,55.00000000000001,2,True,0.1111111111111111,0.1111111111111111
400,55.00000000000001,3,True,0.1111111111111111,0.1111111111111111
400,55.00000000000001,2,True,0.1111111111111111,0.1111111111111111
400,55.00000000000001,2,True,0.1111111111111111,0.1111111111111111
400,55.00000000000001,3,True,0.09876543209876543,0.1111111111111111
400,55.00000000000001,2,True,0.1111111111111111,0.1111111111111111
400,55.00000000000001,2,True,0.1111111111111111,0.1111111111111111
400,55.00000000000001,2,True,0.1111111111111111,0.1111111111111111
400,55.00000000000001,2,True,0.1111111111111111,0.1111111111111111
400,55.00000000000001,2,True,0.1111111111111111,0.1111111111111111
400,55.00000000000001,3,True,0.1111111111111111,0.1111111111111111
400,55.00000000000001,2,True,0.1111111111111111,0.1111111111111111
400,55.00000000000001,2,True,0.1111111111111111,0.1111111111111111
400,55.00000000000001,2,True,0.1111111111111111,0.1111111111111111
400,55.00000000000001,3,True,0.1111111111111111,0.1111111111111111
400,55.00000000000001,3,True,0.12345679012345678,0.1111111111111111
400,55.00000000000001,2,True,0.1111111111111111,0.1111111111111111
400,55.00000000000001,3,True,0.12345679012345678,0.1111111111111111
400,55.00000000000001,2,True,0.1111111111111111,0.1111111111111111
400,55.00000000000001,2,True,0.1111111111111111,0.1111111111111111
400,55.00000000000001,2,True,0.1111111111111111,0.1111111111111111
400,55.00000000000001,3,True,0.1111111111111111,0.1111111111111111
400,55.00000000000001,2,True,0.1111111111111111,0.1111111111111111
400,55.00000000000001,2,True,0.1111111111111111,0.1111111111111111
400,55.00000000000001,3,True,0.1111111111111111,0.1111111111111111
400,55.00000000000001,4,True,0.09876543209876543,0.1111111111111111
400,55.00000000000001,2,True,0.1111111111111111,0.1111111111111111
400,55.00000000000001,3,True,0.1111111111111111,0.1111111111111111
400,55.00000000000001,3,True,0.09876543209876543,0.1111111111111111
400,55.00000000000001,3,True,0.12345679012345678,0.1111111111111111
400,55.00000000000001,3,True,0.1111111111111111,0.1111111111111111
400,55.00000000000001,3,True,0.09876543209876543,0.1111111111111111
400,55.00000000000001,3,True,0.1111111111111111,0.1111111111111111
400,55.00000000000001,3,True,0.1111111111111111,0.1111111111111111
400,55.00000000000001,2,True,0.1111111111111111,0.1111111111111111
400,55.00000000000001,3,True,0.1111111111111111,0.1111111111111111
400,55.00000000000001,3,True,0.12345679012345678,0.1111111111111111
400,55.00000000000001,2,True,0.1111111111111111,0.1111111111111111
400,55.00000000000001,3,True,0.1111111111111111,0.1111111111111111
400,55.00000000000001,2,True,0.1111111111111111,0.1111111111111111
400,55.00000000000001,2,True,0.1111111111111111,0.1111111111111111
400,55.00000000000001,2,True,0.1111111111111111,0.1111111111111111
400,55.00000000000001,2,True,0.1111111111111111,0.1111111111111111
400,55.00000000000001,3,True,0.1111111111111111,0.1111111111111111
400,55.00000000000001,2,True,0.1111111111111111,0.1111111111111111
400,60.0,3,True,0.09876543209876543,0.1111111111111111
400,60.0,3,True,0.1111111111111111,0.1111111111111111
400,60.0,2,True,0.1111111111111111,0.1111111111111111
400,60.0,3,True,0.1111111111111111,0.1111111111111111
400,60.0,3,True,0.1111111111111111,0.1111111111111111
400,60.0,2,True,0.1111111111111111,0.1111111111111111
400,60.0,3,True,0.12345679012345678,0.1111111111111111
400,60.0,3,True,0.09876543209876543,0.1111111111111111
400,60.0,2,True,0.1111111111111111,0.1111111111111111
400,60.0,2,True,0.1111111111111111,0.1111111111111111
400,60.0,2,True,0.1111111111111111,0.1111111111111111
400,60.0,3,True,0.1111111111111111,0.1111111111111111
400,60.0,2,True,0.1111111111111111,0.1111111111111111
400,60.0,2,True,0.1111111111111111,0.1111111111111111
400,60.0,3,True,0.1111111111111111,0.1111111111111111
400,60.0,3,True,0.1111111111111111,0.1111111111111111
400,60.0,3,True,0.1111111111111111,0.1111111111111111
400,60.0,2,True,0.1111111111111111,0.1111111111111111
400,60.0,3,True,0.1111111111111111,0.1111111111111111
400,60.0,3,True,0.1111111111111111,0.1111111111111111
400,60.0,2,True,0.1111111111111111,0.1111111111111111
400,60.0,2,True,0.1111111111111111,0.1111111111111111
400,60.0,3,True,0.09876543209876543,0.1111111111111111
400,60.0,2,True,0.1111111111111111,0.1111111111111111
400,60.0,2,True,0.1111111111111111,0.1111111111111111
400,60.0,2,True,0.1111111111111111,0.1111111111111111
400,60.0,2,True,0.1111111111111111,0.1111111111111111
400,60.0,2,True,0.1111111111111111,0.1111111111111111
400,60.0,2,True,0.1111111111111111,0.1111111111111111
400,60.0,3,True,0.1111111111111111,0.1111111111111111
400,60.0,2,True,0.1111111111111111,0.1111111111111111
400,60.0,3,True,0.12345679012345678,0.1111111111111111
400,60.0,3,True,0.1111111111111111,0.1111111111111111
400,60.0,3,True,0.1111111111111111,0.1111111111111111
400,60.0,2,True,0.1111111111111111,0.1111111111111111
400,60.0,3,True,0.1111111111111111,0.1111111111111111
400,60.0,2,True,0.1111111111111111,0.1111111111111111
400,60.0,2,True,0.1111111111111111,0.1111111111111111
400,60.0,2,True,0.1111111111111111,0.1111111111111111
400,60.0,3,True,0.12345679012345678,0.1111111111111111
400,60.0,2,True,0.1111111111111111,0.1111111111111111
400,60.0,2,True,0.1111111111111111,0.1111111111111111
400,60.0,3,True,0.09876543209876543,0.1111111111111111
400,60.0,2,True,0.1111111111111111,0.1111111111111111
400,60.0,2,True,0.1111111111111111,0.1111111111111111
400,60.0,3,True,0.1111111111111111,0.1111111111111111
400,60.0,3,True,0.1111111111111111,0.1111111111111111
400,60.0,2,True,0.1111111111111111,0.1111111111111111
400,60.0,2,True,0.1111111111111111,0.1111111111111111
400,60.0,2,True,0.1111111111111111,0.1111111111111111
400,70.0,2,True,0.1111111111111111,0.1111111111111111
400,70.0,2,True,0.1111111111111111,0.1111111111111111
400,70.0,3,True,0.1111111111111111,0.1111111111111111
400,70.0,3,True,0.1111111111111111,0.1111111111111111
400,70.0,2,True,0.1111111111111111,0.1111111111111111
400,70.0,2,True,0.1111111111111111,0.1111111111111111
400,70.0,3,True,0.12345679012345678,0.1111111111111111
400,70.0,2,True,0.1111111111111111,0.1111111111111111
400,70.0,2,True,0.1111111111111111,0.1111111111111111
400,70.0,3,True,0.12345679012345678,0.1111111111111111
400,70.0,2,True,0.1111111111111111,0.1111111111111111
400,70.0,2,True,0.1111111111111111,0.1111111111111111
400,70.0,2,True,0.1111111111111111,0.1111111111111111
400,70.0,3,True,0.1111111111111111,0.1111111111111111
400,70.0,3,True,0.09876543209876543,0.1111111111111111
400,70.0,3,True,0.09876543209876543,0.1111111111111111
400,70.0,3,True,0.1111111111111111,0.1111111111111111
400,70.0,2,True,0.1111111111111111,0.1111111111111111
400,70.0,3,True,0.1111111111111111,0.1111111111111111
400,70.0,2,True,0.1111111111111111,0.1111111111111111
400,70.0,3,True,0.09876543209876543,0.1111111111111111
400,70.0,3,True,0.09876543209876543,0.1111111111111111
400,70.0,3,True,0.1111111111111111,0.1111111111111111
400,70.0,2,True,0.1111111111111111,0.1111111111111111
400,70.0,3,True,0.1111111111111111,0.1111111111111111
400,70.0,3,True,0.12345679012345678,0.1111111111111111
400,70.0,2,True,0.1111111111111111,0.1111111111111111
400,70.0,2,True,0.1111111111111111,0.1111111111111111
400,70.0,2,True,0.1111111111111111,0.1111111111111111
400,70.0,3,True,0.1111111111111111,0.1111111111111111
400,70.0,3,True,0.1111111111111111,0.1111111111111111
400,70.0,2,True,0.1111111111111111,0.1111111111111111
400,70.0,2,True,0.1111111111111111,0.1111111111111111
400,70.0,2,True,0.1111111111111111,0.1111111111111111
400,70.0,2,True,0.1111111111111111,0.1111111111111111
400,70.0,2,True,0.1111111111111111,0.1111111111111111
400,70.0,2,True,0.1111111111111111,0.1111111111111111
400,70.0,3,True,0.1111111111111111,0.1111111111111111
400,70.0,2,True,0.1111111111111111,0.1111111111111111
400,70.0,3,True,0.1111111111111111,0.1111111111111111
400,70.0,3,True,0.12345679012345678,0.1111111111111111
400,70.0,3,True,0.1111111111111111,0.1111111111111111
400,70.0,3,True,0.1111111111111111,0.1111111111111111
400,70.0,2,True,0.1111111111111111,0.1111111111111111
400,70.0,3,True,0.09876543209876543,0.1111111111111111
400,70.0,3,True,0.12345679012345678,0.1111111111111111
400,70.0,2,True,0.1111111111111111,0.1111111111111111
400,70.0,2,True,0.1111111111111111,0.1111111111111111
400,70.0,3,True,0.09876543209876543,0.1111111111111111
400,70.0,2,True,0.1111111111111111,0.1111111111111111
400,80.0,3,True,0.1111111111111111,0.1111111111111111
400,80.0,2,True,0.1111111111111111,0.1111111111111111
400,80.0,2,True,0.1111111111111111,0.1111111111111111
400,80.0,3,True,0.1111111111111111,0.1111111111111111
400,80.0,4,True,0.1111111111111111,0.1111111111111111
400,80.0,3,True,0.12345679012345678,0.1111111111111111
400,80.0,3,True,0.13580246913580246,0.1111111111111111
400,80.0,2,True,0.1111111111111111,0.1111111111111111
400,80.0,3,True,0.1111111111111111,0.1111111111111111
400,80.0,3,True,0.1111111111111111,0.1111111111111111
400,80.0,2,True,0.1111111111111111,0.1111111111111111
400,80.0,2,True,0.1111111111111111,0.1111111111111111
400,80.0,3,True,0.09876543209876543,0.1111111111111111
400,80.0,3,True,0.1111111111111111,0.1111111111111111
400,80.0,3,True,0.1111111111111111,0.1111111111111111
400,80.0,3,True,0.1111111111111111,0.1111111111111111
400,80.0,3,True,0.12345679012345678,0.1111111111111111
400,80.0,3,True,0.09876543209876543,0.1111111111111111
400,80.0,3,True,0.1111111111111111,0.1111111111111111
400,80.0,3,True,0.09876543209876543,0.1111111111111111
400,80.0,2,True,0.1111111111111111,0.1111111111111111
400,80.0,3,True,0.12345679012345678,0.1111111111111111
400,80.0,3,True,0.09876543209876543,0.1111111111111111
400,80.0,3,True,0.12345679012345678,0.1111111111111111
400,80.0,2,True,0.1111111111111111,0.1111111111111111
400,80.0,2,True,0.1111111111111111,0.1111111111111111
400,80.0,2,True,0.1111111111111111,0.1111111111111111
400,80.0,2,True,0.1111111111111111,0.1111111111111111
400,80.0,2,True,0.1111111111111111,0.1111111111111111
400,80.0,2,True,0.1111111111111111,0.1111111111111111
400,80.0,2,True,0.1111111111111111,0.1111111111111111
400,80.0,3,True,0.12345679012345678,0.1111111111111111
400,80.0,2,True,0.1111111111111111,0.1111111111111111
400,80.0,2,True,0.1111111111111111,0.1111111111111111
400,80.0,2,True,0.1111111111111111,0.1111111111111111
400,80.0,2,True,0.1111111111111111,0.1111111111111111
400,80.0,3,True,0.09876543209876543,0.1111111111111111
400,80.0,2,True,0.1111111111111111,0.1111111111111111
400,80.0,4,True,0.09876543209876543,0.1111111111111111
400,80.0,2,True,0.1111111111111111,0.1111111111111111
400,80.0,2,True,0.1111111111111111,0.1111111111111111
400,80.0,3,True,0.1111111111111111,0.1111111111111111
400,80.0,3,True,0.1111111111111111,0.1111111111111111
400,80.0,3,True,0.1111111111111111,0.1111111111111111
400,80.0,3,True,0.1111111111111111,0.1111111111111111
400,80.0,3,True,0.1111111111111111,0.1111111111111111
400,80.0,3,True,0.12345679012345678,0.1111111111111111
400,80.0,3,True,0.08641975308641975,0.1111111111111111
400,80.0,4,True,0.1111111111111111,0.1111111111111111
400,80.0,2,True,0.1111111111111111,0.1111111111111111
500,0.0,1,True,1.0,1.0
500,0.0,1,True,1.0,1.0
500,0.0,1,True,1.0,1.0
500,0.0,1,True,1.0,1.0
500,0.0,1,True,1.0,1.0
500,0.0,1,True,1.0,1.0
500,0.0,1,True,1.0,1.0
500,0.0,1,True,1.0,1.0
500,0.0,1,True,1.0,1.0
500,0.0,1,True,1.0,1.0
500,0.0,1,True,1.0,1.0
500,0.0,1,True,1.0,1.0
500,0.0,1,True,1.0,1.0
500,0.0,1,True,1.0,1.0
500,0.0,1,True,1.0,1.0
500,0.0,1,True,1.0,1.0
500,0.0,1,True,1.0,1.0
500,0.0,1,True,1.0,1.0
500,0.0,1,True,1.0,1.0
500,0.0,1,True,1.0,1.0
500,0.0,1,True,1.0,1.0
500,0.0,1,True,1.0,1.0
500,0.0,1,True,1.0,1.0
500,0.0,1,True,1.0,1.0
500,0.0,1,True,1.0,1.0
500,0.0,1,True,1.0,1.0
500,0.0,1,True,1.0,1.0
500,0.0,1,True,1.0,1.0
500,0.0,1,True,1.0,1.0
500,0.0,1,True,1.0,1.0
500,0.0,1,True,1.0,1.0
500,0.0,1,True,1.0,1.0
500,0.0,1,True,1.0,1.0
500,0.0,1,True,1.0,1.0
500,0.0,1,True,1.0,1.0
500,0.0,1,True,1.0,1.0
500,0.0,1,True,1.0,1.0
500,0.0,1,True,1.0,1.0
500,0.0,1,True,1.0,1.0
500,0.0,1,True,1.0,1.0
500,0.0,1,True,1.0,1.0
500,0.0,1,True,1.0,1.0
500,0.0,1,True,1.0,1.0
500,0.0,1,True,1.0,1.0
500,0.0,1,True,1.0,1.0
500,0.0,1,True,1.0,1.0
500,0.0,1,True,1.0,1.0
500,0.0,1,True,1.0,1.0
500,0.0,1,True,1.0,1.0
500,0.0,1,True,1.0,1.0
500,5.0,2,True,1.0,1.0
500,5.0,2,True,1.0,1.0
500,5.0,2,True,1.0,1.0
500,5.0,2,True,1.0,1.0
500,5.0,2,True,1.0,1.0
500,5.0,2,True,1.0,1.0
500,5.0,2,True,1.0,1.0
500,5.0,2,True,1.0,1.0
500,5.0,2,True,1.0,1.0
500,5.0,2,True,1.0,1.0
500,5.0,2,True,1.0,1.0
500,5.0,2,True,1.0,1.0
500,5.0,2,True,1.0,1.0
500,5.0,2,True,1.0,1.0
500,5.0,2,True,1.0,1.0
500,5.0,2,True,1.0,1.0
500,5.0,2,True,1.0,1.0
500,5.0,2,True,1.0,1.0
500,5.0,2,True,1.0,1.0
500,5.0,2,True,1.0,1.0
500,5.0,2,True,1.0,1.0
500,5.0,2,True,1.0,1.0
500,5.0,2,True,1.0,1.0
500,5.0,2,True,1.0,1.0
500,5.0,2,True,1.0,1.0
500,5.0,2,True,1.0,1.0
500,5.0,2,True,1.0,1.0
500,5.0,2,True,1.0,1.0
500,5.0,2,True,1.0,1.0
500,5.0,2,True,1.0,1.0
500,5.0,2,True,1.0,1.0
500,5.0,2,True,1.0,1.0
500,5.0,2,True,1.0,1.0
500,5.0,2,True,1.0,1.0
500,5.0,2,True,1.0,1.0
500,5.0,2,True,1.0,1.0
500,5.0,2,True,1.0,1.0
500,5.0,2,True,1.0,1.0
500,5.0,2,True,1.0,1.0
500,5.0,2,True,1.0,1.0
500,5.0,2,True,1.0,1.0
500,5.0,2,True,1.0,1.0
500,5.0,2,True,1.0,1.0
500,5.0,2,True,1.0,1.0
500,5.0,2,True,1.0,1.0
500,5.0,2,True,1.0,1.0
500,5.0,2,True,1.0,1.0
500,5.0,2,True,1.0,1.0
500,5.0,2,True,1.0,1.0
500,5.0,2,True,1.0,1.0
500,10.0,2,True,1.0,1.0
500,10.0,2,True,1.0,1.0
500,10.0,2,True,1.0,1.0
500,10.0,2,True,1.0,1.0
500,10.0,2,True,1.0,1.0
500,10.0,2,True,1.0,1.0
500,10.0,2,True,1.0,1.0
500,10.0,2,True,1.0,1.0
500,10.0,2,True,1.0,1.0
500,10.0,2,True,1.0,1.0
500,10.0,2,True,1.0,1.0
500,10.0,2,True,1.0,1.0
500,10.0,2,True,1.0,1.0
500,10.0,2,True,1.0,1.0
500,10.0,2,True,1.0,1.0
500,10.0,2,True,1.0,1.0
500,10.0,2,True,1.0,1.0
500,10.0,2,True,1.0,1.0
500,10.0,2,True,1.0,1.0
500,10.0,2,True,1.0,1.0
500,10.0,2,True,1.0,1.0
500,10.0,2,True,1.0,1.0
500,10.0,2,True,1.0,1.0
500,10.0,2,True,1.0,1.0
500,10.0,2,True,1.0,1.0
500,10.0,2,True,1.0,1.0
500,10.0,2,True,1.0,1.0
500,10.0,2,True,1.0,1.0
500,10.0,2,True,1.0,1.0
500,10.0,2,True,1.0,1.0
500,10.0,2,True,1.0,1.0
500,10.0,2,True,1.0,1.0
500,10.0,2,True,1.0,1.0
500,10.0,2,True,1.0,1.0
500,10.0,2,True,1.0,1.0
500,10.0,2,True,1.0,1.0
500,10.0,2,True,1.0,1.0
500,10.0,2,True,1.0,1.0
500,10.0,2,True,1.0,1.0
500,10.0,2,True,1.0,1.0
500,10.0,2,True,1.0,1.0
500,10.0,2,True,1.0,1.0
500,10.0,2,True,1.0,1.0
500,10.0,2,True,1.0,1.0
500,10.0,2,True,1.0,1.0
500,10.0,2,True,1.0,1.0
500,10.0,2,True,1.0,1.0
500,10.0,2,True,1.0,1.0
500,10.0,2,True,1.0,1.0
500,10.0,2,True,1.0,1.0
500,15.0,2,True,1.0,1.0
500,15.0,2,True,1.0,1.0
500,15.0,2,True,1.0,1.0
500,15.0,2,True,1.0,1.0
500,15.0,2,True,1.0,1.0
500,15.0,2,True,1.0,1.0
500,15.0,2,True,1.0,1.0
500,15.0,2,True,1.0,1.0
500,15.0,2,True,1.0,1.0
500,15.0,2,True,1.0,1.0
500,15.0,2,True,1.0,1.0
500,15.0,2,True,1.0,1.0
500,15.0,2,True,1.0,1.0
500,15.0,2,True,1.0,1.0
500,15.0,2,True,1.0,1.0
500,15.0,2,True,1.0,1.0
500,15.0,2,True,1.0,1.0
500,15.0,2,True,1.0,1.0
500,15.0,2,True,1.0,1.0
500,15.0,2,True,1.0,1.0
500,15.0,2,True,1.0,1.0
500,15.0,2,True,1.0,1.0
500,15.0,2,True,1.0,1.0
500,15.0,2,True,1.0,1.0
500,15.0,2,True,1.0,1.0
500,15.0,2,True,1.0,1.0
500,15.0,2,True,1.0,1.0
500,15.0,2,True,1.0,1.0
500,15.0,2,True,1.0,1.0
500,15.0,2,True,1.0,1.0
500,15.0,2,True,1.0,1.0
500,15.0,2,True,1.0,1.0
500,15.0,2,True,1.0,1.0
500,15.0,2,True,1.0,1.0
500,15.0,2,True,1.0,1.0
500,15.0,2,True,1.0,1.0
500,15.0,2,True,1.0,1.0
500,15.0,2,True,1.0,1.0
500,15.0,2,True,1.0,1.0
500,15.0,2,True,1.0,1.0
500,15.0,2,True,1.0,1.0
500,15.0,2,True,1.0,1.0
500,15.0,2,True,1.0,1.0
500,15.0,2,True,1.0,1.0
500,15.0,2,True,1.0,1.0
500,15.0,2,True,1.0,1.0
500,15.0,2,True,1.0,1.0
500,15.0,2,True,1.0,1.0
500,15.0,2,True,1.0,1.0
500,15.0,2,True,1.0,1.0
500,20.0,2,True,1.0,1.0
500,20.0,2,True,1.0,1.0
500,20.0,2,True,1.0,1.0
500,20.0,2,True,1.0,1.0
500,20.0,2,True,1.0,1.0
500,20.0,2,True,1.0,1.0
500,20.0,2,True,1.0,1.0
500,20.0,2,True,1.0,1.0
500,20.0,2,True,1.0,1.0
500,20.0,2,True,1.0,1.0
500,20.0,2,True,1.0,1.0
500,20.0,2,True,1.0,1.0
500,20.0,2,True,1.0,1.0
500,20.0,2,True,1.0,1.0
500,20.0,2,True,1.0,1.0
500,20.0,2,True,1.0,1.0
500,20.0,2,True,1.0,1.0
500,20.0,2,True,1.0,1.0
500,20.0,2,True,1.0,1.0
500,20.0,2,True,1.0,1.0
500,20.0,2,True,1.0,1.0
500,20.0,2,True,1.0,1.0
500,20.0,2,True,1.0,1.0
500,20.0,2,True,1.0,1.0
500,20.0,2,True,1.0,1.0
500,20.0,2,True,1.0,1.0
500,20.0,2,True,1.0,1.0
500,20.0,2,True,1.0,1.0
500,20.0,2,True,1.0,1.0
500,20.0,2,True,1.0,1.0
500,20.0,2,True,1.0,1.0
500,20.0,2,True,1.0,1.0
500,20.0,2,True,1.0,1.0
500,20.0,2,True,1.0,1.0
500,20.0,2,True,1.0,1.0
500,20.0,2,True,1.0,1.0
500,20.0,2,True,1.0,1.0
500,20.0,2,True,1.0,1.0
500,20.0,2,True,1.0,1.0
500,20.0,2,True,1.0,1.0
500,20.0,2,True,1.0,1.0
500,20.0,2,True,1.0,1.0
500,20.0,2,True,1.0,1.0
500,20.0,2,True,1.0,1.0
500,20.0,2,True,1.0,1.0
500,20.0,2,True,1.0,1.0
500,20.0,2,True,1.0,1.0
500,20.0,2,True,1.0,1.0
500,20.0,2,True,1.0,1.0
500,20.0,2,True,1.0,1.0
500,25.0,2,True,1.0,1.0
500,25.0,2,True,1.0,1.0
500,25.0,2,True,1.0,1.0
500,25.0,2,True,1.0,1.0
500,25.0,2,True,1.0,1.0
500,25.0,2,True,1.0,1.0
500,25.0,2,True,1.0,1.0
500,25.0,2,True,1.0,1.0
500,25.0,2,True,1.0,1.0
500,25.0,2,True,1.0,1.0
500,25.0,2,True,1.0,1.0
500,25.0,2,True,1.0,1.0
500,25.0,2,True,1.0,1.0
500,25.0,2,True,1.0,1.0
500,25.0,2,True,1.0,1.0
500,25.0,2,True,1.0,1.0
500,25.0,2,True,1.0,1.0
500,25.0,2,True,1.0,1.0
500,25.0,2,True,1.0,1.0
500,25.0,2,True,1.0,1.0
500,25.0,2,True,1.0,1.0
500,25.0,2,True,1.0,1.0
500,25.0,2,True,1.0,1.0
500,25.0,2,True,1.0,1.0
500,25.0,2,True,1.0,1.0
500,25.0,2,True,1.0,1.0
500,25.0,2,True,1.0,1.0
500,25.0,2,True,1.0,1.0
500,25.0,2,True,1.0,1.0
500,25.0,2,True,1.0,1.0
500,25.0,2,True,1.0,1.0
500,25.0,2,True,1.0,1.0
500,25.0,2,True,1.0,1.0
500,25.0,2,True,1.0,1.0
500,25.0,2,True,1.0,1.0
500,25.0,2,True,1.0,1.0
500,25.0,2,True,1.0,1.0
500,25.0,2,True,1.0,1.0
500,25.0,2,True,1.0,1.0
500,25.0,2,True,1.0,1.0
500,25.0,2,True,1.0,1.0
500,25.0,2,True,1.0,1.0
500,25.0,2,True,1.0,1.0
500,25.0,2,True,1.0,1.0
500,25.0,2,True,1.0,1.0
500,25.0,2,True,1.0,1.0
500,25.0,2,True,1.0,1.0
500,25.0,2,True,1.0,1.0
500,25.0,2,True,1.0,1.0
500,25.0,2,True,1.0,1.0
500,30.0,2,True,1.0,1.0
500,30.0,2,True,1.0,1.0
500,30.0,2,True,1.0,1.0
500,30.0,2,True,1.0,1.0
500,30.0,2,True,1.0,1.0
500,30.0,2,True,1.0,1.0
500,30.0,2,True,1.0,1.0
500,30.0,2,True,1.0,1.0
500,30.0,2,True,1.0,1.0
500,30.0,2,True,1.0,1.0
500,30.0,2,True,1.0,1.0
500,30.0,2,True,1.0,1.0
500,30.0,2,True,1.0,1.0
500,30.0,2,True,1.0,1.0
500,30.0,2,True,1.0,1.0
500,30.0,2,True,1.0,1.0
500,30.0,2,True,1.0,1.0
500,30.0,2,True,1.0,1.0
500,30.0,2,True,1.0,1.0
500,30.0,2,True,1.0,1.0
500,30.0,2,True,1.0,1.0
500,30.0,2,True,1.0,1.0
500,30.0,2,True,1.0,1.0
500,30.0,2,True,1.0,1.0
500,30.0,2,True,1.0,1.0
500,30.0,2,True,1.0,1.0
500,30.0,2,True,1.0,1.0
500,30.0,2,True,1.0,1.0
500,30.0,2,True,1.0,1.0
500,30.0,2,True,1.0,1.0
500,30.0,2,True,1.0,1.0
500,30.0,2,True,1.0,1.0
500,30.0,2,True,1.0,1.0
500,30.0,2,True,1.0,1.0
500,30.0,2,True,1.0,1.0
500,30.0,2,True,1.0,1.0
500,30.0,2,True,1.0,1.0
500,30.0,2,True,1.0,1.0
500,30.0,2,True,1.0,1.0
500,30.0,2,True,1.0,1.0
500,30.0,2,True,1.0,1.0
500,30.0,2,True,1.0,1.0
500,30.0,2,True,1.0,1.0
500,30.0,2,True,1.0,1.0
500,30.0,2,True,1.0,1.0
500,30.0,2,True,1.0,1.0
500,30.0,2,True,1.0,1.0
500,30.0,2,True,1.0,1.0
500,30.0,2,True,1.0,1.0
500,30.0,2,True,1.0,1.0
500,35.0,3,True,0.8765432098765432,1.0
500,35.0,3,True,0.8765432098765432,1.0
500,35.0,3,True,0.8888888888888888,1.0
500,35.0,3,True,0.6666666666666666,1.0
500,35.0,2,True,1.0,1.0
500,35.0,2,True,1.0,1.0
500,35.0,2,True,1.0,1.0
500,35.0,2,True,1.0,1.0
500,35.0,2,True,1.0,1.0
500,35.0,2,True,1.0,1.0
500,35.0,3,True,0.8888888888888888,1.0
500,35.0,3,True,0.6666666666666666,1.0
500,35.0,3,True,0.7037037037037037,1.0
500,35.0,2,True,1.0,1.0
500,35.0,3,True,0.8888888888888888,1.0
500,35.0,3,True,0.9259259259259259,1.0
500,35.0,3,True,0.8888888888888888,1.0
500,35.0,2,True,1.0,1.0
500,35.0,2,True,1.0,1.0
500,35.0,2,True,1.0,1.0
500,35.0,3,True,0.8888888888888888,1.0
500,35.0,3,True,0.9506172839506173,1.0
500,35.0,3,True,0.8888888888888888,1.0
500,35.0,3,True,0.7654320987654321,1.0
500,35.0,3,True,0.8888888888888888,1.0
500,35.0,2,True,1.0,1.0
500,35.0,3,True,0.9012345679012346,1.0
500,35.0,3,True,0.7901234567901234,1.0
500,35.0,2,True,1.0,1.0
500,35.0,3,True,0.5061728395061729,1.0
500,35.0,3,True,0.8765432098765432,1.0
500,35.0,3,True,0.8888888888888888,1.0
500,35.0,3,True,0.9135802469135802,1.0
500,35.0,2,True,1.0,1.0
500,35.0,2,True,1.0,1.0
500,35.0,2,True,1.0,1.0
500,35.0,2,True,1.0,1.0
500,35.0,2,True,1.0,1.0
500,35.0,3,True,0.6666666666666666,1.0
500,35.0,3,True,0.8888888888888888,1.0
500,35.0,3,True,0.8888888888888888,1.0
500,35.0,2,True,1.0,1.0
500,35.0,2,True,1.0,1.0
500,35.0,3,True,0.6172839506172839,1.0
500,35.0,2,True,1.0,1.0
500,35.0,3,True,0.8888888888888888,1.0
500,35.0,2,True,1.0,1.0
500,35.0,3,True,0.691358024691358,1.0
500,35.0,3,True,0.8888888888888888,1.0
500,35.0,2,True,1.0,1.0
500,40.0,4,True,0.1111111111111111,1.0
500,40.0,3,True,0.1111111111111111,0.1111111111111111
500,40.0,3,True,0.1111111111111111,0.1111111111111111
500,40.0,4,True,0.13580246913580246,1.0
500,40.0,3,True,0.1111111111111111,0.1111111111111111
500,40.0,3,True,0.1111111111111111,0.1111111111111111
500,40.0,3,True,0.1111111111111111,0.1111111111111111
500,40.0,4,True,0.1111111111111111,1.0
500,40.0,3,True,0.1111111111111111,0.1111111111111111
500,40.0,4,True,0.1111111111111111,1.0
500,40.0,3,True,0.1111111111111111,1.0
500,40.0,3,True,0.1111111111111111,0.1111111111111111
500,40.0,4,True,0.1111111111111111,0.1111111111111111
500,40.0,3,True,0.1111111111111111,0.1111111111111111
500,40.0,4,True,0.12345679012345678,1.0
500,40.0,4,True,0.1111111111111111,1.0
500,40.0,5,True,0.1111111111111111,1.0
500,40.0,3,True,0.1111111111111111,0.1111111111111111
500,40.0,4,True,0.1111111111111111,1.0
500,40.0,4,True,0.1111111111111111,1.0
500,40.0,4,True,0.1111111111111111,0.1111111111111111
500,40.0,3,True,0.1111111111111111,0.1111111111111111
500,40.0,4,True,0.1111111111111111,0.1111111111111111
500,40.0,4,True,0.1111111111111111,0.1111111111111111
500,40.0,3,True,0.1111111111111111,0.1111111111111111
500,40.0,4,True,0.1111111111111111,0.1111111111111111
500,40.0,4,True,0.1111111111111111,1.0
500,40.0,4,True,0.1111111111111111,1.0
500,40.0,5,True,0.13580246913580246,0.1111111111111111
500,40.0,4,True,0.1111111111111111,0.1111111111111111
500,40.0,5,True,0.1111111111111111,1.0
500,40.0,4,True,0.1111111111111111,1.0
500,40.0,5,True,0.1111111111111111,0.1111111111111111
500,40.0,4,True,0.1111111111111111,1.0
500,40.0,4,True,0.1111111111111111,1.0
500,40.0,3,True,0.1111111111111111,0.1111111111111111
500,40.0,3,True,0.12345679012345678,0.1111111111111111
500,40.0,4,True,0.1111111111111111,1.0
500,40.0,3,True,0.1111111111111111,0.1111111111111111
500,40.0,5,True,0.1111111111111111,1.0
500,40.0,3,True,0.1111111111111111,0.1111111111111111
500,40.0,4,True,0.12345679012345678,1.0
500,40.0,4,True,0.1111111111111111,0.1111111111111111
500,40.0,3,True,0.1111111111111111,0.1111111111111111
500,40.0,3,True,0.1111111111111111,0.1111111111111111
500,40.0,4,True,0.1111111111111111,0.1111111111111111
500,40.0,4,True,0.13580246913580246,1.0
500,40.0,4,True,0.1111111111111111,1.0
500,40.0,4,True,0.1111111111111111,1.0
500,40.0,5,True,0.1111111111111111,1.0
500,45.0,2,True,0.1111111111111111,0.1111111111111111
500,45.0,2,True,0.1111111111111111,0.1111111111111111
500,45.0,2,True,0.1111111111111111,0.1111111111111111
500,45.0,2,True,0.1111111111111111,0.1111111111111111
500,45.0,2,True,0.1111111111111111,0.1111111111111111
500,45.0,2,True,0.1111111111111111,0.1111111111111111
500,45.0,2,True,0.1111111111111111,0.1111111111111111
500,45.0,2,True,0.1111111111111111,0.1111111111111111
500,45.0,2,True,0.1111111111111111,0.1111111111111111
500,45.0,2,True,0.1111111111111111,0.1111111111111111
500,45.0,2,True,0.1111111111111111,0.1111111111111111
500,45.0,3,True,0.12345679012345678,0.1111111111111111
500,45.0,2,True,0.1111111111111111,0.1111111111111111
500,45.0,2,True,0.1111111111111111,0.1111111111111111
500,45.0,2,True,0.1111111111111111,0.1111111111111111
500,45.0,2,True,0.1111111111111111,0.1111111111111111
500,45.0,2,True,0.1111111111111111,0.1111111111111111
500,45.0,2,True,0.1111111111111111,0.1111111111111111
500,45.0,2,True,0.1111111111111111,0.1111111111111111
500,45.0,2,True,0.1111111111111111,0.1111111111111111
500,45.0,2,True,0.1111111111111111,0.1111111111111111
500,45.0,2,True,0.1111111111111111,0.1111111111111111
500,45.0,2,True,0.1111111111111111,0.1111111111111111
500,45.0,2,True,0.1111111111111111,0.1111111111111111
500,45.0,2,True,0.1111111111111111,0.1111111111111111
500,45.0,2,True,0.1111111111111111,0.1111111111111111
500,45.0,3,True,0.1111111111111111,0.1111111111111111
500,45.0,2,True,0.1111111111111111,0.1111111111111111
500,45.0,2,True,0.1111111111111111,0.1111111111111111
500,45.0,2,True,0.1111111111111111,0.1111111111111111
500,45.0,2,True,0.1111111111111111,0.1111111111111111
500,45.0,2,True,0.1111111111111111,0.1111111111111111
500,45.0,2,True,0.1111111111111111,0.1111111111111111
500,45.0,2,True,0.1111111111111111,0.1111111111111111
500,45.0,2,True,0.1111111111111111,0.1111111111111111
500,45.0,2,True,0.1111111111111111,0.1111111111111111
500,45.0,2,True,0.1111111111111111,0.1111111111111111
500,45.0,2,True,0.1111111111111111,0.1111111111111111
500,45.0,2,True,0.1111111111111111,0.1111111111111111
500,45.0,2,True,0.1111111111111111,0.1111111111111111
500,45.0,2,True,0.1111111111111111,0.1111111111111111
500,45.0,2,True,0.1111111111111111,0.1111111111111111
500,45.0,2,True,0.1111111111111111,0.1111111111111111
500,45.0,2,True,0.1111111111111111,0.1111111111111111
500,45.0,2,True,0.1111111111111111,0.1111111111111111
500,45.0,2,True,0.1111111111111111,0.1111111111111111
500,45.0,2,True,0.1111111111111111,0.1111111111111111
500,45.0,2,True,0.1111111111111111,0.1111111111111111
500,45.0,2,True,0.1111111111111111,0.1111111111111111
500,45.0,2,True,0.1111111111111111,0.1111111111111111
500,50.0,2,True,0.1111111111111111,0.1111111111111111
500,50.0,2,True,0.1111111111111111,0.1111111111111111
500,50.0,2,True,0.1111111111111111,0.1111111111111111
500,50.0,2,True,0.1111111111111111,0.1111111111111111
500,50.0,2,True,0.1111111111111111,0.1111111111111111
500,50.0,2,True,0.1111111111111111,0.1111111111111111
500,50.0,2,True,0.1111111111111111,0.1111111111111111
500,50.0,2,True,0.1111111111111111,0.1111111111111111
500,50.0,2,True,0.1111111111111111,0.1111111111111111
500,50.0,2,True,0.1111111111111111,0.1111111111111111
500,50.0,2,True,0.1111111111111111,0.1111111111111111
500,50.0,2,True,0.1111111111111111,0.1111111111111111
500,50.0,2,True,0.1111111111111111,0.1111111111111111
500,50.0,2,True,0.1111111111111111,0.1111111111111111
500,50.0,2,True,0.1111111111111111,0.1111111111111111
500,50.0,2,True,0.1111111111111111,0.1111111111111111
500,50.0,2,True,0.1111111111111111,0.1111111111111111
500,50.0,2,True,0.1111111111111111,0.1111111111111111
500,50.0,2,True,0.1111111111111111,0.1111111111111111
500,50.0,2,True,0.1111111111111111,0.1111111111111111
500,50.0,2,True,0.1111111111111111,0.1111111111111111
500,50.0,2,True,0.1111111111111111,0.1111111111111111
500,50.0,2,True,0.1111111111111111,0.1111111111111111
500,50.0,2,True,0.1111111111111111,0.1111111111111111
500,50.0,2,True,0.1111111111111111,0.1111111111111111
500,50.0,2,True,0.1111111111111111,0.1111111111111111
500,50.0,2,True,0.1111111111111111,0.1111111111111111
500,50.0,2,True,0.1111111111111111,0.1111111111111111
500,50.0,2,True,0.1111111111111111,0.1111111111111111
500,50.0,2,True,0.1111111111111111,0.1111111111111111
500,50.0,2,True,0.1111111111111111,0.1111111111111111
500,50.0,2,True,0.1111111111111111,0.1111111111111111
500,50.0,2,True,0.1111111111111111,0.1111111111111111
500,50.0,2,True,0.1111111111111111,0.1111111111111111
500,50.0,2,True,0.1111111111111111,0.1111111111111111
500,50.0,2,True,0.1111111111111111,0.1111111111111111
500,50.0,2,True,0.1111111111111111,0.1111111111111111
500,50.0,2,True,0.1111111111111111,0.1111111111111111
500,50.0,2,True,0.1111111111111111,0.1111111111111111
500,50.0,2,True,0.1111111111111111,0.1111111111111111
500,50.0,2,True,0.1111111111111111,0.1111111111111111
500,50.0,2,True,0.1111111111111111,0.1111111111111111
500,50.0,2,True,0.1111111111111111,0.1111111111111111
500,50.0,2,True,0.1111111111111111,0.1111111111111111
500,50.0,2,True,0.1111111111111111,0.1111111111111111
500,50.0,2,True,0.1111111111111111,0.1111111111111111
500,50.0,2,True,0.1111111111111111,0.1111111111111111
500,50.0,2,True,0.1111111111111111,0.1111111111111111
500,50.0,2,True,0.1111111111111111,0.1111111111111111
500,50.0,2,True,0.1111111111111111,0.1111111111111111
500,55.00000000000001,2,True,0.1111111111111111,0.1111111111111111
500,55.00000000000001,2,True,0.1111111111111111,0.1111111111111111
500,55.00000000000001,2,True,0.1111111111111111,0.1111111111111111
500,55.00000000000001,2,True,0.1111111111111111,0.1111111111111111
500,55.00000000000001,2,True,0.1111111111111111,0.1111111111111111
500,55.00000000000001,2,True,0.1111111111111111,0.1111111111111111
500,55.00000000000001,2,True,0.1111111111111111,0.1111111111111111
500,55.00000000000001,2,True,0.1111111111111111,0.1111111111111111
500,55.00000000000001,2,True,0.1111111111111111,0.1111111111111111
500,55.00000000000001,2,True,0.1111111111111111,0.1111111111111111
500,55.00000000000001,2,True,0.1111111111111111,0.1111111111111111
500,55.00000000000001,2,True,0.1111111111111111,0.1111111111111111
500,55.00000000000001,2,True,0.1111111111111111,0.1111111111111111
500,55.00000000000001,2,True,0.1111111111111111,0.1111111111111111
500,55.00000000000001,2,True,0.1111111111111111,0.1111111111111111
500,55.00000000000001,2,True,0.1111111111111111,0.1111111111111111
500,55.00000000000001,2,True,0.1111111111111111,0.1111111111111111
500,55.00000000000001,2,True,0.1111111111111111,0.1111111111111111
500,55.00000000000001,3,True,0.09876543209876543,0.1111111111111111
500,55.00000000000001,2,True,0.1111111111111111,0.1111111111111111
500,55.00000000000001,2,True,0.1111111111111111,0.1111111111111111
500,55.00000000000001,2,True,0.1111111111111111,0.1111111111111111
500,55.00000000000001,2,True,0.1111111111111111,0.1111111111111111
500,55.00000000000001,2,True,0.1111111111111111,0.1111111111111111
500,55.00000000000001,2,True,0.1111111111111111,0.1111111111111111
500,55.00000000000001,2,True,0.1111111111111111,0.1111111111111111
500,55.00000000000001,2,True,0.1111111111111111,0.1111111111111111
500,55.00000000000001,2,True,0.1111111111111111,0.1111111111111111
500,55.00000000000001,2,True,0.1111111111111111,0.1111111111111111
500,55.00000000000001,2,True,0.1111111111111111,0.1111111111111111
500,55.00000000000001,2,True,0.1111111111111111,0.1111111111111111
500,55.00000000000001,2,True,0.1111111111111111,0.1111111111111111
500,55.00000000000001,3,True,0.09876543209876543,0.1111111111111111
500,55.00000000000001,2,True,0.1111111111111111,0.1111111111111111
500,55.00000000000001,2,True,0.1111111111111111,0.1111111111111111
500,55.00000000000001,2,True,0.1111111111111111,0.1111111111111111
500,55.00000000000001,2,True,0.1111111111111111,0.1111111111111111
500,55.00000000000001,2,True,0.1111111111111111,0.1111111111111111
500,55.00000000000001,2,True,0.1111111111111111,0.1111111111111111
500,55.00000000000001,2,True,0.1111111111111111,0.1111111111111111
500,55.00000000000001,2,True,0.1111111111111111,0.1111111111111111
500,55.00000000000001,2,True,0.1111111111111111,0.1111111111111111
500,55.00000000000001,2,True,0.1111111111111111,0.1111111111111111
500,55.00000000000001,3,True,0.1111111111111111,0.1111111111111111
500,55.00000000000001,2,True,0.1111111111111111,0.1111111111111111
500,55.00000000000001,3,True,0.1111111111111111,0.1111111111111111
500,55.00000000000001,2,True,0.1111111111111111,0.1111111111111111
500,55.00000000000001,2,True,0.1111111111111111,0.1111111111111111
500,55.00000000000001,2,True,0.1111111111111111,0.1111111111111111
500,55.00000000000001,2,True,0.1111111111111111,0.1111111111111111
500,60.0,2,True,0.1111111111111111,0.1111111111111111
500,60.0,2,True,0.1111111111111111,0.1111111111111111
500,60.0,2,True,0.1111111111111111,0.1111111111111111
500,60.0,2,True,0.1111111111111111,0.1111111111111111
500,60.0,2,True,0.1111111111111111,0.1111111111111111
500,60.0,2,True,0.1111111111111111,0.1111111111111111
500,60.0,2,True,0.1111111111111111,0.1111111111111111
500,60.0,2,True,0.1111111111111111,0.1111111111111111
500,60.0,2,True,0.1111111111111111,0.1111111111111111
500,60.0,2,True,0.1111111111111111,0.1111111111111111
500,60.0,2,True,0.1111111111111111,0.1111111111111111
500,60.0,2,True,0.1111111111111111,0.1111111111111111
500,60.0,2,True,0.1111111111111111,0.1111111111111111
500,60.0,2,True,0.1111111111111111,0.1111111111111111
500,60.0,2,True,0.1111111111111111,0.1111111111111111
500,60.0,2,True,0.1111111111111111,0.1111111111111111
500,60.0,2,True,0.1111111111111111,0.1111111111111111
500,60.0,2,True,0.1111111111111111,0.1111111111111111
500,60.0,2,True,0.1111111111111111,0.1111111111111111
500,60.0,2,True,0.1111111111111111,0.1111111111111111
500,60.0,2,True,0.1111111111111111,0.1111111111111111
500,60.0,2,True,0.1111111111111111,0.1111111111111111
500,60.0,2,True,0.1111111111111111,0.1111111111111111
500,60.0,3,True,0.1111111111111111,0.1111111111111111
500,60.0,2,True,0.1111111111111111,0.1111111111111111
500,60.0,2,True,0.1111111111111111,0.1111111111111111
500,60.0,2,True,0.1111111111111111,0.1111111111111111
500,60.0,2,True,0.1111111111111111,0.1111111111111111
500,60.0,2,True,0.1111111111111111,0.1111111111111111
500,60.0,2,True,0.1111111111111111,0.1111111111111111
500,60.0,3,True,0.1111111111111111,0.1111111111111111
500,60.0,2,True,0.1111111111111111,0.1111111111111111
500,60.0,2,True,0.1111111111111111,0.1111111111111111
500,60.0,2,True,0.1111111111111111,0.1111111111111111
500,60.0,2,True,0.1111111111111111,0.1111111111111111
500,60.0,2,True,0.1111111111111111,0.1111111111111111
500,60.0,2,True,0.1111111111111111,0.1111111111111111
500,60.0,2,True,0.1111111111111111,0.1111111111111111
500,60.0,2,True,0.1111111111111111,0.1111111111111111
500,60.0,2,True,0.1111111111111111,0.1111111111111111
500,60.0,2,True,0.1111111111111111,0.1111111111111111
500,60.0,3,True,0.1111111111111111,0.1111111111111111
500,60.0,2,True,0.1111111111111111,0.1111111111111111
500,60.0,2,True,0.1111111111111111,0.1111111111111111
500,60.0,2,True,0.1111111111111111,0.1111111111111111
500,60.0,2,True,0.1111111111111111,0.1111111111111111
500,60.0,2,True,0.1111111111111111,0.1111111111111111
500,60.0,2,True,0.1111111111111111,0.1111111111111111
500,60.0,2,True,0.1111111111111111,0.1111111111111111
500,60.0,2,True,0.1111111111111111,0.1111111111111111
500,70.0,2,True,0.1111111111111111,0.1111111111111111
500,70.0,2,True,0.1111111111111111,0.1111111111111111
500,70.0,2,True,0.1111111111111111,0.1111111111111111
500,70.0,2,True,0.1111111111111111,0.1111111111111111
500,70.0,2,True,0.1111111111111111,0.1111111111111111
500,70.0,2,True,0.1111111111111111,0.1111111111111111
500,70.0,2,True,0.1111111111111111,0.1111111111111111
500,70.0,2,True,0.1111111111111111,0.1111111111111111
500,70.0,3,True,0.1111111111111111,0.1111111111111111
500,70.0,2,True,0.1111111111111111,0.1111111111111111
500,70.0,2,True,0.1111111111111111,0.1111111111111111
500,70.0,2,True,0.1111111111111111,0.1111111111111111
500,70.0,2,True,0.1111111111111111,0.1111111111111111
500,70.0,2,True,0.1111111111111111,0.1111111111111111
500,70.0,2,True,0.1111111111111111,0.1111111111111111
500,70.0,2,True,0.1111111111111111,0.1111111111111111
500,70.0,2,True,0.1111111111111111,0.1111111111111111
500,70.0,2,True,0.1111111111111111,0.1111111111111111
500,70.0,2,True,0.1111111111111111,0.1111111111111111
500,70.0,3,True,0.12345679012345678,0.1111111111111111
500,70.0,2,True,0.1111111111111111,0.1111111111111111
500,70.0,2,True,0.1111111111111111,0.1111111111111111
500,70.0,2,True,0.1111111111111111,0.1111111111111111
500,70.0,2,True,0.1111111111111111,0.1111111111111111
500,70.0,2,True,0.1111111111111111,0.1111111111111111
500,70.0,3,True,0.1111111111111111,0.1111111111111111
500,70.0,2,True,0.1111111111111111,0.1111111111111111
500,70.0,2,True,0.1111111111111111,0.1111111111111111
500,70.0,2,True,0.1111111111111111,0.1111111111111111
500,70.0,2,True,0.1111111111111111,0.1111111111111111
500,70.0,2,True,0.1111111111111111,0.1111111111111111
500,70.0,2,True,0.1111111111111111,0.1111111111111111
500,70.0,2,True,0.1111111111111111,0.1111111111111111
500,70.0,2,True,0.1111111111111111,0.1111111111111111
500,70.0,2,True,0.1111111111111111,0.1111111111111111
500,70.0,3,True,0.1111111111111111,0.1111111111111111
500,70.0,2,True,0.1111111111111111,0.1111111111111111
500,70.0,2,True,0.1111111111111111,0.1111111111111111
500,70.0,3,True,0.1111111111111111,0.1111111111111111
500,70.0,2,True,0.1111111111111111,0.1111111111111111
500,70.0,2,True,0.1111111111111111,0.1111111111111111
500,70.0,2,True,0.1111111111111111,0.1111111111111111
500,70.0,2,True,0.1111111111111111,0.1111111111111111
500,70.0,2,True,0.1111111111111111,0.1111111111111111
500,70.0,2,True,0.1111111111111111,0.1111111111111111
500,70.0,2,True,0.1111111111111111,0.1111111111111111
500,70.0,2,True,0.1111111111111111,0.1111111111111111
500,70.0,2,True,0.1111111111111111,0.1111111111111111
500,70.0,2,True,0.1111111111111111,0.1111111111111111
500,70.0,2,True,0.1111111111111111,0.1111111111111111
500,80.0,2,True,0.1111111111111111,0.1111111111111111
500,80.0,2,True,0.1111111111111111,0.1111111111111111
500,80.0,2,True,0.1111111111111111,0.1111111111111111
500,80.0,2,True,0.1111111111111111,0.1111111111111111
500,80.0,2,True,0.1111111111111111,0.1111111111111111
500,80.0,2,True,0.1111111111111111,0.1111111111111111
500,80.0,2,True,0.1111111111111111,0.1111111111111111
500,80.0,2,True,0.1111111111111111,0.1111111111111111
500,80.0,2,True,0.1111111111111111,0.1111111111111111
500,80.0,2,True,0.1111111111111111,0.1111111111111111
500,80.0,2,True,0.1111111111111111,0.1111111111111111
500,80.0,2,True,0.1111111111111111,0.1111111111111111
500,80.0,2,True,0.1111111111111111,0.1111111111111111
500,80.0,2,True,0.1111111111111111,0.1111111111111111
500,80.0,2,True,0.1111111111111111,0.1111111111111111
500,80.0,3,True,0.1111111111111111,0.1111111111111111
500,80.0,2,True,0.1111111111111111,0.1111111111111111
500,80.0,2,True,0.1111111111111111,0.1111111111111111
500,80.0,3,True,0.09876543209876543,0.1111111111111111
500,80.0,2,True,0.1111111111111111,0.1111111111111111
500,80.0,2,True,0.1111111111111111,0.1111111111111111
500,80.0,2,True,0.1111111111111111,0.1111111111111111
500,80.0,2,True,0.1111111111111111,0.1111111111111111
500,80.0,2,True,0.1111111111111111,0.1111111111111111
500,80.0,2,True,0.1111111111111111,0.1111111111111111
500,80.0,2,True,0.1111111111111111,0.1111111111111111
500,80.0,3,True,0.1111111111111111,0.1111111111111111
500,80.0,2,True,0.1111111111111111,0.1111111111111111
500,80.0,2,True,0.1111111111111111,0.1111111111111111
500,80.0,2,True,0.1111111111111111,0.1111111111111111
500,80.0,3,True,0.1111111111111111,0.1111111111111111
500,80.0,2,True,0.1111111111111111,0.1111111111111111
500,80.0,2,True,0.1111111111111111,0.1111111111111111
500,80.0,2,True,0.1111111111111111,0.1111111111111111
500,80.0,2,True,0.1111111111111111,0.1111111111111111
500,80.0,2,True,0.1111111111111111,0.1111111111111111
500,80.0,3,True,0.1111111111111111,0.1111111111111111
500,80.0,2,True,0.1111111111111111,0.1111111111111111
500,80.0,2,True,0.1111111111111111,0.1111111111111111
500,80.0,2,True,0.1111111111111111,0.1111111111111111
500,80.0,2,True,0.1111111111111111,0.1111111111111111
500,80.0,2,True,0.1111111111111111,0.1111111111111111
500,80.0,2,True,0.1111111111111111,0.1111111111111111
500,80.0,2,True,0.1111111111111111,0.1111111111111111
500,80.0,2,True,0.1111111111111111,0.1111111111111111
500,80.0,2,True,0.1111111111111111,0.1111111111111111
500,80.0,2,True,0.1111111111111111,0.1111111111111111
500,80.0,2,True,0.1111111111111111,0.1111111111111111
500,80.0,2,True,0.1111111111111111,0.1111111111111111
500,80.0,2,True,0.1111111111111111,0.1111111111111111
