density,noise_percent,iterations,converged,initial_acc,final_acc
0.002,0.0,1,True,1.0,1.0
0.002,0.0,1,True,1.0,1.0
0.002,0.0,1,True,1.0,1.0
0.002,0.0,1,True,1.0,1.0
0.002,0.0,1,True,1.0,1.0
0.002,0.0,1,True,1.0,1.0
0.002,0.0,1,True,1.0,1.0
0.002,0.0,1,True,1.0,1.0
0.002,0.0,1,True,1.0,1.0
0.002,0.0,1,True,1.0,1.0
0.002,0.0,1,True,1.0,1.0
0.002,0.0,1,True,1.0,1.0
0.002,0.0,1,True,1.0,1.0
0.002,0.0,1,True,1.0,1.0
0.002,0.0,1,True,1.0,1.0
0.002,0.0,1,True,1.0,1.0
0.002,0.0,1,True,1.0,1.0
0.002,0.0,1,True,1.0,1.0
0.002,0.0,1,True,1.0,1.0
0.002,0.0,1,True,1.0,1.0
0.002,0.0,1,True,1.0,1.0
0.002,0.0,1,True,1.0,1.0
0.002,0.0,1,True,1.0,1.0
0.002,0.0,1,True,1.0,1.0
0.002,0.0,1,True,1.0,1.0
0.002,0.0,1,True,1.0,1.0
0.002,0.0,1,True,1.0,1.0
0.002,0.0,1,True,1.0,1.0
0.002,0.0,1,True,1.0,1.0
0.002,0.0,1,True,1.0,1.0
0.002,0.0,1,True,1.0,1.0
0.002,0.0,1,True,1.0,1.0
0.002,0.0,1,True,1.0,1.0
0.002,0.0,1,True,1.0,1.0
0.002,0.0,1,True,1.0,1.0
0.002,0.0,1,True,1.0,1.0
0.002,0.0,1,True,1.0,1.0
0.002,0.0,1,True,1.0,1.0
0.002,0.0,1,True,1.0,1.0
0.002,0.0,1,True,1.0,1.0
0.002,0.0,1,True,1.0,1.0
0.002,0.0,1,True,1.0,1.0
0.002,0.0,1,True,1.0,1.0
0.002,0.0,1,True,1.0,1.0
0.002,0.0,1,True,1.0,1.0
0.002,0.0,1,True,1.0,1.0
0.002,0.0,1,True,1.0,1.0
0.002,0.0,1,True,1.0,1.0
0.002,0.0,1,True,1.0,1.0
0.002,0.0,1,True,1.0,1.0
0.002,5.0,2,True,1.0,1.0
0.002,5.0,2,True,1.0,1.0
0.002,5.0,2,True,1.0,1.0
0.002,5.0,2,True,1.0,1.0
0.002,5.0,2,True,1.0,1.0
0.002,5.0,2,True,1.0,1.0
0.002,5.0,2,True,1.0,1.0
0.002,5.0,2,True,1.0,1.0
0.002,5.0,2,True,1.0,1.0
0.002,5.0,2,True,1.0,1.0
0.002,5.0,2,True,1.0,1.0
0.002,5.0,2,True,1.0,1.0
0.002,5.0,2,True,1.0,1.0
0.002,5.0,2,True,1.0,1.0
0.002,5.0,2,True,1.0,1.0
0.002,5.0,2,True,1.0,1.0
0.002,5.0,2,True,1.0,1.0
0.002,5.0,2,True,1.0,1.0
0.002,5.0,2,True,1.0,1.0
0.002,5.0,2,True,1.0,1.0
0.002,5.0,2,True,1.0,1.0
0.002,5.0,2,True,1.0,1.0
0.002,5.0,2,True,1.0,1.0
0.002,5.0,2,True,1.0,1.0
0.002,5.0,2,True,1.0,1.0
0.002,5.0,2,True,1.0,1.0
0.002,5.0,2,True,1.0,1.0
0.002,5.0,2,True,1.0,1.0
0.002,5.0,2,True,1.0,1.0
0.002,5.0,2,True,1.0,1.0
0.002,5.0,2,True,1.0,1.0
0.002,5.0,2,True,1.0,1.0
0.002,5.0,2,True,1.0,1.0
0.002,5.0,2,True,1.0,1.0
0.002,5.0,2,True,1.0,1.0
0.002,5.0,2,True,1.0,1.0
0.002,5.0,2,True,1.0,1.0
0.002,5.0,2,True,1.0,1.0
0.002,5.0,2,True,1.0,1.0
0.002,5.0,2,True,1.0,1.0
0.002,5.0,2,True,1.0,1.0
0.002,5.0,2,True,1.0,1.0
0.002,5.0,2,True,1.0,1.0
0.002,5.0,2,True,1.0,1.0
0.002,5.0,2,True,1.0,1.0
0.002,5.0,2,True,1.0,1.0
0.002,5.0,2,True,1.0,1.0
0.002,5.0,2,True,1.0,1.0
0.002,5.0,2,True,1.0,1.0
0.002,5.0,2,True,1.0,1.0
0.002,10.0,2,True,1.0,1.0
0.002,10.0,2,True,1.0,1.0
0.002,10.0,2,True,1.0,1.0
0.002,10.0,2,True,1.0,1.0
0.002,10.0,2,True,1.0,1.0
0.002,10.0,2,True,1.0,1.0
0.002,10.0,2,True,1.0,1.0
0.002,10.0,2,True,1.0,1.0
0.002,10.0,2,True,1.0,1.0
0.002,10.0,2,True,1.0,1.0
0.002,10.0,2,True,1.0,1.0
0.002,10.0,2,True,1.0,1.0
0.002,10.0,2,True,1.0,1.0
0.002,10.0,2,True,1.0,1.0
0.002,10.0,2,True,1.0,1.0
0.002,10.0,2,True,1.0,1.0
0.002,10.0,2,True,1.0,1.0
0.002,10.0,2,True,1.0,1.0
0.002,10.0,2,True,1.0,1.0
0.002,10.0,2,True,1.0,1.0
0.002,10.0,2,True,1.0,1.0
0.002,10.0,2,True,1.0,1.0
0.002,10.0,2,True,1.0,1.0
0.002,10.0,2,True,1.0,1.0
0.002,10.0,2,True,1.0,1.0
0.002,10.0,2,True,1.0,1.0
0.002,10.0,2,True,1.0,1.0
0.002,10.0,2,True,1.0,1.0
0.002,10.0,2,True,1.0,1.0
0.002,10.0,2,True,1.0,1.0
0.002,10.0,2,True,1.0,1.0
0.002,10.0,2,True,1.0,1.0
0.002,10.0,2,True,1.0,1.0
0.002,10.0,2,True,1.0,1.0
0.002,10.0,2,True,1.0,1.0
0.002,10.0,2,True,1.0,1.0
0.002,10.0,2,True,1.0,1.0
0.002,10.0,2,True,1.0,1.0
0.002,10.0,2,True,1.0,1.0
0.002,10.0,2,True,1.0,1.0
0.002,10.0,2,True,1.0,1.0
0.002,10.0,2,True,1.0,1.0
0.002,10.0,2,True,1.0,1.0
0.002,10.0,2,True,1.0,1.0
0.002,10.0,2,True,1.0,1.0
0.002,10.0,2,True,1.0,1.0
0.002,10.0,2,True,1.0,1.0
0.002,10.0,2,True,1.0,1.0
0.002,10.0,2,True,1.0,1.0
0.002,10.0,2,True,1.0,1.0
0.002,15.0,2,True,1.0,1.0
0.002,15.0,2,True,1.0,1.0
0.002,15.0,2,True,1.0,1.0
0.002,15.0,2,True,1.0,1.0
0.002,15.0,2,True,1.0,1.0
0.002,15.0,2,True,1.0,1.0
0.002,15.0,2,True,1.0,1.0
0.002,15.0,2,True,1.0,1.0
0.002,15.0,2,True,1.0,1.0
0.002,15.0,2,True,1.0,1.0
0.002,15.0,2,True,1.0,1.0
0.002,15.0,2,True,1.0,1.0
0.002,15.0,2,True,1.0,1.0
0.002,15.0,2,True,1.0,1.0
0.002,15.0,2,True,1.0,1.0
0.002,15.0,2,True,1.0,1.0
0.002,15.0,2,True,1.0,1.0
0.002,15.0,2,True,1.0,1.0
0.002,15.0,2,True,1.0,1.0
0.002,15.0,2,True,1.0,1.0
0.002,15.0,2,True,1.0,1.0
0.002,15.0,2,True,1.0,1.0
0.002,15.0,2,True,1.0,1.0
0.002,15.0,2,True,1.0,1.0
0.002,15.0,2,True,1.0,1.0
0.002,15.0,2,True,1.0,1.0
0.002,15.0,2,True,1.0,1.0
0.002,15.0,2,True,1.0,1.0
0.002,15.0,2,True,1.0,1.0
0.002,15.0,2,True,1.0,1.0
0.002,15.0,2,True,1.0,1.0
0.002,15.0,2,True,1.0,1.0
0.002,15.0,2,True,1.0,1.0
0.002,15.0,2,True,1.0,1.0
0.002,15.0,2,True,1.0,1.0
0.002,15.0,2,True,1.0,1.0
0.002,15.0,2,True,1.0,1.0
0.002,15.0,2,True,1.0,1.0
0.002,15.0,2,True,1.0,1.0
0.002,15.0,2,True,1.0,1.0
0.002,15.0,2,True,1.0,1.0
0.002,15.0,2,True,1.0,1.0
0.002,15.0,2,True,1.0,1.0
0.002,15.0,2,True,1.0,1.0
0.002,15.0,2,True,1.0,1.0
0.002,15.0,2,True,1.0,1.0
0.002,15.0,2,True,1.0,1.0
0.002,15.0,2,True,1.0,1.0
0.002,15.0,2,True,1.0,1.0
0.002,15.0,2,True,1.0,1.0
0.002,20.0,2,True,1.0,1.0
0.002,20.0,2,True,1.0,1.0
0.002,20.0,2,True,1.0,1.0
0.002,20.0,2,True,1.0,1.0
0.002,20.0,2,True,1.0,1.0
0.002,20.0,2,True,1.0,1.0
0.002,20.0,2,True,1.0,1.0
0.002,20.0,2,True,1.0,1.0
0.002,20.0,2,True,1.0,1.0
0.002,20.0,2,True,1.0,1.0
0.002,20.0,2,True,1.0,1.0
0.002,20.0,2,True,1.0,1.0
0.002,20.0,2,True,1.0,1.0
0.002,20.0,2,True,1.0,1.0
0.002,20.0,2,True,1.0,1.0
0.002,20.0,2,True,1.0,1.0
0.002,20.0,2,True,1.0,1.0
0.002,20.0,2,True,1.0,1.0
0.002,20.0,2,True,1.0,1.0
0.002,20.0,2,True,1.0,1.0
0.002,20.0,2,True,1.0,1.0
0.002,20.0,2,True,1.0,1.0
0.002,20.0,2,True,1.0,1.0
0.002,20.0,2,True,1.0,1.0
0.002,20.0,2,True,1.0,1.0
0.002,20.0,2,True,1.0,1.0
0.002,20.0,2,True,1.0,1.0
0.002,20.0,2,True,1.0,1.0
0.002,20.0,2,True,1.0,1.0
0.002,20.0,2,True,1.0,1.0
0.002,20.0,2,True,1.0,1.0
0.002,20.0,2,True,1.0,1.0
0.002,20.0,2,True,1.0,1.0
0.002,20.0,2,True,1.0,1.0
0.002,20.0,2,True,1.0,1.0
0.002,20.0,2,True,1.0,1.0
0.002,20.0,2,True,1.0,1.0
0.002,20.0,2,True,1.0,1.0
0.002,20.0,2,True,1.0,1.0
0.002,20.0,2,True,1.0,1.0
0.002,20.0,2,True,1.0,1.0
0.002,20.0,2,True,1.0,1.0
0.002,20.0,2,True,1.0,1.0
0.002,20.0,2,True,1.0,1.0
0.002,20.0,2,True,1.0,1.0
0.002,20.0,2,True,1.0,1.0
0.002,20.0,2,True,1.0,1.0
0.002,20.0,2,True,1.0,1.0
0.002,20.0,2,True,1.0,1.0
0.002,20.0,2,True,1.0,1.0
0.002,25.0,2,True,1.0,1.0
0.002,25.0,2,True,1.0,1.0
0.002,25.0,2,True,1.0,1.0
0.002,25.0,2,True,1.0,1.0
0.002,25.0,2,True,1.0,1.0
0.002,25.0,2,True,1.0,1.0
0.002,25.0,2,True,1.0,1.0
0.002,25.0,2,True,1.0,1.0
0.002,25.0,2,True,1.0,1.0
0.002,25.0,2,True,1.0,1.0
0.002,25.0,2,True,1.0,1.0
0.002,25.0,2,True,1.0,1.0
0.002,25.0,2,True,1.0,1.0
0.002,25.0,2,True,1.0,1.0
0.002,25.0,2,True,1.0,1.0
0.002,25.0,2,True,1.0,1.0
0.002,25.0,2,True,1.0,1.0
0.002,25.0,2,True,1.0,1.0
0.002,25.0,2,True,1.0,1.0
0.002,25.0,2,True,1.0,1.0
0.002,25.0,2,True,1.0,1.0
0.002,25.0,2,True,1.0,1.0
0.002,25.0,2,True,1.0,1.0
0.002,25.0,2,True,1.0,1.0
0.002,25.0,2,True,1.0,1.0
0.002,25.0,2,True,1.0,1.0
0.002,25.0,2,True,1.0,1.0
0.002,25.0,2,True,1.0,1.0
0.002,25.0,2,True,1.0,1.0
0.002,25.0,2,True,1.0,1.0
0.002,25.0,2,True,1.0,1.0
0.002,25.0,2,True,1.0,1.0
0.002,25.0,2,True,1.0,1.0
0.002,25.0,2,True,1.0,1.0
0.002,25.0,2,True,1.0,1.0
0.002,25.0,2,True,1.0,1.0
0.002,25.0,2,True,1.0,1.0
0.002,25.0,2,True,1.0,1.0
0.002,25.0,2,True,1.0,1.0
0.002,25.0,2,True,1.0,1.0
0.002,25.0,2,True,1.0,1.0
0.002,25.0,2,True,1.0,1.0
0.002,25.0,2,True,1.0,1.0
0.002,25.0,2,True,1.0,1.0
0.002,25.0,2,True,1.0,1.0
0.002,25.0,2,True,1.0,1.0
0.002,25.0,2,True,1.0,1.0
0.002,25.0,2,True,1.0,1.0
0.002,25.0,2,True,1.0,1.0
0.002,25.0,2,True,1.0,1.0
0.002,30.0,2,True,1.0,1.0
0.002,30.0,2,True,1.0,1.0
0.002,30.0,2,True,1.0,1.0
0.002,30.0,2,True,1.0,1.0
0.002,30.0,2,True,1.0,1.0
0.002,30.0,2,True,1.0,1.0
0.002,30.0,2,True,1.0,1.0
0.002,30.0,2,True,1.0,1.0
0.002,30.0,2,True,1.0,1.0
0.002,30.0,2,True,1.0,1.0
0.002,30.0,2,True,1.0,1.0
0.002,30.0,2,True,1.0,1.0
0.002,30.0,2,True,1.0,1.0
0.002,30.0,2,True,1.0,1.0
0.002,30.0,2,True,1.0,1.0
0.002,30.0,2,True,1.0,1.0
0.002,30.0,2,True,1.0,1.0
0.002,30.0,2,True,1.0,1.0
0.002,30.0,2,True,1.0,1.0
0.002,30.0,2,True,1.0,1.0
0.002,30.0,2,True,1.0,1.0
0.002,30.0,2,True,1.0,1.0
0.002,30.0,2,True,1.0,1.0
0.002,30.0,2,True,1.0,1.0
0.002,30.0,2,True,1.0,1.0
0.002,30.0,2,True,1.0,1.0
0.002,30.0,2,True,1.0,1.0
0.002,30.0,2,True,1.0,1.0
0.002,30.0,2,True,1.0,1.0
0.002,30.0,2,True,1.0,1.0
0.002,30.0,2,True,1.0,1.0
0.002,30.0,2,True,1.0,1.0
0.002,30.0,2,True,1.0,1.0
0.002,30.0,2,True,1.0,1.0
0.002,30.0,2,True,1.0,1.0
0.002,30.0,2,True,1.0,1.0
0.002,30.0,2,True,1.0,1.0
0.002,30.0,2,True,1.0,1.0
0.002,30.0,2,True,1.0,1.0
0.002,30.0,2,True,1.0,1.0
0.002,30.0,2,True,1.0,1.0
0.002,30.0,2,True,1.0,1.0
0.002,30.0,2,True,1.0,1.0
0.002,30.0,2,True,1.0,1.0
0.002,30.0,2,True,1.0,1.0
0.002,30.0,2,True,1.0,1.0
0.002,30.0,2,True,1.0,1.0
0.002,30.0,2,True,1.0,1.0
0.002,30.0,2,True,1.0,1.0
0.002,30.0,2,True,1.0,1.0
0.002,35.0,2,True,1.0,1.0
0.002,35.0,2,True,1.0,1.0
0.002,35.0,2,True,1.0,1.0
0.002,35.0,2,True,1.0,1.0
0.002,35.0,2,True,1.0,1.0
0.002,35.0,2,True,1.0,1.0
0.002,35.0,2,True,1.0,1.0
0.002,35.0,2,True,1.0,1.0
0.002,35.0,2,True,1.0,1.0
0.002,35.0,2,True,1.0,1.0
0.002,35.0,2,True,1.0,1.0
0.002,35.0,2,True,1.0,1.0
0.002,35.0,2,True,1.0,1.0
0.002,35.0,2,True,1.0,1.0
0.002,35.0,2,True,1.0,1.0
0.002,35.0,2,True,1.0,1.0
0.002,35.0,2,True,1.0,1.0
0.002,35.0,2,True,1.0,1.0
0.002,35.0,2,True,1.0,1.0
0.002,35.0,2,True,1.0,1.0
0.002,35.0,2,True,1.0,1.0
0.002,35.0,2,True,1.0,1.0
0.002,35.0,2,True,1.0,1.0
0.002,35.0,2,True,1.0,1.0
0.002,35.0,2,True,1.0,1.0
0.002,35.0,2,True,1.0,1.0
0.002,35.0,2,True,1.0,1.0
0.002,35.0,2,True,1.0,1.0
0.002,35.0,2,True,1.0,1.0
0.002,35.0,2,True,1.0,1.0
0.002,35.0,2,True,1.0,1.0
0.002,35.0,2,True,1.0,1.0
0.002,35.0,2,True,1.0,1.0
0.002,35.0,2,True,1.0,1.0
0.002,35.0,2,True,1.0,1.0
0.002,35.0,2,True,1.0,1.0
0.002,35.0,2,True,1.0,1.0
0.002,35.0,2,True,1.0,1.0
0.002,35.0,2,True,1.0,1.0
0.002,35.0,2,True,1.0,1.0
0.002,35.0,2,True,1.0,1.0
0.002,35.0,2,True,1.0,1.0
0.002,35.0,2,True,1.0,1.0
0.002,35.0,2,True,1.0,1.0
0.002,35.0,2,True,1.0,1.0
0.002,35.0,2,True,1.0,1.0
0.002,35.0,2,True,1.0,1.0
0.002,35.0,2,True,1.0,1.0
0.002,35.0,2,True,1.0,1.0
0.002,35.0,2,True,1.0,1.0
0.002,40.0,3,True,0.18518518518518517,1.0
0.002,40.0,3,True,0.19753086419753085,1.0
0.002,40.0,2,True,1.0,1.0
0.002,40.0,3,True,0.20987654320987653,1.0
0.002,40.0,3,True,0.2962962962962963,1.0
0.002,40.0,3,True,0.9135802469135802,1.0
0.002,40.0,3,True,0.691358024691358,1.0
0.002,40.0,3,True,0.3950617283950617,1.0
0.002,40.0,2,True,1.0,1.0
0.002,40.0,12,True,0.24691358024691357,0.12345679012345678
0.002,40.0,3,True,0.18518518518518517,1.0
0.002,40.0,5,True,0.1111111111111111,0.1111111111111111
0.002,40.0,3,True,0.41975308641975306,1.0
0.002,40.0,3,True,0.37037037037037035,1.0
0.002,40.0,2,True,1.0,1.0
0.002,40.0,5,True,0.1728395061728395,0.16049382716049382
0.002,40.0,4,True,0.20987654320987653,1.0
0.002,40.0,9,True,0.09876543209876543,0.06172839506172839
0.002,40.0,2,True,1.0,1.0
0.002,40.0,7,True,0.13580246913580246,0.1111111111111111
0.002,40.0,3,True,0.20987654320987653,1.0
0.002,40.0,5,True,0.2222222222222222,1.0
0.002,40.0,15,True,0.19753086419753085,0.14814814814814814
0.002,40.0,3,True,0.2222222222222222,1.0
0.002,40.0,7,True,0.19753086419753085,0.08641975308641975
0.002,40.0,3,True,0.2345679012345679,1.0
0.002,40.0,3,True,0.1728395061728395,1.0
0.002,40.0,15,True,0.1728395061728395,0.13580246913580246
0.002,40.0,3,True,0.7037037037037037,1.0
0.002,40.0,2,True,1.0,1.0
0.002,40.0,19,True,0.12345679012345678,0.08641975308641975
0.002,40.0,3,True,0.3333333333333333,1.0
0.002,40.0,13,True,0.12345679012345678,0.1111111111111111
0.002,40.0,13,True,0.1728395061728395,0.09876543209876543
0.002,40.0,3,True,0.691358024691358,1.0
0.002,40.0,6,True,0.12345679012345678,0.08641975308641975
0.002,40.0,2,True,1.0,1.0
0.002,40.0,2,True,1.0,1.0
0.002,40.0,3,True,0.8641975308641975,1.0
0.002,40.0,17,True,0.09876543209876543,0.1111111111111111
0.002,40.0,2,True,1.0,1.0
0.002,40.0,3,True,0.2345679012345679,1.0
0.002,40.0,6,True,0.12345679012345678,0.09876543209876543
0.002,40.0,2,True,1.0,1.0
0.002,40.0,3,True,0.2962962962962963,1.0
0.002,40.0,2,True,1.0,1.0
0.002,40.0,2,True,1.0,1.0
0.002,40.0,7,True,0.20987654320987653,0.09876543209876543
0.002,40.0,4,True,0.18518518518518517,1.0
0.002,40.0,4,True,0.12345679012345678,1.0
0.002,45.0,10,True,0.12345679012345678,0.14814814814814814
0.002,45.0,18,True,0.1111111111111111,0.07407407407407407
0.002,45.0,10,True,0.08641975308641975,0.09876543209876543
0.002,45.0,6,True,0.12345679012345678,0.12345679012345678
0.002,45.0,5,True,0.1111111111111111,0.1111111111111111
0.002,45.0,4,True,0.13580246913580246,0.08641975308641975
0.002,45.0,5,True,0.13580246913580246,0.07407407407407407
0.002,45.0,13,True,0.1111111111111111,0.08641975308641975
0.002,45.0,16,True,0.1111111111111111,0.14814814814814814
0.002,45.0,10,True,0.12345679012345678,0.12345679012345678
0.002,45.0,13,True,0.04938271604938271,0.1111111111111111
0.002,45.0,8,True,0.07407407407407407,0.13580246913580246
0.002,45.0,6,True,0.12345679012345678,0.07407407407407407
0.002,45.0,7,True,0.08641975308641975,0.16049382716049382
0.002,45.0,6,True,0.13580246913580246,0.13580246913580246
0.002,45.0,3,True,0.09876543209876543,0.1111111111111111
0.002,45.0,9,True,0.09876543209876543,0.09876543209876543
0.002,45.0,13,True,0.13580246913580246,0.07407407407407407
0.002,45.0,4,True,0.09876543209876543,0.1111111111111111
0.002,45.0,6,True,0.07407407407407407,0.037037037037037035
0.002,45.0,18,True,0.13580246913580246,0.1728395061728395
0.002,45.0,5,True,0.14814814814814814,0.12345679012345678
0.002,45.0,6,True,0.1111111111111111,0.12345679012345678
0.002,45.0,14,True,0.12345679012345678,0.16049382716049382
0.002,45.0,3,True,0.06172839506172839,0.1111111111111111
0.002,45.0,7,True,0.13580246913580246,0.07407407407407407
0.002,45.0,7,True,0.09876543209876543,0.1111111111111111
0.002,45.0,12,True,0.16049382716049382,0.09876543209876543
0.002,45.0,7,True,0.14814814814814814,0.16049382716049382
0.002,45.0,5,True,0.16049382716049382,0.08641975308641975
0.002,45.0,9,True,0.1111111111111111,0.07407407407407407
0.002,45.0,8,True,0.13580246913580246,0.04938271604938271
0.002,45.0,6,True,0.06172839506172839,0.16049382716049382
0.002,45.0,5,True,0.13580246913580246,0.13580246913580246
0.002,45.0,16,True,0.08641975308641975,0.1111111111111111
0.002,45.0,6,True,0.14814814814814814,0.1111111111111111
0.002,45.0,9,True,0.13580246913580246,0.12345679012345678
0.002,45.0,4,True,0.09876543209876543,0.08641975308641975
0.002,45.0,4,True,0.08641975308641975,0.14814814814814814
0.002,45.0,6,True,0.1111111111111111,0.08641975308641975
0.002,45.0,10,True,0.08641975308641975,0.13580246913580246
0.002,45.0,8,True,0.08641975308641975,0.1111111111111111
0.002,45.0,6,True,0.12345679012345678,0.12345679012345678
0.002,45.0,14,True,0.12345679012345678,0.16049382716049382
0.002,45.0,6,True,0.037037037037037035,0.12345679012345678
0.002,45.0,3,True,0.1111111111111111,0.08641975308641975
0.002,45.0,6,True,0.12345679012345678,0.04938271604938271
0.002,45.0,4,True,0.1111111111111111,0.2222222222222222
0.002,45.0,11,True,0.08641975308641975,0.12345679012345678
0.002,45.0,8,True,0.08641975308641975,0.19753086419753085
0.002,50.0,9,True,0.06172839506172839,0.07407407407407407
0.002,50.0,8,True,0.1111111111111111,0.13580246913580246
0.002,50.0,6,True,0.07407407407407407,0.13580246913580246
0.002,50.0,5,True,0.18518518518518517,0.1111111111111111
0.002,50.0,8,True,0.13580246913580246,0.04938271604938271
0.002,50.0,7,True,0.09876543209876543,0.14814814814814814
0.002,50.0,8,True,0.13580246913580246,0.19753086419753085
0.002,50.0,3,True,0.13580246913580246,0.13580246913580246
0.002,50.0,5,True,0.09876543209876543,0.19753086419753085
0.002,50.0,5,True,0.1111111111111111,0.08641975308641975
0.002,50.0,4,True,0.13580246913580246,0.09876543209876543
0.002,50.0,8,True,0.18518518518518517,0.1111111111111111
0.002,50.0,14,True,0.037037037037037035,0.06172839506172839
0.002,50.0,4,True,0.13580246913580246,0.1728395061728395
0.002,50.0,12,True,0.18518518518518517,0.08641975308641975
0.002,50.0,4,True,0.12345679012345678,0.08641975308641975
0.002,50.0,4,True,0.1111111111111111,0.12345679012345678
0.002,50.0,6,True,0.1111111111111111,0.1111111111111111
0.002,50.0,16,True,0.1111111111111111,0.16049382716049382
0.002,50.0,13,True,0.08641975308641975,0.09876543209876543
0.002,50.0,6,True,0.1111111111111111,0.06172839506172839
0.002,50.0,4,True,0.07407407407407407,0.1111111111111111
0.002,50.0,14,True,0.08641975308641975,0.14814814814814814
0.002,50.0,7,True,0.1111111111111111,0.09876543209876543
0.002,50.0,3,True,0.14814814814814814,0.1111111111111111
0.002,50.0,8,True,0.16049382716049382,0.08641975308641975
0.002,50.0,5,True,0.09876543209876543,0.1111111111111111
0.002,50.0,5,True,0.12345679012345678,0.1111111111111111
0.002,50.0,18,True,0.13580246913580246,0.12345679012345678
0.002,50.0,4,True,0.07407407407407407,0.13580246913580246
0.002,50.0,11,True,0.1111111111111111,0.09876543209876543
0.002,50.0,4,True,0.08641975308641975,0.12345679012345678
0.002,50.0,13,True,0.08641975308641975,0.20987654320987653
0.002,50.0,7,True,0.09876543209876543,0.06172839506172839
0.002,50.0,4,True,0.06172839506172839,0.12345679012345678
0.002,50.0,10,True,0.09876543209876543,0.04938271604938271
0.002,50.0,7,True,0.16049382716049382,0.12345679012345678
0.002,50.0,7,True,0.09876543209876543,0.024691358024691357
0.002,50.0,8,True,0.07407407407407407,0.2222222222222222
0.002,50.0,9,True,0.09876543209876543,0.08641975308641975
0.002,50.0,5,True,0.09876543209876543,0.06172839506172839
0.002,50.0,11,True,0.12345679012345678,0.06172839506172839
0.002,50.0,7,True,0.08641975308641975,0.08641975308641975
0.002,50.0,7,True,0.14814814814814814,0.12345679012345678
0.002,50.0,19,True,0.06172839506172839,0.08641975308641975
0.002,50.0,19,True,0.19753086419753085,0.1111111111111111
0.002,50.0,6,True,0.12345679012345678,0.09876543209876543
0.002,50.0,10,True,0.12345679012345678,0.13580246913580246
0.002,50.0,10,True,0.1111111111111111,0.09876543209876543
0.002,50.0,6,True,0.1111111111111111,0.08641975308641975
0.002,55.00000000000001,6,True,0.13580246913580246,0.06172839506172839
0.002,55.00000000000001,8,True,0.18518518518518517,0.19753086419753085
0.002,55.00000000000001,11,True,0.12345679012345678,0.08641975308641975
0.002,55.00000000000001,7,True,0.09876543209876543,0.08641975308641975
0.002,55.00000000000001,12,True,0.08641975308641975,0.09876543209876543
0.002,55.00000000000001,6,True,0.13580246913580246,0.08641975308641975
0.002,55.00000000000001,11,True,0.13580246913580246,0.12345679012345678
0.002,55.00000000000001,3,True,0.09876543209876543,0.1111111111111111
0.002,55.00000000000001,15,True,0.12345679012345678,0.1111111111111111
0.002,55.00000000000001,6,True,0.12345679012345678,0.16049382716049382
0.002,55.00000000000001,6,True,0.06172839506172839,0.07407407407407407
0.002,55.00000000000001,12,True,0.09876543209876543,0.13580246913580246
0.002,55.00000000000001,4,True,0.12345679012345678,0.1111111111111111
0.002,55.00000000000001,3,True,0.07407407407407407,0.09876543209876543
0.002,55.00000000000001,6,True,0.12345679012345678,0.07407407407407407
0.002,55.00000000000001,8,True,0.13580246913580246,0.06172839506172839
0.002,55.00000000000001,3,True,0.07407407407407407,0.06172839506172839
0.002,55.00000000000001,6,True,0.09876543209876543,0.09876543209876543
0.002,55.00000000000001,12,True,0.1111111111111111,0.20987654320987653
0.002,55.00000000000001,6,True,0.1111111111111111,0.06172839506172839
0.002,55.00000000000001,4,True,0.13580246913580246,0.06172839506172839
0.002,55.00000000000001,8,True,0.14814814814814814,0.08641975308641975
0.002,55.00000000000001,16,True,0.1111111111111111,0.08641975308641975
0.002,55.00000000000001,3,True,0.07407407407407407,0.12345679012345678
0.002,55.00000000000001,3,True,0.04938271604938271,0.09876543209876543
0.002,55.00000000000001,4,True,0.09876543209876543,0.07407407407407407
0.002,55.00000000000001,15,True,0.06172839506172839,0.07407407407407407
0.002,55.00000000000001,11,True,0.13580246913580246,0.14814814814814814
0.002,55.00000000000001,3,True,0.13580246913580246,0.08641975308641975
0.002,55.00000000000001,6,True,0.1111111111111111,0.09876543209876543
0.002,55.00000000000001,8,True,0.14814814814814814,0.1111111111111111
0.002,55.00000000000001,6,True,0.09876543209876543,0.1111111111111111
0.002,55.00000000000001,6,True,0.1111111111111111,0.07407407407407407
0.002,55.00000000000001,11,True,0.09876543209876543,0.08641975308641975
0.002,55.00000000000001,7,True,0.09876543209876543,0.1728395061728395
0.002,55.00000000000001,4,True,0.1111111111111111,0.06172839506172839
0.002,55.00000000000001,5,True,0.09876543209876543,0.1728395061728395
0.002,55.00000000000001,8,True,0.06172839506172839,0.07407407407407407
0.002,55.00000000000001,4,True,0.08641975308641975,0.13580246913580246
0.002,55.00000000000001,4,True,0.1111111111111111,0.13580246913580246
0.002,55.00000000000001,6,True,0.1111111111111111,0.1111111111111111
0.002,55.00000000000001,11,True,0.13580246913580246,0.12345679012345678
0.002,55.00000000000001,9,True,0.13580246913580246,0.024691358024691357
0.002,55.00000000000001,6,True,0.1111111111111111,0.07407407407407407
0.002,55.00000000000001,3,True,0.07407407407407407,0.1111111111111111
0.002,55.00000000000001,7,True,0.09876543209876543,0.04938271604938271
0.002,55.00000000000001,13,True,0.1111111111111111,0.07407407407407407
0.002,55.00000000000001,5,True,0.07407407407407407,0.06172839506172839
0.002,55.00000000000001,6,True,0.16049382716049382,0.08641975308641975
0.002,55.00000000000001,8,True,0.08641975308641975,0.14814814814814814
0.002,60.0,3,True,0.1728395061728395,0.09876543209876543
0.002,60.0,15,True,0.12345679012345678,0.08641975308641975
0.002,60.0,4,True,0.12345679012345678,0.09876543209876543
0.002,60.0,7,True,0.14814814814814814,0.04938271604938271
0.002,60.0,7,True,0.09876543209876543,0.08641975308641975
0.002,60.0,4,True,0.16049382716049382,0.04938271604938271
0.002,60.0,8,True,0.13580246913580246,0.1111111111111111
0.002,60.0,3,True,0.12345679012345678,0.07407407407407407
0.002,60.0,4,True,0.12345679012345678,0.1111111111111111
0.002,60.0,9,True,0.09876543209876543,0.09876543209876543
0.002,60.0,8,True,0.12345679012345678,0.12345679012345678
0.002,60.0,10,True,0.07407407407407407,0.13580246913580246
0.002,60.0,5,True,0.09876543209876543,0.12345679012345678
0.002,60.0,4,True,0.07407407407407407,0.12345679012345678
0.002,60.0,17,True,0.037037037037037035,0.14814814814814814
0.002,60.0,5,True,0.12345679012345678,0.12345679012345678
0.002,60.0,7,True,0.09876543209876543,0.08641975308641975
0.002,60.0,7,True,0.12345679012345678,0.20987654320987653
0.002,60.0,9,True,0.09876543209876543,0.1111111111111111
0.002,60.0,9,True,0.14814814814814814,0.13580246913580246
0.002,60.0,3,True,0.08641975308641975,0.04938271604938271
0.002,60.0,10,True,0.07407407407407407,0.12345679012345678
0.002,60.0,12,True,0.12345679012345678,0.13580246913580246
0.002,60.0,4,True,0.12345679012345678,0.13580246913580246
0.002,60.0,13,True,0.1111111111111111,0.13580246913580246
0.002,60.0,4,True,0.13580246913580246,0.08641975308641975
0.002,60.0,6,True,0.1111111111111111,0.08641975308641975
0.002,60.0,18,True,0.07407407407407407,0.07407407407407407
0.002,60.0,5,True,0.14814814814814814,0.06172839506172839
0.002,60.0,6,True,0.09876543209876543,0.1728395061728395
0.002,60.0,4,True,0.14814814814814814,0.14814814814814814
0.002,60.0,6,True,0.09876543209876543,0.16049382716049382
0.002,60.0,15,True,0.12345679012345678,0.09876543209876543
0.002,60.0,6,True,0.08641975308641975,0.14814814814814814
0.002,60.0,3,True,0.1111111111111111,0.12345679012345678
0.002,60.0,12,True,0.08641975308641975,0.12345679012345678
0.002,60.0,4,True,0.13580246913580246,0.13580246913580246
0.002,60.0,6,True,0.09876543209876543,0.1111111111111111
0.002,60.0,6,True,0.07407407407407407,0.14814814814814814
0.002,60.0,13,True,0.12345679012345678,0.1111111111111111
0.002,60.0,16,True,0.12345679012345678,0.07407407407407407
0.002,60.0,20,False,0.09876543209876543,0.12345679012345678
0.002,60.0,13,True,0.12345679012345678,0.08641975308641975
0.002,60.0,5,True,0.16049382716049382,0.16049382716049382
0.002,60.0,6,True,0.13580246913580246,0.1728395061728395
0.002,60.0,15,True,0.1111111111111111,0.18518518518518517
0.002,60.0,19,True,0.14814814814814814,0.08641975308641975
0.002,60.0,5,True,0.04938271604938271,0.12345679012345678
0.002,60.0,3,True,0.09876543209876543,0.13580246913580246
0.002,60.0,5,True,0.14814814814814814,0.1728395061728395
0.002,70.0,5,True,0.13580246913580246,0.13580246913580246
0.002,70.0,7,True,0.12345679012345678,0.12345679012345678
0.002,70.0,13,True,0.08641975308641975,0.08641975308641975
0.002,70.0,8,True,0.08641975308641975,0.1111111111111111
0.002,70.0,10,True,0.09876543209876543,0.09876543209876543
0.002,70.0,12,True,0.12345679012345678,0.08641975308641975
0.002,70.0,4,True,0.12345679012345678,0.13580246913580246
0.002,70.0,8,True,0.1111111111111111,0.09876543209876543
0.002,70.0,17,True,0.1111111111111111,0.14814814814814814
0.002,70.0,6,True,0.09876543209876543,0.09876543209876543
0.002,70.0,6,True,0.1111111111111111,0.13580246913580246
0.002,70.0,13,True,0.1111111111111111,0.08641975308641975
0.002,70.0,4,True,0.06172839506172839,0.09876543209876543
0.002,70.0,5,True,0.07407407407407407,0.1728395061728395
0.002,70.0,5,True,0.12345679012345678,0.12345679012345678
0.002,70.0,9,True,0.06172839506172839,0.1111111111111111
0.002,70.0,11,True,0.08641975308641975,0.06172839506172839
0.002,70.0,4,True,0.08641975308641975,0.06172839506172839
0.002,70.0,18,True,0.1111111111111111,0.1111111111111111
0.002,70.0,5,True,0.13580246913580246,0.08641975308641975
0.002,70.0,6,True,0.12345679012345678,0.2222222222222222
0.002,70.0,11,True,0.06172839506172839,0.1111111111111111
0.002,70.0,6,True,0.09876543209876543,0.08641975308641975
0.002,70.0,10,True,0.07407407407407407,0.09876543209876543
0.002,70.0,3,True,0.14814814814814814,0.06172839506172839
0.002,70.0,5,True,0.12345679012345678,0.14814814814814814
0.002,70.0,5,True,0.08641975308641975,0.09876543209876543
0.002,70.0,4,True,0.1111111111111111,0.12345679012345678
0.002,70.0,7,True,0.1111111111111111,0.06172839506172839
0.002,70.0,9,True,0.1111111111111111,0.07407407407407407
0.002,70.0,4,True,0.13580246913580246,0.14814814814814814
0.002,70.0,5,True,0.12345679012345678,0.14814814814814814
0.002,70.0,12,True,0.1111111111111111,0.18518518518518517
0.002,70.0,4,True,0.09876543209876543,0.08641975308641975
0.002,70.0,7,True,0.1111111111111111,0.12345679012345678
0.002,70.0,11,True,0.13580246913580246,0.1111111111111111
0.002,70.0,3,True,0.14814814814814814,0.14814814814814814
0.002,70.0,8,True,0.12345679012345678,0.08641975308641975
0.002,70.0,5,True,0.08641975308641975,0.09876543209876543
0.002,70.0,6,True,0.09876543209876543,0.024691358024691357
0.002,70.0,5,True,0.1111111111111111,0.1111111111111111
0.002,70.0,7,True,0.1111111111111111,0.1111111111111111
0.002,70.0,11,True,0.1111111111111111,0.16049382716049382
0.002,70.0,9,True,0.09876543209876543,0.1728395061728395
0.002,70.0,8,True,0.18518518518518517,0.12345679012345678
0.002,70.0,3,True,0.08641975308641975,0.1111111111111111
0.002,70.0,16,True,0.12345679012345678,0.12345679012345678
0.002,70.0,6,True,0.12345679012345678,1.0
0.002,70.0,6,True,0.12345679012345678,0.08641975308641975
0.002,70.0,8,True,0.12345679012345678,0.08641975308641975
0.002,80.0,4,True,0.14814814814814814,0.08641975308641975
0.002,80.0,8,True,0.08641975308641975,0.16049382716049382
0.002,80.0,8,True,0.09876543209876543,0.1111111111111111
0.002,80.0,4,True,0.08641975308641975,0.08641975308641975
0.002,80.0,5,True,0.07407407407407407,0.1111111111111111
0.002,80.0,5,True,0.09876543209876543,0.1111111111111111
0.002,80.0,9,True,0.13580246913580246,0.18518518518518517
0.002,80.0,9,True,0.12345679012345678,0.14814814814814814
0.002,80.0,7,True,0.1111111111111111,0.04938271604938271
0.002,80.0,11,True,0.12345679012345678,0.07407407407407407
0.002,80.0,7,True,0.12345679012345678,0.12345679012345678
0.002,80.0,14,True,0.13580246913580246,0.14814814814814814
0.002,80.0,4,True,0.1111111111111111,0.08641975308641975
0.002,80.0,4,True,0.13580246913580246,0.037037037037037035
0.002,80.0,7,True,0.07407407407407407,0.037037037037037035
0.002,80.0,7,True,0.08641975308641975,0.13580246913580246
0.002,80.0,9,True,0.12345679012345678,0.12345679012345678
0.002,80.0,3,True,0.1728395061728395,0.09876543209876543
0.002,80.0,4,True,0.1111111111111111,0.037037037037037035
0.002,80.0,6,True,0.06172839506172839,0.08641975308641975
0.002,80.0,20,False,0.13580246913580246,0.1111111111111111
0.002,80.0,6,True,0.1111111111111111,0.12345679012345678
0.002,80.0,7,True,0.09876543209876543,0.12345679012345678
0.002,80.0,4,True,0.16049382716049382,0.07407407407407407
0.002,80.0,5,True,0.12345679012345678,0.14814814814814814
0.002,80.0,4,True,0.08641975308641975,0.12345679012345678
0.002,80.0,11,True,0.08641975308641975,0.13580246913580246
0.002,80.0,4,True,0.12345679012345678,0.12345679012345678
0.002,80.0,5,True,0.12345679012345678,0.16049382716049382
0.002,80.0,14,True,0.07407407407407407,0.09876543209876543
0.002,80.0,10,True,0.1728395061728395,0.06172839506172839
0.002,80.0,7,True,0.1111111111111111,0.1111111111111111
0.002,80.0,5,True,0.12345679012345678,0.13580246913580246
0.002,80.0,9,True,0.1111111111111111,0.08641975308641975
0.002,80.0,6,True,0.14814814814814814,0.09876543209876543
0.002,80.0,5,True,0.13580246913580246,0.024691358024691357
0.002,80.0,14,True,0.09876543209876543,0.1111111111111111
0.002,80.0,9,True,0.09876543209876543,0.16049382716049382
0.002,80.0,13,True,0.09876543209876543,0.07407407407407407
0.002,80.0,7,True,0.14814814814814814,0.06172839506172839
0.002,80.0,13,True,0.1111111111111111,0.09876543209876543
0.002,80.0,13,True,0.1111111111111111,0.18518518518518517
0.002,80.0,14,True,0.13580246913580246,0.16049382716049382
0.002,80.0,6,True,0.1111111111111111,0.08641975308641975
0.002,80.0,4,True,0.14814814814814814,0.09876543209876543
0.002,80.0,6,True,0.08641975308641975,0.14814814814814814
0.002,80.0,8,True,0.08641975308641975,0.037037037037037035
0.002,80.0,3,True,0.07407407407407407,0.1728395061728395
0.002,80.0,5,True,0.07407407407407407,0.06172839506172839
0.002,80.0,20,True,0.07407407407407407,0.1111111111111111
0.005,0.0,1,True,1.0,1.0
0.005,0.0,1,True,1.0,1.0
0.005,0.0,1,True,1.0,1.0
0.005,0.0,1,True,1.0,1.0
0.005,0.0,1,True,1.0,1.0
0.005,0.0,1,True,1.0,1.0
0.005,0.0,1,True,1.0,1.0
0.005,0.0,1,True,1.0,1.0
0.005,0.0,1,True,1.0,1.0
0.005,0.0,1,True,1.0,1.0
0.005,0.0,1,True,1.0,1.0
0.005,0.0,1,True,1.0,1.0
0.005,0.0,1,True,1.0,1.0
0.005,0.0,1,True,1.0,1.0
0.005,0.0,1,True,1.0,1.0
0.005,0.0,1,True,1.0,1.0
0.005,0.0,1,True,1.0,1.0
0.005,0.0,1,True,1.0,1.0
0.005,0.0,1,True,1.0,1.0
0.005,0.0,1,True,1.0,1.0
0.005,0.0,1,True,1.0,1.0
0.005,0.0,1,True,1.0,1.0
0.005,0.0,1,True,1.0,1.0
0.005,0.0,1,True,1.0,1.0
0.005,0.0,1,True,1.0,1.0
0.005,0.0,1,True,1.0,1.0
0.005,0.0,1,True,1.0,1.0
0.005,0.0,1,True,1.0,1.0
0.005,0.0,1,True,1.0,1.0
0.005,0.0,1,True,1.0,1.0
0.005,0.0,1,True,1.0,1.0
0.005,0.0,1,True,1.0,1.0
0.005,0.0,1,True,1.0,1.0
0.005,0.0,1,True,1.0,1.0
0.005,0.0,1,True,1.0,1.0
0.005,0.0,1,True,1.0,1.0
0.005,0.0,1,True,1.0,1.0
0.005,0.0,1,True,1.0,1.0
0.005,0.0,1,True,1.0,1.0
0.005,0.0,1,True,1.0,1.0
0.005,0.0,1,True,1.0,1.0
0.005,0.0,1,True,1.0,1.0
0.005,0.0,1,True,1.0,1.0
0.005,0.0,1,True,1.0,1.0
0.005,0.0,1,True,1.0,1.0
0.005,0.0,1,True,1.0,1.0
0.005,0.0,1,True,1.0,1.0
0.005,0.0,1,True,1.0,1.0
0.005,0.0,1,True,1.0,1.0
0.005,0.0,1,True,1.0,1.0
0.005,5.0,2,True,1.0,1.0
0.005,5.0,2,True,1.0,1.0
0.005,5.0,2,True,1.0,1.0
0.005,5.0,2,True,1.0,1.0
0.005,5.0,2,True,1.0,1.0
0.005,5.0,2,True,1.0,1.0
0.005,5.0,2,True,1.0,1.0
0.005,5.0,2,True,1.0,1.0
0.005,5.0,2,True,1.0,1.0
0.005,5.0,2,True,1.0,1.0
0.005,5.0,2,True,1.0,1.0
0.005,5.0,2,True,1.0,1.0
0.005,5.0,2,True,1.0,1.0
0.005,5.0,2,True,1.0,1.0
0.005,5.0,2,True,1.0,1.0
0.005,5.0,2,True,1.0,1.0
0.005,5.0,2,True,1.0,1.0
0.005,5.0,2,True,1.0,1.0
0.005,5.0,2,True,1.0,1.0
0.005,5.0,2,True,1.0,1.0
0.005,5.0,2,True,1.0,1.0
0.005,5.0,2,True,1.0,1.0
0.005,5.0,2,True,1.0,1.0
0.005,5.0,2,True,1.0,1.0
0.005,5.0,2,True,1.0,1.0
0.005,5.0,2,True,1.0,1.0
0.005,5.0,2,True,1.0,1.0
0.005,5.0,2,True,1.0,1.0
0.005,5.0,2,True,1.0,1.0
0.005,5.0,2,True,1.0,1.0
0.005,5.0,2,True,1.0,1.0
0.005,5.0,2,True,1.0,1.0
0.005,5.0,2,True,1.0,1.0
0.005,5.0,2,True,1.0,1.0
0.005,5.0,2,True,1.0,1.0
0.005,5.0,2,True,1.0,1.0
0.005,5.0,2,True,1.0,1.0
0.005,5.0,2,True,1.0,1.0
0.005,5.0,2,True,1.0,1.0
0.005,5.0,2,True,1.0,1.0
0.005,5.0,2,True,1.0,1.0
0.005,5.0,2,True,1.0,1.0
0.005,5.0,2,True,1.0,1.0
0.005,5.0,2,True,1.0,1.0
0.005,5.0,2,True,1.0,1.0
0.005,5.0,2,True,1.0,1.0
0.005,5.0,2,True,1.0,1.0
0.005,5.0,2,True,1.0,1.0
0.005,5.0,2,True,1.0,1.0
0.005,5.0,2,True,1.0,1.0
0.005,10.0,2,True,1.0,1.0
0.005,10.0,2,True,1.0,1.0
0.005,10.0,2,True,1.0,1.0
0.005,10.0,2,True,1.0,1.0
0.005,10.0,2,True,1.0,1.0
0.005,10.0,2,True,1.0,1.0
0.005,10.0,2,True,1.0,1.0
0.005,10.0,2,True,1.0,1.0
0.005,10.0,2,True,1.0,1.0
0.005,10.0,2,True,1.0,1.0
0.005,10.0,2,True,1.0,1.0
0.005,10.0,2,True,1.0,1.0
0.005,10.0,2,True,1.0,1.0
0.005,10.0,2,True,1.0,1.0
0.005,10.0,2,True,1.0,1.0
0.005,10.0,2,True,1.0,1.0
0.005,10.0,2,True,1.0,1.0
0.005,10.0,2,True,1.0,1.0
0.005,10.0,2,True,1.0,1.0
0.005,10.0,2,True,1.0,1.0
0.005,10.0,2,True,1.0,1.0
0.005,10.0,2,True,1.0,1.0
0.005,10.0,2,True,1.0,1.0
0.005,10.0,2,True,1.0,1.0
0.005,10.0,2,True,1.0,1.0
0.005,10.0,2,True,1.0,1.0
0.005,10.0,2,True,1.0,1.0
0.005,10.0,2,True,1.0,1.0
0.005,10.0,2,True,1.0,1.0
0.005,10.0,2,True,1.0,1.0
0.005,10.0,2,True,1.0,1.0
0.005,10.0,2,True,1.0,1.0
0.005,10.0,2,True,1.0,1.0
0.005,10.0,2,True,1.0,1.0
0.005,10.0,2,True,1.0,1.0
0.005,10.0,2,True,1.0,1.0
0.005,10.0,2,True,1.0,1.0
0.005,10.0,2,True,1.0,1.0
0.005,10.0,2,True,1.0,1.0
0.005,10.0,2,True,1.0,1.0
0.005,10.0,2,True,1.0,1.0
0.005,10.0,2,True,1.0,1.0
0.005,10.0,2,True,1.0,1.0
0.005,10.0,2,True,1.0,1.0
0.005,10.0,2,True,1.0,1.0
0.005,10.0,2,True,1.0,1.0
0.005,10.0,2,True,1.0,1.0
0.005,10.0,2,True,1.0,1.0
0.005,10.0,2,True,1.0,1.0
0.005,10.0,2,True,1.0,1.0
0.005,15.0,2,True,1.0,1.0
0.005,15.0,2,True,1.0,1.0
0.005,15.0,2,True,1.0,1.0
0.005,15.0,2,True,1.0,1.0
0.005,15.0,2,True,1.0,1.0
0.005,15.0,2,True,1.0,1.0
0.005,15.0,2,True,1.0,1.0
0.005,15.0,2,True,1.0,1.0
0.005,15.0,2,True,1.0,1.0
0.005,15.0,2,True,1.0,1.0
0.005,15.0,2,True,1.0,1.0
0.005,15.0,2,True,1.0,1.0
0.005,15.0,2,True,1.0,1.0
0.005,15.0,2,True,1.0,1.0
0.005,15.0,2,True,1.0,1.0
0.005,15.0,2,True,1.0,1.0
0.005,15.0,2,True,1.0,1.0
0.005,15.0,2,True,1.0,1.0
0.005,15.0,2,True,1.0,1.0
0.005,15.0,2,True,1.0,1.0
0.005,15.0,2,True,1.0,1.0
0.005,15.0,2,True,1.0,1.0
0.005,15.0,2,True,1.0,1.0
0.005,15.0,2,True,1.0,1.0
0.005,15.0,2,True,1.0,1.0
0.005,15.0,2,True,1.0,1.0
0.005,15.0,2,True,1.0,1.0
0.005,15.0,2,True,1.0,1.0
0.005,15.0,2,True,1.0,1.0
0.005,15.0,2,True,1.0,1.0
0.005,15.0,2,True,1.0,1.0
0.005,15.0,2,True,1.0,1.0
0.005,15.0,2,True,1.0,1.0
0.005,15.0,2,True,1.0,1.0
0.005,15.0,2,True,1.0,1.0
0.005,15.0,2,True,1.0,1.0
0.005,15.0,2,True,1.0,1.0
0.005,15.0,2,True,1.0,1.0
0.005,15.0,2,True,1.0,1.0
0.005,15.0,2,True,1.0,1.0
0.005,15.0,2,True,1.0,1.0
0.005,15.0,2,True,1.0,1.0
0.005,15.0,2,True,1.0,1.0
0.005,15.0,2,True,1.0,1.0
0.005,15.0,2,True,1.0,1.0
0.005,15.0,2,True,1.0,1.0
0.005,15.0,2,True,1.0,1.0
0.005,15.0,2,True,1.0,1.0
0.005,15.0,2,True,1.0,1.0
0.005,15.0,2,True,1.0,1.0
0.005,20.0,2,True,1.0,1.0
0.005,20.0,2,True,1.0,1.0
0.005,20.0,2,True,1.0,1.0
0.005,20.0,2,True,1.0,1.0
0.005,20.0,2,True,1.0,1.0
0.005,20.0,2,True,1.0,1.0
0.005,20.0,2,True,1.0,1.0
0.005,20.0,2,True,1.0,1.0
0.005,20.0,2,True,1.0,1.0
0.005,20.0,2,True,1.0,1.0
0.005,20.0,2,True,1.0,1.0
0.005,20.0,2,True,1.0,1.0
0.005,20.0,2,True,1.0,1.0
0.005,20.0,2,True,1.0,1.0
0.005,20.0,2,True,1.0,1.0
0.005,20.0,2,True,1.0,1.0
0.005,20.0,2,True,1.0,1.0
0.005,20.0,2,True,1.0,1.0
0.005,20.0,2,True,1.0,1.0
0.005,20.0,2,True,1.0,1.0
0.005,20.0,2,True,1.0,1.0
0.005,20.0,2,True,1.0,1.0
0.005,20.0,2,True,1.0,1.0
0.005,20.0,2,True,1.0,1.0
0.005,20.0,2,True,1.0,1.0
0.005,20.0,2,True,1.0,1.0
0.005,20.0,2,True,1.0,1.0
0.005,20.0,2,True,1.0,1.0
0.005,20.0,2,True,1.0,1.0
0.005,20.0,2,True,1.0,1.0
0.005,20.0,2,True,1.0,1.0
0.005,20.0,2,True,1.0,1.0
0.005,20.0,2,True,1.0,1.0
0.005,20.0,2,True,1.0,1.0
0.005,20.0,2,True,1.0,1.0
0.005,20.0,2,True,1.0,1.0
0.005,20.0,2,True,1.0,1.0
0.005,20.0,2,True,1.0,1.0
0.005,20.0,2,True,1.0,1.0
0.005,20.0,2,True,1.0,1.0
0.005,20.0,2,True,1.0,1.0
0.005,20.0,2,True,1.0,1.0
0.005,20.0,2,True,1.0,1.0
0.005,20.0,2,True,1.0,1.0
0.005,20.0,2,True,1.0,1.0
0.005,20.0,2,True,1.0,1.0
0.005,20.0,2,True,1.0,1.0
0.005,20.0,2,True,1.0,1.0
0.005,20.0,2,True,1.0,1.0
0.005,20.0,2,True,1.0,1.0
0.005,25.0,2,True,1.0,1.0
0.005,25.0,2,True,1.0,1.0
0.005,25.0,2,True,1.0,1.0
0.005,25.0,2,True,1.0,1.0
0.005,25.0,2,True,1.0,1.0
0.005,25.0,2,True,1.0,1.0
0.005,25.0,2,True,1.0,1.0
0.005,25.0,2,True,1.0,1.0
0.005,25.0,2,True,1.0,1.0
0.005,25.0,2,True,1.0,1.0
0.005,25.0,2,True,1.0,1.0
0.005,25.0,2,True,1.0,1.0
0.005,25.0,2,True,1.0,1.0
0.005,25.0,2,True,1.0,1.0
0.005,25.0,2,True,1.0,1.0
0.005,25.0,2,True,1.0,1.0
0.005,25.0,2,True,1.0,1.0
0.005,25.0,2,True,1.0,1.0
0.005,25.0,2,True,1.0,1.0
0.005,25.0,2,True,1.0,1.0
0.005,25.0,2,True,1.0,1.0
0.005,25.0,2,True,1.0,1.0
0.005,25.0,2,True,1.0,1.0
0.005,25.0,2,True,1.0,1.0
0.005,25.0,2,True,1.0,1.0
0.005,25.0,2,True,1.0,1.0
0.005,25.0,2,True,1.0,1.0
0.005,25.0,2,True,1.0,1.0
0.005,25.0,2,True,1.0,1.0
0.005,25.0,2,True,1.0,1.0
0.005,25.0,2,True,1.0,1.0
0.005,25.0,2,True,1.0,1.0
0.005,25.0,2,True,1.0,1.0
0.005,25.0,2,True,1.0,1.0
0.005,25.0,2,True,1.0,1.0
0.005,25.0,2,True,1.0,1.0
0.005,25.0,2,True,1.0,1.0
0.005,25.0,2,True,1.0,1.0
0.005,25.0,2,True,1.0,1.0
0.005,25.0,2,True,1.0,1.0
0.005,25.0,2,True,1.0,1.0
0.005,25.0,2,True,1.0,1.0
0.005,25.0,2,True,1.0,1.0
0.005,25.0,2,True,1.0,1.0
0.005,25.0,2,True,1.0,1.0
0.005,25.0,2,True,1.0,1.0
0.005,25.0,2,True,1.0,1.0
0.005,25.0,2,True,1.0,1.0
0.005,25.0,2,True,1.0,1.0
0.005,25.0,2,True,1.0,1.0
0.005,30.0,2,True,1.0,1.0
0.005,30.0,2,True,1.0,1.0
0.005,30.0,2,True,1.0,1.0
0.005,30.0,2,True,1.0,1.0
0.005,30.0,2,True,1.0,1.0
0.005,30.0,2,True,1.0,1.0
0.005,30.0,2,True,1.0,1.0
0.005,30.0,2,True,1.0,1.0
0.005,30.0,2,True,1.0,1.0
0.005,30.0,2,True,1.0,1.0
0.005,30.0,2,True,1.0,1.0
0.005,30.0,2,True,1.0,1.0
0.005,30.0,2,True,1.0,1.0
0.005,30.0,2,True,1.0,1.0
0.005,30.0,2,True,1.0,1.0
0.005,30.0,2,True,1.0,1.0
0.005,30.0,2,True,1.0,1.0
0.005,30.0,2,True,1.0,1.0
0.005,30.0,2,True,1.0,1.0
0.005,30.0,2,True,1.0,1.0
0.005,30.0,2,True,1.0,1.0
0.005,30.0,2,True,1.0,1.0
0.005,30.0,2,True,1.0,1.0
0.005,30.0,2,True,1.0,1.0
0.005,30.0,2,True,1.0,1.0
0.005,30.0,2,True,1.0,1.0
0.005,30.0,2,True,1.0,1.0
0.005,30.0,2,True,1.0,1.0
0.005,30.0,2,True,1.0,1.0
0.005,30.0,2,True,1.0,1.0
0.005,30.0,2,True,1.0,1.0
0.005,30.0,2,True,1.0,1.0
0.005,30.0,2,True,1.0,1.0
0.005,30.0,2,True,1.0,1.0
0.005,30.0,2,True,1.0,1.0
0.005,30.0,2,True,1.0,1.0
0.005,30.0,2,True,1.0,1.0
0.005,30.0,2,True,1.0,1.0
0.005,30.0,2,True,1.0,1.0
0.005,30.0,2,True,1.0,1.0
0.005,30.0,2,True,1.0,1.0
0.005,30.0,2,True,1.0,1.0
0.005,30.0,2,True,1.0,1.0
0.005,30.0,2,True,1.0,1.0
0.005,30.0,2,True,1.0,1.0
0.005,30.0,2,True,1.0,1.0
0.005,30.0,2,True,1.0,1.0
0.005,30.0,2,True,1.0,1.0
0.005,30.0,2,True,1.0,1.0
0.005,30.0,2,True,1.0,1.0
0.005,35.0,2,True,1.0,1.0
0.005,35.0,2,True,1.0,1.0
0.005,35.0,2,True,1.0,1.0
0.005,35.0,2,True,1.0,1.0
0.005,35.0,2,True,1.0,1.0
0.005,35.0,3,True,0.9012345679012346,1.0
0.005,35.0,2,True,1.0,1.0
0.005,35.0,2,True,1.0,1.0
0.005,35.0,2,True,1.0,1.0
0.005,35.0,2,True,1.0,1.0
0.005,35.0,2,True,1.0,1.0
0.005,35.0,2,True,1.0,1.0
0.005,35.0,2,True,1.0,1.0
0.005,35.0,2,True,1.0,1.0
0.005,35.0,2,True,1.0,1.0
0.005,35.0,2,True,1.0,1.0
0.005,35.0,2,True,1.0,1.0
0.005,35.0,2,True,1.0,1.0
0.005,35.0,2,True,1.0,1.0
0.005,35.0,2,True,1.0,1.0
0.005,35.0,2,True,1.0,1.0
0.005,35.0,2,True,1.0,1.0
0.005,35.0,2,True,1.0,1.0
0.005,35.0,2,True,1.0,1.0
0.005,35.0,2,True,1.0,1.0
0.005,35.0,2,True,1.0,1.0
0.005,35.0,2,True,1.0,1.0
0.005,35.0,2,True,1.0,1.0
0.005,35.0,2,True,1.0,1.0
0.005,35.0,2,True,1.0,1.0
0.005,35.0,3,True,0.9259259259259259,1.0
0.005,35.0,2,True,1.0,1.0
0.005,35.0,2,True,1.0,1.0
0.005,35.0,2,True,1.0,1.0
0.005,35.0,2,True,1.0,1.0
0.005,35.0,2,True,1.0,1.0
0.005,35.0,2,True,1.0,1.0
0.005,35.0,2,True,1.0,1.0
0.005,35.0,2,True,1.0,1.0
0.005,35.0,2,True,1.0,1.0
0.005,35.0,2,True,1.0,1.0
0.005,35.0,2,True,1.0,1.0
0.005,35.0,2,True,1.0,1.0
0.005,35.0,2,True,1.0,1.0
0.005,35.0,2,True,1.0,1.0
0.005,35.0,2,True,1.0,1.0
0.005,35.0,2,True,1.0,1.0
0.005,35.0,2,True,1.0,1.0
0.005,35.0,2,True,1.0,1.0
0.005,35.0,2,True,1.0,1.0
0.005,40.0,11,True,0.12345679012345678,0.06172839506172839
0.005,40.0,2,True,1.0,1.0
0.005,40.0,5,True,0.1728395061728395,0.1111111111111111
0.005,40.0,2,True,1.0,1.0
0.005,40.0,5,True,0.1728395061728395,0.16049382716049382
0.005,40.0,2,True,1.0,1.0
0.005,40.0,3,True,0.691358024691358,1.0
0.005,40.0,3,True,0.8765432098765432,1.0
0.005,40.0,2,True,1.0,1.0
0.005,40.0,4,True,0.16049382716049382,0.1111111111111111
0.005,40.0,3,True,0.32098765432098764,1.0
0.005,40.0,8,True,0.09876543209876543,0.08641975308641975
0.005,40.0,2,True,1.0,1.0
0.005,40.0,7,True,0.1111111111111111,0.13580246913580246
0.005,40.0,6,True,0.14814814814814814,0.1111111111111111
0.005,40.0,6,True,0.12345679012345678,0.07407407407407407
0.005,40.0,8,True,0.14814814814814814,0.09876543209876543
0.005,40.0,13,True,0.12345679012345678,0.16049382716049382
0.005,40.0,3,True,0.9012345679012346,1.0
0.005,40.0,18,True,0.18518518518518517,0.04938271604938271
0.005,40.0,4,True,0.24691358024691357,1.0
0.005,40.0,3,True,0.654320987654321,1.0
0.005,40.0,17,True,0.09876543209876543,0.16049382716049382
0.005,40.0,6,True,0.08641975308641975,0.1111111111111111
0.005,40.0,8,True,0.1728395061728395,0.1111111111111111
0.005,40.0,17,True,0.12345679012345678,0.07407407407407407
0.005,40.0,3,True,0.2716049382716049,1.0
0.005,40.0,3,True,0.38271604938271603,1.0
0.005,40.0,4,True,0.08641975308641975,0.09876543209876543
0.005,40.0,3,True,0.3333333333333333,1.0
0.005,40.0,3,True,0.41975308641975306,1.0
0.005,40.0,3,True,0.8395061728395061,1.0
0.005,40.0,4,True,0.13580246913580246,0.13580246913580246
0.005,40.0,3,True,0.5308641975308642,1.0
0.005,40.0,2,True,1.0,1.0
0.005,40.0,2,True,1.0,1.0
0.005,40.0,3,True,0.5555555555555556,1.0
0.005,40.0,20,False,0.13580246913580246,0.09876543209876543
0.005,40.0,7,True,0.13580246913580246,0.04938271604938271
0.005,40.0,3,True,0.18518518518518517,1.0
0.005,40.0,3,True,0.691358024691358,1.0
0.005,40.0,3,True,0.5679012345679012,1.0
0.005,40.0,8,True,0.16049382716049382,0.07407407407407407
0.005,40.0,3,True,0.3950617283950617,1.0
0.005,40.0,3,True,0.8888888888888888,1.0
0.005,40.0,3,True,0.345679012345679,1.0
0.005,40.0,3,True,0.48148148148148145,1.0
0.005,40.0,3,True,0.4074074074074074,1.0
0.005,40.0,3,True,0.9753086419753086,1.0
0.005,40.0,2,True,1.0,1.0
0.005,45.0,11,True,0.14814814814814814,0.09876543209876543
0.005,45.0,20,False,0.16049382716049382,0.14814814814814814
0.005,45.0,6,True,0.13580246913580246,0.04938271604938271
0.005,45.0,16,True,0.1111111111111111,0.13580246913580246
0.005,45.0,4,True,0.07407407407407407,0.12345679012345678
0.005,45.0,9,True,0.09876543209876543,0.04938271604938271
0.005,45.0,7,True,0.08641975308641975,0.12345679012345678
0.005,45.0,5,True,0.09876543209876543,0.07407407407407407
0.005,45.0,4,True,0.12345679012345678,0.1728395061728395
0.005,45.0,7,True,0.13580246913580246,0.13580246913580246
0.005,45.0,12,True,0.09876543209876543,0.14814814814814814
0.005,45.0,3,True,0.1111111111111111,0.07407407407407407
0.005,45.0,20,False,0.07407407407407407,0.13580246913580246
0.005,45.0,15,True,0.12345679012345678,0.07407407407407407
0.005,45.0,5,True,0.09876543209876543,0.12345679012345678
0.005,45.0,5,True,0.09876543209876543,0.2222222222222222
0.005,45.0,14,True,0.04938271604938271,0.09876543209876543
0.005,45.0,10,True,0.09876543209876543,0.13580246913580246
0.005,45.0,12,True,0.1111111111111111,0.07407407407407407
0.005,45.0,6,True,0.1111111111111111,0.12345679012345678
0.005,45.0,7,True,0.09876543209876543,0.08641975308641975
0.005,45.0,6,True,0.1111111111111111,0.04938271604938271
0.005,45.0,13,True,0.09876543209876543,0.12345679012345678
0.005,45.0,15,True,0.08641975308641975,0.037037037037037035
0.005,45.0,12,True,0.1728395061728395,0.16049382716049382
0.005,45.0,16,True,0.06172839506172839,0.08641975308641975
0.005,45.0,7,True,0.1111111111111111,0.12345679012345678
0.005,45.0,5,True,0.09876543209876543,0.037037037037037035
0.005,45.0,4,True,0.1111111111111111,0.16049382716049382
0.005,45.0,6,True,0.08641975308641975,0.09876543209876543
0.005,45.0,16,True,0.13580246913580246,0.09876543209876543
0.005,45.0,19,True,0.1111111111111111,0.1111111111111111
0.005,45.0,15,True,0.12345679012345678,0.1728395061728395
0.005,45.0,7,True,0.13580246913580246,0.18518518518518517
0.005,45.0,14,True,0.09876543209876543,0.08641975308641975
0.005,45.0,4,True,0.06172839506172839,0.1111111111111111
0.005,45.0,6,True,0.14814814814814814,0.12345679012345678
0.005,45.0,4,True,0.18518518518518517,0.19753086419753085
0.005,45.0,11,True,0.12345679012345678,0.07407407407407407
0.005,45.0,11,True,0.12345679012345678,0.12345679012345678
0.005,45.0,6,True,0.07407407407407407,0.12345679012345678
0.005,45.0,6,True,0.08641975308641975,0.1111111111111111
0.005,45.0,7,True,0.1111111111111111,0.16049382716049382
0.005,45.0,3,True,0.09876543209876543,0.1728395061728395
0.005,45.0,20,False,0.14814814814814814,0.12345679012345678
0.005,45.0,6,True,0.07407407407407407,0.1111111111111111
0.005,45.0,11,True,0.1111111111111111,0.14814814814814814
0.005,45.0,7,True,0.1111111111111111,0.12345679012345678
0.005,45.0,8,True,0.16049382716049382,0.09876543209876543
0.005,45.0,3,True,0.1111111111111111,0.07407407407407407
0.005,50.0,16,True,0.12345679012345678,0.14814814814814814
0.005,50.0,18,True,0.14814814814814814,0.12345679012345678
0.005,50.0,10,True,0.18518518518518517,0.16049382716049382
0.005,50.0,19,True,0.1111111111111111,0.12345679012345678
0.005,50.0,4,True,0.16049382716049382,0.16049382716049382
0.005,50.0,20,False,0.08641975308641975,0.12345679012345678
0.005,50.0,20,True,0.12345679012345678,0.1111111111111111
0.005,50.0,7,True,0.06172839506172839,0.12345679012345678
0.005,50.0,9,True,0.13580246913580246,0.13580246913580246
0.005,50.0,20,False,0.1111111111111111,0.12345679012345678
0.005,50.0,5,True,0.14814814814814814,0.07407407407407407
0.005,50.0,6,True,0.13580246913580246,0.16049382716049382
0.005,50.0,3,True,0.1111111111111111,0.18518518518518517
0.005,50.0,6,True,0.09876543209876543,0.1111111111111111
0.005,50.0,12,True,0.07407407407407407,0.13580246913580246
0.005,50.0,19,True,0.04938271604938271,0.07407407407407407
0.005,50.0,12,True,0.08641975308641975,0.09876543209876543
0.005,50.0,16,True,0.14814814814814814,0.1111111111111111
0.005,50.0,7,True,0.13580246913580246,0.13580246913580246
0.005,50.0,10,True,0.037037037037037035,0.13580246913580246
0.005,50.0,3,True,0.037037037037037035,0.12345679012345678
0.005,50.0,5,True,0.1111111111111111,0.16049382716049382
0.005,50.0,3,True,0.13580246913580246,0.12345679012345678
0.005,50.0,8,True,0.1111111111111111,0.16049382716049382
0.005,50.0,11,True,0.09876543209876543,0.12345679012345678
0.005,50.0,3,True,0.12345679012345678,0.12345679012345678
0.005,50.0,12,True,0.13580246913580246,0.13580246913580246
0.005,50.0,20,False,0.1111111111111111,0.06172839506172839
0.005,50.0,5,True,0.09876543209876543,0.18518518518518517
0.005,50.0,5,True,0.1111111111111111,0.1728395061728395
0.005,50.0,9,True,0.13580246913580246,0.08641975308641975
0.005,50.0,10,True,0.09876543209876543,0.1111111111111111
0.005,50.0,8,True,0.14814814814814814,0.08641975308641975
0.005,50.0,4,True,0.07407407407407407,0.1111111111111111
0.005,50.0,6,True,0.1111111111111111,0.09876543209876543
0.005,50.0,19,True,0.09876543209876543,0.13580246913580246
0.005,50.0,4,True,0.16049382716049382,0.09876543209876543
0.005,50.0,20,False,0.12345679012345678,0.1111111111111111
0.005,50.0,4,True,0.1111111111111111,0.20987654320987653
0.005,50.0,5,True,0.12345679012345678,0.09876543209876543
0.005,50.0,15,True,0.18518518518518517,0.037037037037037035
0.005,50.0,9,True,0.12345679012345678,0.1111111111111111
0.005,50.0,3,True,0.08641975308641975,0.04938271604938271
0.005,50.0,8,True,0.13580246913580246,0.1111111111111111
0.005,50.0,4,True,0.07407407407407407,0.08641975308641975
0.005,50.0,17,True,0.07407407407407407,0.09876543209876543
0.005,50.0,6,True,0.12345679012345678,0.1111111111111111
0.005,50.0,15,True,0.12345679012345678,0.12345679012345678
0.005,50.0,8,True,0.06172839506172839,0.07407407407407407
0.005,50.0,16,True,0.1111111111111111,0.08641975308641975
0.005,55.00000000000001,4,True,0.07407407407407407,0.08641975308641975
0.005,55.00000000000001,13,True,0.09876543209876543,0.06172839506172839
0.005,55.00000000000001,7,True,0.06172839506172839,0.14814814814814814
0.005,55.00000000000001,3,True,0.12345679012345678,0.16049382716049382
0.005,55.00000000000001,8,True,0.09876543209876543,0.012345679012345678
0.005,55.00000000000001,19,True,0.12345679012345678,0.14814814814814814
0.005,55.00000000000001,20,False,0.07407407407407407,0.14814814814814814
0.005,55.00000000000001,18,True,0.07407407407407407,0.13580246913580246
0.005,55.00000000000001,17,True,0.1111111111111111,0.08641975308641975
0.005,55.00000000000001,6,True,0.08641975308641975,0.12345679012345678
0.005,55.00000000000001,12,True,0.12345679012345678,0.16049382716049382
0.005,55.00000000000001,6,True,0.16049382716049382,0.06172839506172839
0.005,55.00000000000001,12,True,0.1111111111111111,0.16049382716049382
0.005,55.00000000000001,4,True,0.12345679012345678,0.14814814814814814
0.005,55.00000000000001,18,True,0.09876543209876543,0.08641975308641975
0.005,55.00000000000001,6,True,0.13580246913580246,0.07407407407407407
0.005,55.00000000000001,6,True,0.07407407407407407,0.09876543209876543
0.005,55.00000000000001,4,True,0.1111111111111111,0.1111111111111111
0.005,55.00000000000001,7,True,0.13580246913580246,0.14814814814814814
0.005,55.00000000000001,3,True,0.06172839506172839,0.06172839506172839
0.005,55.00000000000001,15,True,0.12345679012345678,0.12345679012345678
0.005,55.00000000000001,5,True,0.08641975308641975,0.12345679012345678
0.005,55.00000000000001,5,True,0.07407407407407407,0.12345679012345678
0.005,55.00000000000001,4,True,0.1111111111111111,0.09876543209876543
0.005,55.00000000000001,20,False,0.07407407407407407,0.07407407407407407
0.005,55.00000000000001,9,True,0.12345679012345678,0.08641975308641975
0.005,55.00000000000001,16,True,0.1111111111111111,0.12345679012345678
0.005,55.00000000000001,16,True,0.09876543209876543,0.12345679012345678
0.005,55.00000000000001,14,True,0.1111111111111111,0.1111111111111111
0.005,55.00000000000001,4,True,0.13580246913580246,0.16049382716049382
0.005,55.00000000000001,3,True,0.13580246913580246,0.13580246913580246
0.005,55.00000000000001,4,True,0.14814814814814814,0.08641975308641975
0.005,55.00000000000001,4,True,0.1111111111111111,0.13580246913580246
0.005,55.00000000000001,10,True,0.1111111111111111,0.12345679012345678
0.005,55.00000000000001,9,True,0.12345679012345678,0.08641975308641975
0.005,55.00000000000001,3,True,0.1111111111111111,0.06172839506172839
0.005,55.00000000000001,6,True,0.08641975308641975,0.06172839506172839
0.005,55.00000000000001,7,True,0.08641975308641975,0.12345679012345678
0.005,55.00000000000001,19,True,0.12345679012345678,0.14814814814814814
0.005,55.00000000000001,4,True,0.06172839506172839,0.1111111111111111
0.005,55.00000000000001,20,False,0.13580246913580246,0.09876543209876543
0.005,55.00000000000001,8,True,0.08641975308641975,0.09876543209876543
0.005,55.00000000000001,3,True,0.1728395061728395,0.12345679012345678
0.005,55.00000000000001,3,True,0.08641975308641975,0.1111111111111111
0.005,55.00000000000001,16,True,0.09876543209876543,0.07407407407407407
0.005,55.00000000000001,8,True,0.1111111111111111,0.07407407407407407
0.005,55.00000000000001,19,True,0.1111111111111111,0.13580246913580246
0.005,55.00000000000001,5,True,0.09876543209876543,0.09876543209876543
0.005,55.00000000000001,5,True,0.16049382716049382,0.08641975308641975
0.005,55.00000000000001,17,True,0.08641975308641975,0.07407407407407407
0.005,60.0,7,True,0.08641975308641975,0.06172839506172839
0.005,60.0,6,True,0.16049382716049382,0.09876543209876543
0.005,60.0,4,True,0.07407407407407407,0.18518518518518517
0.005,60.0,4,True,0.09876543209876543,0.13580246913580246
0.005,60.0,4,True,0.12345679012345678,0.07407407407407407
0.005,60.0,9,True,0.08641975308641975,0.04938271604938271
0.005,60.0,5,True,0.14814814814814814,0.14814814814814814
0.005,60.0,5,True,0.1111111111111111,0.14814814814814814
0.005,60.0,6,True,0.07407407407407407,0.20987654320987653
0.005,60.0,6,True,0.08641975308641975,0.09876543209876543
0.005,60.0,8,True,0.024691358024691357,0.1728395061728395
0.005,60.0,7,True,0.09876543209876543,0.14814814814814814
0.005,60.0,20,False,0.1111111111111111,0.08641975308641975
0.005,60.0,4,True,0.18518518518518517,0.1111111111111111
0.005,60.0,9,True,0.08641975308641975,0.07407407407407407
0.005,60.0,17,True,0.1111111111111111,0.07407407407407407
0.005,60.0,20,False,0.1111111111111111,0.08641975308641975
0.005,60.0,14,True,0.09876543209876543,0.09876543209876543
0.005,60.0,11,True,0.1111111111111111,0.08641975308641975
0.005,60.0,8,True,0.13580246913580246,0.19753086419753085
0.005,60.0,15,True,0.14814814814814814,0.12345679012345678
0.005,60.0,9,True,0.16049382716049382,0.07407407407407407
0.005,60.0,14,True,0.13580246913580246,0.07407407407407407
0.005,60.0,20,False,0.12345679012345678,0.12345679012345678
0.005,60.0,8,True,0.13580246913580246,0.07407407407407407
0.005,60.0,11,True,0.09876543209876543,0.13580246913580246
0.005,60.0,14,True,0.14814814814814814,0.06172839506172839
0.005,60.0,4,True,0.09876543209876543,0.08641975308641975
0.005,60.0,15,True,0.09876543209876543,0.06172839506172839
0.005,60.0,3,True,0.06172839506172839,0.04938271604938271
0.005,60.0,11,True,0.14814814814814814,0.12345679012345678
0.005,60.0,16,True,0.1728395061728395,0.07407407407407407
0.005,60.0,11,True,0.09876543209876543,0.1728395061728395
0.005,60.0,13,True,0.1111111111111111,0.19753086419753085
0.005,60.0,8,True,0.13580246913580246,0.13580246913580246
0.005,60.0,7,True,0.09876543209876543,0.12345679012345678
0.005,60.0,19,True,0.08641975308641975,0.16049382716049382
0.005,60.0,4,True,0.04938271604938271,0.13580246913580246
0.005,60.0,9,True,0.09876543209876543,0.09876543209876543
0.005,60.0,5,True,0.09876543209876543,0.07407407407407407
0.005,60.0,20,False,0.13580246913580246,0.09876543209876543
0.005,60.0,11,True,0.1111111111111111,0.09876543209876543
0.005,60.0,7,True,0.09876543209876543,0.20987654320987653
0.005,60.0,5,True,0.14814814814814814,0.1111111111111111
0.005,60.0,6,True,0.13580246913580246,0.1111111111111111
0.005,60.0,20,False,0.1111111111111111,0.06172839506172839
0.005,60.0,3,True,0.07407407407407407,0.09876543209876543
0.005,60.0,12,True,0.12345679012345678,0.07407407407407407
0.005,60.0,6,True,0.12345679012345678,0.07407407407407407
0.005,60.0,9,True,0.09876543209876543,0.1111111111111111
0.005,70.0,3,True,0.14814814814814814,0.1111111111111111
0.005,70.0,5,True,0.1111111111111111,0.09876543209876543
0.005,70.0,15,True,0.12345679012345678,0.08641975308641975
0.005,70.0,4,True,0.13580246913580246,0.07407407407407407
0.005,70.0,18,True,0.12345679012345678,0.14814814814814814
0.005,70.0,15,True,0.12345679012345678,0.09876543209876543
0.005,70.0,12,True,0.08641975308641975,0.06172839506172839
0.005,70.0,8,True,0.1111111111111111,0.1111111111111111
0.005,70.0,4,True,0.16049382716049382,0.14814814814814814
0.005,70.0,10,True,0.1111111111111111,0.09876543209876543
0.005,70.0,6,True,0.07407407407407407,0.12345679012345678
0.005,70.0,9,True,0.12345679012345678,0.07407407407407407
0.005,70.0,7,True,0.07407407407407407,0.16049382716049382
0.005,70.0,5,True,0.12345679012345678,0.13580246913580246
0.005,70.0,9,True,0.18518518518518517,0.07407407407407407
0.005,70.0,20,False,0.08641975308641975,0.14814814814814814
0.005,70.0,3,True,0.12345679012345678,0.20987654320987653
0.005,70.0,7,True,0.08641975308641975,0.12345679012345678
0.005,70.0,13,True,0.1111111111111111,0.16049382716049382
0.005,70.0,7,True,0.08641975308641975,0.1111111111111111
0.005,70.0,20,False,0.07407407407407407,0.07407407407407407
0.005,70.0,5,True,0.14814814814814814,0.04938271604938271
0.005,70.0,7,True,0.09876543209876543,0.06172839506172839
0.005,70.0,4,True,0.12345679012345678,0.09876543209876543
0.005,70.0,13,True,0.14814814814814814,0.12345679012345678
0.005,70.0,9,True,0.08641975308641975,0.14814814814814814
0.005,70.0,9,True,0.12345679012345678,0.07407407407407407
0.005,70.0,5,True,0.1111111111111111,0.18518518518518517
0.005,70.0,11,True,0.09876543209876543,0.14814814814814814
0.005,70.0,8,True,0.09876543209876543,0.04938271604938271
0.005,70.0,20,False,0.1111111111111111,0.07407407407407407
0.005,70.0,9,True,0.09876543209876543,0.07407407407407407
0.005,70.0,5,True,0.07407407407407407,0.04938271604938271
0.005,70.0,7,True,0.12345679012345678,0.1111111111111111
0.005,70.0,4,True,0.04938271604938271,0.14814814814814814
0.005,70.0,10,True,0.13580246913580246,0.1111111111111111
0.005,70.0,10,True,0.14814814814814814,0.09876543209876543
0.005,70.0,5,True,0.14814814814814814,0.09876543209876543
0.005,70.0,19,True,0.12345679012345678,0.08641975308641975
0.005,70.0,15,True,0.06172839506172839,0.09876543209876543
0.005,70.0,3,True,0.06172839506172839,0.14814814814814814
0.005,70.0,14,True,0.09876543209876543,0.09876543209876543
0.005,70.0,4,True,0.08641975308641975,0.07407407407407407
0.005,70.0,6,True,0.09876543209876543,0.12345679012345678
0.005,70.0,6,True,0.08641975308641975,0.12345679012345678
0.005,70.0,16,True,0.04938271604938271,0.12345679012345678
0.005,70.0,8,True,0.12345679012345678,0.1111111111111111
0.005,70.0,4,True,0.1111111111111111,0.12345679012345678
0.005,70.0,4,True,0.12345679012345678,0.1111111111111111
0.005,70.0,20,True,0.12345679012345678,0.08641975308641975
0.005,80.0,3,True,0.12345679012345678,0.19753086419753085
0.005,80.0,15,True,0.08641975308641975,0.14814814814814814
0.005,80.0,9,True,0.1111111111111111,0.12345679012345678
0.005,80.0,5,True,0.1111111111111111,0.1111111111111111
0.005,80.0,11,True,0.1111111111111111,0.04938271604938271
0.005,80.0,4,True,0.08641975308641975,0.07407407407407407
0.005,80.0,8,True,0.12345679012345678,0.09876543209876543
0.005,80.0,14,True,0.14814814814814814,0.08641975308641975
0.005,80.0,7,True,0.12345679012345678,0.08641975308641975
0.005,80.0,9,True,0.12345679012345678,0.07407407407407407
0.005,80.0,7,True,0.14814814814814814,0.037037037037037035
0.005,80.0,9,True,0.13580246913580246,0.1111111111111111
0.005,80.0,4,True,0.09876543209876543,0.12345679012345678
0.005,80.0,5,True,0.09876543209876543,0.12345679012345678
0.005,80.0,20,False,0.09876543209876543,0.12345679012345678
0.005,80.0,20,False,0.1111111111111111,0.07407407407407407
0.005,80.0,11,True,0.12345679012345678,0.19753086419753085
0.005,80.0,20,False,0.1111111111111111,0.2222222222222222
0.005,80.0,4,True,0.09876543209876543,0.14814814814814814
0.005,80.0,16,True,0.09876543209876543,0.024691358024691357
0.005,80.0,12,True,0.12345679012345678,0.08641975308641975
0.005,80.0,7,True,0.12345679012345678,0.08641975308641975
0.005,80.0,10,True,0.13580246913580246,0.06172839506172839
0.005,80.0,8,True,0.07407407407407407,0.09876543209876543
0.005,80.0,7,True,0.07407407407407407,0.09876543209876543
0.005,80.0,12,True,0.12345679012345678,0.12345679012345678
0.005,80.0,6,True,0.08641975308641975,0.09876543209876543
0.005,80.0,9,True,0.1111111111111111,0.13580246913580246
0.005,80.0,4,True,0.09876543209876543,0.06172839506172839
0.005,80.0,8,True,0.13580246913580246,0.12345679012345678
0.005,80.0,3,True,0.08641975308641975,0.14814814814814814
0.005,80.0,13,True,0.14814814814814814,0.1111111111111111
0.005,80.0,4,True,0.08641975308641975,0.1111111111111111
0.005,80.0,6,True,0.08641975308641975,0.07407407407407407
0.005,80.0,10,True,0.09876543209876543,0.14814814814814814
0.005,80.0,7,True,0.1111111111111111,0.09876543209876543
0.005,80.0,5,True,0.14814814814814814,0.06172839506172839
0.005,80.0,9,True,0.14814814814814814,0.1111111111111111
0.005,80.0,14,True,0.09876543209876543,0.16049382716049382
0.005,80.0,7,True,0.14814814814814814,0.1728395061728395
0.005,80.0,8,True,0.13580246913580246,0.16049382716049382
0.005,80.0,20,False,0.12345679012345678,0.12345679012345678
0.005,80.0,8,True,0.1111111111111111,0.06172839506172839
0.005,80.0,4,True,0.07407407407407407,0.1111111111111111
0.005,80.0,13,True,0.1111111111111111,0.06172839506172839
0.005,80.0,19,True,0.13580246913580246,0.04938271604938271
0.005,80.0,13,True,0.12345679012345678,0.1728395061728395
0.005,80.0,8,True,0.13580246913580246,0.09876543209876543
0.005,80.0,3,True,0.12345679012345678,0.14814814814814814
0.005,80.0,14,True,0.1111111111111111,0.1111111111111111
0.01,0.0,1,True,1.0,1.0
0.01,0.0,1,True,1.0,1.0
0.01,0.0,1,True,1.0,1.0
0.01,0.0,1,True,1.0,1.0
0.01,0.0,1,True,1.0,1.0
0.01,0.0,1,True,1.0,1.0
0.01,0.0,1,True,1.0,1.0
0.01,0.0,1,True,1.0,1.0
0.01,0.0,1,True,1.0,1.0
0.01,0.0,1,True,1.0,1.0
0.01,0.0,1,True,1.0,1.0
0.01,0.0,1,True,1.0,1.0
0.01,0.0,1,True,1.0,1.0
0.01,0.0,1,True,1.0,1.0
0.01,0.0,1,True,1.0,1.0
0.01,0.0,1,True,1.0,1.0
0.01,0.0,1,True,1.0,1.0
0.01,0.0,1,True,1.0,1.0
0.01,0.0,1,True,1.0,1.0
0.01,0.0,1,True,1.0,1.0
0.01,0.0,1,True,1.0,1.0
0.01,0.0,1,True,1.0,1.0
0.01,0.0,1,True,1.0,1.0
0.01,0.0,1,True,1.0,1.0
0.01,0.0,1,True,1.0,1.0
0.01,0.0,1,True,1.0,1.0
0.01,0.0,1,True,1.0,1.0
0.01,0.0,1,True,1.0,1.0
0.01,0.0,1,True,1.0,1.0
0.01,0.0,1,True,1.0,1.0
0.01,0.0,1,True,1.0,1.0
0.01,0.0,1,True,1.0,1.0
0.01,0.0,1,True,1.0,1.0
0.01,0.0,1,True,1.0,1.0
0.01,0.0,1,True,1.0,1.0
0.01,0.0,1,True,1.0,1.0
0.01,0.0,1,True,1.0,1.0
0.01,0.0,1,True,1.0,1.0
0.01,0.0,1,True,1.0,1.0
0.01,0.0,1,True,1.0,1.0
0.01,0.0,1,True,1.0,1.0
0.01,0.0,1,True,1.0,1.0
0.01,0.0,1,True,1.0,1.0
0.01,0.0,1,True,1.0,1.0
0.01,0.0,1,True,1.0,1.0
0.01,0.0,1,True,1.0,1.0
0.01,0.0,1,True,1.0,1.0
0.01,0.0,1,True,1.0,1.0
0.01,0.0,1,True,1.0,1.0
0.01,0.0,1,True,1.0,1.0
0.01,5.0,2,True,1.0,1.0
0.01,5.0,2,True,1.0,1.0
0.01,5.0,2,True,1.0,1.0
0.01,5.0,2,True,1.0,1.0
0.01,5.0,2,True,1.0,1.0
0.01,5.0,2,True,1.0,1.0
0.01,5.0,2,True,1.0,1.0
0.01,5.0,2,True,1.0,1.0
0.01,5.0,2,True,1.0,1.0
0.01,5.0,2,True,1.0,1.0
0.01,5.0,2,True,1.0,1.0
0.01,5.0,2,True,1.0,1.0
0.01,5.0,2,True,1.0,1.0
0.01,5.0,2,True,1.0,1.0
0.01,5.0,2,True,1.0,1.0
0.01,5.0,2,True,1.0,1.0
0.01,5.0,2,True,1.0,1.0
0.01,5.0,2,True,1.0,1.0
0.01,5.0,2,True,1.0,1.0
0.01,5.0,2,True,1.0,1.0
0.01,5.0,2,True,1.0,1.0
0.01,5.0,2,True,1.0,1.0
0.01,5.0,2,True,1.0,1.0
0.01,5.0,2,True,1.0,1.0
0.01,5.0,2,True,1.0,1.0
0.01,5.0,2,True,1.0,1.0
0.01,5.0,2,True,1.0,1.0
0.01,5.0,2,True,1.0,1.0
0.01,5.0,2,True,1.0,1.0
0.01,5.0,2,True,1.0,1.0
0.01,5.0,2,True,1.0,1.0
0.01,5.0,2,True,1.0,1.0
0.01,5.0,2,True,1.0,1.0
0.01,5.0,2,True,1.0,1.0
0.01,5.0,2,True,1.0,1.0
0.01,5.0,2,True,1.0,1.0
0.01,5.0,2,True,1.0,1.0
0.01,5.0,2,True,1.0,1.0
0.01,5.0,2,True,1.0,1.0
0.01,5.0,2,True,1.0,1.0
0.01,5.0,2,True,1.0,1.0
0.01,5.0,2,True,1.0,1.0
0.01,5.0,2,True,1.0,1.0
0.01,5.0,2,True,1.0,1.0
0.01,5.0,2,True,1.0,1.0
0.01,5.0,2,True,1.0,1.0
0.01,5.0,2,True,1.0,1.0
0.01,5.0,2,True,1.0,1.0
0.01,5.0,2,True,1.0,1.0
0.01,5.0,2,True,1.0,1.0
0.01,10.0,2,True,1.0,1.0
0.01,10.0,2,True,1.0,1.0
0.01,10.0,2,True,1.0,1.0
0.01,10.0,2,True,1.0,1.0
0.01,10.0,2,True,1.0,1.0
0.01,10.0,2,True,1.0,1.0
0.01,10.0,2,True,1.0,1.0
0.01,10.0,2,True,1.0,1.0
0.01,10.0,2,True,1.0,1.0
0.01,10.0,2,True,1.0,1.0
0.01,10.0,2,True,1.0,1.0
0.01,10.0,2,True,1.0,1.0
0.01,10.0,2,True,1.0,1.0
0.01,10.0,2,True,1.0,1.0
0.01,10.0,2,True,1.0,1.0
0.01,10.0,2,True,1.0,1.0
0.01,10.0,2,True,1.0,1.0
0.01,10.0,2,True,1.0,1.0
0.01,10.0,2,True,1.0,1.0
0.01,10.0,2,True,1.0,1.0
0.01,10.0,2,True,1.0,1.0
0.01,10.0,2,True,1.0,1.0
0.01,10.0,2,True,1.0,1.0
0.01,10.0,2,True,1.0,1.0
0.01,10.0,2,True,1.0,1.0
0.01,10.0,2,True,1.0,1.0
0.01,10.0,2,True,1.0,1.0
0.01,10.0,2,True,1.0,1.0
0.01,10.0,2,True,1.0,1.0
0.01,10.0,2,True,1.0,1.0
0.01,10.0,2,True,1.0,1.0
0.01,10.0,2,True,1.0,1.0
0.01,10.0,2,True,1.0,1.0
0.01,10.0,2,True,1.0,1.0
0.01,10.0,2,True,1.0,1.0
0.01,10.0,2,True,1.0,1.0
0.01,10.0,2,True,1.0,1.0
0.01,10.0,2,True,1.0,1.0
0.01,10.0,2,True,1.0,1.0
0.01,10.0,2,True,1.0,1.0
0.01,10.0,2,True,1.0,1.0
0.01,10.0,2,True,1.0,1.0
0.01,10.0,2,True,1.0,1.0
0.01,10.0,2,True,1.0,1.0
0.01,10.0,2,True,1.0,1.0
0.01,10.0,2,True,1.0,1.0
0.01,10.0,2,True,1.0,1.0
0.01,10.0,2,True,1.0,1.0
0.01,10.0,2,True,1.0,1.0
0.01,10.0,2,True,1.0,1.0
0.01,15.0,2,True,1.0,1.0
0.01,15.0,2,True,1.0,1.0
0.01,15.0,2,True,1.0,1.0
0.01,15.0,2,True,1.0,1.0
0.01,15.0,2,True,1.0,1.0
0.01,15.0,2,True,1.0,1.0
0.01,15.0,2,True,1.0,1.0
0.01,15.0,2,True,1.0,1.0
0.01,15.0,2,True,1.0,1.0
0.01,15.0,2,True,1.0,1.0
0.01,15.0,2,True,1.0,1.0
0.01,15.0,2,True,1.0,1.0
0.01,15.0,2,True,1.0,1.0
0.01,15.0,2,True,1.0,1.0
0.01,15.0,2,True,1.0,1.0
0.01,15.0,2,True,1.0,1.0
0.01,15.0,2,True,1.0,1.0
0.01,15.0,2,True,1.0,1.0
0.01,15.0,2,True,1.0,1.0
0.01,15.0,2,True,1.0,1.0
0.01,15.0,2,True,1.0,1.0
0.01,15.0,2,True,1.0,1.0
0.01,15.0,2,True,1.0,1.0
0.01,15.0,2,True,1.0,1.0
0.01,15.0,2,True,1.0,1.0
0.01,15.0,2,True,1.0,1.0
0.01,15.0,2,True,1.0,1.0
0.01,15.0,2,True,1.0,1.0
0.01,15.0,2,True,1.0,1.0
0.01,15.0,2,True,1.0,1.0
0.01,15.0,2,True,1.0,1.0
0.01,15.0,2,True,1.0,1.0
0.01,15.0,2,True,1.0,1.0
0.01,15.0,2,True,1.0,1.0
0.01,15.0,2,True,1.0,1.0
0.01,15.0,2,True,1.0,1.0
0.01,15.0,2,True,1.0,1.0
0.01,15.0,2,True,1.0,1.0
0.01,15.0,2,True,1.0,1.0
0.01,15.0,2,True,1.0,1.0
0.01,15.0,2,True,1.0,1.0
0.01,15.0,2,True,1.0,1.0
0.01,15.0,2,True,1.0,1.0
0.01,15.0,2,True,1.0,1.0
0.01,15.0,2,True,1.0,1.0
0.01,15.0,2,True,1.0,1.0
0.01,15.0,2,True,1.0,1.0
0.01,15.0,2,True,1.0,1.0
0.01,15.0,2,True,1.0,1.0
0.01,15.0,2,True,1.0,1.0
0.01,20.0,2,True,1.0,1.0
0.01,20.0,2,True,1.0,1.0
0.01,20.0,2,True,1.0,1.0
0.01,20.0,2,True,1.0,1.0
0.01,20.0,2,True,1.0,1.0
0.01,20.0,2,True,1.0,1.0
0.01,20.0,2,True,1.0,1.0
0.01,20.0,2,True,1.0,1.0
0.01,20.0,2,True,1.0,1.0
0.01,20.0,2,True,1.0,1.0
0.01,20.0,2,True,1.0,1.0
0.01,20.0,2,True,1.0,1.0
0.01,20.0,2,True,1.0,1.0
0.01,20.0,2,True,1.0,1.0
0.01,20.0,2,True,1.0,1.0
0.01,20.0,2,True,1.0,1.0
0.01,20.0,2,True,1.0,1.0
0.01,20.0,2,True,1.0,1.0
0.01,20.0,2,True,1.0,1.0
0.01,20.0,2,True,1.0,1.0
0.01,20.0,2,True,1.0,1.0
0.01,20.0,2,True,1.0,1.0
0.01,20.0,2,True,1.0,1.0
0.01,20.0,2,True,1.0,1.0
0.01,20.0,2,True,1.0,1.0
0.01,20.0,2,True,1.0,1.0
0.01,20.0,2,True,1.0,1.0
0.01,20.0,2,True,1.0,1.0
0.01,20.0,2,True,1.0,1.0
0.01,20.0,2,True,1.0,1.0
0.01,20.0,2,True,1.0,1.0
0.01,20.0,2,True,1.0,1.0
0.01,20.0,2,True,1.0,1.0
0.01,20.0,2,True,1.0,1.0
0.01,20.0,2,True,1.0,1.0
0.01,20.0,2,True,1.0,1.0
0.01,20.0,2,True,1.0,1.0
0.01,20.0,2,True,1.0,1.0
0.01,20.0,2,True,1.0,1.0
0.01,20.0,2,True,1.0,1.0
0.01,20.0,2,True,1.0,1.0
0.01,20.0,2,True,1.0,1.0
0.01,20.0,2,True,1.0,1.0
0.01,20.0,2,True,1.0,1.0
0.01,20.0,2,True,1.0,1.0
0.01,20.0,2,True,1.0,1.0
0.01,20.0,2,True,1.0,1.0
0.01,20.0,2,True,1.0,1.0
0.01,20.0,2,True,1.0,1.0
0.01,20.0,2,True,1.0,1.0
0.01,25.0,2,True,1.0,1.0
0.01,25.0,2,True,1.0,1.0
0.01,25.0,2,True,1.0,1.0
0.01,25.0,2,True,1.0,1.0
0.01,25.0,2,True,1.0,1.0
0.01,25.0,2,True,1.0,1.0
0.01,25.0,2,True,1.0,1.0
0.01,25.0,2,True,1.0,1.0
0.01,25.0,2,True,1.0,1.0
0.01,25.0,2,True,1.0,1.0
0.01,25.0,2,True,1.0,1.0
0.01,25.0,2,True,1.0,1.0
0.01,25.0,2,True,1.0,1.0
0.01,25.0,2,True,1.0,1.0
0.01,25.0,2,True,1.0,1.0
0.01,25.0,2,True,1.0,1.0
0.01,25.0,2,True,1.0,1.0
0.01,25.0,2,True,1.0,1.0
0.01,25.0,2,True,1.0,1.0
0.01,25.0,2,True,1.0,1.0
0.01,25.0,2,True,1.0,1.0
0.01,25.0,2,True,1.0,1.0
0.01,25.0,2,True,1.0,1.0
0.01,25.0,2,True,1.0,1.0
0.01,25.0,2,True,1.0,1.0
0.01,25.0,2,True,1.0,1.0
0.01,25.0,2,True,1.0,1.0
0.01,25.0,2,True,1.0,1.0
0.01,25.0,2,True,1.0,1.0
0.01,25.0,2,True,1.0,1.0
0.01,25.0,2,True,1.0,1.0
0.01,25.0,2,True,1.0,1.0
0.01,25.0,2,True,1.0,1.0
0.01,25.0,2,True,1.0,1.0
0.01,25.0,2,True,1.0,1.0
0.01,25.0,2,True,1.0,1.0
0.01,25.0,2,True,1.0,1.0
0.01,25.0,2,True,1.0,1.0
0.01,25.0,2,True,1.0,1.0
0.01,25.0,2,True,1.0,1.0
0.01,25.0,2,True,1.0,1.0
0.01,25.0,2,True,1.0,1.0
0.01,25.0,2,True,1.0,1.0
0.01,25.0,2,True,1.0,1.0
0.01,25.0,2,True,1.0,1.0
0.01,25.0,2,True,1.0,1.0
0.01,25.0,2,True,1.0,1.0
0.01,25.0,2,True,1.0,1.0
0.01,25.0,2,True,1.0,1.0
0.01,25.0,2,True,1.0,1.0
0.01,30.0,2,True,1.0,1.0
0.01,30.0,2,True,1.0,1.0
0.01,30.0,2,True,1.0,1.0
0.01,30.0,2,True,1.0,1.0
0.01,30.0,2,True,1.0,1.0
0.01,30.0,2,True,1.0,1.0
0.01,30.0,2,True,1.0,1.0
0.01,30.0,2,True,1.0,1.0
0.01,30.0,2,True,1.0,1.0
0.01,30.0,2,True,1.0,1.0
0.01,30.0,2,True,1.0,1.0
0.01,30.0,2,True,1.0,1.0
0.01,30.0,2,True,1.0,1.0
0.01,30.0,2,True,1.0,1.0
0.01,30.0,2,True,1.0,1.0
0.01,30.0,2,True,1.0,1.0
0.01,30.0,2,True,1.0,1.0
0.01,30.0,2,True,1.0,1.0
0.01,30.0,2,True,1.0,1.0
0.01,30.0,2,True,1.0,1.0
0.01,30.0,2,True,1.0,1.0
0.01,30.0,2,True,1.0,1.0
0.01,30.0,2,True,1.0,1.0
0.01,30.0,2,True,1.0,1.0
0.01,30.0,2,True,1.0,1.0
0.01,30.0,2,True,1.0,1.0
0.01,30.0,2,True,1.0,1.0
0.01,30.0,2,True,1.0,1.0
0.01,30.0,2,True,1.0,1.0
0.01,30.0,2,True,1.0,1.0
0.01,30.0,2,True,1.0,1.0
0.01,30.0,2,True,1.0,1.0
0.01,30.0,2,True,1.0,1.0
0.01,30.0,2,True,1.0,1.0
0.01,30.0,2,True,1.0,1.0
0.01,30.0,2,True,1.0,1.0
0.01,30.0,2,True,1.0,1.0
0.01,30.0,2,True,1.0,1.0
0.01,30.0,2,True,1.0,1.0
0.01,30.0,2,True,1.0,1.0
0.01,30.0,2,True,1.0,1.0
0.01,30.0,2,True,1.0,1.0
0.01,30.0,2,True,1.0,1.0
0.01,30.0,2,True,1.0,1.0
0.01,30.0,2,True,1.0,1.0
0.01,30.0,2,True,1.0,1.0
0.01,30.0,2,True,1.0,1.0
0.01,30.0,2,True,1.0,1.0
0.01,30.0,2,True,1.0,1.0
0.01,30.0,2,True,1.0,1.0
0.01,35.0,2,True,1.0,1.0
0.01,35.0,2,True,1.0,1.0
0.01,35.0,2,True,1.0,1.0
0.01,35.0,2,True,1.0,1.0
0.01,35.0,2,True,1.0,1.0
0.01,35.0,2,True,1.0,1.0
0.01,35.0,2,True,1.0,1.0
0.01,35.0,2,True,1.0,1.0
0.01,35.0,2,True,1.0,1.0
0.01,35.0,2,True,1.0,1.0
0.01,35.0,2,True,1.0,1.0
0.01,35.0,2,True,1.0,1.0
0.01,35.0,2,True,1.0,1.0
0.01,35.0,2,True,1.0,1.0
0.01,35.0,2,True,1.0,1.0
0.01,35.0,2,True,1.0,1.0
0.01,35.0,2,True,1.0,1.0
0.01,35.0,2,True,1.0,1.0
0.01,35.0,2,True,1.0,1.0
0.01,35.0,2,True,1.0,1.0
0.01,35.0,2,True,1.0,1.0
0.01,35.0,2,True,1.0,1.0
0.01,35.0,2,True,1.0,1.0
0.01,35.0,2,True,1.0,1.0
0.01,35.0,2,True,1.0,1.0
0.01,35.0,2,True,1.0,1.0
0.01,35.0,2,True,1.0,1.0
0.01,35.0,2,True,1.0,1.0
0.01,35.0,2,True,1.0,1.0
0.01,35.0,2,True,1.0,1.0
0.01,35.0,2,True,1.0,1.0
0.01,35.0,2,True,1.0,1.0
0.01,35.0,2,True,1.0,1.0
0.01,35.0,2,True,1.0,1.0
0.01,35.0,2,True,1.0,1.0
0.01,35.0,2,True,1.0,1.0
0.01,35.0,2,True,1.0,1.0
0.01,35.0,2,True,1.0,1.0
0.01,35.0,2,True,1.0,1.0
0.01,35.0,2,True,1.0,1.0
0.01,35.0,2,True,1.0,1.0
0.01,35.0,2,True,1.0,1.0
0.01,35.0,2,True,1.0,1.0
0.01,35.0,2,True,1.0,1.0
0.01,35.0,2,True,1.0,1.0
0.01,35.0,2,True,1.0,1.0
0.01,35.0,2,True,1.0,1.0
0.01,35.0,2,True,1.0,1.0
0.01,35.0,2,True,1.0,1.0
0.01,35.0,2,True,1.0,1.0
0.01,40.0,4,True,0.18518518518518517,1.0
0.01,40.0,5,True,0.14814814814814814,0.06172839506172839
0.01,40.0,14,True,0.16049382716049382,0.037037037037037035
0.01,40.0,3,True,0.4074074074074074,1.0
0.01,40.0,2,True,1.0,1.0
0.01,40.0,4,True,0.1728395061728395,1.0
0.01,40.0,2,True,1.0,1.0
0.01,40.0,3,True,0.19753086419753085,1.0
0.01,40.0,5,True,0.18518518518518517,0.09876543209876543
0.01,40.0,3,True,0.8641975308641975,1.0
0.01,40.0,16,True,0.13580246913580246,0.08641975308641975
0.01,40.0,2,True,1.0,1.0
0.01,40.0,3,True,0.8888888888888888,1.0
0.01,40.0,5,True,0.1111111111111111,0.12345679012345678
0.01,40.0,3,True,0.35802469135802467,1.0
0.01,40.0,2,True,1.0,1.0
0.01,40.0,14,True,0.16049382716049382,0.12345679012345678
0.01,40.0,5,True,0.16049382716049382,0.12345679012345678
0.01,40.0,2,True,1.0,1.0
0.01,40.0,3,True,0.4567901234567901,1.0
0.01,40.0,3,True,0.30864197530864196,1.0
0.01,40.0,2,True,1.0,1.0
0.01,40.0,3,True,0.7037037037037037,1.0
0.01,40.0,3,True,0.19753086419753085,1.0
0.01,40.0,18,True,0.1111111111111111,0.14814814814814814
0.01,40.0,2,True,1.0,1.0
0.01,40.0,3,True,0.35802469135802467,1.0
0.01,40.0,2,True,1.0,1.0
0.01,40.0,4,True,0.14814814814814814,1.0
0.01,40.0,20,False,0.35802469135802467,0.09876543209876543
0.01,40.0,5,True,0.1111111111111111,0.08641975308641975
0.01,40.0,3,True,0.345679012345679,1.0
0.01,40.0,3,True,0.2345679012345679,1.0
0.01,40.0,3,True,0.9135802469135802,1.0
0.01,40.0,3,True,0.30864197530864196,1.0
0.01,40.0,20,False,0.13580246913580246,0.09876543209876543
0.01,40.0,3,True,0.8641975308641975,1.0
0.01,40.0,2,True,1.0,1.0
0.01,40.0,3,True,0.24691358024691357,1.0
0.01,40.0,20,False,0.1111111111111111,0.13580246913580246
0.01,40.0,3,True,0.25925925925925924,1.0
0.01,40.0,2,True,1.0,1.0
0.01,40.0,3,True,0.8518518518518519,1.0
0.01,40.0,5,True,0.13580246913580246,0.1728395061728395
0.01,40.0,8,True,0.13580246913580246,0.12345679012345678
0.01,40.0,3,True,0.25925925925925924,1.0
0.01,40.0,6,True,0.12345679012345678,0.12345679012345678
0.01,40.0,2,True,1.0,1.0
0.01,40.0,3,True,0.32098765432098764,1.0
0.01,40.0,8,True,0.1111111111111111,0.1111111111111111
0.01,45.0,3,True,0.06172839506172839,0.09876543209876543
0.01,45.0,4,True,0.09876543209876543,0.16049382716049382
0.01,45.0,15,True,0.07407407407407407,0.1111111111111111
0.01,45.0,12,True,0.1111111111111111,0.06172839506172839
0.01,45.0,20,False,0.13580246913580246,0.14814814814814814
0.01,45.0,16,True,0.14814814814814814,0.12345679012345678
0.01,45.0,4,True,0.09876543209876543,0.08641975308641975
0.01,45.0,3,True,0.07407407407407407,0.09876543209876543
0.01,45.0,20,False,0.09876543209876543,0.14814814814814814
0.01,45.0,8,True,0.13580246913580246,0.09876543209876543
0.01,45.0,4,True,0.09876543209876543,0.07407407407407407
0.01,45.0,3,True,0.13580246913580246,0.1111111111111111
0.01,45.0,5,True,0.09876543209876543,0.2222222222222222
0.01,45.0,10,True,0.12345679012345678,0.1111111111111111
0.01,45.0,7,True,0.09876543209876543,0.09876543209876543
0.01,45.0,3,True,0.06172839506172839,0.12345679012345678
0.01,45.0,8,True,0.09876543209876543,0.08641975308641975
0.01,45.0,12,True,0.12345679012345678,0.08641975308641975
0.01,45.0,20,False,0.13580246913580246,0.09876543209876543
0.01,45.0,3,True,0.2222222222222222,0.20987654320987653
0.01,45.0,10,True,0.1111111111111111,0.07407407407407407
0.01,45.0,5,True,0.09876543209876543,0.07407407407407407
0.01,45.0,15,True,0.13580246913580246,0.09876543209876543
0.01,45.0,9,True,0.07407407407407407,0.16049382716049382
0.01,45.0,14,True,0.1111111111111111,0.12345679012345678
0.01,45.0,9,True,0.09876543209876543,0.06172839506172839
0.01,45.0,4,True,0.1728395061728395,0.07407407407407407
0.01,45.0,7,True,0.13580246913580246,0.07407407407407407
0.01,45.0,9,True,0.13580246913580246,0.13580246913580246
0.01,45.0,4,True,0.09876543209876543,0.08641975308641975
0.01,45.0,10,True,0.12345679012345678,0.18518518518518517
0.01,45.0,10,True,0.14814814814814814,0.08641975308641975
0.01,45.0,4,True,0.12345679012345678,0.16049382716049382
0.01,45.0,3,True,0.07407407407407407,0.04938271604938271
0.01,45.0,12,True,0.13580246913580246,0.12345679012345678
0.01,45.0,10,True,0.13580246913580246,0.1111111111111111
0.01,45.0,8,True,0.07407407407407407,0.1111111111111111
0.01,45.0,5,True,0.04938271604938271,0.18518518518518517
0.01,45.0,13,True,0.14814814814814814,0.13580246913580246
0.01,45.0,19,True,0.08641975308641975,0.08641975308641975
0.01,45.0,11,True,0.12345679012345678,0.1111111111111111
0.01,45.0,12,True,0.12345679012345678,0.1111111111111111
0.01,45.0,9,True,0.09876543209876543,0.04938271604938271
0.01,45.0,8,True,0.1111111111111111,0.09876543209876543
0.01,45.0,20,False,0.14814814814814814,0.12345679012345678
0.01,45.0,20,False,0.08641975308641975,0.1111111111111111
0.01,45.0,15,True,0.13580246913580246,0.07407407407407407
0.01,45.0,14,True,0.1111111111111111,0.12345679012345678
0.01,45.0,7,True,0.12345679012345678,0.06172839506172839
0.01,45.0,7,True,0.2222222222222222,0.06172839506172839
0.01,50.0,10,True,0.12345679012345678,0.09876543209876543
0.01,50.0,13,True,0.08641975308641975,0.07407407407407407
0.01,50.0,6,True,0.08641975308641975,0.012345679012345678
0.01,50.0,6,True,0.12345679012345678,0.04938271604938271
0.01,50.0,20,False,0.07407407407407407,0.08641975308641975
0.01,50.0,11,True,0.09876543209876543,0.08641975308641975
0.01,50.0,12,True,0.04938271604938271,0.08641975308641975
0.01,50.0,6,True,0.08641975308641975,0.08641975308641975
0.01,50.0,7,True,0.14814814814814814,0.06172839506172839
0.01,50.0,5,True,0.09876543209876543,0.12345679012345678
0.01,50.0,9,True,0.07407407407407407,0.18518518518518517
0.01,50.0,7,True,0.1111111111111111,0.06172839506172839
0.01,50.0,19,True,0.09876543209876543,0.07407407407407407
0.01,50.0,8,True,0.1111111111111111,0.14814814814814814
0.01,50.0,2,True,0.04938271604938271,0.04938271604938271
0.01,50.0,4,True,0.13580246913580246,0.16049382716049382
0.01,50.0,10,True,0.14814814814814814,0.1728395061728395
0.01,50.0,12,True,0.09876543209876543,0.1111111111111111
0.01,50.0,5,True,0.16049382716049382,0.14814814814814814
0.01,50.0,4,True,0.12345679012345678,0.07407407407407407
0.01,50.0,5,True,0.13580246913580246,0.19753086419753085
0.01,50.0,6,True,0.09876543209876543,0.1111111111111111
0.01,50.0,3,True,0.09876543209876543,0.08641975308641975
0.01,50.0,10,True,0.13580246913580246,0.1728395061728395
0.01,50.0,11,True,0.1111111111111111,0.13580246913580246
0.01,50.0,4,True,0.12345679012345678,0.1111111111111111
0.01,50.0,10,True,0.08641975308641975,0.12345679012345678
0.01,50.0,10,True,0.1111111111111111,0.04938271604938271
0.01,50.0,10,True,0.13580246913580246,0.09876543209876543
0.01,50.0,18,True,0.14814814814814814,0.12345679012345678
0.01,50.0,18,True,0.09876543209876543,0.08641975308641975
0.01,50.0,6,True,0.12345679012345678,0.14814814814814814
0.01,50.0,3,True,0.07407407407407407,0.14814814814814814
0.01,50.0,3,True,0.06172839506172839,0.1111111111111111
0.01,50.0,13,True,0.12345679012345678,0.16049382716049382
0.01,50.0,11,True,0.13580246913580246,0.13580246913580246
0.01,50.0,11,True,0.1111111111111111,0.13580246913580246
0.01,50.0,8,True,0.07407407407407407,0.12345679012345678
0.01,50.0,7,True,0.12345679012345678,0.1111111111111111
0.01,50.0,14,True,0.1111111111111111,0.13580246913580246
0.01,50.0,20,False,0.07407407407407407,0.13580246913580246
0.01,50.0,4,True,0.08641975308641975,0.06172839506172839
0.01,50.0,4,True,0.07407407407407407,0.16049382716049382
0.01,50.0,20,False,0.12345679012345678,0.07407407407407407
0.01,50.0,13,True,0.12345679012345678,0.18518518518518517
0.01,50.0,5,True,0.08641975308641975,0.08641975308641975
0.01,50.0,4,True,0.07407407407407407,0.13580246913580246
0.01,50.0,4,True,0.07407407407407407,0.14814814814814814
0.01,50.0,5,True,0.12345679012345678,0.08641975308641975
0.01,50.0,13,True,0.1111111111111111,0.09876543209876543
0.01,55.00000000000001,14,True,0.12345679012345678,0.09876543209876543
0.01,55.00000000000001,10,True,0.13580246913580246,0.08641975308641975
0.01,55.00000000000001,20,False,0.12345679012345678,0.08641975308641975
0.01,55.00000000000001,20,False,0.1111111111111111,0.1111111111111111
0.01,55.00000000000001,7,True,0.09876543209876543,0.1728395061728395
0.01,55.00000000000001,7,True,0.1111111111111111,0.06172839506172839
0.01,55.00000000000001,9,True,0.12345679012345678,0.04938271604938271
0.01,55.00000000000001,20,False,0.08641975308641975,0.13580246913580246
0.01,55.00000000000001,7,True,0.08641975308641975,0.13580246913580246
0.01,55.00000000000001,11,True,0.1111111111111111,0.07407407407407407
0.01,55.00000000000001,10,True,0.09876543209876543,0.037037037037037035
0.01,55.00000000000001,4,True,0.06172839506172839,0.1728395061728395
0.01,55.00000000000001,12,True,0.13580246913580246,0.07407407407407407
0.01,55.00000000000001,7,True,0.12345679012345678,0.1111111111111111
0.01,55.00000000000001,20,False,0.14814814814814814,0.09876543209876543
0.01,55.00000000000001,4,True,0.14814814814814814,0.08641975308641975
0.01,55.00000000000001,5,True,0.08641975308641975,0.09876543209876543
0.01,55.00000000000001,4,True,0.09876543209876543,0.07407407407407407
0.01,55.00000000000001,3,True,0.07407407407407407,0.13580246913580246
0.01,55.00000000000001,9,True,0.1111111111111111,0.13580246913580246
0.01,55.00000000000001,4,True,0.07407407407407407,0.037037037037037035
0.01,55.00000000000001,20,False,0.08641975308641975,0.13580246913580246
0.01,55.00000000000001,5,True,0.1111111111111111,0.14814814814814814
0.01,55.00000000000001,9,True,0.07407407407407407,0.037037037037037035
0.01,55.00000000000001,11,True,0.08641975308641975,0.04938271604938271
0.01,55.00000000000001,10,True,0.12345679012345678,0.08641975308641975
0.01,55.00000000000001,8,True,0.12345679012345678,0.1111111111111111
0.01,55.00000000000001,6,True,0.13580246913580246,0.04938271604938271
0.01,55.00000000000001,11,True,0.18518518518518517,0.08641975308641975
0.01,55.00000000000001,20,False,0.1728395061728395,0.13580246913580246
0.01,55.00000000000001,11,True,0.1111111111111111,0.12345679012345678
0.01,55.00000000000001,10,True,0.13580246913580246,0.08641975308641975
0.01,55.00000000000001,8,True,0.13580246913580246,0.07407407407407407
0.01,55.00000000000001,5,True,0.08641975308641975,0.13580246913580246
0.01,55.00000000000001,15,True,0.16049382716049382,0.1111111111111111
0.01,55.00000000000001,20,False,0.09876543209876543,0.08641975308641975
0.01,55.00000000000001,5,True,0.09876543209876543,0.14814814814814814
0.01,55.00000000000001,8,True,0.13580246913580246,0.06172839506172839
0.01,55.00000000000001,11,True,0.07407407407407407,0.09876543209876543
0.01,55.00000000000001,9,True,0.14814814814814814,0.07407407407407407
0.01,55.00000000000001,13,True,0.12345679012345678,0.19753086419753085
0.01,55.00000000000001,12,True,0.16049382716049382,0.06172839506172839
0.01,55.00000000000001,6,True,0.09876543209876543,0.12345679012345678
0.01,55.00000000000001,14,True,0.09876543209876543,0.18518518518518517
0.01,55.00000000000001,4,True,0.12345679012345678,0.08641975308641975
0.01,55.00000000000001,4,True,0.12345679012345678,0.13580246913580246
0.01,55.00000000000001,12,True,0.09876543209876543,0.14814814814814814
0.01,55.00000000000001,19,True,0.08641975308641975,0.08641975308641975
0.01,55.00000000000001,5,True,0.09876543209876543,0.06172839506172839
0.01,55.00000000000001,4,True,0.1111111111111111,0.07407407407407407
0.01,60.0,8,True,0.07407407407407407,0.14814814814814814
0.01,60.0,14,True,0.19753086419753085,0.12345679012345678
0.01,60.0,8,True,0.12345679012345678,0.16049382716049382
0.01,60.0,5,True,0.09876543209876543,0.08641975308641975
0.01,60.0,17,True,0.09876543209876543,0.16049382716049382
0.01,60.0,3,True,0.14814814814814814,0.09876543209876543
0.01,60.0,3,True,0.12345679012345678,0.13580246913580246
0.01,60.0,16,True,0.06172839506172839,0.06172839506172839
0.01,60.0,6,True,0.13580246913580246,0.12345679012345678
0.01,60.0,5,True,0.13580246913580246,0.2345679012345679
0.01,60.0,20,False,0.12345679012345678,0.06172839506172839
0.01,60.0,20,False,0.09876543209876543,0.12345679012345678
0.01,60.0,19,True,0.16049382716049382,0.08641975308641975
0.01,60.0,6,True,0.1111111111111111,0.09876543209876543
0.01,60.0,9,True,0.08641975308641975,0.13580246913580246
0.01,60.0,4,True,0.1111111111111111,0.06172839506172839
0.01,60.0,10,True,0.08641975308641975,0.04938271604938271
0.01,60.0,6,True,0.12345679012345678,0.12345679012345678
0.01,60.0,20,False,0.06172839506172839,0.09876543209876543
0.01,60.0,20,False,0.09876543209876543,0.14814814814814814
0.01,60.0,6,True,0.1111111111111111,0.09876543209876543
0.01,60.0,5,True,0.12345679012345678,0.08641975308641975
0.01,60.0,6,True,0.09876543209876543,0.07407407407407407
0.01,60.0,3,True,0.04938271604938271,0.07407407407407407
0.01,60.0,9,True,0.07407407407407407,0.12345679012345678
0.01,60.0,12,True,0.16049382716049382,0.20987654320987653
0.01,60.0,11,True,0.12345679012345678,0.04938271604938271
0.01,60.0,10,True,0.12345679012345678,0.16049382716049382
0.01,60.0,20,False,0.04938271604938271,0.1111111111111111
0.01,60.0,11,True,0.07407407407407407,0.07407407407407407
0.01,60.0,5,True,0.07407407407407407,0.1111111111111111
0.01,60.0,13,True,0.07407407407407407,0.1728395061728395
0.01,60.0,5,True,0.08641975308641975,0.1111111111111111
0.01,60.0,9,True,0.1111111111111111,0.13580246913580246
0.01,60.0,8,True,0.06172839506172839,0.12345679012345678
0.01,60.0,4,True,0.07407407407407407,0.09876543209876543
0.01,60.0,10,True,0.13580246913580246,0.04938271604938271
0.01,60.0,5,True,0.08641975308641975,0.07407407407407407
0.01,60.0,14,True,0.12345679012345678,0.09876543209876543
0.01,60.0,5,True,0.1111111111111111,0.1111111111111111
0.01,60.0,5,True,0.09876543209876543,0.16049382716049382
0.01,60.0,12,True,0.13580246913580246,0.07407407407407407
0.01,60.0,20,False,0.13580246913580246,0.1111111111111111
0.01,60.0,5,True,0.09876543209876543,0.13580246913580246
0.01,60.0,7,True,0.13580246913580246,0.09876543209876543
0.01,60.0,4,True,0.13580246913580246,0.16049382716049382
0.01,60.0,10,True,0.06172839506172839,0.14814814814814814
0.01,60.0,7,True,0.08641975308641975,0.13580246913580246
0.01,60.0,9,True,0.08641975308641975,0.07407407407407407
0.01,60.0,8,True,0.12345679012345678,0.06172839506172839
0.01,70.0,20,False,0.1111111111111111,0.12345679012345678
0.01,70.0,5,True,0.16049382716049382,0.1111111111111111
0.01,70.0,9,True,0.08641975308641975,0.12345679012345678
0.01,70.0,8,True,0.16049382716049382,0.12345679012345678
0.01,70.0,12,True,0.09876543209876543,0.1111111111111111
0.01,70.0,20,False,0.09876543209876543,0.09876543209876543
0.01,70.0,5,True,0.08641975308641975,0.06172839506172839
0.01,70.0,20,False,0.14814814814814814,0.13580246913580246
0.01,70.0,15,True,0.09876543209876543,0.06172839506172839
0.01,70.0,4,True,0.07407407407407407,0.07407407407407407
0.01,70.0,7,True,0.06172839506172839,0.037037037037037035
0.01,70.0,20,False,0.12345679012345678,0.07407407407407407
0.01,70.0,13,True,0.09876543209876543,0.19753086419753085
0.01,70.0,5,True,0.1111111111111111,0.08641975308641975
0.01,70.0,8,True,0.07407407407407407,0.09876543209876543
0.01,70.0,16,True,0.12345679012345678,0.07407407407407407
0.01,70.0,6,True,0.12345679012345678,0.19753086419753085
0.01,70.0,4,True,0.08641975308641975,0.09876543209876543
0.01,70.0,6,True,0.08641975308641975,0.12345679012345678
0.01,70.0,12,True,0.08641975308641975,0.16049382716049382
0.01,70.0,7,True,0.1111111111111111,0.14814814814814814
0.01,70.0,4,True,0.07407407407407407,0.07407407407407407
0.01,70.0,9,True,0.09876543209876543,0.037037037037037035
0.01,70.0,3,True,0.18518518518518517,0.12345679012345678
0.01,70.0,11,True,0.08641975308641975,0.1728395061728395
0.01,70.0,8,True,0.12345679012345678,0.06172839506172839
0.01,70.0,8,True,0.09876543209876543,0.07407407407407407
0.01,70.0,8,True,0.12345679012345678,0.12345679012345678
0.01,70.0,4,True,0.1111111111111111,0.07407407407407407
0.01,70.0,6,True,0.09876543209876543,0.04938271604938271
0.01,70.0,4,True,0.12345679012345678,0.13580246913580246
0.01,70.0,3,True,0.1111111111111111,0.1111111111111111
0.01,70.0,3,True,0.04938271604938271,0.09876543209876543
0.01,70.0,5,True,0.12345679012345678,0.16049382716049382
0.01,70.0,13,True,0.08641975308641975,0.12345679012345678
0.01,70.0,11,True,0.04938271604938271,0.12345679012345678
0.01,70.0,10,True,0.12345679012345678,0.13580246913580246
0.01,70.0,13,True,0.1111111111111111,0.12345679012345678
0.01,70.0,6,True,0.08641975308641975,0.12345679012345678
0.01,70.0,5,True,0.1111111111111111,0.04938271604938271
0.01,70.0,5,True,0.1111111111111111,0.08641975308641975
0.01,70.0,20,True,0.08641975308641975,0.08641975308641975
0.01,70.0,12,True,0.12345679012345678,0.09876543209876543
0.01,70.0,7,True,0.09876543209876543,0.2345679012345679
0.01,70.0,4,True,0.09876543209876543,0.1111111111111111
0.01,70.0,16,True,0.08641975308641975,0.12345679012345678
0.01,70.0,3,True,0.1111111111111111,0.1728395061728395
0.01,70.0,12,True,0.12345679012345678,0.1111111111111111
0.01,70.0,5,True,0.1111111111111111,0.18518518518518517
0.01,70.0,6,True,0.16049382716049382,0.16049382716049382
0.01,80.0,7,True,0.12345679012345678,0.13580246913580246
0.01,80.0,20,False,0.06172839506172839,0.09876543209876543
0.01,80.0,20,True,0.08641975308641975,0.1111111111111111
0.01,80.0,18,True,0.09876543209876543,0.1111111111111111
0.01,80.0,20,False,0.1728395061728395,0.13580246913580246
0.01,80.0,20,True,0.1111111111111111,0.13580246913580246
0.01,80.0,5,True,0.09876543209876543,0.07407407407407407
0.01,80.0,11,True,0.1111111111111111,0.14814814814814814
0.01,80.0,14,True,0.13580246913580246,0.16049382716049382
0.01,80.0,11,True,0.07407407407407407,0.06172839506172839
0.01,80.0,5,True,0.09876543209876543,0.1111111111111111
0.01,80.0,5,True,0.13580246913580246,0.08641975308641975
0.01,80.0,6,True,0.1111111111111111,0.09876543209876543
0.01,80.0,15,True,0.07407407407407407,0.19753086419753085
0.01,80.0,7,True,0.1111111111111111,0.09876543209876543
0.01,80.0,14,True,0.09876543209876543,0.07407407407407407
0.01,80.0,5,True,0.08641975308641975,0.13580246913580246
0.01,80.0,10,True,0.14814814814814814,0.12345679012345678
0.01,80.0,6,True,0.12345679012345678,0.12345679012345678
0.01,80.0,12,True,0.09876543209876543,0.09876543209876543
0.01,80.0,11,True,0.12345679012345678,0.09876543209876543
0.01,80.0,14,True,0.1111111111111111,0.07407407407407407
0.01,80.0,20,False,0.08641975308641975,0.09876543209876543
0.01,80.0,9,True,0.1111111111111111,0.12345679012345678
0.01,80.0,10,True,0.09876543209876543,0.14814814814814814
0.01,80.0,4,True,0.16049382716049382,0.09876543209876543
0.01,80.0,20,True,0.07407407407407407,0.1111111111111111
0.01,80.0,9,True,0.1111111111111111,0.1111111111111111
0.01,80.0,6,True,0.12345679012345678,0.012345679012345678
0.01,80.0,4,True,0.12345679012345678,0.07407407407407407
0.01,80.0,11,True,0.1111111111111111,0.09876543209876543
0.01,80.0,8,True,0.07407407407407407,0.20987654320987653
0.01,80.0,14,True,0.09876543209876543,0.08641975308641975
0.01,80.0,6,True,0.09876543209876543,0.1111111111111111
0.01,80.0,7,True,0.1111111111111111,0.14814814814814814
0.01,80.0,20,True,0.09876543209876543,0.06172839506172839
0.01,80.0,3,True,0.08641975308641975,0.16049382716049382
0.01,80.0,14,True,0.1111111111111111,0.07407407407407407
0.01,80.0,7,True,0.09876543209876543,0.07407407407407407
0.01,80.0,5,True,0.1111111111111111,0.13580246913580246
0.01,80.0,17,True,0.07407407407407407,0.1111111111111111
0.01,80.0,5,True,0.09876543209876543,0.1111111111111111
0.01,80.0,14,True,0.16049382716049382,0.06172839506172839
0.01,80.0,4,True,0.09876543209876543,0.24691358024691357
0.01,80.0,4,True,0.12345679012345678,0.09876543209876543
0.01,80.0,20,False,0.1111111111111111,0.12345679012345678
0.01,80.0,20,False,0.13580246913580246,0.09876543209876543
0.01,80.0,20,False,0.08641975308641975,0.08641975308641975
0.01,80.0,8,True,0.09876543209876543,0.20987654320987653
0.01,80.0,6,True,0.09876543209876543,0.16049382716049382
0.02,0.0,1,True,1.0,1.0
0.02,0.0,1,True,1.0,1.0
0.02,0.0,1,True,1.0,1.0
0.02,0.0,1,True,1.0,1.0
0.02,0.0,1,True,1.0,1.0
0.02,0.0,1,True,1.0,1.0
0.02,0.0,1,True,1.0,1.0
0.02,0.0,1,True,1.0,1.0
0.02,0.0,1,True,1.0,1.0
0.02,0.0,1,True,1.0,1.0
0.02,0.0,1,True,1.0,1.0
0.02,0.0,1,True,1.0,1.0
0.02,0.0,1,True,1.0,1.0
0.02,0.0,1,True,1.0,1.0
0.02,0.0,1,True,1.0,1.0
0.02,0.0,1,True,1.0,1.0
0.02,0.0,1,True,1.0,1.0
0.02,0.0,1,True,1.0,1.0
0.02,0.0,1,True,1.0,1.0
0.02,0.0,1,True,1.0,1.0
0.02,0.0,1,True,1.0,1.0
0.02,0.0,1,True,1.0,1.0
0.02,0.0,1,True,1.0,1.0
0.02,0.0,1,True,1.0,1.0
0.02,0.0,1,True,1.0,1.0
0.02,0.0,1,True,1.0,1.0
0.02,0.0,1,True,1.0,1.0
0.02,0.0,1,True,1.0,1.0
0.02,0.0,1,True,1.0,1.0
0.02,0.0,1,True,1.0,1.0
0.02,0.0,1,True,1.0,1.0
0.02,0.0,1,True,1.0,1.0
0.02,0.0,1,True,1.0,1.0
0.02,0.0,1,True,1.0,1.0
0.02,0.0,1,True,1.0,1.0
0.02,0.0,1,True,1.0,1.0
0.02,0.0,1,True,1.0,1.0
0.02,0.0,1,True,1.0,1.0
0.02,0.0,1,True,1.0,1.0
0.02,0.0,1,True,1.0,1.0
0.02,0.0,1,True,1.0,1.0
0.02,0.0,1,True,1.0,1.0
0.02,0.0,1,True,1.0,1.0
0.02,0.0,1,True,1.0,1.0
0.02,0.0,1,True,1.0,1.0
0.02,0.0,1,True,1.0,1.0
0.02,0.0,1,True,1.0,1.0
0.02,0.0,1,True,1.0,1.0
0.02,0.0,1,True,1.0,1.0
0.02,0.0,1,True,1.0,1.0
0.02,5.0,2,True,1.0,1.0
0.02,5.0,2,True,1.0,1.0
0.02,5.0,2,True,1.0,1.0
0.02,5.0,2,True,1.0,1.0
0.02,5.0,2,True,1.0,1.0
0.02,5.0,2,True,1.0,1.0
0.02,5.0,2,True,1.0,1.0
0.02,5.0,2,True,1.0,1.0
0.02,5.0,2,True,1.0,1.0
0.02,5.0,2,True,1.0,1.0
0.02,5.0,2,True,1.0,1.0
0.02,5.0,2,True,1.0,1.0
0.02,5.0,2,True,1.0,1.0
0.02,5.0,2,True,1.0,1.0
0.02,5.0,2,True,1.0,1.0
0.02,5.0,2,True,1.0,1.0
0.02,5.0,2,True,1.0,1.0
0.02,5.0,2,True,1.0,1.0
0.02,5.0,2,True,1.0,1.0
0.02,5.0,2,True,1.0,1.0
0.02,5.0,2,True,1.0,1.0
0.02,5.0,2,True,1.0,1.0
0.02,5.0,2,True,1.0,1.0
0.02,5.0,2,True,1.0,1.0
0.02,5.0,2,True,1.0,1.0
0.02,5.0,2,True,1.0,1.0
0.02,5.0,2,True,1.0,1.0
0.02,5.0,2,True,1.0,1.0
0.02,5.0,2,True,1.0,1.0
0.02,5.0,2,True,1.0,1.0
0.02,5.0,2,True,1.0,1.0
0.02,5.0,2,True,1.0,1.0
0.02,5.0,2,True,1.0,1.0
0.02,5.0,2,True,1.0,1.0
0.02,5.0,2,True,1.0,1.0
0.02,5.0,2,True,1.0,1.0
0.02,5.0,2,True,1.0,1.0
0.02,5.0,2,True,1.0,1.0
0.02,5.0,2,True,1.0,1.0
0.02,5.0,2,True,1.0,1.0
0.02,5.0,2,True,1.0,1.0
0.02,5.0,2,True,1.0,1.0
0.02,5.0,2,True,1.0,1.0
0.02,5.0,2,True,1.0,1.0
0.02,5.0,2,True,1.0,1.0
0.02,5.0,2,True,1.0,1.0
0.02,5.0,2,True,1.0,1.0
0.02,5.0,2,True,1.0,1.0
0.02,5.0,2,True,1.0,1.0
0.02,5.0,2,True,1.0,1.0
0.02,10.0,2,True,1.0,1.0
0.02,10.0,2,True,1.0,1.0
0.02,10.0,2,True,1.0,1.0
0.02,10.0,2,True,1.0,1.0
0.02,10.0,2,True,1.0,1.0
0.02,10.0,2,True,1.0,1.0
0.02,10.0,2,True,1.0,1.0
0.02,10.0,2,True,1.0,1.0
0.02,10.0,2,True,1.0,1.0
0.02,10.0,2,True,1.0,1.0
0.02,10.0,2,True,1.0,1.0
0.02,10.0,2,True,1.0,1.0
0.02,10.0,2,True,1.0,1.0
0.02,10.0,2,True,1.0,1.0
0.02,10.0,2,True,1.0,1.0
0.02,10.0,2,True,1.0,1.0
0.02,10.0,2,True,1.0,1.0
0.02,10.0,2,True,1.0,1.0
0.02,10.0,2,True,1.0,1.0
0.02,10.0,2,True,1.0,1.0
0.02,10.0,2,True,1.0,1.0
0.02,10.0,2,True,1.0,1.0
0.02,10.0,2,True,1.0,1.0
0.02,10.0,2,True,1.0,1.0
0.02,10.0,2,True,1.0,1.0
0.02,10.0,2,True,1.0,1.0
0.02,10.0,2,True,1.0,1.0
0.02,10.0,2,True,1.0,1.0
0.02,10.0,2,True,1.0,1.0
0.02,10.0,2,True,1.0,1.0
0.02,10.0,2,True,1.0,1.0
0.02,10.0,2,True,1.0,1.0
0.02,10.0,2,True,1.0,1.0
0.02,10.0,2,True,1.0,1.0
0.02,10.0,2,True,1.0,1.0
0.02,10.0,2,True,1.0,1.0
0.02,10.0,2,True,1.0,1.0
0.02,10.0,2,True,1.0,1.0
0.02,10.0,2,True,1.0,1.0
0.02,10.0,2,True,1.0,1.0
0.02,10.0,2,True,1.0,1.0
0.02,10.0,2,True,1.0,1.0
0.02,10.0,2,True,1.0,1.0
0.02,10.0,2,True,1.0,1.0
0.02,10.0,2,True,1.0,1.0
0.02,10.0,2,True,1.0,1.0
0.02,10.0,2,True,1.0,1.0
0.02,10.0,2,True,1.0,1.0
0.02,10.0,2,True,1.0,1.0
0.02,10.0,2,True,1.0,1.0
0.02,15.0,2,True,1.0,1.0
0.02,15.0,2,True,1.0,1.0
0.02,15.0,2,True,1.0,1.0
0.02,15.0,2,True,1.0,1.0
0.02,15.0,2,True,1.0,1.0
0.02,15.0,2,True,1.0,1.0
0.02,15.0,2,True,1.0,1.0
0.02,15.0,2,True,1.0,1.0
0.02,15.0,2,True,1.0,1.0
0.02,15.0,2,True,1.0,1.0
0.02,15.0,2,True,1.0,1.0
0.02,15.0,2,True,1.0,1.0
0.02,15.0,2,True,1.0,1.0
0.02,15.0,2,True,1.0,1.0
0.02,15.0,2,True,1.0,1.0
0.02,15.0,2,True,1.0,1.0
0.02,15.0,2,True,1.0,1.0
0.02,15.0,2,True,1.0,1.0
0.02,15.0,2,True,1.0,1.0
0.02,15.0,2,True,1.0,1.0
0.02,15.0,2,True,1.0,1.0
0.02,15.0,2,True,1.0,1.0
0.02,15.0,2,True,1.0,1.0
0.02,15.0,2,True,1.0,1.0
0.02,15.0,2,True,1.0,1.0
0.02,15.0,2,True,1.0,1.0
0.02,15.0,2,True,1.0,1.0
0.02,15.0,2,True,1.0,1.0
0.02,15.0,2,True,1.0,1.0
0.02,15.0,2,True,1.0,1.0
0.02,15.0,2,True,1.0,1.0
0.02,15.0,2,True,1.0,1.0
0.02,15.0,2,True,1.0,1.0
0.02,15.0,2,True,1.0,1.0
0.02,15.0,2,True,1.0,1.0
0.02,15.0,2,True,1.0,1.0
0.02,15.0,2,True,1.0,1.0
0.02,15.0,2,True,1.0,1.0
0.02,15.0,2,True,1.0,1.0
0.02,15.0,2,True,1.0,1.0
0.02,15.0,2,True,1.0,1.0
0.02,15.0,2,True,1.0,1.0
0.02,15.0,2,True,1.0,1.0
0.02,15.0,2,True,1.0,1.0
0.02,15.0,2,True,1.0,1.0
0.02,15.0,2,True,1.0,1.0
0.02,15.0,2,True,1.0,1.0
0.02,15.0,2,True,1.0,1.0
0.02,15.0,2,True,1.0,1.0
0.02,15.0,2,True,1.0,1.0
0.02,20.0,2,True,1.0,1.0
0.02,20.0,2,True,1.0,1.0
0.02,20.0,2,True,1.0,1.0
0.02,20.0,2,True,1.0,1.0
0.02,20.0,2,True,1.0,1.0
0.02,20.0,2,True,1.0,1.0
0.02,20.0,2,True,1.0,1.0
0.02,20.0,2,True,1.0,1.0
0.02,20.0,2,True,1.0,1.0
0.02,20.0,2,True,1.0,1.0
0.02,20.0,2,True,1.0,1.0
0.02,20.0,2,True,1.0,1.0
0.02,20.0,2,True,1.0,1.0
0.02,20.0,2,True,1.0,1.0
0.02,20.0,2,True,1.0,1.0
0.02,20.0,2,True,1.0,1.0
0.02,20.0,2,True,1.0,1.0
0.02,20.0,2,True,1.0,1.0
0.02,20.0,2,True,1.0,1.0
0.02,20.0,2,True,1.0,1.0
0.02,20.0,2,True,1.0,1.0
0.02,20.0,2,True,1.0,1.0
0.02,20.0,2,True,1.0,1.0
0.02,20.0,2,True,1.0,1.0
0.02,20.0,2,True,1.0,1.0
0.02,20.0,2,True,1.0,1.0
0.02,20.0,2,True,1.0,1.0
0.02,20.0,2,True,1.0,1.0
0.02,20.0,2,True,1.0,1.0
0.02,20.0,2,True,1.0,1.0
0.02,20.0,2,True,1.0,1.0
0.02,20.0,2,True,1.0,1.0
0.02,20.0,2,True,1.0,1.0
0.02,20.0,2,True,1.0,1.0
0.02,20.0,2,True,1.0,1.0
0.02,20.0,2,True,1.0,1.0
0.02,20.0,2,True,1.0,1.0
0.02,20.0,2,True,1.0,1.0
0.02,20.0,2,True,1.0,1.0
0.02,20.0,2,True,1.0,1.0
0.02,20.0,2,True,1.0,1.0
0.02,20.0,2,True,1.0,1.0
0.02,20.0,2,True,1.0,1.0
0.02,20.0,2,True,1.0,1.0
0.02,20.0,2,True,1.0,1.0
0.02,20.0,2,True,1.0,1.0
0.02,20.0,2,True,1.0,1.0
0.02,20.0,2,True,1.0,1.0
0.02,20.0,2,True,1.0,1.0
0.02,20.0,2,True,1.0,1.0
0.02,25.0,2,True,1.0,1.0
0.02,25.0,2,True,1.0,1.0
0.02,25.0,2,True,1.0,1.0
0.02,25.0,2,True,1.0,1.0
0.02,25.0,2,True,1.0,1.0
0.02,25.0,2,True,1.0,1.0
0.02,25.0,2,True,1.0,1.0
0.02,25.0,2,True,1.0,1.0
0.02,25.0,2,True,1.0,1.0
0.02,25.0,2,True,1.0,1.0
0.02,25.0,2,True,1.0,1.0
0.02,25.0,2,True,1.0,1.0
0.02,25.0,2,True,1.0,1.0
0.02,25.0,2,True,1.0,1.0
0.02,25.0,2,True,1.0,1.0
0.02,25.0,2,True,1.0,1.0
0.02,25.0,2,True,1.0,1.0
0.02,25.0,2,True,1.0,1.0
0.02,25.0,2,True,1.0,1.0
0.02,25.0,2,True,1.0,1.0
0.02,25.0,2,True,1.0,1.0
0.02,25.0,2,True,1.0,1.0
0.02,25.0,2,True,1.0,1.0
0.02,25.0,2,True,1.0,1.0
0.02,25.0,2,True,1.0,1.0
0.02,25.0,2,True,1.0,1.0
0.02,25.0,2,True,1.0,1.0
0.02,25.0,2,True,1.0,1.0
0.02,25.0,2,True,1.0,1.0
0.02,25.0,2,True,1.0,1.0
0.02,25.0,2,True,1.0,1.0
0.02,25.0,2,True,1.0,1.0
0.02,25.0,2,True,1.0,1.0
0.02,25.0,2,True,1.0,1.0
0.02,25.0,2,True,1.0,1.0
0.02,25.0,2,True,1.0,1.0
0.02,25.0,2,True,1.0,1.0
0.02,25.0,2,True,1.0,1.0
0.02,25.0,2,True,1.0,1.0
0.02,25.0,2,True,1.0,1.0
0.02,25.0,2,True,1.0,1.0
0.02,25.0,2,True,1.0,1.0
0.02,25.0,2,True,1.0,1.0
0.02,25.0,2,True,1.0,1.0
0.02,25.0,2,True,1.0,1.0
0.02,25.0,2,True,1.0,1.0
0.02,25.0,2,True,1.0,1.0
0.02,25.0,2,True,1.0,1.0
0.02,25.0,2,True,1.0,1.0
0.02,25.0,2,True,1.0,1.0
0.02,30.0,2,True,1.0,1.0
0.02,30.0,2,True,1.0,1.0
0.02,30.0,2,True,1.0,1.0
0.02,30.0,2,True,1.0,1.0
0.02,30.0,2,True,1.0,1.0
0.02,30.0,2,True,1.0,1.0
0.02,30.0,2,True,1.0,1.0
0.02,30.0,2,True,1.0,1.0
0.02,30.0,2,True,1.0,1.0
0.02,30.0,2,True,1.0,1.0
0.02,30.0,2,True,1.0,1.0
0.02,30.0,2,True,1.0,1.0
0.02,30.0,2,True,1.0,1.0
0.02,30.0,2,True,1.0,1.0
0.02,30.0,2,True,1.0,1.0
0.02,30.0,2,True,1.0,1.0
0.02,30.0,2,True,1.0,1.0
0.02,30.0,2,True,1.0,1.0
0.02,30.0,2,True,1.0,1.0
0.02,30.0,2,True,1.0,1.0
0.02,30.0,2,True,1.0,1.0
0.02,30.0,2,True,1.0,1.0
0.02,30.0,2,True,1.0,1.0
0.02,30.0,2,True,1.0,1.0
0.02,30.0,2,True,1.0,1.0
0.02,30.0,2,True,1.0,1.0
0.02,30.0,2,True,1.0,1.0
0.02,30.0,2,True,1.0,1.0
0.02,30.0,2,True,1.0,1.0
0.02,30.0,2,True,1.0,1.0
0.02,30.0,2,True,1.0,1.0
0.02,30.0,2,True,1.0,1.0
0.02,30.0,2,True,1.0,1.0
0.02,30.0,2,True,1.0,1.0
0.02,30.0,2,True,1.0,1.0
0.02,30.0,2,True,1.0,1.0
0.02,30.0,2,True,1.0,1.0
0.02,30.0,2,True,1.0,1.0
0.02,30.0,2,True,1.0,1.0
0.02,30.0,2,True,1.0,1.0
0.02,30.0,2,True,1.0,1.0
0.02,30.0,2,True,1.0,1.0
0.02,30.0,2,True,1.0,1.0
0.02,30.0,2,True,1.0,1.0
0.02,30.0,2,True,1.0,1.0
0.02,30.0,2,True,1.0,1.0
0.02,30.0,2,True,1.0,1.0
0.02,30.0,2,True,1.0,1.0
0.02,30.0,2,True,1.0,1.0
0.02,30.0,2,True,1.0,1.0
0.02,35.0,2,True,1.0,1.0
0.02,35.0,2,True,1.0,1.0
0.02,35.0,2,True,1.0,1.0
0.02,35.0,2,True,1.0,1.0
0.02,35.0,2,True,1.0,1.0
0.02,35.0,2,True,1.0,1.0
0.02,35.0,2,True,1.0,1.0
0.02,35.0,2,True,1.0,1.0
0.02,35.0,2,True,1.0,1.0
0.02,35.0,2,True,1.0,1.0
0.02,35.0,2,True,1.0,1.0
0.02,35.0,2,True,1.0,1.0
0.02,35.0,2,True,1.0,1.0
0.02,35.0,2,True,1.0,1.0
0.02,35.0,2,True,1.0,1.0
0.02,35.0,2,True,1.0,1.0
0.02,35.0,2,True,1.0,1.0
0.02,35.0,2,True,1.0,1.0
0.02,35.0,2,True,1.0,1.0
0.02,35.0,2,True,1.0,1.0
0.02,35.0,2,True,1.0,1.0
0.02,35.0,2,True,1.0,1.0
0.02,35.0,2,True,1.0,1.0
0.02,35.0,2,True,1.0,1.0
0.02,35.0,2,True,1.0,1.0
0.02,35.0,2,True,1.0,1.0
0.02,35.0,2,True,1.0,1.0
0.02,35.0,2,True,1.0,1.0
0.02,35.0,2,True,1.0,1.0
0.02,35.0,2,True,1.0,1.0
0.02,35.0,2,True,1.0,1.0
0.02,35.0,2,True,1.0,1.0
0.02,35.0,2,True,1.0,1.0
0.02,35.0,2,True,1.0,1.0
0.02,35.0,2,True,1.0,1.0
0.02,35.0,2,True,1.0,1.0
0.02,35.0,2,True,1.0,1.0
0.02,35.0,2,True,1.0,1.0
0.02,35.0,2,True,1.0,1.0
0.02,35.0,2,True,1.0,1.0
0.02,35.0,2,True,1.0,1.0
0.02,35.0,2,True,1.0,1.0
0.02,35.0,2,True,1.0,1.0
0.02,35.0,2,True,1.0,1.0
0.02,35.0,2,True,1.0,1.0
0.02,35.0,2,True,1.0,1.0
0.02,35.0,2,True,1.0,1.0
0.02,35.0,2,True,1.0,1.0
0.02,35.0,2,True,1.0,1.0
0.02,35.0,2,True,1.0,1.0
0.02,40.0,2,True,1.0,1.0
0.02,40.0,2,True,1.0,1.0
0.02,40.0,16,True,0.20987654320987653,0.24691358024691357
0.02,40.0,12,True,0.13580246913580246,0.07407407407407407
0.02,40.0,2,True,1.0,1.0
0.02,40.0,7,True,0.07407407407407407,0.09876543209876543
0.02,40.0,2,True,1.0,1.0
0.02,40.0,3,True,0.3333333333333333,1.0
0.02,40.0,12,True,0.13580246913580246,0.09876543209876543
0.02,40.0,4,True,0.14814814814814814,0.07407407407407407
0.02,40.0,3,True,0.7283950617283951,1.0
0.02,40.0,2,True,1.0,1.0
0.02,40.0,3,True,0.3333333333333333,1.0
0.02,40.0,2,True,1.0,1.0
0.02,40.0,3,True,0.5925925925925926,1.0
0.02,40.0,3,True,0.37037037037037035,1.0
0.02,40.0,7,True,0.1728395061728395,0.12345679012345678
0.02,40.0,8,True,0.12345679012345678,0.08641975308641975
0.02,40.0,6,True,0.14814814814814814,0.1111111111111111
0.02,40.0,6,True,0.19753086419753085,0.1111111111111111
0.02,40.0,4,True,0.1111111111111111,0.1111111111111111
0.02,40.0,3,True,0.2962962962962963,1.0
0.02,40.0,4,True,0.2716049382716049,1.0
0.02,40.0,2,True,1.0,1.0
0.02,40.0,2,True,1.0,1.0
0.02,40.0,9,True,0.13580246913580246,0.14814814814814814
0.02,40.0,5,True,0.1728395061728395,0.09876543209876543
0.02,40.0,3,True,0.654320987654321,1.0
0.02,40.0,3,True,0.20987654320987653,1.0
0.02,40.0,8,True,0.19753086419753085,0.2962962962962963
0.02,40.0,3,True,0.6666666666666666,1.0
0.02,40.0,3,True,0.5555555555555556,1.0
0.02,40.0,2,True,1.0,1.0
0.02,40.0,2,True,1.0,1.0
0.02,40.0,3,True,0.345679012345679,1.0
0.02,40.0,8,True,0.13580246913580246,0.06172839506172839
0.02,40.0,3,True,0.25925925925925924,1.0
0.02,40.0,4,True,0.1111111111111111,0.08641975308641975
0.02,40.0,18,True,0.16049382716049382,0.07407407407407407
0.02,40.0,2,True,1.0,1.0
0.02,40.0,2,True,1.0,1.0
0.02,40.0,3,True,0.2345679012345679,1.0
0.02,40.0,3,True,0.9629629629629629,1.0
0.02,40.0,3,True,0.691358024691358,1.0
0.02,40.0,3,True,0.35802469135802467,1.0
0.02,40.0,3,True,0.20987654320987653,1.0
0.02,40.0,20,False,0.16049382716049382,0.1728395061728395
0.02,40.0,5,True,0.1111111111111111,0.07407407407407407
0.02,40.0,4,True,0.20987654320987653,0.1111111111111111
0.02,40.0,2,True,1.0,1.0
0.02,45.0,6,True,0.19753086419753085,0.13580246913580246
0.02,45.0,3,True,0.13580246913580246,0.1111111111111111
0.02,45.0,7,True,0.1111111111111111,0.13580246913580246
0.02,45.0,6,True,0.09876543209876543,0.12345679012345678
0.02,45.0,4,True,0.08641975308641975,0.08641975308641975
0.02,45.0,9,True,0.1111111111111111,0.13580246913580246
0.02,45.0,7,True,0.09876543209876543,0.13580246913580246
0.02,45.0,14,True,0.12345679012345678,0.08641975308641975
0.02,45.0,15,True,0.08641975308641975,0.037037037037037035
0.02,45.0,2,True,0.14814814814814814,0.14814814814814814
0.02,45.0,9,True,0.1111111111111111,0.08641975308641975
0.02,45.0,3,True,0.13580246913580246,0.08641975308641975
0.02,45.0,7,True,0.09876543209876543,0.1111111111111111
0.02,45.0,7,True,0.09876543209876543,0.037037037037037035
0.02,45.0,7,True,0.12345679012345678,0.09876543209876543
0.02,45.0,3,True,0.12345679012345678,0.16049382716049382
0.02,45.0,20,False,0.12345679012345678,0.13580246913580246
0.02,45.0,12,True,0.1111111111111111,0.08641975308641975
0.02,45.0,8,True,0.09876543209876543,0.19753086419753085
0.02,45.0,13,True,0.09876543209876543,0.08641975308641975
0.02,45.0,4,True,0.14814814814814814,0.13580246913580246
0.02,45.0,10,True,0.14814814814814814,0.09876543209876543
0.02,45.0,5,True,0.1728395061728395,0.12345679012345678
0.02,45.0,20,False,0.12345679012345678,0.07407407407407407
0.02,45.0,19,True,0.13580246913580246,0.08641975308641975
0.02,45.0,16,True,0.07407407407407407,0.07407407407407407
0.02,45.0,18,True,0.14814814814814814,0.08641975308641975
0.02,45.0,7,True,0.08641975308641975,0.12345679012345678
0.02,45.0,5,True,0.14814814814814814,0.07407407407407407
0.02,45.0,9,True,0.12345679012345678,0.07407407407407407
0.02,45.0,7,True,0.09876543209876543,0.09876543209876543
0.02,45.0,6,True,0.1111111111111111,0.06172839506172839
0.02,45.0,5,True,0.07407407407407407,0.09876543209876543
0.02,45.0,9,True,0.08641975308641975,0.14814814814814814
0.02,45.0,8,True,0.14814814814814814,0.1111111111111111
0.02,45.0,20,True,0.12345679012345678,0.20987654320987653
0.02,45.0,7,True,0.16049382716049382,0.06172839506172839
0.02,45.0,6,True,0.12345679012345678,0.07407407407407407
0.02,45.0,3,True,0.06172839506172839,0.13580246913580246
0.02,45.0,20,False,0.13580246913580246,0.09876543209876543
0.02,45.0,9,True,0.18518518518518517,0.1111111111111111
0.02,45.0,13,True,0.12345679012345678,0.1111111111111111
0.02,45.0,8,True,0.07407407407407407,0.06172839506172839
0.02,45.0,4,True,0.1111111111111111,0.037037037037037035
0.02,45.0,3,True,0.14814814814814814,1.0
0.02,45.0,9,True,0.1111111111111111,0.16049382716049382
0.02,45.0,11,True,0.07407407407407407,0.16049382716049382
0.02,45.0,8,True,0.1111111111111111,0.1728395061728395
0.02,45.0,6,True,0.12345679012345678,0.13580246913580246
0.02,45.0,17,True,0.1111111111111111,0.08641975308641975
0.02,50.0,19,True,0.1728395061728395,0.1728395061728395
0.02,50.0,6,True,0.14814814814814814,0.1728395061728395
0.02,50.0,20,False,0.16049382716049382,0.1111111111111111
0.02,50.0,20,False,0.14814814814814814,0.06172839506172839
0.02,50.0,7,True,0.12345679012345678,0.12345679012345678
0.02,50.0,8,True,0.07407407407407407,0.14814814814814814
0.02,50.0,6,True,0.04938271604938271,0.13580246913580246
0.02,50.0,4,True,0.1111111111111111,0.1111111111111111
0.02,50.0,5,True,0.1728395061728395,0.19753086419753085
0.02,50.0,7,True,0.12345679012345678,0.09876543209876543
0.02,50.0,20,False,0.1111111111111111,0.13580246913580246
0.02,50.0,20,False,0.08641975308641975,0.1111111111111111
0.02,50.0,16,True,0.09876543209876543,0.19753086419753085
0.02,50.0,6,True,0.12345679012345678,0.07407407407407407
0.02,50.0,6,True,0.12345679012345678,0.07407407407407407
0.02,50.0,11,True,0.1111111111111111,0.1111111111111111
0.02,50.0,4,True,0.07407407407407407,0.07407407407407407
0.02,50.0,5,True,0.09876543209876543,0.1111111111111111
0.02,50.0,6,True,0.07407407407407407,0.14814814814814814
0.02,50.0,9,True,0.12345679012345678,0.08641975308641975
0.02,50.0,5,True,0.09876543209876543,0.12345679012345678
0.02,50.0,4,True,0.07407407407407407,0.1111111111111111
0.02,50.0,9,True,0.16049382716049382,0.08641975308641975
0.02,50.0,8,True,0.08641975308641975,0.04938271604938271
0.02,50.0,3,True,0.12345679012345678,0.07407407407407407
0.02,50.0,4,True,0.14814814814814814,0.09876543209876543
0.02,50.0,5,True,0.1111111111111111,0.08641975308641975
0.02,50.0,3,True,0.09876543209876543,0.18518518518518517
0.02,50.0,9,True,0.1111111111111111,0.09876543209876543
0.02,50.0,7,True,0.14814814814814814,0.12345679012345678
0.02,50.0,12,True,0.12345679012345678,0.06172839506172839
0.02,50.0,7,True,0.13580246913580246,0.06172839506172839
0.02,50.0,7,True,0.09876543209876543,0.06172839506172839
0.02,50.0,20,False,0.07407407407407407,0.08641975308641975
0.02,50.0,12,True,0.1111111111111111,0.07407407407407407
0.02,50.0,4,True,0.1111111111111111,0.19753086419753085
0.02,50.0,20,True,0.06172839506172839,0.12345679012345678
0.02,50.0,3,True,0.14814814814814814,0.07407407407407407
0.02,50.0,5,True,0.1111111111111111,0.12345679012345678
0.02,50.0,11,True,0.12345679012345678,0.1728395061728395
0.02,50.0,10,True,0.14814814814814814,0.09876543209876543
0.02,50.0,20,False,0.08641975308641975,0.13580246913580246
0.02,50.0,15,True,0.1111111111111111,0.08641975308641975
0.02,50.0,4,True,0.08641975308641975,0.07407407407407407
0.02,50.0,4,True,0.1111111111111111,0.08641975308641975
0.02,50.0,17,True,0.1111111111111111,0.07407407407407407
0.02,50.0,4,True,0.08641975308641975,0.08641975308641975
0.02,50.0,5,True,0.12345679012345678,0.1111111111111111
0.02,50.0,6,True,0.09876543209876543,0.08641975308641975
0.02,50.0,5,True,0.13580246913580246,0.14814814814814814
0.02,55.00000000000001,9,True,0.04938271604938271,0.1111111111111111
0.02,55.00000000000001,4,True,0.12345679012345678,0.13580246913580246
0.02,55.00000000000001,3,True,0.12345679012345678,0.14814814814814814
0.02,55.00000000000001,19,True,0.07407407407407407,0.09876543209876543
0.02,55.00000000000001,6,True,0.1111111111111111,0.08641975308641975
0.02,55.00000000000001,20,False,0.07407407407407407,0.1111111111111111
0.02,55.00000000000001,20,False,0.08641975308641975,0.1111111111111111
0.02,55.00000000000001,20,False,0.09876543209876543,0.12345679012345678
0.02,55.00000000000001,10,True,0.16049382716049382,0.13580246913580246
0.02,55.00000000000001,5,True,0.08641975308641975,0.13580246913580246
0.02,55.00000000000001,10,True,0.1111111111111111,0.06172839506172839
0.02,55.00000000000001,8,True,0.09876543209876543,0.1111111111111111
0.02,55.00000000000001,6,True,0.1111111111111111,0.07407407407407407
0.02,55.00000000000001,9,True,0.12345679012345678,0.09876543209876543
0.02,55.00000000000001,4,True,0.08641975308641975,0.12345679012345678
0.02,55.00000000000001,5,True,0.09876543209876543,0.2345679012345679
0.02,55.00000000000001,17,True,0.13580246913580246,0.12345679012345678
0.02,55.00000000000001,20,False,0.13580246913580246,0.12345679012345678
0.02,55.00000000000001,7,True,0.16049382716049382,0.08641975308641975
0.02,55.00000000000001,7,True,0.12345679012345678,0.07407407407407407
0.02,55.00000000000001,15,True,0.09876543209876543,0.08641975308641975
0.02,55.00000000000001,13,True,0.09876543209876543,0.06172839506172839
0.02,55.00000000000001,16,True,0.1111111111111111,0.14814814814814814
0.02,55.00000000000001,3,True,0.08641975308641975,0.1728395061728395
0.02,55.00000000000001,7,True,0.07407407407407407,0.09876543209876543
0.02,55.00000000000001,15,True,0.13580246913580246,0.20987654320987653
0.02,55.00000000000001,4,True,0.07407407407407407,0.09876543209876543
0.02,55.00000000000001,13,True,0.08641975308641975,0.2345679012345679
0.02,55.00000000000001,9,True,0.16049382716049382,0.1111111111111111
0.02,55.00000000000001,3,True,0.12345679012345678,0.13580246913580246
0.02,55.00000000000001,20,False,0.14814814814814814,0.08641975308641975
0.02,55.00000000000001,8,True,0.1728395061728395,0.09876543209876543
0.02,55.00000000000001,20,True,0.1111111111111111,0.08641975308641975
0.02,55.00000000000001,6,True,0.16049382716049382,0.12345679012345678
0.02,55.00000000000001,6,True,0.12345679012345678,0.037037037037037035
0.02,55.00000000000001,6,True,0.13580246913580246,0.09876543209876543
0.02,55.00000000000001,9,True,0.1111111111111111,0.09876543209876543
0.02,55.00000000000001,9,True,0.1111111111111111,0.14814814814814814
0.02,55.00000000000001,10,True,0.09876543209876543,0.14814814814814814
0.02,55.00000000000001,15,True,0.16049382716049382,0.024691358024691357
0.02,55.00000000000001,5,True,0.08641975308641975,0.06172839506172839
0.02,55.00000000000001,5,True,0.16049382716049382,0.06172839506172839
0.02,55.00000000000001,6,True,0.13580246913580246,0.09876543209876543
0.02,55.00000000000001,4,True,0.06172839506172839,0.1728395061728395
0.02,55.00000000000001,4,True,0.09876543209876543,0.07407407407407407
0.02,55.00000000000001,20,False,0.1728395061728395,0.07407407407407407
0.02,55.00000000000001,8,True,0.13580246913580246,0.14814814814814814
0.02,55.00000000000001,7,True,0.1111111111111111,0.12345679012345678
0.02,55.00000000000001,20,False,0.14814814814814814,0.09876543209876543
0.02,55.00000000000001,8,True,0.14814814814814814,0.08641975308641975
0.02,60.0,12,True,0.13580246913580246,0.1111111111111111
0.02,60.0,4,True,0.18518518518518517,0.16049382716049382
0.02,60.0,5,True,0.1111111111111111,0.14814814814814814
0.02,60.0,4,True,0.13580246913580246,0.07407407407407407
0.02,60.0,5,True,0.08641975308641975,0.12345679012345678
0.02,60.0,3,True,0.20987654320987653,0.024691358024691357
0.02,60.0,12,True,0.14814814814814814,0.07407407407407407
0.02,60.0,7,True,0.1728395061728395,0.07407407407407407
0.02,60.0,9,True,0.06172839506172839,0.08641975308641975
0.02,60.0,20,False,0.06172839506172839,0.1111111111111111
0.02,60.0,13,True,0.12345679012345678,0.20987654320987653
0.02,60.0,20,False,0.12345679012345678,0.16049382716049382
0.02,60.0,6,True,0.1111111111111111,0.12345679012345678
0.02,60.0,13,True,0.1111111111111111,0.07407407407407407
0.02,60.0,6,True,0.09876543209876543,0.1728395061728395
0.02,60.0,12,True,0.16049382716049382,0.1728395061728395
0.02,60.0,15,True,0.09876543209876543,0.024691358024691357
0.02,60.0,9,True,0.12345679012345678,0.1111111111111111
0.02,60.0,20,True,0.08641975308641975,0.20987654320987653
0.02,60.0,10,True,0.08641975308641975,0.16049382716049382
0.02,60.0,3,True,0.04938271604938271,0.06172839506172839
0.02,60.0,13,True,0.12345679012345678,0.12345679012345678
0.02,60.0,7,True,0.12345679012345678,0.08641975308641975
0.02,60.0,3,True,0.12345679012345678,0.13580246913580246
0.02,60.0,10,True,0.1111111111111111,0.1111111111111111
0.02,60.0,15,True,0.16049382716049382,0.09876543209876543
0.02,60.0,5,True,0.07407407407407407,0.037037037037037035
0.02,60.0,6,True,0.06172839506172839,0.1111111111111111
0.02,60.0,6,True,0.12345679012345678,0.1111111111111111
0.02,60.0,4,True,0.16049382716049382,0.06172839506172839
0.02,60.0,6,True,0.1111111111111111,0.12345679012345678
0.02,60.0,3,True,0.06172839506172839,0.06172839506172839
0.02,60.0,5,True,0.24691358024691357,0.06172839506172839
0.02,60.0,3,True,0.1111111111111111,0.13580246913580246
0.02,60.0,9,True,0.09876543209876543,0.16049382716049382
0.02,60.0,20,False,0.1111111111111111,0.13580246913580246
0.02,60.0,7,True,0.08641975308641975,0.12345679012345678
0.02,60.0,6,True,0.09876543209876543,0.037037037037037035
0.02,60.0,6,True,0.12345679012345678,0.12345679012345678
0.02,60.0,7,True,0.06172839506172839,0.09876543209876543
0.02,60.0,20,False,0.16049382716049382,0.12345679012345678
0.02,60.0,16,True,0.09876543209876543,0.12345679012345678
0.02,60.0,8,True,0.1728395061728395,0.16049382716049382
0.02,60.0,20,False,0.1111111111111111,0.1111111111111111
0.02,60.0,7,True,0.12345679012345678,0.09876543209876543
0.02,60.0,9,True,0.12345679012345678,0.08641975308641975
0.02,60.0,18,True,0.037037037037037035,0.04938271604938271
0.02,60.0,16,True,0.12345679012345678,0.1111111111111111
0.02,60.0,11,True,0.1111111111111111,0.12345679012345678
0.02,60.0,8,True,0.09876543209876543,0.1111111111111111
0.02,70.0,9,True,0.08641975308641975,0.16049382716049382
0.02,70.0,8,True,0.1111111111111111,0.1111111111111111
0.02,70.0,5,True,0.12345679012345678,0.12345679012345678
0.02,70.0,20,False,0.09876543209876543,0.16049382716049382
0.02,70.0,5,True,0.12345679012345678,0.1111111111111111
0.02,70.0,10,True,0.06172839506172839,0.07407407407407407
0.02,70.0,6,True,0.12345679012345678,0.1728395061728395
0.02,70.0,9,True,0.08641975308641975,0.09876543209876543
0.02,70.0,19,True,0.12345679012345678,0.07407407407407407
0.02,70.0,3,True,0.07407407407407407,0.12345679012345678
0.02,70.0,9,True,0.12345679012345678,0.12345679012345678
0.02,70.0,4,True,0.1111111111111111,0.09876543209876543
0.02,70.0,9,True,0.1111111111111111,0.08641975308641975
0.02,70.0,16,True,0.12345679012345678,0.08641975308641975
0.02,70.0,5,True,0.12345679012345678,0.20987654320987653
0.02,70.0,4,True,0.1111111111111111,0.12345679012345678
0.02,70.0,11,True,0.07407407407407407,0.04938271604938271
0.02,70.0,19,True,0.1111111111111111,0.06172839506172839
0.02,70.0,4,True,0.07407407407407407,0.1111111111111111
0.02,70.0,9,True,0.14814814814814814,0.09876543209876543
0.02,70.0,3,True,0.1728395061728395,0.04938271604938271
0.02,70.0,17,True,0.14814814814814814,0.08641975308641975
0.02,70.0,5,True,0.12345679012345678,0.12345679012345678
0.02,70.0,6,True,0.1111111111111111,0.19753086419753085
0.02,70.0,7,True,0.13580246913580246,0.1111111111111111
0.02,70.0,8,True,0.08641975308641975,0.08641975308641975
0.02,70.0,9,True,0.12345679012345678,0.04938271604938271
0.02,70.0,9,True,0.06172839506172839,0.07407407407407407
0.02,70.0,20,False,0.13580246913580246,0.13580246913580246
0.02,70.0,4,True,0.1111111111111111,0.13580246913580246
0.02,70.0,20,False,0.1111111111111111,0.08641975308641975
0.02,70.0,7,True,0.16049382716049382,0.07407407407407407
0.02,70.0,20,False,0.13580246913580246,0.14814814814814814
0.02,70.0,14,True,0.09876543209876543,0.08641975308641975
0.02,70.0,13,True,0.13580246913580246,0.08641975308641975
0.02,70.0,19,True,0.1111111111111111,0.1111111111111111
0.02,70.0,8,True,0.12345679012345678,0.13580246913580246
0.02,70.0,5,True,0.07407407407407407,0.13580246913580246
0.02,70.0,20,False,0.06172839506172839,0.13580246913580246
0.02,70.0,18,True,0.13580246913580246,0.08641975308641975
0.02,70.0,6,True,0.09876543209876543,0.08641975308641975
0.02,70.0,6,True,0.07407407407407407,0.08641975308641975
0.02,70.0,12,True,0.07407407407407407,0.14814814814814814
0.02,70.0,5,True,0.1111111111111111,0.07407407407407407
0.02,70.0,20,False,0.12345679012345678,0.08641975308641975
0.02,70.0,20,False,0.07407407407407407,0.1111111111111111
0.02,70.0,8,True,0.12345679012345678,0.13580246913580246
0.02,70.0,15,True,0.16049382716049382,0.09876543209876543
0.02,70.0,7,True,0.13580246913580246,0.037037037037037035
0.02,70.0,5,True,0.14814814814814814,0.14814814814814814
0.02,80.0,4,True,0.13580246913580246,0.06172839506172839
0.02,80.0,11,True,0.06172839506172839,0.08641975308641975
0.02,80.0,6,True,0.14814814814814814,0.07407407407407407
0.02,80.0,5,True,0.08641975308641975,0.06172839506172839
0.02,80.0,10,True,0.08641975308641975,0.1111111111111111
0.02,80.0,7,True,0.09876543209876543,0.1111111111111111
0.02,80.0,3,True,0.13580246913580246,0.12345679012345678
0.02,80.0,15,True,0.08641975308641975,0.16049382716049382
0.02,80.0,20,False,0.12345679012345678,0.1111111111111111
0.02,80.0,4,True,0.037037037037037035,0.07407407407407407
0.02,80.0,6,True,0.12345679012345678,0.14814814814814814
0.02,80.0,20,False,0.12345679012345678,0.1111111111111111
0.02,80.0,20,False,0.12345679012345678,0.14814814814814814
0.02,80.0,9,True,0.09876543209876543,0.09876543209876543
0.02,80.0,10,True,0.09876543209876543,0.07407407407407407
0.02,80.0,13,True,0.1728395061728395,0.08641975308641975
0.02,80.0,6,True,0.09876543209876543,0.12345679012345678
0.02,80.0,5,True,0.14814814814814814,0.08641975308641975
0.02,80.0,4,True,0.07407407407407407,0.09876543209876543
0.02,80.0,12,True,0.13580246913580246,0.012345679012345678
0.02,80.0,17,True,0.14814814814814814,0.1728395061728395
0.02,80.0,10,True,0.037037037037037035,0.06172839506172839
0.02,80.0,6,True,0.09876543209876543,0.12345679012345678
0.02,80.0,20,False,0.18518518518518517,0.1111111111111111
0.02,80.0,7,True,0.08641975308641975,0.12345679012345678
0.02,80.0,12,True,0.07407407407407407,0.19753086419753085
0.02,80.0,20,True,0.08641975308641975,0.09876543209876543
0.02,80.0,16,True,0.1111111111111111,0.06172839506172839
0.02,80.0,15,True,0.06172839506172839,0.09876543209876543
0.02,80.0,11,True,0.1111111111111111,0.13580246913580246
0.02,80.0,18,True,0.13580246913580246,0.08641975308641975
0.02,80.0,9,True,0.09876543209876543,0.07407407407407407
0.02,80.0,4,True,0.08641975308641975,0.1111111111111111
0.02,80.0,20,False,0.08641975308641975,0.12345679012345678
0.02,80.0,14,True,0.18518518518518517,0.09876543209876543
0.02,80.0,4,True,0.037037037037037035,0.16049382716049382
0.02,80.0,10,True,0.1111111111111111,0.08641975308641975
0.02,80.0,20,False,0.09876543209876543,0.1111111111111111
0.02,80.0,20,False,0.1111111111111111,0.08641975308641975
0.02,80.0,15,True,0.1111111111111111,0.07407407407407407
0.02,80.0,8,True,0.1111111111111111,0.14814814814814814
0.02,80.0,20,False,0.13580246913580246,0.13580246913580246
0.02,80.0,9,True,0.1111111111111111,0.16049382716049382
0.02,80.0,10,True,0.14814814814814814,0.07407407407407407
0.02,80.0,6,True,0.09876543209876543,0.09876543209876543
0.02,80.0,9,True,0.09876543209876543,0.12345679012345678
0.02,80.0,5,True,0.06172839506172839,0.1728395061728395
0.02,80.0,6,True,0.06172839506172839,0.06172839506172839
0.02,80.0,8,True,0.08641975308641975,0.07407407407407407
0.02,80.0,6,True,0.13580246913580246,0.08641975308641975
0.05,0.0,1,True,1.0,1.0
0.05,0.0,1,True,1.0,1.0
0.05,0.0,1,True,1.0,1.0
0.05,0.0,1,True,1.0,1.0
0.05,0.0,1,True,1.0,1.0
0.05,0.0,1,True,1.0,1.0
0.05,0.0,1,True,1.0,1.0
0.05,0.0,1,True,1.0,1.0
0.05,0.0,1,True,1.0,1.0
0.05,0.0,1,True,1.0,1.0
0.05,0.0,1,True,1.0,1.0
0.05,0.0,1,True,1.0,1.0
0.05,0.0,1,True,1.0,1.0
0.05,0.0,1,True,1.0,1.0
0.05,0.0,1,True,1.0,1.0
0.05,0.0,1,True,1.0,1.0
0.05,0.0,1,True,1.0,1.0
0.05,0.0,1,True,1.0,1.0
0.05,0.0,1,True,1.0,1.0
0.05,0.0,1,True,1.0,1.0
0.05,0.0,1,True,1.0,1.0
0.05,0.0,1,True,1.0,1.0
0.05,0.0,1,True,1.0,1.0
0.05,0.0,1,True,1.0,1.0
0.05,0.0,1,True,1.0,1.0
0.05,0.0,1,True,1.0,1.0
0.05,0.0,1,True,1.0,1.0
0.05,0.0,1,True,1.0,1.0
0.05,0.0,1,True,1.0,1.0
0.05,0.0,1,True,1.0,1.0
0.05,0.0,1,True,1.0,1.0
0.05,0.0,1,True,1.0,1.0
0.05,0.0,1,True,1.0,1.0
0.05,0.0,1,True,1.0,1.0
0.05,0.0,1,True,1.0,1.0
0.05,0.0,1,True,1.0,1.0
0.05,0.0,1,True,1.0,1.0
0.05,0.0,1,True,1.0,1.0
0.05,0.0,1,True,1.0,1.0
0.05,0.0,1,True,1.0,1.0
0.05,0.0,1,True,1.0,1.0
0.05,0.0,1,True,1.0,1.0
0.05,0.0,1,True,1.0,1.0
0.05,0.0,1,True,1.0,1.0
0.05,0.0,1,True,1.0,1.0
0.05,0.0,1,True,1.0,1.0
0.05,0.0,1,True,1.0,1.0
0.05,0.0,1,True,1.0,1.0
0.05,0.0,1,True,1.0,1.0
0.05,0.0,1,True,1.0,1.0
0.05,5.0,2,True,1.0,1.0
0.05,5.0,2,True,1.0,1.0
0.05,5.0,2,True,1.0,1.0
0.05,5.0,2,True,1.0,1.0
0.05,5.0,2,True,1.0,1.0
0.05,5.0,2,True,1.0,1.0
0.05,5.0,2,True,1.0,1.0
0.05,5.0,2,True,1.0,1.0
0.05,5.0,2,True,1.0,1.0
0.05,5.0,2,True,1.0,1.0
0.05,5.0,2,True,1.0,1.0
0.05,5.0,2,True,1.0,1.0
0.05,5.0,2,True,1.0,1.0
0.05,5.0,2,True,1.0,1.0
0.05,5.0,2,True,1.0,1.0
0.05,5.0,2,True,1.0,1.0
0.05,5.0,2,True,1.0,1.0
0.05,5.0,2,True,1.0,1.0
0.05,5.0,2,True,1.0,1.0
0.05,5.0,2,True,1.0,1.0
0.05,5.0,2,True,1.0,1.0
0.05,5.0,2,True,1.0,1.0
0.05,5.0,2,True,1.0,1.0
0.05,5.0,2,True,1.0,1.0
0.05,5.0,2,True,1.0,1.0
0.05,5.0,2,True,1.0,1.0
0.05,5.0,2,True,1.0,1.0
0.05,5.0,2,True,1.0,1.0
0.05,5.0,2,True,1.0,1.0
0.05,5.0,2,True,1.0,1.0
0.05,5.0,2,True,1.0,1.0
0.05,5.0,2,True,1.0,1.0
0.05,5.0,2,True,1.0,1.0
0.05,5.0,2,True,1.0,1.0
0.05,5.0,2,True,1.0,1.0
0.05,5.0,2,True,1.0,1.0
0.05,5.0,2,True,1.0,1.0
0.05,5.0,2,True,1.0,1.0
0.05,5.0,2,True,1.0,1.0
0.05,5.0,2,True,1.0,1.0
0.05,5.0,2,True,1.0,1.0
0.05,5.0,2,True,1.0,1.0
0.05,5.0,2,True,1.0,1.0
0.05,5.0,2,True,1.0,1.0
0.05,5.0,2,True,1.0,1.0
0.05,5.0,2,True,1.0,1.0
0.05,5.0,2,True,1.0,1.0
0.05,5.0,2,True,1.0,1.0
0.05,5.0,2,True,1.0,1.0
0.05,5.0,2,True,1.0,1.0
0.05,10.0,2,True,1.0,1.0
0.05,10.0,2,True,1.0,1.0
0.05,10.0,2,True,1.0,1.0
0.05,10.0,2,True,1.0,1.0
0.05,10.0,2,True,1.0,1.0
0.05,10.0,2,True,1.0,1.0
0.05,10.0,2,True,1.0,1.0
0.05,10.0,2,True,1.0,1.0
0.05,10.0,2,True,1.0,1.0
0.05,10.0,2,True,1.0,1.0
0.05,10.0,2,True,1.0,1.0
0.05,10.0,2,True,1.0,1.0
0.05,10.0,2,True,1.0,1.0
0.05,10.0,2,True,1.0,1.0
0.05,10.0,2,True,1.0,1.0
0.05,10.0,2,True,1.0,1.0
0.05,10.0,2,True,1.0,1.0
0.05,10.0,2,True,1.0,1.0
0.05,10.0,2,True,1.0,1.0
0.05,10.0,2,True,1.0,1.0
0.05,10.0,2,True,1.0,1.0
0.05,10.0,2,True,1.0,1.0
0.05,10.0,2,True,1.0,1.0
0.05,10.0,2,True,1.0,1.0
0.05,10.0,2,True,1.0,1.0
0.05,10.0,2,True,1.0,1.0
0.05,10.0,2,True,1.0,1.0
0.05,10.0,2,True,1.0,1.0
0.05,10.0,2,True,1.0,1.0
0.05,10.0,2,True,1.0,1.0
0.05,10.0,2,True,1.0,1.0
0.05,10.0,2,True,1.0,1.0
0.05,10.0,2,True,1.0,1.0
0.05,10.0,2,True,1.0,1.0
0.05,10.0,2,True,1.0,1.0
0.05,10.0,2,True,1.0,1.0
0.05,10.0,2,True,1.0,1.0
0.05,10.0,2,True,1.0,1.0
0.05,10.0,2,True,1.0,1.0
0.05,10.0,2,True,1.0,1.0
0.05,10.0,2,True,1.0,1.0
0.05,10.0,2,True,1.0,1.0
0.05,10.0,2,True,1.0,1.0
0.05,10.0,2,True,1.0,1.0
0.05,10.0,2,True,1.0,1.0
0.05,10.0,2,True,1.0,1.0
0.05,10.0,2,True,1.0,1.0
0.05,10.0,2,True,1.0,1.0
0.05,10.0,2,True,1.0,1.0
0.05,10.0,2,True,1.0,1.0
0.05,15.0,2,True,1.0,1.0
0.05,15.0,2,True,1.0,1.0
0.05,15.0,2,True,1.0,1.0
0.05,15.0,2,True,1.0,1.0
0.05,15.0,2,True,1.0,1.0
0.05,15.0,2,True,1.0,1.0
0.05,15.0,2,True,1.0,1.0
0.05,15.0,2,True,1.0,1.0
0.05,15.0,2,True,1.0,1.0
0.05,15.0,2,True,1.0,1.0
0.05,15.0,2,True,1.0,1.0
0.05,15.0,2,True,1.0,1.0
0.05,15.0,2,True,1.0,1.0
0.05,15.0,2,True,1.0,1.0
0.05,15.0,2,True,1.0,1.0
0.05,15.0,2,True,1.0,1.0
0.05,15.0,2,True,1.0,1.0
0.05,15.0,2,True,1.0,1.0
0.05,15.0,2,True,1.0,1.0
0.05,15.0,2,True,1.0,1.0
0.05,15.0,2,True,1.0,1.0
0.05,15.0,2,True,1.0,1.0
0.05,15.0,2,True,1.0,1.0
0.05,15.0,2,True,1.0,1.0
0.05,15.0,2,True,1.0,1.0
0.05,15.0,2,True,1.0,1.0
0.05,15.0,2,True,1.0,1.0
0.05,15.0,2,True,1.0,1.0
0.05,15.0,2,True,1.0,1.0
0.05,15.0,2,True,1.0,1.0
0.05,15.0,2,True,1.0,1.0
0.05,15.0,2,True,1.0,1.0
0.05,15.0,2,True,1.0,1.0
0.05,15.0,2,True,1.0,1.0
0.05,15.0,2,True,1.0,1.0
0.05,15.0,2,True,1.0,1.0
0.05,15.0,2,True,1.0,1.0
0.05,15.0,2,True,1.0,1.0
0.05,15.0,2,True,1.0,1.0
0.05,15.0,2,True,1.0,1.0
0.05,15.0,2,True,1.0,1.0
0.05,15.0,2,True,1.0,1.0
0.05,15.0,2,True,1.0,1.0
0.05,15.0,2,True,1.0,1.0
0.05,15.0,2,True,1.0,1.0
0.05,15.0,2,True,1.0,1.0
0.05,15.0,2,True,1.0,1.0
0.05,15.0,2,True,1.0,1.0
0.05,15.0,2,True,1.0,1.0
0.05,15.0,2,True,1.0,1.0
0.05,20.0,2,True,1.0,1.0
0.05,20.0,2,True,1.0,1.0
0.05,20.0,2,True,1.0,1.0
0.05,20.0,2,True,1.0,1.0
0.05,20.0,2,True,1.0,1.0
0.05,20.0,2,True,1.0,1.0
0.05,20.0,2,True,1.0,1.0
0.05,20.0,2,True,1.0,1.0
0.05,20.0,2,True,1.0,1.0
0.05,20.0,2,True,1.0,1.0
0.05,20.0,2,True,1.0,1.0
0.05,20.0,2,True,1.0,1.0
0.05,20.0,2,True,1.0,1.0
0.05,20.0,2,True,1.0,1.0
0.05,20.0,2,True,1.0,1.0
0.05,20.0,2,True,1.0,1.0
0.05,20.0,2,True,1.0,1.0
0.05,20.0,2,True,1.0,1.0
0.05,20.0,2,True,1.0,1.0
0.05,20.0,2,True,1.0,1.0
0.05,20.0,2,True,1.0,1.0
0.05,20.0,2,True,1.0,1.0
0.05,20.0,2,True,1.0,1.0
0.05,20.0,2,True,1.0,1.0
0.05,20.0,2,True,1.0,1.0
0.05,20.0,2,True,1.0,1.0
0.05,20.0,2,True,1.0,1.0
0.05,20.0,2,True,1.0,1.0
0.05,20.0,2,True,1.0,1.0
0.05,20.0,2,True,1.0,1.0
0.05,20.0,2,True,1.0,1.0
0.05,20.0,2,True,1.0,1.0
0.05,20.0,2,True,1.0,1.0
0.05,20.0,2,True,1.0,1.0
0.05,20.0,2,True,1.0,1.0
0.05,20.0,2,True,1.0,1.0
0.05,20.0,2,True,1.0,1.0
0.05,20.0,2,True,1.0,1.0
0.05,20.0,2,True,1.0,1.0
0.05,20.0,2,True,1.0,1.0
0.05,20.0,2,True,1.0,1.0
0.05,20.0,2,True,1.0,1.0
0.05,20.0,2,True,1.0,1.0
0.05,20.0,2,True,1.0,1.0
0.05,20.0,2,True,1.0,1.0
0.05,20.0,2,True,1.0,1.0
0.05,20.0,2,True,1.0,1.0
0.05,20.0,2,True,1.0,1.0
0.05,20.0,2,True,1.0,1.0
0.05,20.0,2,True,1.0,1.0
0.05,25.0,2,True,1.0,1.0
0.05,25.0,2,True,1.0,1.0
0.05,25.0,2,True,1.0,1.0
0.05,25.0,2,True,1.0,1.0
0.05,25.0,2,True,1.0,1.0
0.05,25.0,2,True,1.0,1.0
0.05,25.0,2,True,1.0,1.0
0.05,25.0,2,True,1.0,1.0
0.05,25.0,2,True,1.0,1.0
0.05,25.0,2,True,1.0,1.0
0.05,25.0,2,True,1.0,1.0
0.05,25.0,2,True,1.0,1.0
0.05,25.0,2,True,1.0,1.0
0.05,25.0,2,True,1.0,1.0
0.05,25.0,2,True,1.0,1.0
0.05,25.0,2,True,1.0,1.0
0.05,25.0,2,True,1.0,1.0
0.05,25.0,2,True,1.0,1.0
0.05,25.0,2,True,1.0,1.0
0.05,25.0,2,True,1.0,1.0
0.05,25.0,2,True,1.0,1.0
0.05,25.0,2,True,1.0,1.0
0.05,25.0,2,True,1.0,1.0
0.05,25.0,2,True,1.0,1.0
0.05,25.0,2,True,1.0,1.0
0.05,25.0,2,True,1.0,1.0
0.05,25.0,2,True,1.0,1.0
0.05,25.0,2,True,1.0,1.0
0.05,25.0,2,True,1.0,1.0
0.05,25.0,2,True,1.0,1.0
0.05,25.0,2,True,1.0,1.0
0.05,25.0,2,True,1.0,1.0
0.05,25.0,2,True,1.0,1.0
0.05,25.0,2,True,1.0,1.0
0.05,25.0,2,True,1.0,1.0
0.05,25.0,2,True,1.0,1.0
0.05,25.0,2,True,1.0,1.0
0.05,25.0,2,True,1.0,1.0
0.05,25.0,2,True,1.0,1.0
0.05,25.0,2,True,1.0,1.0
0.05,25.0,2,True,1.0,1.0
0.05,25.0,2,True,1.0,1.0
0.05,25.0,2,True,1.0,1.0
0.05,25.0,2,True,1.0,1.0
0.05,25.0,2,True,1.0,1.0
0.05,25.0,2,True,1.0,1.0
0.05,25.0,2,True,1.0,1.0
0.05,25.0,2,True,1.0,1.0
0.05,25.0,2,True,1.0,1.0
0.05,25.0,2,True,1.0,1.0
0.05,30.0,2,True,1.0,1.0
0.05,30.0,2,True,1.0,1.0
0.05,30.0,2,True,1.0,1.0
0.05,30.0,2,True,1.0,1.0
0.05,30.0,2,True,1.0,1.0
0.05,30.0,2,True,1.0,1.0
0.05,30.0,2,True,1.0,1.0
0.05,30.0,2,True,1.0,1.0
0.05,30.0,2,True,1.0,1.0
0.05,30.0,2,True,1.0,1.0
0.05,30.0,2,True,1.0,1.0
0.05,30.0,2,True,1.0,1.0
0.05,30.0,2,True,1.0,1.0
0.05,30.0,2,True,1.0,1.0
0.05,30.0,2,True,1.0,1.0
0.05,30.0,2,True,1.0,1.0
0.05,30.0,2,True,1.0,1.0
0.05,30.0,2,True,1.0,1.0
0.05,30.0,2,True,1.0,1.0
0.05,30.0,2,True,1.0,1.0
0.05,30.0,2,True,1.0,1.0
0.05,30.0,2,True,1.0,1.0
0.05,30.0,2,True,1.0,1.0
0.05,30.0,2,True,1.0,1.0
0.05,30.0,2,True,1.0,1.0
0.05,30.0,2,True,1.0,1.0
0.05,30.0,2,True,1.0,1.0
0.05,30.0,2,True,1.0,1.0
0.05,30.0,2,True,1.0,1.0
0.05,30.0,2,True,1.0,1.0
0.05,30.0,2,True,1.0,1.0
0.05,30.0,2,True,1.0,1.0
0.05,30.0,2,True,1.0,1.0
0.05,30.0,2,True,1.0,1.0
0.05,30.0,2,True,1.0,1.0
0.05,30.0,2,True,1.0,1.0
0.05,30.0,2,True,1.0,1.0
0.05,30.0,2,True,1.0,1.0
0.05,30.0,2,True,1.0,1.0
0.05,30.0,2,True,1.0,1.0
0.05,30.0,2,True,1.0,1.0
0.05,30.0,2,True,1.0,1.0
0.05,30.0,2,True,1.0,1.0
0.05,30.0,2,True,1.0,1.0
0.05,30.0,2,True,1.0,1.0
0.05,30.0,2,True,1.0,1.0
0.05,30.0,2,True,1.0,1.0
0.05,30.0,2,True,1.0,1.0
0.05,30.0,2,True,1.0,1.0
0.05,30.0,2,True,1.0,1.0
0.05,35.0,2,True,1.0,1.0
0.05,35.0,2,True,1.0,1.0
0.05,35.0,2,True,1.0,1.0
0.05,35.0,2,True,1.0,1.0
0.05,35.0,2,True,1.0,1.0
0.05,35.0,2,True,1.0,1.0
0.05,35.0,2,True,1.0,1.0
0.05,35.0,2,True,1.0,1.0
0.05,35.0,2,True,1.0,1.0
0.05,35.0,2,True,1.0,1.0
0.05,35.0,2,True,1.0,1.0
0.05,35.0,2,True,1.0,1.0
0.05,35.0,2,True,1.0,1.0
0.05,35.0,2,True,1.0,1.0
0.05,35.0,2,True,1.0,1.0
0.05,35.0,2,True,1.0,1.0
0.05,35.0,2,True,1.0,1.0
0.05,35.0,2,True,1.0,1.0
0.05,35.0,2,True,1.0,1.0
0.05,35.0,2,True,1.0,1.0
0.05,35.0,2,True,1.0,1.0
0.05,35.0,2,True,1.0,1.0
0.05,35.0,2,True,1.0,1.0
0.05,35.0,2,True,1.0,1.0
0.05,35.0,2,True,1.0,1.0
0.05,35.0,2,True,1.0,1.0
0.05,35.0,2,True,1.0,1.0
0.05,35.0,2,True,1.0,1.0
0.05,35.0,2,True,1.0,1.0
0.05,35.0,2,True,1.0,1.0
0.05,35.0,2,True,1.0,1.0
0.05,35.0,2,True,1.0,1.0
0.05,35.0,2,True,1.0,1.0
0.05,35.0,2,True,1.0,1.0
0.05,35.0,2,True,1.0,1.0
0.05,35.0,2,True,1.0,1.0
0.05,35.0,2,True,1.0,1.0
0.05,35.0,2,True,1.0,1.0
0.05,35.0,2,True,1.0,1.0
0.05,35.0,2,True,1.0,1.0
0.05,35.0,2,True,1.0,1.0
0.05,35.0,2,True,1.0,1.0
0.05,35.0,2,True,1.0,1.0
0.05,35.0,2,True,1.0,1.0
0.05,35.0,2,True,1.0,1.0
0.05,35.0,2,True,1.0,1.0
0.05,35.0,2,True,1.0,1.0
0.05,35.0,2,True,1.0,1.0
0.05,35.0,2,True,1.0,1.0
0.05,35.0,2,True,1.0,1.0
0.05,40.0,2,True,1.0,1.0
0.05,40.0,3,True,0.2839506172839506,1.0
0.05,40.0,2,True,1.0,1.0
0.05,40.0,3,True,0.2716049382716049,1.0
0.05,40.0,2,True,1.0,1.0
0.05,40.0,3,True,0.20987654320987653,1.0
0.05,40.0,2,True,1.0,1.0
0.05,40.0,5,True,0.12345679012345678,0.08641975308641975
0.05,40.0,3,True,0.18518518518518517,1.0
0.05,40.0,2,True,1.0,1.0
0.05,40.0,3,True,0.2839506172839506,1.0
0.05,40.0,6,True,0.18518518518518517,0.12345679012345678
0.05,40.0,3,True,0.9259259259259259,1.0
0.05,40.0,2,True,1.0,1.0
0.05,40.0,6,True,0.20987654320987653,0.06172839506172839
0.05,40.0,6,True,0.1111111111111111,0.20987654320987653
0.05,40.0,3,True,0.8518518518518519,1.0
0.05,40.0,3,True,0.6790123456790124,1.0
0.05,40.0,7,True,0.19753086419753085,0.09876543209876543
0.05,40.0,5,True,0.20987654320987653,0.07407407407407407
0.05,40.0,9,True,0.18518518518518517,0.16049382716049382
0.05,40.0,3,True,0.1728395061728395,1.0
0.05,40.0,3,True,0.6049382716049383,1.0
0.05,40.0,3,True,0.8518518518518519,1.0
0.05,40.0,9,True,0.09876543209876543,0.1111111111111111
0.05,40.0,3,True,0.9382716049382716,1.0
0.05,40.0,8,True,0.13580246913580246,0.20987654320987653
0.05,40.0,6,True,0.12345679012345678,0.09876543209876543
0.05,40.0,3,True,0.345679012345679,1.0
0.05,40.0,16,True,0.1728395061728395,0.1111111111111111
0.05,40.0,3,True,0.25925925925925924,1.0
0.05,40.0,4,True,0.1728395061728395,0.09876543209876543
0.05,40.0,3,True,0.9876543209876543,1.0
0.05,40.0,3,True,0.1728395061728395,1.0
0.05,40.0,3,True,0.8765432098765432,1.0
0.05,40.0,10,True,0.16049382716049382,0.04938271604938271
0.05,40.0,2,True,1.0,1.0
0.05,40.0,15,True,0.13580246913580246,0.12345679012345678
0.05,40.0,3,True,0.9382716049382716,1.0
0.05,40.0,2,True,1.0,1.0
0.05,40.0,10,True,0.14814814814814814,0.13580246913580246
0.05,40.0,2,True,1.0,1.0
0.05,40.0,3,True,0.4074074074074074,1.0
0.05,40.0,3,True,0.19753086419753085,1.0
0.05,40.0,13,True,0.19753086419753085,0.09876543209876543
0.05,40.0,6,True,0.08641975308641975,0.08641975308641975
0.05,40.0,3,True,0.4074074074074074,1.0
0.05,40.0,3,True,0.1728395061728395,1.0
0.05,40.0,3,True,0.38271604938271603,1.0
0.05,40.0,20,False,0.14814814814814814,0.13580246913580246
0.05,45.0,6,True,0.14814814814814814,0.13580246913580246
0.05,45.0,7,True,0.09876543209876543,0.12345679012345678
0.05,45.0,6,True,0.13580246913580246,0.09876543209876543
0.05,45.0,4,True,0.09876543209876543,0.08641975308641975
0.05,45.0,4,True,0.12345679012345678,0.14814814814814814
0.05,45.0,4,True,0.12345679012345678,0.08641975308641975
0.05,45.0,7,True,0.09876543209876543,0.07407407407407407
0.05,45.0,5,True,0.09876543209876543,0.1111111111111111
0.05,45.0,10,True,0.13580246913580246,0.07407407407407407
0.05,45.0,3,True,0.12345679012345678,0.12345679012345678
0.05,45.0,20,True,0.12345679012345678,0.12345679012345678
0.05,45.0,6,True,0.08641975308641975,0.09876543209876543
0.05,45.0,7,True,0.12345679012345678,0.13580246913580246
0.05,45.0,15,True,0.08641975308641975,0.07407407407407407
0.05,45.0,4,True,0.12345679012345678,0.08641975308641975
0.05,45.0,10,True,0.13580246913580246,0.1111111111111111
0.05,45.0,20,False,0.08641975308641975,0.08641975308641975
0.05,45.0,3,True,0.08641975308641975,0.08641975308641975
0.05,45.0,14,True,0.09876543209876543,0.1728395061728395
0.05,45.0,6,True,0.07407407407407407,0.13580246913580246
0.05,45.0,7,True,0.09876543209876543,0.1111111111111111
0.05,45.0,5,True,0.04938271604938271,0.13580246913580246
0.05,45.0,14,True,0.09876543209876543,0.09876543209876543
0.05,45.0,16,True,0.13580246913580246,0.19753086419753085
0.05,45.0,5,True,0.08641975308641975,0.13580246913580246
0.05,45.0,6,True,0.1111111111111111,0.09876543209876543
0.05,45.0,6,True,0.07407407407407407,0.12345679012345678
0.05,45.0,5,True,0.1111111111111111,0.12345679012345678
0.05,45.0,6,True,0.12345679012345678,0.16049382716049382
0.05,45.0,4,True,0.1111111111111111,1.0
0.05,45.0,7,True,0.16049382716049382,0.12345679012345678
0.05,45.0,18,True,0.13580246913580246,0.06172839506172839
0.05,45.0,8,True,0.14814814814814814,0.07407407407407407
0.05,45.0,20,False,0.13580246913580246,0.14814814814814814
0.05,45.0,18,True,0.13580246913580246,0.08641975308641975
0.05,45.0,20,False,0.16049382716049382,0.09876543209876543
0.05,45.0,18,True,0.14814814814814814,0.07407407407407407
0.05,45.0,17,True,0.08641975308641975,0.07407407407407407
0.05,45.0,5,True,0.1111111111111111,0.08641975308641975
0.05,45.0,4,True,0.04938271604938271,0.09876543209876543
0.05,45.0,7,True,0.09876543209876543,0.06172839506172839
0.05,45.0,17,True,0.08641975308641975,0.13580246913580246
0.05,45.0,9,True,0.1111111111111111,0.16049382716049382
0.05,45.0,6,True,0.12345679012345678,0.09876543209876543
0.05,45.0,16,True,0.07407407407407407,0.14814814814814814
0.05,45.0,5,True,0.08641975308641975,0.12345679012345678
0.05,45.0,3,True,0.2345679012345679,0.14814814814814814
0.05,45.0,15,True,0.1728395061728395,0.09876543209876543
0.05,45.0,3,True,0.08641975308641975,0.12345679012345678
0.05,45.0,6,True,0.06172839506172839,0.08641975308641975
0.05,50.0,6,True,0.12345679012345678,0.13580246913580246
0.05,50.0,12,True,0.20987654320987653,0.1111111111111111
0.05,50.0,5,True,0.12345679012345678,0.09876543209876543
0.05,50.0,6,True,0.08641975308641975,0.14814814814814814
0.05,50.0,5,True,0.06172839506172839,0.09876543209876543
0.05,50.0,10,True,0.12345679012345678,0.07407407407407407
0.05,50.0,9,True,0.1111111111111111,0.1111111111111111
0.05,50.0,6,True,0.12345679012345678,0.13580246913580246
0.05,50.0,6,True,0.09876543209876543,0.14814814814814814
0.05,50.0,10,True,0.12345679012345678,0.1728395061728395
0.05,50.0,5,True,0.14814814814814814,0.12345679012345678
0.05,50.0,20,False,0.07407407407407407,0.09876543209876543
0.05,50.0,11,True,0.12345679012345678,0.13580246913580246
0.05,50.0,14,True,0.14814814814814814,0.2222222222222222
0.05,50.0,3,True,0.09876543209876543,0.16049382716049382
0.05,50.0,4,True,0.1728395061728395,0.09876543209876543
0.05,50.0,9,True,0.1111111111111111,0.09876543209876543
0.05,50.0,4,True,0.07407407407407407,0.1111111111111111
0.05,50.0,6,True,0.14814814814814814,0.1111111111111111
0.05,50.0,4,True,0.09876543209876543,0.16049382716049382
0.05,50.0,6,True,0.13580246913580246,0.09876543209876543
0.05,50.0,9,True,0.1111111111111111,0.09876543209876543
0.05,50.0,5,True,0.16049382716049382,0.14814814814814814
0.05,50.0,8,True,0.09876543209876543,0.19753086419753085
0.05,50.0,12,True,0.12345679012345678,0.16049382716049382
0.05,50.0,5,True,0.09876543209876543,0.1728395061728395
0.05,50.0,6,True,0.12345679012345678,0.13580246913580246
0.05,50.0,3,True,0.07407407407407407,0.06172839506172839
0.05,50.0,6,True,0.1111111111111111,0.12345679012345678
0.05,50.0,9,True,0.12345679012345678,0.08641975308641975
0.05,50.0,5,True,0.08641975308641975,0.07407407407407407
0.05,50.0,10,True,0.1111111111111111,0.1111111111111111
0.05,50.0,9,True,0.14814814814814814,0.12345679012345678
0.05,50.0,9,True,0.08641975308641975,0.08641975308641975
0.05,50.0,4,True,0.09876543209876543,0.037037037037037035
0.05,50.0,8,True,0.14814814814814814,0.1111111111111111
0.05,50.0,18,True,0.12345679012345678,0.08641975308641975
0.05,50.0,7,True,0.1111111111111111,0.1728395061728395
0.05,50.0,8,True,0.12345679012345678,0.1728395061728395
0.05,50.0,16,True,0.09876543209876543,0.08641975308641975
0.05,50.0,9,True,0.1111111111111111,0.12345679012345678
0.05,50.0,6,True,0.08641975308641975,0.16049382716049382
0.05,50.0,11,True,0.07407407407407407,0.09876543209876543
0.05,50.0,3,True,0.09876543209876543,0.09876543209876543
0.05,50.0,20,True,0.1111111111111111,0.12345679012345678
0.05,50.0,7,True,0.1111111111111111,0.13580246913580246
0.05,50.0,6,True,0.08641975308641975,0.12345679012345678
0.05,50.0,16,True,0.12345679012345678,0.07407407407407407
0.05,50.0,13,True,0.13580246913580246,0.2222222222222222
0.05,50.0,8,True,0.09876543209876543,0.18518518518518517
0.05,55.00000000000001,5,True,0.07407407407407407,0.14814814814814814
0.05,55.00000000000001,18,True,0.16049382716049382,0.12345679012345678
0.05,55.00000000000001,19,True,0.13580246913580246,0.037037037037037035
0.05,55.00000000000001,7,True,0.06172839506172839,0.09876543209876543
0.05,55.00000000000001,5,True,0.09876543209876543,0.13580246913580246
0.05,55.00000000000001,13,True,0.13580246913580246,0.12345679012345678
0.05,55.00000000000001,15,True,0.16049382716049382,0.04938271604938271
0.05,55.00000000000001,6,True,0.04938271604938271,0.024691358024691357
0.05,55.00000000000001,5,True,0.14814814814814814,0.1111111111111111
0.05,55.00000000000001,5,True,0.12345679012345678,0.06172839506172839
0.05,55.00000000000001,19,True,0.07407407407407407,0.08641975308641975
0.05,55.00000000000001,4,True,0.1111111111111111,0.12345679012345678
0.05,55.00000000000001,6,True,0.13580246913580246,0.08641975308641975
0.05,55.00000000000001,5,True,0.12345679012345678,0.06172839506172839
0.05,55.00000000000001,4,True,0.12345679012345678,0.024691358024691357
0.05,55.00000000000001,9,True,0.09876543209876543,0.08641975308641975
0.05,55.00000000000001,17,True,0.06172839506172839,0.13580246913580246
0.05,55.00000000000001,11,True,0.14814814814814814,0.08641975308641975
0.05,55.00000000000001,8,True,0.1111111111111111,0.14814814814814814
0.05,55.00000000000001,4,True,0.1111111111111111,0.1111111111111111
0.05,55.00000000000001,10,True,0.1111111111111111,0.037037037037037035
0.05,55.00000000000001,6,True,0.13580246913580246,0.12345679012345678
0.05,55.00000000000001,4,True,0.12345679012345678,0.06172839506172839
0.05,55.00000000000001,6,True,0.13580246913580246,0.08641975308641975
0.05,55.00000000000001,3,True,0.1111111111111111,0.08641975308641975
0.05,55.00000000000001,8,True,0.1111111111111111,0.09876543209876543
0.05,55.00000000000001,4,True,0.09876543209876543,0.07407407407407407
0.05,55.00000000000001,4,True,0.12345679012345678,0.12345679012345678
0.05,55.00000000000001,15,True,0.13580246913580246,0.16049382716049382
0.05,55.00000000000001,12,True,0.04938271604938271,0.09876543209876543
0.05,55.00000000000001,3,True,0.08641975308641975,0.18518518518518517
0.05,55.00000000000001,6,True,0.13580246913580246,0.12345679012345678
0.05,55.00000000000001,3,True,0.07407407407407407,0.07407407407407407
0.05,55.00000000000001,20,False,0.08641975308641975,0.12345679012345678
0.05,55.00000000000001,5,True,0.08641975308641975,0.16049382716049382
0.05,55.00000000000001,8,True,0.14814814814814814,0.06172839506172839
0.05,55.00000000000001,7,True,0.12345679012345678,0.16049382716049382
0.05,55.00000000000001,4,True,0.07407407407407407,0.07407407407407407
0.05,55.00000000000001,6,True,0.1111111111111111,0.037037037037037035
0.05,55.00000000000001,7,True,0.09876543209876543,0.1111111111111111
0.05,55.00000000000001,20,False,0.08641975308641975,0.04938271604938271
0.05,55.00000000000001,5,True,0.13580246913580246,0.12345679012345678
0.05,55.00000000000001,14,True,0.06172839506172839,0.12345679012345678
0.05,55.00000000000001,19,True,0.12345679012345678,0.04938271604938271
0.05,55.00000000000001,11,True,0.14814814814814814,0.16049382716049382
0.05,55.00000000000001,4,True,0.07407407407407407,0.04938271604938271
0.05,55.00000000000001,5,True,0.09876543209876543,0.04938271604938271
0.05,55.00000000000001,20,False,0.1111111111111111,0.09876543209876543
0.05,55.00000000000001,5,True,0.1111111111111111,0.09876543209876543
0.05,55.00000000000001,5,True,0.08641975308641975,0.1728395061728395
0.05,60.0,5,True,0.14814814814814814,0.14814814814814814
0.05,60.0,20,False,0.1111111111111111,0.09876543209876543
0.05,60.0,8,True,0.07407407407407407,0.06172839506172839
0.05,60.0,6,True,0.09876543209876543,0.06172839506172839
0.05,60.0,9,True,0.12345679012345678,0.06172839506172839
0.05,60.0,20,False,0.1111111111111111,0.12345679012345678
0.05,60.0,7,True,0.04938271604938271,0.13580246913580246
0.05,60.0,3,True,0.1111111111111111,0.06172839506172839
0.05,60.0,6,True,0.16049382716049382,0.18518518518518517
0.05,60.0,17,True,0.09876543209876543,0.08641975308641975
0.05,60.0,11,True,0.06172839506172839,0.07407407407407407
0.05,60.0,6,True,0.1728395061728395,0.20987654320987653
0.05,60.0,4,True,0.12345679012345678,0.19753086419753085
0.05,60.0,7,True,0.06172839506172839,0.14814814814814814
0.05,60.0,7,True,0.1111111111111111,0.08641975308641975
0.05,60.0,7,True,0.06172839506172839,0.07407407407407407
0.05,60.0,5,True,0.09876543209876543,0.13580246913580246
0.05,60.0,5,True,0.12345679012345678,0.19753086419753085
0.05,60.0,5,True,0.1111111111111111,0.1111111111111111
0.05,60.0,5,True,0.1111111111111111,0.1728395061728395
0.05,60.0,19,True,0.09876543209876543,0.08641975308641975
0.05,60.0,5,True,0.13580246913580246,0.09876543209876543
0.05,60.0,4,True,0.1111111111111111,0.06172839506172839
0.05,60.0,4,True,0.09876543209876543,0.13580246913580246
0.05,60.0,7,True,0.13580246913580246,0.14814814814814814
0.05,60.0,8,True,0.09876543209876543,0.1111111111111111
0.05,60.0,5,True,0.12345679012345678,0.07407407407407407
0.05,60.0,16,True,0.13580246913580246,0.1111111111111111
0.05,60.0,3,True,0.13580246913580246,0.19753086419753085
0.05,60.0,4,True,0.13580246913580246,0.19753086419753085
0.05,60.0,20,False,0.09876543209876543,0.12345679012345678
0.05,60.0,4,True,0.1111111111111111,0.09876543209876543
0.05,60.0,20,False,0.13580246913580246,0.06172839506172839
0.05,60.0,3,True,0.12345679012345678,0.1728395061728395
0.05,60.0,19,True,0.1111111111111111,0.04938271604938271
0.05,60.0,3,True,0.16049382716049382,0.1111111111111111
0.05,60.0,19,True,0.1111111111111111,0.08641975308641975
0.05,60.0,5,True,0.09876543209876543,0.06172839506172839
0.05,60.0,16,True,0.13580246913580246,0.07407407407407407
0.05,60.0,8,True,0.09876543209876543,0.16049382716049382
0.05,60.0,6,True,0.13580246913580246,0.07407407407407407
0.05,60.0,8,True,0.06172839506172839,0.16049382716049382
0.05,60.0,18,True,0.12345679012345678,0.037037037037037035
0.05,60.0,4,True,0.13580246913580246,0.1111111111111111
0.05,60.0,10,True,0.13580246913580246,0.09876543209876543
0.05,60.0,9,True,0.09876543209876543,0.08641975308641975
0.05,60.0,13,True,0.14814814814814814,0.08641975308641975
0.05,60.0,8,True,0.08641975308641975,0.1111111111111111
0.05,60.0,7,True,0.1111111111111111,0.06172839506172839
0.05,60.0,10,True,0.12345679012345678,0.18518518518518517
0.05,70.0,5,True,0.16049382716049382,0.12345679012345678
0.05,70.0,11,True,0.07407407407407407,0.07407407407407407
0.05,70.0,5,True,0.1111111111111111,0.08641975308641975
0.05,70.0,20,True,0.08641975308641975,0.12345679012345678
0.05,70.0,4,True,0.14814814814814814,0.19753086419753085
0.05,70.0,8,True,0.16049382716049382,0.18518518518518517
0.05,70.0,7,True,0.16049382716049382,0.08641975308641975
0.05,70.0,6,True,0.1111111111111111,0.08641975308641975
0.05,70.0,10,True,0.09876543209876543,0.13580246913580246
0.05,70.0,9,True,0.19753086419753085,0.04938271604938271
0.05,70.0,7,True,0.09876543209876543,0.19753086419753085
0.05,70.0,13,True,0.07407407407407407,0.16049382716049382
0.05,70.0,5,True,0.13580246913580246,0.12345679012345678
0.05,70.0,14,True,0.12345679012345678,0.13580246913580246
0.05,70.0,10,True,0.14814814814814814,0.08641975308641975
0.05,70.0,12,True,0.09876543209876543,0.04938271604938271
0.05,70.0,15,True,0.09876543209876543,0.04938271604938271
0.05,70.0,11,True,0.13580246913580246,0.12345679012345678
0.05,70.0,20,False,0.1111111111111111,0.12345679012345678
0.05,70.0,6,True,0.1728395061728395,0.1728395061728395
0.05,70.0,4,True,0.037037037037037035,0.12345679012345678
0.05,70.0,11,True,0.12345679012345678,0.037037037037037035
0.05,70.0,4,True,0.12345679012345678,0.14814814814814814
0.05,70.0,18,True,0.07407407407407407,0.09876543209876543
0.05,70.0,18,True,0.07407407407407407,0.12345679012345678
0.05,70.0,4,True,0.14814814814814814,0.04938271604938271
0.05,70.0,5,True,0.13580246913580246,0.09876543209876543
0.05,70.0,6,True,0.08641975308641975,0.07407407407407407
0.05,70.0,5,True,0.13580246913580246,0.13580246913580246
0.05,70.0,19,True,0.14814814814814814,0.12345679012345678
0.05,70.0,8,True,0.08641975308641975,0.09876543209876543
0.05,70.0,6,True,0.06172839506172839,0.06172839506172839
0.05,70.0,6,True,0.14814814814814814,0.18518518518518517
0.05,70.0,3,True,0.06172839506172839,0.06172839506172839
0.05,70.0,5,True,0.08641975308641975,0.12345679012345678
0.05,70.0,20,False,0.1728395061728395,0.08641975308641975
0.05,70.0,14,True,0.07407407407407407,0.09876543209876543
0.05,70.0,6,True,0.14814814814814814,0.09876543209876543
0.05,70.0,3,True,0.1111111111111111,0.07407407407407407
0.05,70.0,20,False,0.09876543209876543,0.08641975308641975
0.05,70.0,17,True,0.08641975308641975,0.037037037037037035
0.05,70.0,7,True,0.09876543209876543,0.08641975308641975
0.05,70.0,4,True,0.1111111111111111,0.08641975308641975
0.05,70.0,5,True,0.07407407407407407,0.08641975308641975
0.05,70.0,15,True,0.14814814814814814,0.07407407407407407
0.05,70.0,6,True,0.09876543209876543,0.24691358024691357
0.05,70.0,6,True,0.09876543209876543,0.12345679012345678
0.05,70.0,20,False,0.13580246913580246,0.09876543209876543
0.05,70.0,3,True,0.07407407407407407,0.06172839506172839
0.05,70.0,10,True,0.13580246913580246,0.07407407407407407
0.05,80.0,20,False,0.08641975308641975,0.1111111111111111
0.05,80.0,20,True,0.07407407407407407,0.12345679012345678
0.05,80.0,3,True,0.12345679012345678,0.08641975308641975
0.05,80.0,18,True,0.08641975308641975,0.2222222222222222
0.05,80.0,20,True,0.1111111111111111,0.06172839506172839
0.05,80.0,8,True,0.1111111111111111,0.09876543209876543
0.05,80.0,4,True,0.1111111111111111,0.14814814814814814
0.05,80.0,6,True,0.1111111111111111,0.04938271604938271
0.05,80.0,5,True,0.13580246913580246,0.1111111111111111
0.05,80.0,7,True,0.08641975308641975,0.1728395061728395
0.05,80.0,13,True,0.14814814814814814,0.07407407407407407
0.05,80.0,8,True,0.09876543209876543,0.07407407407407407
0.05,80.0,9,True,0.09876543209876543,0.13580246913580246
0.05,80.0,4,True,0.08641975308641975,0.1111111111111111
0.05,80.0,8,True,0.13580246913580246,0.14814814814814814
0.05,80.0,20,True,0.12345679012345678,0.13580246913580246
0.05,80.0,20,False,0.16049382716049382,0.09876543209876543
0.05,80.0,7,True,0.08641975308641975,0.07407407407407407
0.05,80.0,13,True,0.08641975308641975,0.08641975308641975
0.05,80.0,9,True,0.09876543209876543,0.06172839506172839
0.05,80.0,12,True,0.08641975308641975,0.07407407407407407
0.05,80.0,20,False,0.14814814814814814,0.09876543209876543
0.05,80.0,6,True,0.04938271604938271,0.09876543209876543
0.05,80.0,3,True,0.13580246913580246,0.08641975308641975
0.05,80.0,6,True,0.09876543209876543,0.06172839506172839
0.05,80.0,4,True,0.09876543209876543,0.1111111111111111
0.05,80.0,15,True,0.12345679012345678,0.07407407407407407
0.05,80.0,3,True,0.1111111111111111,0.037037037037037035
0.05,80.0,4,True,0.13580246913580246,0.09876543209876543
0.05,80.0,6,True,0.07407407407407407,0.07407407407407407
0.05,80.0,10,True,0.12345679012345678,0.14814814814814814
0.05,80.0,7,True,0.09876543209876543,0.09876543209876543
0.05,80.0,20,False,0.14814814814814814,0.12345679012345678
0.05,80.0,14,True,0.14814814814814814,0.1111111111111111
0.05,80.0,18,True,0.07407407407407407,0.1111111111111111
0.05,80.0,5,True,0.09876543209876543,0.12345679012345678
0.05,80.0,7,True,0.09876543209876543,0.1728395061728395
0.05,80.0,9,True,0.09876543209876543,0.1728395061728395
0.05,80.0,9,True,0.1111111111111111,0.06172839506172839
0.05,80.0,6,True,0.1111111111111111,0.13580246913580246
0.05,80.0,13,True,0.12345679012345678,0.06172839506172839
0.05,80.0,13,True,0.024691358024691357,0.06172839506172839
0.05,80.0,14,True,0.09876543209876543,0.06172839506172839
0.05,80.0,4,True,0.12345679012345678,0.16049382716049382
0.05,80.0,4,True,0.16049382716049382,0.09876543209876543
0.05,80.0,20,False,0.1111111111111111,0.07407407407407407
0.05,80.0,9,True,0.12345679012345678,0.04938271604938271
0.05,80.0,6,True,0.12345679012345678,0.14814814814814814
0.05,80.0,4,True,0.1111111111111111,0.20987654320987653
0.05,80.0,8,True,0.1111111111111111,0.13580246913580246
0.1,0.0,1,True,1.0,1.0
0.1,0.0,1,True,1.0,1.0
0.1,0.0,1,True,1.0,1.0
0.1,0.0,1,True,1.0,1.0
0.1,0.0,1,True,1.0,1.0
0.1,0.0,1,True,1.0,1.0
0.1,0.0,1,True,1.0,1.0
0.1,0.0,1,True,1.0,1.0
0.1,0.0,1,True,1.0,1.0
0.1,0.0,1,True,1.0,1.0
0.1,0.0,1,True,1.0,1.0
0.1,0.0,1,True,1.0,1.0
0.1,0.0,1,True,1.0,1.0
0.1,0.0,1,True,1.0,1.0
0.1,0.0,1,True,1.0,1.0
0.1,0.0,1,True,1.0,1.0
0.1,0.0,1,True,1.0,1.0
0.1,0.0,1,True,1.0,1.0
0.1,0.0,1,True,1.0,1.0
0.1,0.0,1,True,1.0,1.0
0.1,0.0,1,True,1.0,1.0
0.1,0.0,1,True,1.0,1.0
0.1,0.0,1,True,1.0,1.0
0.1,0.0,1,True,1.0,1.0
0.1,0.0,1,True,1.0,1.0
0.1,0.0,1,True,1.0,1.0
0.1,0.0,1,True,1.0,1.0
0.1,0.0,1,True,1.0,1.0
0.1,0.0,1,True,1.0,1.0
0.1,0.0,1,True,1.0,1.0
0.1,0.0,1,True,1.0,1.0
0.1,0.0,1,True,1.0,1.0
0.1,0.0,1,True,1.0,1.0
0.1,0.0,1,True,1.0,1.0
0.1,0.0,1,True,1.0,1.0
0.1,0.0,1,True,1.0,1.0
0.1,0.0,1,True,1.0,1.0
0.1,0.0,1,True,1.0,1.0
0.1,0.0,1,True,1.0,1.0
0.1,0.0,1,True,1.0,1.0
0.1,0.0,1,True,1.0,1.0
0.1,0.0,1,True,1.0,1.0
0.1,0.0,1,True,1.0,1.0
0.1,0.0,1,True,1.0,1.0
0.1,0.0,1,True,1.0,1.0
0.1,0.0,1,True,1.0,1.0
0.1,0.0,1,True,1.0,1.0
0.1,0.0,1,True,1.0,1.0
0.1,0.0,1,True,1.0,1.0
0.1,0.0,1,True,1.0,1.0
0.1,5.0,2,True,1.0,1.0
0.1,5.0,2,True,1.0,1.0
0.1,5.0,2,True,1.0,1.0
0.1,5.0,2,True,1.0,1.0
0.1,5.0,2,True,1.0,1.0
0.1,5.0,2,True,1.0,1.0
0.1,5.0,2,True,1.0,1.0
0.1,5.0,2,True,1.0,1.0
0.1,5.0,2,True,1.0,1.0
0.1,5.0,2,True,1.0,1.0
0.1,5.0,2,True,1.0,1.0
0.1,5.0,2,True,1.0,1.0
0.1,5.0,2,True,1.0,1.0
0.1,5.0,2,True,1.0,1.0
0.1,5.0,2,True,1.0,1.0
0.1,5.0,2,True,1.0,1.0
0.1,5.0,2,True,1.0,1.0
0.1,5.0,2,True,1.0,1.0
0.1,5.0,2,True,1.0,1.0
0.1,5.0,2,True,1.0,1.0
0.1,5.0,2,True,1.0,1.0
0.1,5.0,2,True,1.0,1.0
0.1,5.0,2,True,1.0,1.0
0.1,5.0,2,True,1.0,1.0
0.1,5.0,2,True,1.0,1.0
0.1,5.0,2,True,1.0,1.0
0.1,5.0,2,True,1.0,1.0
0.1,5.0,2,True,1.0,1.0
0.1,5.0,2,True,1.0,1.0
0.1,5.0,2,True,1.0,1.0
0.1,5.0,2,True,1.0,1.0
0.1,5.0,2,True,1.0,1.0
0.1,5.0,2,True,1.0,1.0
0.1,5.0,2,True,1.0,1.0
0.1,5.0,2,True,1.0,1.0
0.1,5.0,2,True,1.0,1.0
0.1,5.0,2,True,1.0,1.0
0.1,5.0,2,True,1.0,1.0
0.1,5.0,2,True,1.0,1.0
0.1,5.0,2,True,1.0,1.0
0.1,5.0,2,True,1.0,1.0
0.1,5.0,2,True,1.0,1.0
0.1,5.0,2,True,1.0,1.0
0.1,5.0,2,True,1.0,1.0
0.1,5.0,2,True,1.0,1.0
0.1,5.0,2,True,1.0,1.0
0.1,5.0,2,True,1.0,1.0
0.1,5.0,2,True,1.0,1.0
0.1,5.0,2,True,1.0,1.0
0.1,5.0,2,True,1.0,1.0
0.1,10.0,2,True,1.0,1.0
0.1,10.0,2,True,1.0,1.0
0.1,10.0,2,True,1.0,1.0
0.1,10.0,2,True,1.0,1.0
0.1,10.0,2,True,1.0,1.0
0.1,10.0,2,True,1.0,1.0
0.1,10.0,2,True,1.0,1.0
0.1,10.0,2,True,1.0,1.0
0.1,10.0,2,True,1.0,1.0
0.1,10.0,2,True,1.0,1.0
0.1,10.0,2,True,1.0,1.0
0.1,10.0,2,True,1.0,1.0
0.1,10.0,2,True,1.0,1.0
0.1,10.0,2,True,1.0,1.0
0.1,10.0,2,True,1.0,1.0
0.1,10.0,2,True,1.0,1.0
0.1,10.0,2,True,1.0,1.0
0.1,10.0,2,True,1.0,1.0
0.1,10.0,2,True,1.0,1.0
0.1,10.0,2,True,1.0,1.0
0.1,10.0,2,True,1.0,1.0
0.1,10.0,2,True,1.0,1.0
0.1,10.0,2,True,1.0,1.0
0.1,10.0,2,True,1.0,1.0
0.1,10.0,2,True,1.0,1.0
0.1,10.0,2,True,1.0,1.0
0.1,10.0,2,True,1.0,1.0
0.1,10.0,2,True,1.0,1.0
0.1,10.0,2,True,1.0,1.0
0.1,10.0,2,True,1.0,1.0
0.1,10.0,2,True,1.0,1.0
0.1,10.0,2,True,1.0,1.0
0.1,10.0,2,True,1.0,1.0
0.1,10.0,2,True,1.0,1.0
0.1,10.0,2,True,1.0,1.0
0.1,10.0,2,True,1.0,1.0
0.1,10.0,2,True,1.0,1.0
0.1,10.0,2,True,1.0,1.0
0.1,10.0,2,True,1.0,1.0
0.1,10.0,2,True,1.0,1.0
0.1,10.0,2,True,1.0,1.0
0.1,10.0,2,True,1.0,1.0
0.1,10.0,2,True,1.0,1.0
0.1,10.0,2,True,1.0,1.0
0.1,10.0,2,True,1.0,1.0
0.1,10.0,2,True,1.0,1.0
0.1,10.0,2,True,1.0,1.0
0.1,10.0,2,True,1.0,1.0
0.1,10.0,2,True,1.0,1.0
0.1,10.0,2,True,1.0,1.0
0.1,15.0,2,True,1.0,1.0
0.1,15.0,2,True,1.0,1.0
0.1,15.0,2,True,1.0,1.0
0.1,15.0,2,True,1.0,1.0
0.1,15.0,2,True,1.0,1.0
0.1,15.0,2,True,1.0,1.0
0.1,15.0,2,True,1.0,1.0
0.1,15.0,2,True,1.0,1.0
0.1,15.0,2,True,1.0,1.0
0.1,15.0,2,True,1.0,1.0
0.1,15.0,2,True,1.0,1.0
0.1,15.0,2,True,1.0,1.0
0.1,15.0,2,True,1.0,1.0
0.1,15.0,2,True,1.0,1.0
0.1,15.0,2,True,1.0,1.0
0.1,15.0,2,True,1.0,1.0
0.1,15.0,2,True,1.0,1.0
0.1,15.0,2,True,1.0,1.0
0.1,15.0,2,True,1.0,1.0
0.1,15.0,2,True,1.0,1.0
0.1,15.0,2,True,1.0,1.0
0.1,15.0,2,True,1.0,1.0
0.1,15.0,2,True,1.0,1.0
0.1,15.0,2,True,1.0,1.0
0.1,15.0,2,True,1.0,1.0
0.1,15.0,2,True,1.0,1.0
0.1,15.0,2,True,1.0,1.0
0.1,15.0,2,True,1.0,1.0
0.1,15.0,2,True,1.0,1.0
0.1,15.0,2,True,1.0,1.0
0.1,15.0,2,True,1.0,1.0
0.1,15.0,2,True,1.0,1.0
0.1,15.0,2,True,1.0,1.0
0.1,15.0,2,True,1.0,1.0
0.1,15.0,2,True,1.0,1.0
0.1,15.0,2,True,1.0,1.0
0.1,15.0,2,True,1.0,1.0
0.1,15.0,2,True,1.0,1.0
0.1,15.0,2,True,1.0,1.0
0.1,15.0,2,True,1.0,1.0
0.1,15.0,2,True,1.0,1.0
0.1,15.0,2,True,1.0,1.0
0.1,15.0,2,True,1.0,1.0
0.1,15.0,2,True,1.0,1.0
0.1,15.0,2,True,1.0,1.0
0.1,15.0,2,True,1.0,1.0
0.1,15.0,2,True,1.0,1.0
0.1,15.0,2,True,1.0,1.0
0.1,15.0,2,True,1.0,1.0
0.1,15.0,2,True,1.0,1.0
0.1,20.0,2,True,1.0,1.0
0.1,20.0,2,True,1.0,1.0
0.1,20.0,2,True,1.0,1.0
0.1,20.0,2,True,1.0,1.0
0.1,20.0,2,True,1.0,1.0
0.1,20.0,2,True,1.0,1.0
0.1,20.0,2,True,1.0,1.0
0.1,20.0,2,True,1.0,1.0
0.1,20.0,2,True,1.0,1.0
0.1,20.0,2,True,1.0,1.0
0.1,20.0,2,True,1.0,1.0
0.1,20.0,2,True,1.0,1.0
0.1,20.0,2,True,1.0,1.0
0.1,20.0,2,True,1.0,1.0
0.1,20.0,2,True,1.0,1.0
0.1,20.0,2,True,1.0,1.0
0.1,20.0,2,True,1.0,1.0
0.1,20.0,2,True,1.0,1.0
0.1,20.0,2,True,1.0,1.0
0.1,20.0,2,True,1.0,1.0
0.1,20.0,2,True,1.0,1.0
0.1,20.0,2,True,1.0,1.0
0.1,20.0,2,True,1.0,1.0
0.1,20.0,2,True,1.0,1.0
0.1,20.0,2,True,1.0,1.0
0.1,20.0,2,True,1.0,1.0
0.1,20.0,2,True,1.0,1.0
0.1,20.0,2,True,1.0,1.0
0.1,20.0,2,True,1.0,1.0
0.1,20.0,2,True,1.0,1.0
0.1,20.0,2,True,1.0,1.0
0.1,20.0,2,True,1.0,1.0
0.1,20.0,2,True,1.0,1.0
0.1,20.0,2,True,1.0,1.0
0.1,20.0,2,True,1.0,1.0
0.1,20.0,2,True,1.0,1.0
0.1,20.0,2,True,1.0,1.0
0.1,20.0,2,True,1.0,1.0
0.1,20.0,2,True,1.0,1.0
0.1,20.0,2,True,1.0,1.0
0.1,20.0,2,True,1.0,1.0
0.1,20.0,2,True,1.0,1.0
0.1,20.0,2,True,1.0,1.0
0.1,20.0,2,True,1.0,1.0
0.1,20.0,2,True,1.0,1.0
0.1,20.0,2,True,1.0,1.0
0.1,20.0,2,True,1.0,1.0
0.1,20.0,2,True,1.0,1.0
0.1,20.0,2,True,1.0,1.0
0.1,20.0,2,True,1.0,1.0
0.1,25.0,2,True,1.0,1.0
0.1,25.0,2,True,1.0,1.0
0.1,25.0,2,True,1.0,1.0
0.1,25.0,2,True,1.0,1.0
0.1,25.0,2,True,1.0,1.0
0.1,25.0,2,True,1.0,1.0
0.1,25.0,2,True,1.0,1.0
0.1,25.0,2,True,1.0,1.0
0.1,25.0,2,True,1.0,1.0
0.1,25.0,2,True,1.0,1.0
0.1,25.0,2,True,1.0,1.0
0.1,25.0,2,True,1.0,1.0
0.1,25.0,2,True,1.0,1.0
0.1,25.0,2,True,1.0,1.0
0.1,25.0,2,True,1.0,1.0
0.1,25.0,2,True,1.0,1.0
0.1,25.0,2,True,1.0,1.0
0.1,25.0,2,True,1.0,1.0
0.1,25.0,2,True,1.0,1.0
0.1,25.0,2,True,1.0,1.0
0.1,25.0,2,True,1.0,1.0
0.1,25.0,2,True,1.0,1.0
0.1,25.0,2,True,1.0,1.0
0.1,25.0,2,True,1.0,1.0
0.1,25.0,2,True,1.0,1.0
0.1,25.0,2,True,1.0,1.0
0.1,25.0,2,True,1.0,1.0
0.1,25.0,2,True,1.0,1.0
0.1,25.0,2,True,1.0,1.0
0.1,25.0,2,True,1.0,1.0
0.1,25.0,2,True,1.0,1.0
0.1,25.0,2,True,1.0,1.0
0.1,25.0,2,True,1.0,1.0
0.1,25.0,2,True,1.0,1.0
0.1,25.0,2,True,1.0,1.0
0.1,25.0,2,True,1.0,1.0
0.1,25.0,2,True,1.0,1.0
0.1,25.0,2,True,1.0,1.0
0.1,25.0,2,True,1.0,1.0
0.1,25.0,2,True,1.0,1.0
0.1,25.0,2,True,1.0,1.0
0.1,25.0,2,True,1.0,1.0
0.1,25.0,2,True,1.0,1.0
0.1,25.0,2,True,1.0,1.0
0.1,25.0,2,True,1.0,1.0
0.1,25.0,2,True,1.0,1.0
0.1,25.0,2,True,1.0,1.0
0.1,25.0,2,True,1.0,1.0
0.1,25.0,2,True,1.0,1.0
0.1,25.0,2,True,1.0,1.0
0.1,30.0,2,True,1.0,1.0
0.1,30.0,2,True,1.0,1.0
0.1,30.0,2,True,1.0,1.0
0.1,30.0,2,True,1.0,1.0
0.1,30.0,2,True,1.0,1.0
0.1,30.0,2,True,1.0,1.0
0.1,30.0,2,True,1.0,1.0
0.1,30.0,2,True,1.0,1.0
0.1,30.0,2,True,1.0,1.0
0.1,30.0,2,True,1.0,1.0
0.1,30.0,2,True,1.0,1.0
0.1,30.0,2,True,1.0,1.0
0.1,30.0,2,True,1.0,1.0
0.1,30.0,2,True,1.0,1.0
0.1,30.0,2,True,1.0,1.0
0.1,30.0,2,True,1.0,1.0
0.1,30.0,2,True,1.0,1.0
0.1,30.0,2,True,1.0,1.0
0.1,30.0,2,True,1.0,1.0
0.1,30.0,2,True,1.0,1.0
0.1,30.0,2,True,1.0,1.0
0.1,30.0,2,True,1.0,1.0
0.1,30.0,2,True,1.0,1.0
0.1,30.0,2,True,1.0,1.0
0.1,30.0,2,True,1.0,1.0
0.1,30.0,2,True,1.0,1.0
0.1,30.0,2,True,1.0,1.0
0.1,30.0,2,True,1.0,1.0
0.1,30.0,2,True,1.0,1.0
0.1,30.0,2,True,1.0,1.0
0.1,30.0,2,True,1.0,1.0
0.1,30.0,2,True,1.0,1.0
0.1,30.0,2,True,1.0,1.0
0.1,30.0,2,True,1.0,1.0
0.1,30.0,2,True,1.0,1.0
0.1,30.0,2,True,1.0,1.0
0.1,30.0,2,True,1.0,1.0
0.1,30.0,2,True,1.0,1.0
0.1,30.0,2,True,1.0,1.0
0.1,30.0,2,True,1.0,1.0
0.1,30.0,2,True,1.0,1.0
0.1,30.0,2,True,1.0,1.0
0.1,30.0,2,True,1.0,1.0
0.1,30.0,2,True,1.0,1.0
0.1,30.0,2,True,1.0,1.0
0.1,30.0,2,True,1.0,1.0
0.1,30.0,2,True,1.0,1.0
0.1,30.0,2,True,1.0,1.0
0.1,30.0,2,True,1.0,1.0
0.1,30.0,2,True,1.0,1.0
0.1,35.0,2,True,1.0,1.0
0.1,35.0,2,True,1.0,1.0
0.1,35.0,2,True,1.0,1.0
0.1,35.0,2,True,1.0,1.0
0.1,35.0,2,True,1.0,1.0
0.1,35.0,2,True,1.0,1.0
0.1,35.0,2,True,1.0,1.0
0.1,35.0,2,True,1.0,1.0
0.1,35.0,2,True,1.0,1.0
0.1,35.0,2,True,1.0,1.0
0.1,35.0,2,True,1.0,1.0
0.1,35.0,2,True,1.0,1.0
0.1,35.0,2,True,1.0,1.0
0.1,35.0,2,True,1.0,1.0
0.1,35.0,2,True,1.0,1.0
0.1,35.0,2,True,1.0,1.0
0.1,35.0,2,True,1.0,1.0
0.1,35.0,2,True,1.0,1.0
0.1,35.0,2,True,1.0,1.0
0.1,35.0,2,True,1.0,1.0
0.1,35.0,2,True,1.0,1.0
0.1,35.0,2,True,1.0,1.0
0.1,35.0,2,True,1.0,1.0
0.1,35.0,2,True,1.0,1.0
0.1,35.0,2,True,1.0,1.0
0.1,35.0,2,True,1.0,1.0
0.1,35.0,2,True,1.0,1.0
0.1,35.0,2,True,1.0,1.0
0.1,35.0,2,True,1.0,1.0
0.1,35.0,2,True,1.0,1.0
0.1,35.0,2,True,1.0,1.0
0.1,35.0,2,True,1.0,1.0
0.1,35.0,2,True,1.0,1.0
0.1,35.0,2,True,1.0,1.0
0.1,35.0,2,True,1.0,1.0
0.1,35.0,2,True,1.0,1.0
0.1,35.0,2,True,1.0,1.0
0.1,35.0,2,True,1.0,1.0
0.1,35.0,2,True,1.0,1.0
0.1,35.0,2,True,1.0,1.0
0.1,35.0,2,True,1.0,1.0
0.1,35.0,2,True,1.0,1.0
0.1,35.0,2,True,1.0,1.0
0.1,35.0,2,True,1.0,1.0
0.1,35.0,2,True,1.0,1.0
0.1,35.0,2,True,1.0,1.0
0.1,35.0,2,True,1.0,1.0
0.1,35.0,2,True,1.0,1.0
0.1,35.0,2,True,1.0,1.0
0.1,35.0,2,True,1.0,1.0
0.1,40.0,9,True,0.08641975308641975,0.14814814814814814
0.1,40.0,3,True,0.9753086419753086,1.0
0.1,40.0,2,True,1.0,1.0
0.1,40.0,3,True,0.41975308641975306,1.0
0.1,40.0,3,True,0.24691358024691357,1.0
0.1,40.0,3,True,0.38271604938271603,1.0
0.1,40.0,2,True,1.0,1.0
0.1,40.0,3,True,0.14814814814814814,0.12345679012345678
0.1,40.0,3,True,0.4444444444444444,1.0
0.1,40.0,3,True,0.9876543209876543,1.0
0.1,40.0,5,True,0.14814814814814814,0.14814814814814814
0.1,40.0,3,True,0.3950617283950617,1.0
0.1,40.0,3,True,0.2716049382716049,1.0
0.1,40.0,3,True,0.4567901234567901,1.0
0.1,40.0,3,True,0.20987654320987653,1.0
0.1,40.0,2,True,1.0,1.0
0.1,40.0,3,True,0.49382716049382713,1.0
0.1,40.0,3,True,0.1728395061728395,1.0
0.1,40.0,2,True,1.0,1.0
0.1,40.0,3,True,0.2962962962962963,1.0
0.1,40.0,2,True,1.0,1.0
0.1,40.0,11,True,0.13580246913580246,0.1111111111111111
0.1,40.0,2,True,1.0,1.0
0.1,40.0,9,True,0.2345679012345679,0.18518518518518517
0.1,40.0,4,True,0.2222222222222222,1.0
0.1,40.0,16,True,0.14814814814814814,0.09876543209876543
0.1,40.0,3,True,0.5679012345679012,1.0
0.1,40.0,9,True,0.18518518518518517,0.1111111111111111
0.1,40.0,3,True,0.12345679012345678,1.0
0.1,40.0,4,True,0.20987654320987653,0.20987654320987653
0.1,40.0,4,True,0.12345679012345678,1.0
0.1,40.0,20,False,0.14814814814814814,0.12345679012345678
0.1,40.0,3,True,0.37037037037037035,1.0
0.1,40.0,8,True,0.19753086419753085,0.14814814814814814
0.1,40.0,3,True,0.19753086419753085,1.0
0.1,40.0,2,True,1.0,1.0
0.1,40.0,2,True,1.0,1.0
0.1,40.0,3,True,0.4567901234567901,1.0
0.1,40.0,4,True,0.19753086419753085,1.0
0.1,40.0,2,True,1.0,1.0
0.1,40.0,5,True,0.1728395061728395,0.06172839506172839
0.1,40.0,2,True,1.0,1.0
0.1,40.0,4,True,0.08641975308641975,0.1111111111111111
0.1,40.0,3,True,0.5432098765432098,1.0
0.1,40.0,3,True,0.9876543209876543,1.0
0.1,40.0,9,True,0.1728395061728395,0.19753086419753085
0.1,40.0,2,True,1.0,1.0
0.1,40.0,7,True,0.18518518518518517,0.14814814814814814
0.1,40.0,3,True,0.25925925925925924,1.0
0.1,40.0,4,True,0.16049382716049382,0.12345679012345678
0.1,45.0,9,True,0.08641975308641975,0.1111111111111111
0.1,45.0,20,True,0.09876543209876543,0.1728395061728395
0.1,45.0,3,True,0.13580246913580246,0.12345679012345678
0.1,45.0,4,True,0.13580246913580246,0.14814814814814814
0.1,45.0,10,True,0.09876543209876543,0.13580246913580246
0.1,45.0,7,True,0.13580246913580246,0.16049382716049382
0.1,45.0,19,True,0.1111111111111111,0.09876543209876543
0.1,45.0,20,True,0.09876543209876543,0.13580246913580246
0.1,45.0,6,True,0.13580246913580246,0.16049382716049382
0.1,45.0,3,True,0.09876543209876543,0.08641975308641975
0.1,45.0,17,True,0.1111111111111111,0.08641975308641975
0.1,45.0,7,True,0.14814814814814814,0.08641975308641975
0.1,45.0,5,True,0.13580246913580246,0.16049382716049382
0.1,45.0,15,True,0.14814814814814814,0.12345679012345678
0.1,45.0,16,True,0.13580246913580246,0.12345679012345678
0.1,45.0,12,True,0.07407407407407407,0.1111111111111111
0.1,45.0,9,True,0.1111111111111111,0.07407407407407407
0.1,45.0,10,True,0.12345679012345678,0.14814814814814814
0.1,45.0,20,False,0.12345679012345678,0.1111111111111111
0.1,45.0,16,True,0.16049382716049382,0.14814814814814814
0.1,45.0,6,True,0.12345679012345678,0.1111111111111111
0.1,45.0,5,True,0.12345679012345678,0.13580246913580246
0.1,45.0,3,True,0.06172839506172839,0.07407407407407407
0.1,45.0,9,True,0.14814814814814814,0.037037037037037035
0.1,45.0,20,False,0.09876543209876543,0.06172839506172839
0.1,45.0,6,True,0.08641975308641975,0.09876543209876543
0.1,45.0,20,False,0.08641975308641975,0.09876543209876543
0.1,45.0,4,True,0.07407407407407407,0.06172839506172839
0.1,45.0,4,True,0.12345679012345678,0.08641975308641975
0.1,45.0,8,True,0.12345679012345678,0.12345679012345678
0.1,45.0,20,False,0.13580246913580246,0.037037037037037035
0.1,45.0,3,True,0.08641975308641975,0.07407407407407407
0.1,45.0,5,True,0.12345679012345678,0.08641975308641975
0.1,45.0,20,False,0.14814814814814814,0.14814814814814814
0.1,45.0,4,True,0.12345679012345678,0.20987654320987653
0.1,45.0,14,True,0.08641975308641975,0.13580246913580246
0.1,45.0,5,True,0.07407407407407407,0.04938271604938271
0.1,45.0,18,True,0.13580246913580246,0.06172839506172839
0.1,45.0,5,True,0.07407407407407407,0.16049382716049382
0.1,45.0,10,True,0.09876543209876543,0.12345679012345678
0.1,45.0,4,True,0.09876543209876543,0.12345679012345678
0.1,45.0,7,True,0.12345679012345678,0.12345679012345678
0.1,45.0,4,True,0.09876543209876543,0.16049382716049382
0.1,45.0,5,True,0.14814814814814814,0.14814814814814814
0.1,45.0,6,True,0.08641975308641975,0.08641975308641975
0.1,45.0,6,True,0.09876543209876543,0.08641975308641975
0.1,45.0,10,True,0.14814814814814814,0.08641975308641975
0.1,45.0,20,False,0.07407407407407407,0.07407407407407407
0.1,45.0,20,False,0.16049382716049382,0.13580246913580246
0.1,45.0,6,True,0.07407407407407407,0.09876543209876543
0.1,50.0,20,False,0.08641975308641975,0.08641975308641975
0.1,50.0,3,True,0.12345679012345678,0.12345679012345678
0.1,50.0,7,True,0.14814814814814814,0.12345679012345678
0.1,50.0,7,True,0.1111111111111111,0.04938271604938271
0.1,50.0,20,False,0.09876543209876543,0.12345679012345678
0.1,50.0,4,True,0.1728395061728395,0.06172839506172839
0.1,50.0,4,True,0.1111111111111111,0.09876543209876543
0.1,50.0,6,True,0.12345679012345678,0.16049382716049382
0.1,50.0,20,False,0.12345679012345678,0.08641975308641975
0.1,50.0,14,True,0.06172839506172839,0.13580246913580246
0.1,50.0,5,True,0.09876543209876543,0.1111111111111111
0.1,50.0,3,True,0.09876543209876543,0.16049382716049382
0.1,50.0,12,True,0.08641975308641975,0.20987654320987653
0.1,50.0,11,True,0.09876543209876543,0.13580246913580246
0.1,50.0,3,True,0.08641975308641975,0.13580246913580246
0.1,50.0,20,False,0.07407407407407407,0.09876543209876543
0.1,50.0,8,True,0.037037037037037035,0.19753086419753085
0.1,50.0,3,True,0.1728395061728395,0.14814814814814814
0.1,50.0,10,True,0.16049382716049382,0.08641975308641975
0.1,50.0,6,True,0.12345679012345678,0.12345679012345678
0.1,50.0,6,True,0.09876543209876543,0.14814814814814814
0.1,50.0,18,True,0.07407407407407407,0.06172839506172839
0.1,50.0,5,True,0.1111111111111111,0.08641975308641975
0.1,50.0,7,True,0.09876543209876543,0.06172839506172839
0.1,50.0,3,True,0.09876543209876543,0.024691358024691357
0.1,50.0,13,True,0.19753086419753085,0.1728395061728395
0.1,50.0,20,False,0.13580246913580246,0.13580246913580246
0.1,50.0,20,False,0.09876543209876543,0.09876543209876543
0.1,50.0,3,True,0.08641975308641975,0.06172839506172839
0.1,50.0,10,True,0.12345679012345678,0.08641975308641975
0.1,50.0,15,True,0.08641975308641975,0.1111111111111111
0.1,50.0,3,True,0.16049382716049382,0.12345679012345678
0.1,50.0,20,False,0.09876543209876543,0.06172839506172839
0.1,50.0,11,True,0.1111111111111111,0.12345679012345678
0.1,50.0,17,True,0.12345679012345678,0.09876543209876543
0.1,50.0,14,True,0.1111111111111111,0.08641975308641975
0.1,50.0,12,True,0.12345679012345678,0.12345679012345678
0.1,50.0,6,True,0.1111111111111111,0.12345679012345678
0.1,50.0,15,True,0.07407407407407407,0.1111111111111111
0.1,50.0,5,True,0.12345679012345678,0.14814814814814814
0.1,50.0,3,True,0.07407407407407407,0.08641975308641975
0.1,50.0,4,True,0.09876543209876543,0.14814814814814814
0.1,50.0,10,True,0.06172839506172839,0.1111111111111111
0.1,50.0,16,True,0.12345679012345678,0.07407407407407407
0.1,50.0,20,False,0.08641975308641975,0.09876543209876543
0.1,50.0,20,False,0.09876543209876543,0.07407407407407407
0.1,50.0,15,True,0.12345679012345678,0.08641975308641975
0.1,50.0,5,True,0.024691358024691357,0.13580246913580246
0.1,50.0,12,True,0.08641975308641975,0.037037037037037035
0.1,50.0,4,True,0.1111111111111111,0.1111111111111111
0.1,55.00000000000001,4,True,0.1111111111111111,0.1111111111111111
0.1,55.00000000000001,17,True,0.14814814814814814,0.12345679012345678
0.1,55.00000000000001,15,True,0.09876543209876543,0.08641975308641975
0.1,55.00000000000001,9,True,0.13580246913580246,0.1111111111111111
0.1,55.00000000000001,20,False,0.13580246913580246,0.16049382716049382
0.1,55.00000000000001,7,True,0.13580246913580246,0.2222222222222222
0.1,55.00000000000001,5,True,0.07407407407407407,0.037037037037037035
0.1,55.00000000000001,7,True,0.1111111111111111,0.18518518518518517
0.1,55.00000000000001,5,True,0.14814814814814814,0.06172839506172839
0.1,55.00000000000001,8,True,0.13580246913580246,0.06172839506172839
0.1,55.00000000000001,9,True,0.07407407407407407,0.12345679012345678
0.1,55.00000000000001,20,False,0.12345679012345678,0.1728395061728395
0.1,55.00000000000001,14,True,0.1111111111111111,0.16049382716049382
0.1,55.00000000000001,11,True,0.13580246913580246,0.1728395061728395
0.1,55.00000000000001,3,True,0.13580246913580246,0.04938271604938271
0.1,55.00000000000001,10,True,0.09876543209876543,0.08641975308641975
0.1,55.00000000000001,5,True,0.12345679012345678,0.14814814814814814
0.1,55.00000000000001,11,True,0.08641975308641975,0.06172839506172839
0.1,55.00000000000001,10,True,0.16049382716049382,0.09876543209876543
0.1,55.00000000000001,5,True,0.08641975308641975,0.09876543209876543
0.1,55.00000000000001,9,True,0.14814814814814814,0.13580246913580246
0.1,55.00000000000001,15,True,0.1111111111111111,0.19753086419753085
0.1,55.00000000000001,5,True,0.1111111111111111,0.12345679012345678
0.1,55.00000000000001,7,True,0.14814814814814814,0.09876543209876543
0.1,55.00000000000001,6,True,0.09876543209876543,0.09876543209876543
0.1,55.00000000000001,20,False,0.13580246913580246,0.1111111111111111
0.1,55.00000000000001,10,True,0.12345679012345678,0.13580246913580246
0.1,55.00000000000001,6,True,0.14814814814814814,0.1111111111111111
0.1,55.00000000000001,8,True,0.13580246913580246,0.037037037037037035
0.1,55.00000000000001,4,True,0.16049382716049382,0.19753086419753085
0.1,55.00000000000001,9,True,0.12345679012345678,0.16049382716049382
0.1,55.00000000000001,9,True,0.1111111111111111,0.12345679012345678
0.1,55.00000000000001,8,True,0.14814814814814814,0.14814814814814814
0.1,55.00000000000001,16,True,0.07407407407407407,0.08641975308641975
0.1,55.00000000000001,11,True,0.14814814814814814,0.08641975308641975
0.1,55.00000000000001,7,True,0.08641975308641975,0.14814814814814814
0.1,55.00000000000001,20,False,0.12345679012345678,0.1111111111111111
0.1,55.00000000000001,13,True,0.13580246913580246,0.024691358024691357
0.1,55.00000000000001,13,True,0.09876543209876543,0.1111111111111111
0.1,55.00000000000001,20,False,0.09876543209876543,0.08641975308641975
0.1,55.00000000000001,5,True,0.09876543209876543,0.08641975308641975
0.1,55.00000000000001,16,True,0.13580246913580246,0.07407407407407407
0.1,55.00000000000001,20,False,0.14814814814814814,0.1111111111111111
0.1,55.00000000000001,7,True,0.08641975308641975,0.08641975308641975
0.1,55.00000000000001,4,True,0.14814814814814814,0.18518518518518517
0.1,55.00000000000001,4,True,0.09876543209876543,0.09876543209876543
0.1,55.00000000000001,20,False,0.1111111111111111,0.14814814814814814
0.1,55.00000000000001,12,True,0.14814814814814814,0.07407407407407407
0.1,55.00000000000001,12,True,0.07407407407407407,0.07407407407407407
0.1,55.00000000000001,7,True,0.13580246913580246,0.037037037037037035
0.1,60.0,20,False,0.13580246913580246,0.13580246913580246
0.1,60.0,14,True,0.08641975308641975,0.1111111111111111
0.1,60.0,6,True,0.1111111111111111,0.08641975308641975
0.1,60.0,12,True,0.1111111111111111,0.12345679012345678
0.1,60.0,14,True,0.09876543209876543,0.06172839506172839
0.1,60.0,6,True,0.08641975308641975,0.08641975308641975
0.1,60.0,7,True,0.07407407407407407,0.14814814814814814
0.1,60.0,5,True,0.12345679012345678,0.1728395061728395
0.1,60.0,5,True,0.14814814814814814,0.08641975308641975
0.1,60.0,15,True,0.09876543209876543,0.13580246913580246
0.1,60.0,5,True,0.1111111111111111,0.14814814814814814
0.1,60.0,4,True,0.1111111111111111,0.1111111111111111
0.1,60.0,15,True,0.09876543209876543,0.14814814814814814
0.1,60.0,20,True,0.12345679012345678,0.09876543209876543
0.1,60.0,11,True,0.12345679012345678,0.09876543209876543
0.1,60.0,8,True,0.08641975308641975,0.08641975308641975
0.1,60.0,6,True,0.07407407407407407,0.07407407407407407
0.1,60.0,3,True,0.13580246913580246,0.14814814814814814
0.1,60.0,13,True,0.1728395061728395,0.09876543209876543
0.1,60.0,20,False,0.09876543209876543,0.16049382716049382
0.1,60.0,20,False,0.08641975308641975,0.09876543209876543
0.1,60.0,20,False,0.1111111111111111,0.19753086419753085
0.1,60.0,10,True,0.14814814814814814,0.08641975308641975
0.1,60.0,8,True,0.06172839506172839,0.12345679012345678
0.1,60.0,10,True,0.13580246913580246,0.08641975308641975
0.1,60.0,20,False,0.14814814814814814,0.08641975308641975
0.1,60.0,7,True,0.16049382716049382,0.1111111111111111
0.1,60.0,20,False,0.13580246913580246,0.04938271604938271
0.1,60.0,20,False,0.12345679012345678,0.04938271604938271
0.1,60.0,20,True,0.12345679012345678,0.09876543209876543
0.1,60.0,20,False,0.08641975308641975,0.1111111111111111
0.1,60.0,6,True,0.09876543209876543,0.09876543209876543
0.1,60.0,9,True,0.1111111111111111,0.1111111111111111
0.1,60.0,11,True,0.1728395061728395,0.24691358024691357
0.1,60.0,11,True,0.08641975308641975,0.13580246913580246
0.1,60.0,3,True,0.12345679012345678,0.08641975308641975
0.1,60.0,10,True,0.1728395061728395,0.19753086419753085
0.1,60.0,11,True,0.13580246913580246,0.09876543209876543
0.1,60.0,18,True,0.09876543209876543,0.1111111111111111
0.1,60.0,7,True,0.08641975308641975,0.04938271604938271
0.1,60.0,6,True,0.09876543209876543,0.07407407407407407
0.1,60.0,6,True,0.13580246913580246,0.07407407407407407
0.1,60.0,17,True,0.20987654320987653,0.08641975308641975
0.1,60.0,5,True,0.1111111111111111,0.07407407407407407
0.1,60.0,7,True,0.12345679012345678,0.18518518518518517
0.1,60.0,17,True,0.08641975308641975,0.16049382716049382
0.1,60.0,15,True,0.1111111111111111,0.08641975308641975
0.1,60.0,14,True,0.1111111111111111,0.08641975308641975
0.1,60.0,17,True,0.1728395061728395,0.09876543209876543
0.1,60.0,6,True,0.1111111111111111,0.08641975308641975
0.1,70.0,5,True,0.1111111111111111,0.09876543209876543
0.1,70.0,6,True,0.09876543209876543,0.13580246913580246
0.1,70.0,5,True,0.12345679012345678,0.1111111111111111
0.1,70.0,6,True,0.12345679012345678,0.07407407407407407
0.1,70.0,16,True,0.18518518518518517,0.13580246913580246
0.1,70.0,14,True,0.14814814814814814,0.14814814814814814
0.1,70.0,3,True,0.09876543209876543,0.09876543209876543
0.1,70.0,10,True,0.1111111111111111,0.04938271604938271
0.1,70.0,18,True,0.09876543209876543,0.12345679012345678
0.1,70.0,11,True,0.09876543209876543,0.1728395061728395
0.1,70.0,17,True,0.13580246913580246,0.12345679012345678
0.1,70.0,5,True,0.1111111111111111,0.04938271604938271
0.1,70.0,6,True,0.09876543209876543,0.04938271604938271
0.1,70.0,3,True,0.16049382716049382,0.08641975308641975
0.1,70.0,5,True,0.13580246913580246,0.20987654320987653
0.1,70.0,7,True,0.13580246913580246,0.1728395061728395
0.1,70.0,3,True,0.07407407407407407,0.18518518518518517
0.1,70.0,7,True,0.09876543209876543,0.1111111111111111
0.1,70.0,3,True,0.13580246913580246,0.09876543209876543
0.1,70.0,8,True,0.08641975308641975,0.12345679012345678
0.1,70.0,20,False,0.12345679012345678,0.1111111111111111
0.1,70.0,5,True,0.13580246913580246,0.16049382716049382
0.1,70.0,14,True,0.12345679012345678,0.1728395061728395
0.1,70.0,6,True,0.08641975308641975,0.13580246913580246
0.1,70.0,20,False,0.12345679012345678,0.12345679012345678
0.1,70.0,6,True,0.09876543209876543,0.08641975308641975
0.1,70.0,6,True,0.12345679012345678,0.20987654320987653
0.1,70.0,13,True,0.08641975308641975,0.07407407407407407
0.1,70.0,5,True,0.12345679012345678,0.06172839506172839
0.1,70.0,20,False,0.12345679012345678,0.1111111111111111
0.1,70.0,9,True,0.09876543209876543,0.07407407407407407
0.1,70.0,3,True,0.16049382716049382,0.06172839506172839
0.1,70.0,4,True,0.09876543209876543,0.12345679012345678
0.1,70.0,11,True,0.04938271604938271,0.1111111111111111
0.1,70.0,17,True,0.08641975308641975,0.16049382716049382
0.1,70.0,11,True,0.1111111111111111,0.06172839506172839
0.1,70.0,6,True,0.09876543209876543,0.13580246913580246
0.1,70.0,11,True,0.12345679012345678,0.06172839506172839
0.1,70.0,5,True,0.09876543209876543,0.06172839506172839
0.1,70.0,3,True,0.1111111111111111,0.1111111111111111
0.1,70.0,14,True,0.12345679012345678,0.08641975308641975
0.1,70.0,12,True,0.16049382716049382,0.09876543209876543
0.1,70.0,11,True,0.13580246913580246,0.08641975308641975
0.1,70.0,20,False,0.12345679012345678,0.07407407407407407
0.1,70.0,5,True,0.13580246913580246,0.13580246913580246
0.1,70.0,20,False,0.16049382716049382,0.1111111111111111
0.1,70.0,6,True,0.12345679012345678,0.1111111111111111
0.1,70.0,8,True,0.12345679012345678,0.07407407407407407
0.1,70.0,5,True,0.12345679012345678,0.06172839506172839
0.1,70.0,13,True,0.09876543209876543,0.1111111111111111
0.1,80.0,7,True,0.1111111111111111,0.1111111111111111
0.1,80.0,6,True,0.09876543209876543,0.07407407407407407
0.1,80.0,5,True,0.13580246913580246,0.12345679012345678
0.1,80.0,17,True,0.13580246913580246,0.07407407407407407
0.1,80.0,4,True,0.06172839506172839,0.12345679012345678
0.1,80.0,12,True,0.1111111111111111,0.19753086419753085
0.1,80.0,20,False,0.08641975308641975,0.07407407407407407
0.1,80.0,7,True,0.16049382716049382,0.08641975308641975
0.1,80.0,12,True,0.09876543209876543,0.1111111111111111
0.1,80.0,3,True,0.1111111111111111,0.12345679012345678
0.1,80.0,11,True,0.13580246913580246,0.08641975308641975
0.1,80.0,5,True,0.09876543209876543,0.12345679012345678
0.1,80.0,16,True,0.07407407407407407,0.13580246913580246
0.1,80.0,15,True,0.09876543209876543,0.18518518518518517
0.1,80.0,20,True,0.13580246913580246,0.1111111111111111
0.1,80.0,18,True,0.08641975308641975,0.19753086419753085
0.1,80.0,4,True,0.13580246913580246,0.19753086419753085
0.1,80.0,5,True,0.09876543209876543,0.08641975308641975
0.1,80.0,7,True,0.14814814814814814,0.07407407407407407
0.1,80.0,6,True,0.07407407407407407,0.037037037037037035
0.1,80.0,20,False,0.09876543209876543,0.12345679012345678
0.1,80.0,17,True,0.1111111111111111,0.06172839506172839
0.1,80.0,5,True,0.12345679012345678,0.16049382716049382
0.1,80.0,8,True,0.1111111111111111,0.09876543209876543
0.1,80.0,7,True,0.09876543209876543,0.1728395061728395
0.1,80.0,7,True,0.1111111111111111,0.09876543209876543
0.1,80.0,4,True,0.09876543209876543,0.09876543209876543
0.1,80.0,5,True,0.13580246913580246,0.12345679012345678
0.1,80.0,6,True,0.14814814814814814,0.13580246913580246
0.1,80.0,5,True,0.1111111111111111,0.12345679012345678
0.1,80.0,4,True,0.12345679012345678,0.2345679012345679
0.1,80.0,19,True,0.08641975308641975,0.13580246913580246
0.1,80.0,6,True,0.07407407407407407,0.19753086419753085
0.1,80.0,7,True,0.08641975308641975,0.19753086419753085
0.1,80.0,12,True,0.1111111111111111,0.08641975308641975
0.1,80.0,5,True,0.09876543209876543,0.04938271604938271
0.1,80.0,12,True,0.1111111111111111,0.14814814814814814
0.1,80.0,7,True,0.1111111111111111,0.06172839506172839
0.1,80.0,12,True,0.08641975308641975,0.1111111111111111
0.1,80.0,9,True,0.1111111111111111,0.08641975308641975
0.1,80.0,9,True,0.13580246913580246,0.09876543209876543
0.1,80.0,14,True,0.13580246913580246,0.024691358024691357
0.1,80.0,4,True,0.08641975308641975,0.13580246913580246
0.1,80.0,15,True,0.16049382716049382,0.16049382716049382
0.1,80.0,6,True,0.16049382716049382,0.1111111111111111
0.1,80.0,4,True,0.12345679012345678,0.12345679012345678
0.1,80.0,13,True,0.13580246913580246,0.04938271604938271
0.1,80.0,6,True,0.14814814814814814,0.13580246913580246
0.1,80.0,5,True,0.09876543209876543,0.13580246913580246
0.1,80.0,20,False,0.13580246913580246,0.1111111111111111
0.2,0.0,1,True,1.0,1.0
0.2,0.0,1,True,1.0,1.0
0.2,0.0,1,True,1.0,1.0
0.2,0.0,1,True,1.0,1.0
0.2,0.0,1,True,1.0,1.0
0.2,0.0,1,True,1.0,1.0
0.2,0.0,1,True,1.0,1.0
0.2,0.0,1,True,1.0,1.0
0.2,0.0,1,True,1.0,1.0
0.2,0.0,1,True,1.0,1.0
0.2,0.0,1,True,1.0,1.0
0.2,0.0,1,True,1.0,1.0
0.2,0.0,1,True,1.0,1.0
0.2,0.0,1,True,1.0,1.0
0.2,0.0,1,True,1.0,1.0
0.2,0.0,1,True,1.0,1.0
0.2,0.0,1,True,1.0,1.0
0.2,0.0,1,True,1.0,1.0
0.2,0.0,1,True,1.0,1.0
0.2,0.0,1,True,1.0,1.0
0.2,0.0,1,True,1.0,1.0
0.2,0.0,1,True,1.0,1.0
0.2,0.0,1,True,1.0,1.0
0.2,0.0,1,True,1.0,1.0
0.2,0.0,1,True,1.0,1.0
0.2,0.0,1,True,1.0,1.0
0.2,0.0,1,True,1.0,1.0
0.2,0.0,1,True,1.0,1.0
0.2,0.0,1,True,1.0,1.0
0.2,0.0,1,True,1.0,1.0
0.2,0.0,1,True,1.0,1.0
0.2,0.0,1,True,1.0,1.0
0.2,0.0,1,True,1.0,1.0
0.2,0.0,1,True,1.0,1.0
0.2,0.0,1,True,1.0,1.0
0.2,0.0,1,True,1.0,1.0
0.2,0.0,1,True,1.0,1.0
0.2,0.0,1,True,1.0,1.0
0.2,0.0,1,True,1.0,1.0
0.2,0.0,1,True,1.0,1.0
0.2,0.0,1,True,1.0,1.0
0.2,0.0,1,True,1.0,1.0
0.2,0.0,1,True,1.0,1.0
0.2,0.0,1,True,1.0,1.0
0.2,0.0,1,True,1.0,1.0
0.2,0.0,1,True,1.0,1.0
0.2,0.0,1,True,1.0,1.0
0.2,0.0,1,True,1.0,1.0
0.2,0.0,1,True,1.0,1.0
0.2,0.0,1,True,1.0,1.0
0.2,5.0,2,True,1.0,1.0
0.2,5.0,2,True,1.0,1.0
0.2,5.0,2,True,1.0,1.0
0.2,5.0,2,True,1.0,1.0
0.2,5.0,2,True,1.0,1.0
0.2,5.0,2,True,1.0,1.0
0.2,5.0,2,True,1.0,1.0
0.2,5.0,2,True,1.0,1.0
0.2,5.0,2,True,1.0,1.0
0.2,5.0,2,True,1.0,1.0
0.2,5.0,2,True,1.0,1.0
0.2,5.0,2,True,1.0,1.0
0.2,5.0,2,True,1.0,1.0
0.2,5.0,2,True,1.0,1.0
0.2,5.0,2,True,1.0,1.0
0.2,5.0,2,True,1.0,1.0
0.2,5.0,2,True,1.0,1.0
0.2,5.0,2,True,1.0,1.0
0.2,5.0,2,True,1.0,1.0
0.2,5.0,2,True,1.0,1.0
0.2,5.0,2,True,1.0,1.0
0.2,5.0,2,True,1.0,1.0
0.2,5.0,2,True,1.0,1.0
0.2,5.0,2,True,1.0,1.0
0.2,5.0,2,True,1.0,1.0
0.2,5.0,2,True,1.0,1.0
0.2,5.0,2,True,1.0,1.0
0.2,5.0,2,True,1.0,1.0
0.2,5.0,2,True,1.0,1.0
0.2,5.0,2,True,1.0,1.0
0.2,5.0,2,True,1.0,1.0
0.2,5.0,2,True,1.0,1.0
0.2,5.0,2,True,1.0,1.0
0.2,5.0,2,True,1.0,1.0
0.2,5.0,2,True,1.0,1.0
0.2,5.0,2,True,1.0,1.0
0.2,5.0,2,True,1.0,1.0
0.2,5.0,2,True,1.0,1.0
0.2,5.0,2,True,1.0,1.0
0.2,5.0,2,True,1.0,1.0
0.2,5.0,2,True,1.0,1.0
0.2,5.0,2,True,1.0,1.0
0.2,5.0,2,True,1.0,1.0
0.2,5.0,2,True,1.0,1.0
0.2,5.0,2,True,1.0,1.0
0.2,5.0,2,True,1.0,1.0
0.2,5.0,2,True,1.0,1.0
0.2,5.0,2,True,1.0,1.0
0.2,5.0,2,True,1.0,1.0
0.2,5.0,2,True,1.0,1.0
0.2,10.0,2,True,1.0,1.0
0.2,10.0,2,True,1.0,1.0
0.2,10.0,2,True,1.0,1.0
0.2,10.0,2,True,1.0,1.0
0.2,10.0,2,True,1.0,1.0
0.2,10.0,2,True,1.0,1.0
0.2,10.0,2,True,1.0,1.0
0.2,10.0,2,True,1.0,1.0
0.2,10.0,2,True,1.0,1.0
0.2,10.0,2,True,1.0,1.0
0.2,10.0,2,True,1.0,1.0
0.2,10.0,2,True,1.0,1.0
0.2,10.0,2,True,1.0,1.0
0.2,10.0,2,True,1.0,1.0
0.2,10.0,2,True,1.0,1.0
0.2,10.0,2,True,1.0,1.0
0.2,10.0,2,True,1.0,1.0
0.2,10.0,2,True,1.0,1.0
0.2,10.0,2,True,1.0,1.0
0.2,10.0,2,True,1.0,1.0
0.2,10.0,2,True,1.0,1.0
0.2,10.0,2,True,1.0,1.0
0.2,10.0,2,True,1.0,1.0
0.2,10.0,2,True,1.0,1.0
0.2,10.0,2,True,1.0,1.0
0.2,10.0,2,True,1.0,1.0
0.2,10.0,2,True,1.0,1.0
0.2,10.0,2,True,1.0,1.0
0.2,10.0,2,True,1.0,1.0
0.2,10.0,2,True,1.0,1.0
0.2,10.0,2,True,1.0,1.0
0.2,10.0,2,True,1.0,1.0
0.2,10.0,2,True,1.0,1.0
0.2,10.0,2,True,1.0,1.0
0.2,10.0,2,True,1.0,1.0
0.2,10.0,2,True,1.0,1.0
0.2,10.0,2,True,1.0,1.0
0.2,10.0,2,True,1.0,1.0
0.2,10.0,2,True,1.0,1.0
0.2,10.0,2,True,1.0,1.0
0.2,10.0,2,True,1.0,1.0
0.2,10.0,2,True,1.0,1.0
0.2,10.0,2,True,1.0,1.0
0.2,10.0,2,True,1.0,1.0
0.2,10.0,2,True,1.0,1.0
0.2,10.0,2,True,1.0,1.0
0.2,10.0,2,True,1.0,1.0
0.2,10.0,2,True,1.0,1.0
0.2,10.0,2,True,1.0,1.0
0.2,10.0,2,True,1.0,1.0
0.2,15.0,2,True,1.0,1.0
0.2,15.0,2,True,1.0,1.0
0.2,15.0,2,True,1.0,1.0
0.2,15.0,2,True,1.0,1.0
0.2,15.0,2,True,1.0,1.0
0.2,15.0,2,True,1.0,1.0
0.2,15.0,2,True,1.0,1.0
0.2,15.0,2,True,1.0,1.0
0.2,15.0,2,True,1.0,1.0
0.2,15.0,2,True,1.0,1.0
0.2,15.0,2,True,1.0,1.0
0.2,15.0,2,True,1.0,1.0
0.2,15.0,2,True,1.0,1.0
0.2,15.0,2,True,1.0,1.0
0.2,15.0,2,True,1.0,1.0
0.2,15.0,2,True,1.0,1.0
0.2,15.0,2,True,1.0,1.0
0.2,15.0,2,True,1.0,1.0
0.2,15.0,2,True,1.0,1.0
0.2,15.0,2,True,1.0,1.0
0.2,15.0,2,True,1.0,1.0
0.2,15.0,2,True,1.0,1.0
0.2,15.0,2,True,1.0,1.0
0.2,15.0,2,True,1.0,1.0
0.2,15.0,2,True,1.0,1.0
0.2,15.0,2,True,1.0,1.0
0.2,15.0,2,True,1.0,1.0
0.2,15.0,2,True,1.0,1.0
0.2,15.0,2,True,1.0,1.0
0.2,15.0,2,True,1.0,1.0
0.2,15.0,2,True,1.0,1.0
0.2,15.0,2,True,1.0,1.0
0.2,15.0,2,True,1.0,1.0
0.2,15.0,2,True,1.0,1.0
0.2,15.0,2,True,1.0,1.0
0.2,15.0,2,True,1.0,1.0
0.2,15.0,2,True,1.0,1.0
0.2,15.0,2,True,1.0,1.0
0.2,15.0,2,True,1.0,1.0
0.2,15.0,2,True,1.0,1.0
0.2,15.0,2,True,1.0,1.0
0.2,15.0,2,True,1.0,1.0
0.2,15.0,2,True,1.0,1.0
0.2,15.0,2,True,1.0,1.0
0.2,15.0,2,True,1.0,1.0
0.2,15.0,2,True,1.0,1.0
0.2,15.0,2,True,1.0,1.0
0.2,15.0,2,True,1.0,1.0
0.2,15.0,2,True,1.0,1.0
0.2,15.0,2,True,1.0,1.0
0.2,20.0,2,True,1.0,1.0
0.2,20.0,2,True,1.0,1.0
0.2,20.0,2,True,1.0,1.0
0.2,20.0,2,True,1.0,1.0
0.2,20.0,2,True,1.0,1.0
0.2,20.0,2,True,1.0,1.0
0.2,20.0,2,True,1.0,1.0
0.2,20.0,2,True,1.0,1.0
0.2,20.0,2,True,1.0,1.0
0.2,20.0,2,True,1.0,1.0
0.2,20.0,2,True,1.0,1.0
0.2,20.0,2,True,1.0,1.0
0.2,20.0,2,True,1.0,1.0
0.2,20.0,2,True,1.0,1.0
0.2,20.0,2,True,1.0,1.0
0.2,20.0,2,True,1.0,1.0
0.2,20.0,2,True,1.0,1.0
0.2,20.0,2,True,1.0,1.0
0.2,20.0,2,True,1.0,1.0
0.2,20.0,2,True,1.0,1.0
0.2,20.0,2,True,1.0,1.0
0.2,20.0,2,True,1.0,1.0
0.2,20.0,2,True,1.0,1.0
0.2,20.0,2,True,1.0,1.0
0.2,20.0,2,True,1.0,1.0
0.2,20.0,2,True,1.0,1.0
0.2,20.0,2,True,1.0,1.0
0.2,20.0,2,True,1.0,1.0
0.2,20.0,2,True,1.0,1.0
0.2,20.0,2,True,1.0,1.0
0.2,20.0,2,True,1.0,1.0
0.2,20.0,2,True,1.0,1.0
0.2,20.0,2,True,1.0,1.0
0.2,20.0,2,True,1.0,1.0
0.2,20.0,2,True,1.0,1.0
0.2,20.0,2,True,1.0,1.0
0.2,20.0,2,True,1.0,1.0
0.2,20.0,2,True,1.0,1.0
0.2,20.0,2,True,1.0,1.0
0.2,20.0,2,True,1.0,1.0
0.2,20.0,2,True,1.0,1.0
0.2,20.0,2,True,1.0,1.0
0.2,20.0,2,True,1.0,1.0
0.2,20.0,2,True,1.0,1.0
0.2,20.0,2,True,1.0,1.0
0.2,20.0,2,True,1.0,1.0
0.2,20.0,2,True,1.0,1.0
0.2,20.0,2,True,1.0,1.0
0.2,20.0,2,True,1.0,1.0
0.2,20.0,2,True,1.0,1.0
0.2,25.0,2,True,1.0,1.0
0.2,25.0,2,True,1.0,1.0
0.2,25.0,2,True,1.0,1.0
0.2,25.0,2,True,1.0,1.0
0.2,25.0,2,True,1.0,1.0
0.2,25.0,2,True,1.0,1.0
0.2,25.0,2,True,1.0,1.0
0.2,25.0,2,True,1.0,1.0
0.2,25.0,2,True,1.0,1.0
0.2,25.0,2,True,1.0,1.0
0.2,25.0,2,True,1.0,1.0
0.2,25.0,2,True,1.0,1.0
0.2,25.0,2,True,1.0,1.0
0.2,25.0,2,True,1.0,1.0
0.2,25.0,2,True,1.0,1.0
0.2,25.0,2,True,1.0,1.0
0.2,25.0,2,True,1.0,1.0
0.2,25.0,2,True,1.0,1.0
0.2,25.0,2,True,1.0,1.0
0.2,25.0,2,True,1.0,1.0
0.2,25.0,2,True,1.0,1.0
0.2,25.0,2,True,1.0,1.0
0.2,25.0,2,True,1.0,1.0
0.2,25.0,2,True,1.0,1.0
0.2,25.0,2,True,1.0,1.0
0.2,25.0,2,True,1.0,1.0
0.2,25.0,2,True,1.0,1.0
0.2,25.0,2,True,1.0,1.0
0.2,25.0,2,True,1.0,1.0
0.2,25.0,2,True,1.0,1.0
0.2,25.0,2,True,1.0,1.0
0.2,25.0,2,True,1.0,1.0
0.2,25.0,2,True,1.0,1.0
0.2,25.0,2,True,1.0,1.0
0.2,25.0,2,True,1.0,1.0
0.2,25.0,2,True,1.0,1.0
0.2,25.0,2,True,1.0,1.0
0.2,25.0,2,True,1.0,1.0
0.2,25.0,2,True,1.0,1.0
0.2,25.0,2,True,1.0,1.0
0.2,25.0,2,True,1.0,1.0
0.2,25.0,2,True,1.0,1.0
0.2,25.0,2,True,1.0,1.0
0.2,25.0,2,True,1.0,1.0
0.2,25.0,2,True,1.0,1.0
0.2,25.0,2,True,1.0,1.0
0.2,25.0,2,True,1.0,1.0
0.2,25.0,2,True,1.0,1.0
0.2,25.0,2,True,1.0,1.0
0.2,25.0,2,True,1.0,1.0
0.2,30.0,2,True,1.0,1.0
0.2,30.0,2,True,1.0,1.0
0.2,30.0,2,True,1.0,1.0
0.2,30.0,2,True,1.0,1.0
0.2,30.0,2,True,1.0,1.0
0.2,30.0,2,True,1.0,1.0
0.2,30.0,2,True,1.0,1.0
0.2,30.0,2,True,1.0,1.0
0.2,30.0,2,True,1.0,1.0
0.2,30.0,2,True,1.0,1.0
0.2,30.0,2,True,1.0,1.0
0.2,30.0,2,True,1.0,1.0
0.2,30.0,2,True,1.0,1.0
0.2,30.0,2,True,1.0,1.0
0.2,30.0,2,True,1.0,1.0
0.2,30.0,2,True,1.0,1.0
0.2,30.0,2,True,1.0,1.0
0.2,30.0,2,True,1.0,1.0
0.2,30.0,2,True,1.0,1.0
0.2,30.0,2,True,1.0,1.0
0.2,30.0,2,True,1.0,1.0
0.2,30.0,2,True,1.0,1.0
0.2,30.0,2,True,1.0,1.0
0.2,30.0,2,True,1.0,1.0
0.2,30.0,2,True,1.0,1.0
0.2,30.0,2,True,1.0,1.0
0.2,30.0,2,True,1.0,1.0
0.2,30.0,2,True,1.0,1.0
0.2,30.0,2,True,1.0,1.0
0.2,30.0,2,True,1.0,1.0
0.2,30.0,2,True,1.0,1.0
0.2,30.0,2,True,1.0,1.0
0.2,30.0,2,True,1.0,1.0
0.2,30.0,2,True,1.0,1.0
0.2,30.0,2,True,1.0,1.0
0.2,30.0,2,True,1.0,1.0
0.2,30.0,2,True,1.0,1.0
0.2,30.0,2,True,1.0,1.0
0.2,30.0,2,True,1.0,1.0
0.2,30.0,2,True,1.0,1.0
0.2,30.0,2,True,1.0,1.0
0.2,30.0,2,True,1.0,1.0
0.2,30.0,2,True,1.0,1.0
0.2,30.0,2,True,1.0,1.0
0.2,30.0,2,True,1.0,1.0
0.2,30.0,2,True,1.0,1.0
0.2,30.0,2,True,1.0,1.0
0.2,30.0,2,True,1.0,1.0
0.2,30.0,2,True,1.0,1.0
0.2,30.0,2,True,1.0,1.0
0.2,35.0,2,True,1.0,1.0
0.2,35.0,2,True,1.0,1.0
0.2,35.0,2,True,1.0,1.0
0.2,35.0,2,True,1.0,1.0
0.2,35.0,2,True,1.0,1.0
0.2,35.0,2,True,1.0,1.0
0.2,35.0,2,True,1.0,1.0
0.2,35.0,2,True,1.0,1.0
0.2,35.0,2,True,1.0,1.0
0.2,35.0,2,True,1.0,1.0
0.2,35.0,2,True,1.0,1.0
0.2,35.0,2,True,1.0,1.0
0.2,35.0,2,True,1.0,1.0
0.2,35.0,2,True,1.0,1.0
0.2,35.0,2,True,1.0,1.0
0.2,35.0,2,True,1.0,1.0
0.2,35.0,2,True,1.0,1.0
0.2,35.0,2,True,1.0,1.0
0.2,35.0,2,True,1.0,1.0
0.2,35.0,2,True,1.0,1.0
0.2,35.0,2,True,1.0,1.0
0.2,35.0,2,True,1.0,1.0
0.2,35.0,2,True,1.0,1.0
0.2,35.0,2,True,1.0,1.0
0.2,35.0,2,True,1.0,1.0
0.2,35.0,2,True,1.0,1.0
0.2,35.0,2,True,1.0,1.0
0.2,35.0,2,True,1.0,1.0
0.2,35.0,2,True,1.0,1.0
0.2,35.0,2,True,1.0,1.0
0.2,35.0,2,True,1.0,1.0
0.2,35.0,2,True,1.0,1.0
0.2,35.0,2,True,1.0,1.0
0.2,35.0,2,True,1.0,1.0
0.2,35.0,2,True,1.0,1.0
0.2,35.0,2,True,1.0,1.0
0.2,35.0,2,True,1.0,1.0
0.2,35.0,2,True,1.0,1.0
0.2,35.0,2,True,1.0,1.0
0.2,35.0,2,True,1.0,1.0
0.2,35.0,2,True,1.0,1.0
0.2,35.0,2,True,1.0,1.0
0.2,35.0,2,True,1.0,1.0
0.2,35.0,2,True,1.0,1.0
0.2,35.0,2,True,1.0,1.0
0.2,35.0,2,True,1.0,1.0
0.2,35.0,2,True,1.0,1.0
0.2,35.0,2,True,1.0,1.0
0.2,35.0,2,True,1.0,1.0
0.2,35.0,2,True,1.0,1.0
0.2,40.0,2,True,1.0,1.0
0.2,40.0,3,True,0.4567901234567901,1.0
0.2,40.0,4,True,0.19753086419753085,0.08641975308641975
0.2,40.0,3,True,0.9012345679012346,1.0
0.2,40.0,4,True,0.19753086419753085,0.09876543209876543
0.2,40.0,20,False,0.2222222222222222,0.1111111111111111
0.2,40.0,2,True,1.0,1.0
0.2,40.0,3,True,0.20987654320987653,1.0
0.2,40.0,2,True,1.0,1.0
0.2,40.0,2,True,1.0,1.0
0.2,40.0,4,True,0.08641975308641975,0.18518518518518517
0.2,40.0,9,True,0.08641975308641975,0.1111111111111111
0.2,40.0,3,True,0.2716049382716049,1.0
0.2,40.0,6,True,0.16049382716049382,0.1111111111111111
0.2,40.0,3,True,0.3333333333333333,1.0
0.2,40.0,5,True,0.06172839506172839,0.09876543209876543
0.2,40.0,3,True,0.38271604938271603,1.0
0.2,40.0,6,True,0.3333333333333333,0.1728395061728395
0.2,40.0,15,True,0.12345679012345678,0.07407407407407407
0.2,40.0,20,True,0.09876543209876543,0.13580246913580246
0.2,40.0,3,True,0.1728395061728395,1.0
0.2,40.0,2,True,1.0,1.0
0.2,40.0,3,True,0.12345679012345678,0.09876543209876543
0.2,40.0,9,True,0.19753086419753085,0.14814814814814814
0.2,40.0,11,True,0.14814814814814814,0.14814814814814814
0.2,40.0,4,True,0.1728395061728395,1.0
0.2,40.0,14,True,0.19753086419753085,0.1111111111111111
0.2,40.0,3,True,0.19753086419753085,1.0
0.2,40.0,3,True,0.2962962962962963,1.0
0.2,40.0,3,True,0.5555555555555556,1.0
0.2,40.0,3,True,0.2962962962962963,1.0
0.2,40.0,3,True,0.2222222222222222,1.0
0.2,40.0,3,True,0.8518518518518519,1.0
0.2,40.0,2,True,1.0,1.0
0.2,40.0,3,True,0.20987654320987653,1.0
0.2,40.0,8,True,0.08641975308641975,0.16049382716049382
0.2,40.0,2,True,1.0,1.0
0.2,40.0,2,True,1.0,1.0
0.2,40.0,3,True,0.7901234567901234,1.0
0.2,40.0,15,True,0.3333333333333333,0.12345679012345678
0.2,40.0,2,True,1.0,1.0
0.2,40.0,2,True,1.0,1.0
0.2,40.0,2,True,1.0,1.0
0.2,40.0,3,True,0.4074074074074074,1.0
0.2,40.0,6,True,0.08641975308641975,0.08641975308641975
0.2,40.0,3,True,0.14814814814814814,1.0
0.2,40.0,2,True,1.0,1.0
0.2,40.0,7,True,0.16049382716049382,0.09876543209876543
0.2,40.0,2,True,1.0,1.0
0.2,40.0,3,True,0.32098765432098764,1.0
0.2,45.0,4,True,0.14814814814814814,0.12345679012345678
0.2,45.0,7,True,0.1111111111111111,0.09876543209876543
0.2,45.0,4,True,0.1111111111111111,0.1111111111111111
0.2,45.0,10,True,0.12345679012345678,0.08641975308641975
0.2,45.0,5,True,0.14814814814814814,0.09876543209876543
0.2,45.0,4,True,0.08641975308641975,1.0
0.2,45.0,5,True,0.13580246913580246,0.07407407407407407
0.2,45.0,13,True,0.1111111111111111,0.04938271604938271
0.2,45.0,5,True,0.1111111111111111,0.09876543209876543
0.2,45.0,4,True,0.09876543209876543,0.12345679012345678
0.2,45.0,8,True,0.12345679012345678,0.1111111111111111
0.2,45.0,20,False,0.1111111111111111,0.09876543209876543
0.2,45.0,7,True,0.13580246913580246,0.1111111111111111
0.2,45.0,20,True,0.13580246913580246,0.18518518518518517
0.2,45.0,3,True,0.13580246913580246,0.08641975308641975
0.2,45.0,9,True,0.12345679012345678,0.08641975308641975
0.2,45.0,5,True,0.1111111111111111,0.08641975308641975
0.2,45.0,3,True,0.16049382716049382,0.12345679012345678
0.2,45.0,10,True,0.09876543209876543,0.08641975308641975
0.2,45.0,20,False,0.06172839506172839,0.14814814814814814
0.2,45.0,4,True,0.1111111111111111,0.16049382716049382
0.2,45.0,20,False,0.14814814814814814,0.12345679012345678
0.2,45.0,11,True,0.1111111111111111,0.14814814814814814
0.2,45.0,9,True,0.16049382716049382,0.07407407407407407
0.2,45.0,5,True,0.1111111111111111,0.024691358024691357
0.2,45.0,3,True,0.12345679012345678,0.12345679012345678
0.2,45.0,17,True,0.14814814814814814,0.18518518518518517
0.2,45.0,3,True,0.12345679012345678,0.1111111111111111
0.2,45.0,7,True,0.13580246913580246,0.1111111111111111
0.2,45.0,4,True,0.08641975308641975,0.07407407407407407
0.2,45.0,8,True,0.08641975308641975,0.09876543209876543
0.2,45.0,6,True,0.12345679012345678,0.14814814814814814
0.2,45.0,8,True,0.14814814814814814,0.06172839506172839
0.2,45.0,4,True,0.16049382716049382,0.12345679012345678
0.2,45.0,19,True,0.12345679012345678,0.07407407407407407
0.2,45.0,8,True,0.13580246913580246,0.09876543209876543
0.2,45.0,3,True,0.07407407407407407,0.08641975308641975
0.2,45.0,3,True,0.09876543209876543,0.09876543209876543
0.2,45.0,17,True,0.1111111111111111,0.14814814814814814
0.2,45.0,6,True,0.13580246913580246,0.06172839506172839
0.2,45.0,11,True,0.14814814814814814,0.12345679012345678
0.2,45.0,3,True,0.09876543209876543,0.1111111111111111
0.2,45.0,3,True,0.1111111111111111,0.07407407407407407
0.2,45.0,14,True,0.07407407407407407,0.08641975308641975
0.2,45.0,6,True,0.14814814814814814,0.12345679012345678
0.2,45.0,7,True,0.09876543209876543,0.08641975308641975
0.2,45.0,4,True,0.18518518518518517,0.08641975308641975
0.2,45.0,6,True,0.09876543209876543,0.1111111111111111
0.2,45.0,9,True,0.09876543209876543,0.1111111111111111
0.2,45.0,4,True,0.16049382716049382,0.2345679012345679
0.2,50.0,9,True,0.14814814814814814,0.14814814814814814
0.2,50.0,9,True,0.08641975308641975,0.12345679012345678
0.2,50.0,10,True,0.1728395061728395,0.07407407407407407
0.2,50.0,7,True,0.09876543209876543,0.07407407407407407
0.2,50.0,7,True,0.08641975308641975,0.14814814814814814
0.2,50.0,6,True,0.08641975308641975,0.12345679012345678
0.2,50.0,6,True,0.06172839506172839,0.14814814814814814
0.2,50.0,6,True,0.09876543209876543,0.09876543209876543
0.2,50.0,3,True,0.1111111111111111,0.06172839506172839
0.2,50.0,9,True,0.19753086419753085,0.06172839506172839
0.2,50.0,10,True,0.08641975308641975,0.13580246913580246
0.2,50.0,3,True,0.14814814814814814,0.12345679012345678
0.2,50.0,8,True,0.13580246913580246,0.07407407407407407
0.2,50.0,12,True,0.14814814814814814,0.09876543209876543
0.2,50.0,9,True,0.13580246913580246,0.14814814814814814
0.2,50.0,12,True,0.08641975308641975,0.12345679012345678
0.2,50.0,6,True,0.12345679012345678,0.12345679012345678
0.2,50.0,4,True,0.12345679012345678,0.09876543209876543
0.2,50.0,4,True,0.1111111111111111,0.09876543209876543
0.2,50.0,3,True,0.12345679012345678,0.08641975308641975
0.2,50.0,20,False,0.08641975308641975,0.1111111111111111
0.2,50.0,3,True,0.1111111111111111,0.20987654320987653
0.2,50.0,9,True,0.14814814814814814,0.08641975308641975
0.2,50.0,4,True,0.12345679012345678,0.14814814814814814
0.2,50.0,8,True,0.09876543209876543,0.08641975308641975
0.2,50.0,6,True,0.12345679012345678,0.13580246913580246
0.2,50.0,10,True,0.14814814814814814,0.07407407407407407
0.2,50.0,20,False,0.1111111111111111,0.13580246913580246
0.2,50.0,12,True,0.08641975308641975,0.09876543209876543
0.2,50.0,19,True,0.09876543209876543,0.07407407407407407
0.2,50.0,7,True,0.07407407407407407,0.08641975308641975
0.2,50.0,8,True,0.09876543209876543,0.14814814814814814
0.2,50.0,17,True,0.08641975308641975,0.09876543209876543
0.2,50.0,3,True,0.14814814814814814,0.1111111111111111
0.2,50.0,3,True,0.1111111111111111,0.09876543209876543
0.2,50.0,7,True,0.06172839506172839,0.18518518518518517
0.2,50.0,11,True,0.1111111111111111,0.12345679012345678
0.2,50.0,9,True,0.14814814814814814,0.1111111111111111
0.2,50.0,8,True,0.07407407407407407,0.1111111111111111
0.2,50.0,4,True,0.1111111111111111,0.12345679012345678
0.2,50.0,10,True,0.08641975308641975,0.06172839506172839
0.2,50.0,12,True,0.14814814814814814,0.14814814814814814
0.2,50.0,12,True,0.09876543209876543,0.13580246913580246
0.2,50.0,11,True,0.12345679012345678,0.1111111111111111
0.2,50.0,14,True,0.08641975308641975,0.06172839506172839
0.2,50.0,10,True,0.08641975308641975,0.09876543209876543
0.2,50.0,7,True,0.09876543209876543,0.12345679012345678
0.2,50.0,5,True,0.13580246913580246,0.16049382716049382
0.2,50.0,3,True,0.09876543209876543,0.16049382716049382
0.2,50.0,4,True,0.13580246913580246,0.18518518518518517
0.2,55.00000000000001,6,True,0.13580246913580246,0.12345679012345678
0.2,55.00000000000001,5,True,0.13580246913580246,0.08641975308641975
0.2,55.00000000000001,8,True,0.1111111111111111,0.06172839506172839
0.2,55.00000000000001,7,True,0.09876543209876543,0.08641975308641975
0.2,55.00000000000001,8,True,0.1111111111111111,0.12345679012345678
0.2,55.00000000000001,5,True,0.037037037037037035,0.14814814814814814
0.2,55.00000000000001,3,True,0.06172839506172839,0.06172839506172839
0.2,55.00000000000001,9,True,0.08641975308641975,0.09876543209876543
0.2,55.00000000000001,20,False,0.07407407407407407,0.1111111111111111
0.2,55.00000000000001,14,True,0.07407407407407407,0.13580246913580246
0.2,55.00000000000001,4,True,0.08641975308641975,0.18518518518518517
0.2,55.00000000000001,7,True,0.1111111111111111,0.14814814814814814
0.2,55.00000000000001,4,True,0.08641975308641975,0.06172839506172839
0.2,55.00000000000001,4,True,0.14814814814814814,0.13580246913580246
0.2,55.00000000000001,5,True,0.07407407407407407,0.08641975308641975
0.2,55.00000000000001,6,True,0.1111111111111111,0.13580246913580246
0.2,55.00000000000001,16,True,0.13580246913580246,0.07407407407407407
0.2,55.00000000000001,20,False,0.1111111111111111,0.13580246913580246
0.2,55.00000000000001,10,True,0.09876543209876543,0.09876543209876543
0.2,55.00000000000001,9,True,0.1111111111111111,0.1111111111111111
0.2,55.00000000000001,4,True,0.13580246913580246,0.037037037037037035
0.2,55.00000000000001,4,True,0.1111111111111111,0.12345679012345678
0.2,55.00000000000001,12,True,0.09876543209876543,0.13580246913580246
0.2,55.00000000000001,5,True,0.18518518518518517,0.09876543209876543
0.2,55.00000000000001,6,True,0.16049382716049382,0.12345679012345678
0.2,55.00000000000001,20,False,0.14814814814814814,0.1111111111111111
0.2,55.00000000000001,20,False,0.09876543209876543,0.08641975308641975
0.2,55.00000000000001,15,True,0.13580246913580246,0.07407407407407407
0.2,55.00000000000001,7,True,0.12345679012345678,0.1728395061728395
0.2,55.00000000000001,4,True,0.14814814814814814,0.08641975308641975
0.2,55.00000000000001,15,True,0.07407407407407407,0.08641975308641975
0.2,55.00000000000001,14,True,0.06172839506172839,0.06172839506172839
0.2,55.00000000000001,11,True,0.08641975308641975,0.18518518518518517
0.2,55.00000000000001,11,True,0.16049382716049382,0.16049382716049382
0.2,55.00000000000001,4,True,0.08641975308641975,0.09876543209876543
0.2,55.00000000000001,9,True,0.1111111111111111,0.08641975308641975
0.2,55.00000000000001,4,True,0.08641975308641975,0.16049382716049382
0.2,55.00000000000001,20,False,0.12345679012345678,0.12345679012345678
0.2,55.00000000000001,20,False,0.13580246913580246,0.09876543209876543
0.2,55.00000000000001,3,True,0.16049382716049382,0.1728395061728395
0.2,55.00000000000001,11,True,0.08641975308641975,0.09876543209876543
0.2,55.00000000000001,6,True,0.09876543209876543,0.1111111111111111
0.2,55.00000000000001,14,True,0.1111111111111111,0.09876543209876543
0.2,55.00000000000001,3,True,0.20987654320987653,0.1111111111111111
0.2,55.00000000000001,8,True,0.09876543209876543,0.06172839506172839
0.2,55.00000000000001,13,True,0.12345679012345678,0.07407407407407407
0.2,55.00000000000001,6,True,0.16049382716049382,0.06172839506172839
0.2,55.00000000000001,4,True,0.13580246913580246,0.06172839506172839
0.2,55.00000000000001,3,True,0.07407407407407407,0.16049382716049382
0.2,55.00000000000001,5,True,0.1111111111111111,0.06172839506172839
0.2,60.0,7,True,0.09876543209876543,0.1728395061728395
0.2,60.0,5,True,0.12345679012345678,0.12345679012345678
0.2,60.0,6,True,0.09876543209876543,0.14814814814814814
0.2,60.0,10,True,0.08641975308641975,0.13580246913580246
0.2,60.0,18,True,0.1111111111111111,0.14814814814814814
0.2,60.0,5,True,0.12345679012345678,0.13580246913580246
0.2,60.0,5,True,0.14814814814814814,0.12345679012345678
0.2,60.0,7,True,0.08641975308641975,0.14814814814814814
0.2,60.0,10,True,0.09876543209876543,0.1111111111111111
0.2,60.0,4,True,0.07407407407407407,0.06172839506172839
0.2,60.0,15,True,0.13580246913580246,0.08641975308641975
0.2,60.0,7,True,0.07407407407407407,0.037037037037037035
0.2,60.0,20,False,0.08641975308641975,0.1111111111111111
0.2,60.0,5,True,0.12345679012345678,0.1111111111111111
0.2,60.0,5,True,0.06172839506172839,0.037037037037037035
0.2,60.0,8,True,0.14814814814814814,0.12345679012345678
0.2,60.0,6,True,0.08641975308641975,0.18518518518518517
0.2,60.0,4,True,0.13580246913580246,0.06172839506172839
0.2,60.0,20,True,0.09876543209876543,0.1111111111111111
0.2,60.0,5,True,0.1111111111111111,0.07407407407407407
0.2,60.0,7,True,0.09876543209876543,0.07407407407407407
0.2,60.0,10,True,0.09876543209876543,0.08641975308641975
0.2,60.0,6,True,0.18518518518518517,0.14814814814814814
0.2,60.0,12,True,0.16049382716049382,0.09876543209876543
0.2,60.0,14,True,0.16049382716049382,0.19753086419753085
0.2,60.0,20,True,0.12345679012345678,0.13580246913580246
0.2,60.0,7,True,0.07407407407407407,0.13580246913580246
0.2,60.0,6,True,0.09876543209876543,0.06172839506172839
0.2,60.0,12,True,0.08641975308641975,0.06172839506172839
0.2,60.0,20,False,0.12345679012345678,0.1111111111111111
0.2,60.0,10,True,0.12345679012345678,0.1111111111111111
0.2,60.0,16,True,0.1728395061728395,0.12345679012345678
0.2,60.0,14,True,0.08641975308641975,0.08641975308641975
0.2,60.0,5,True,0.09876543209876543,0.14814814814814814
0.2,60.0,9,True,0.07407407407407407,0.1111111111111111
0.2,60.0,12,True,0.14814814814814814,0.08641975308641975
0.2,60.0,6,True,0.1111111111111111,0.13580246913580246
0.2,60.0,6,True,0.13580246913580246,0.07407407407407407
0.2,60.0,6,True,0.13580246913580246,0.09876543209876543
0.2,60.0,7,True,0.09876543209876543,0.037037037037037035
0.2,60.0,3,True,0.07407407407407407,0.1111111111111111
0.2,60.0,3,True,0.07407407407407407,0.1728395061728395
0.2,60.0,6,True,0.09876543209876543,0.16049382716049382
0.2,60.0,6,True,0.14814814814814814,0.06172839506172839
0.2,60.0,4,True,0.09876543209876543,0.2222222222222222
0.2,60.0,3,True,0.06172839506172839,0.14814814814814814
0.2,60.0,9,True,0.04938271604938271,0.14814814814814814
0.2,60.0,10,True,0.09876543209876543,0.07407407407407407
0.2,60.0,13,True,0.09876543209876543,0.07407407407407407
0.2,60.0,10,True,0.1111111111111111,0.07407407407407407
0.2,70.0,5,True,0.1111111111111111,0.12345679012345678
0.2,70.0,6,True,0.08641975308641975,0.1111111111111111
0.2,70.0,9,True,0.09876543209876543,0.12345679012345678
0.2,70.0,9,True,0.08641975308641975,0.07407407407407407
0.2,70.0,17,True,0.1111111111111111,0.1111111111111111
0.2,70.0,12,True,0.09876543209876543,0.07407407407407407
0.2,70.0,12,True,0.1111111111111111,0.08641975308641975
0.2,70.0,3,True,0.18518518518518517,0.16049382716049382
0.2,70.0,14,True,0.14814814814814814,0.024691358024691357
0.2,70.0,3,True,0.1111111111111111,0.06172839506172839
0.2,70.0,20,False,0.09876543209876543,0.14814814814814814
0.2,70.0,5,True,0.1111111111111111,0.12345679012345678
0.2,70.0,10,True,0.09876543209876543,0.04938271604938271
0.2,70.0,20,False,0.09876543209876543,0.06172839506172839
0.2,70.0,12,True,0.09876543209876543,0.1111111111111111
0.2,70.0,4,True,0.1111111111111111,0.037037037037037035
0.2,70.0,14,True,0.12345679012345678,0.08641975308641975
0.2,70.0,10,True,0.12345679012345678,0.1111111111111111
0.2,70.0,11,True,0.12345679012345678,0.12345679012345678
0.2,70.0,8,True,0.08641975308641975,0.1111111111111111
0.2,70.0,5,True,0.16049382716049382,0.07407407407407407
0.2,70.0,4,True,0.13580246913580246,0.1111111111111111
0.2,70.0,4,True,0.08641975308641975,0.1728395061728395
0.2,70.0,4,True,0.1111111111111111,0.1111111111111111
0.2,70.0,4,True,0.09876543209876543,0.04938271604938271
0.2,70.0,10,True,0.08641975308641975,0.09876543209876543
0.2,70.0,9,True,0.1111111111111111,0.07407407407407407
0.2,70.0,5,True,0.1111111111111111,0.08641975308641975
0.2,70.0,13,True,0.08641975308641975,0.08641975308641975
0.2,70.0,17,True,0.08641975308641975,0.037037037037037035
0.2,70.0,10,True,0.12345679012345678,0.14814814814814814
0.2,70.0,9,True,0.07407407407407407,0.1111111111111111
0.2,70.0,9,True,0.07407407407407407,0.14814814814814814
0.2,70.0,6,True,0.12345679012345678,0.09876543209876543
0.2,70.0,17,True,0.1111111111111111,0.1111111111111111
0.2,70.0,5,True,0.13580246913580246,0.12345679012345678
0.2,70.0,3,True,0.12345679012345678,0.07407407407407407
0.2,70.0,7,True,0.09876543209876543,0.14814814814814814
0.2,70.0,7,True,0.08641975308641975,0.12345679012345678
0.2,70.0,20,False,0.1111111111111111,0.12345679012345678
0.2,70.0,20,False,0.08641975308641975,0.14814814814814814
0.2,70.0,20,False,0.07407407407407407,0.07407407407407407
0.2,70.0,5,True,0.18518518518518517,0.13580246913580246
0.2,70.0,8,True,0.12345679012345678,0.16049382716049382
0.2,70.0,8,True,0.16049382716049382,0.13580246913580246
0.2,70.0,20,False,0.12345679012345678,0.037037037037037035
0.2,70.0,10,True,0.09876543209876543,0.07407407407407407
0.2,70.0,9,True,0.09876543209876543,0.13580246913580246
0.2,70.0,11,True,0.16049382716049382,0.1111111111111111
0.2,70.0,19,True,0.12345679012345678,0.16049382716049382
0.2,80.0,20,False,0.09876543209876543,0.13580246913580246
0.2,80.0,13,True,0.12345679012345678,0.13580246913580246
0.2,80.0,4,True,0.14814814814814814,0.12345679012345678
0.2,80.0,10,True,0.08641975308641975,0.06172839506172839
0.2,80.0,7,True,0.08641975308641975,0.14814814814814814
0.2,80.0,11,True,0.1111111111111111,0.1111111111111111
0.2,80.0,18,True,0.12345679012345678,0.12345679012345678
0.2,80.0,3,True,0.07407407407407407,0.09876543209876543
0.2,80.0,5,True,0.09876543209876543,0.08641975308641975
0.2,80.0,12,True,0.1111111111111111,0.1111111111111111
0.2,80.0,19,True,0.08641975308641975,0.13580246913580246
0.2,80.0,15,True,0.14814814814814814,0.1728395061728395
0.2,80.0,15,True,0.14814814814814814,0.09876543209876543
0.2,80.0,9,True,0.13580246913580246,0.1728395061728395
0.2,80.0,8,True,0.1111111111111111,0.14814814814814814
0.2,80.0,3,True,0.12345679012345678,0.12345679012345678
0.2,80.0,9,True,0.1111111111111111,0.1111111111111111
0.2,80.0,5,True,0.16049382716049382,0.16049382716049382
0.2,80.0,3,True,0.07407407407407407,0.12345679012345678
0.2,80.0,20,False,0.08641975308641975,0.13580246913580246
0.2,80.0,4,True,0.09876543209876543,0.12345679012345678
0.2,80.0,14,True,0.14814814814814814,0.07407407407407407
0.2,80.0,6,True,0.09876543209876543,0.18518518518518517
0.2,80.0,9,True,0.1111111111111111,0.07407407407407407
0.2,80.0,14,True,0.12345679012345678,0.06172839506172839
0.2,80.0,9,True,0.09876543209876543,0.12345679012345678
0.2,80.0,15,True,0.1111111111111111,0.07407407407407407
0.2,80.0,7,True,0.13580246913580246,0.25925925925925924
0.2,80.0,5,True,0.09876543209876543,0.037037037037037035
0.2,80.0,11,True,0.09876543209876543,0.09876543209876543
0.2,80.0,5,True,0.16049382716049382,0.12345679012345678
0.2,80.0,7,True,0.1111111111111111,0.024691358024691357
0.2,80.0,10,True,0.09876543209876543,0.13580246913580246
0.2,80.0,5,True,0.08641975308641975,0.07407407407407407
0.2,80.0,20,False,0.12345679012345678,0.12345679012345678
0.2,80.0,14,True,0.16049382716049382,0.08641975308641975
0.2,80.0,12,True,0.09876543209876543,0.08641975308641975
0.2,80.0,11,True,0.12345679012345678,0.06172839506172839
0.2,80.0,7,True,0.09876543209876543,0.09876543209876543
0.2,80.0,12,True,0.08641975308641975,0.08641975308641975
0.2,80.0,9,True,0.12345679012345678,0.07407407407407407
0.2,80.0,20,False,0.08641975308641975,0.08641975308641975
0.2,80.0,10,True,0.09876543209876543,0.1111111111111111
0.2,80.0,10,True,0.08641975308641975,0.12345679012345678
0.2,80.0,5,True,0.09876543209876543,0.09876543209876543
0.2,80.0,10,True,0.14814814814814814,0.16049382716049382
0.2,80.0,11,True,0.07407407407407407,0.12345679012345678
0.2,80.0,4,True,0.1111111111111111,0.16049382716049382
0.2,80.0,7,True,0.1111111111111111,0.07407407407407407
0.2,80.0,20,False,0.1111111111111111,0.14814814814814814
0.5,0.0,1,True,1.0,1.0
0.5,0.0,1,True,1.0,1.0
0.5,0.0,1,True,1.0,1.0
0.5,0.0,1,True,1.0,1.0
0.5,0.0,1,True,1.0,1.0
0.5,0.0,1,True,1.0,1.0
0.5,0.0,1,True,1.0,1.0
0.5,0.0,1,True,1.0,1.0
0.5,0.0,1,True,1.0,1.0
0.5,0.0,1,True,1.0,1.0
0.5,0.0,1,True,1.0,1.0
0.5,0.0,1,True,1.0,1.0
0.5,0.0,1,True,1.0,1.0
0.5,0.0,1,True,1.0,1.0
0.5,0.0,1,True,1.0,1.0
0.5,0.0,1,True,1.0,1.0
0.5,0.0,1,True,1.0,1.0
0.5,0.0,1,True,1.0,1.0
0.5,0.0,1,True,1.0,1.0
0.5,0.0,1,True,1.0,1.0
0.5,0.0,1,True,1.0,1.0
0.5,0.0,1,True,1.0,1.0
0.5,0.0,1,True,1.0,1.0
0.5,0.0,1,True,1.0,1.0
0.5,0.0,1,True,1.0,1.0
0.5,0.0,1,True,1.0,1.0
0.5,0.0,1,True,1.0,1.0
0.5,0.0,1,True,1.0,1.0
0.5,0.0,1,True,1.0,1.0
0.5,0.0,1,True,1.0,1.0
0.5,0.0,1,True,1.0,1.0
0.5,0.0,1,True,1.0,1.0
0.5,0.0,1,True,1.0,1.0
0.5,0.0,1,True,1.0,1.0
0.5,0.0,1,True,1.0,1.0
0.5,0.0,1,True,1.0,1.0
0.5,0.0,1,True,1.0,1.0
0.5,0.0,1,True,1.0,1.0
0.5,0.0,1,True,1.0,1.0
0.5,0.0,1,True,1.0,1.0
0.5,0.0,1,True,1.0,1.0
0.5,0.0,1,True,1.0,1.0
0.5,0.0,1,True,1.0,1.0
0.5,0.0,1,True,1.0,1.0
0.5,0.0,1,True,1.0,1.0
0.5,0.0,1,True,1.0,1.0
0.5,0.0,1,True,1.0,1.0
0.5,0.0,1,True,1.0,1.0
0.5,0.0,1,True,1.0,1.0
0.5,0.0,1,True,1.0,1.0
0.5,5.0,2,True,1.0,1.0
0.5,5.0,2,True,1.0,1.0
0.5,5.0,2,True,1.0,1.0
0.5,5.0,2,True,1.0,1.0
0.5,5.0,2,True,1.0,1.0
0.5,5.0,2,True,1.0,1.0
0.5,5.0,2,True,1.0,1.0
0.5,5.0,2,True,1.0,1.0
0.5,5.0,2,True,1.0,1.0
0.5,5.0,2,True,1.0,1.0
0.5,5.0,2,True,1.0,1.0
0.5,5.0,2,True,1.0,1.0
0.5,5.0,2,True,1.0,1.0
0.5,5.0,2,True,1.0,1.0
0.5,5.0,2,True,1.0,1.0
0.5,5.0,2,True,1.0,1.0
0.5,5.0,2,True,1.0,1.0
0.5,5.0,2,True,1.0,1.0
0.5,5.0,2,True,1.0,1.0
0.5,5.0,2,True,1.0,1.0
0.5,5.0,2,True,1.0,1.0
0.5,5.0,2,True,1.0,1.0
0.5,5.0,2,True,1.0,1.0
0.5,5.0,2,True,1.0,1.0
0.5,5.0,2,True,1.0,1.0
0.5,5.0,2,True,1.0,1.0
0.5,5.0,2,True,1.0,1.0
0.5,5.0,2,True,1.0,1.0
0.5,5.0,2,True,1.0,1.0
0.5,5.0,2,True,1.0,1.0
0.5,5.0,2,True,1.0,1.0
0.5,5.0,2,True,1.0,1.0
0.5,5.0,2,True,1.0,1.0
0.5,5.0,2,True,1.0,1.0
0.5,5.0,2,True,1.0,1.0
0.5,5.0,2,True,1.0,1.0
0.5,5.0,2,True,1.0,1.0
0.5,5.0,2,True,1.0,1.0
0.5,5.0,2,True,1.0,1.0
0.5,5.0,2,True,1.0,1.0
0.5,5.0,2,True,1.0,1.0
0.5,5.0,2,True,1.0,1.0
0.5,5.0,2,True,1.0,1.0
0.5,5.0,2,True,1.0,1.0
0.5,5.0,2,True,1.0,1.0
0.5,5.0,2,True,1.0,1.0
0.5,5.0,2,True,1.0,1.0
0.5,5.0,2,True,1.0,1.0
0.5,5.0,2,True,1.0,1.0
0.5,5.0,2,True,1.0,1.0
0.5,10.0,2,True,1.0,1.0
0.5,10.0,2,True,1.0,1.0
0.5,10.0,2,True,1.0,1.0
0.5,10.0,2,True,1.0,1.0
0.5,10.0,2,True,1.0,1.0
0.5,10.0,2,True,1.0,1.0
0.5,10.0,2,True,1.0,1.0
0.5,10.0,2,True,1.0,1.0
0.5,10.0,2,True,1.0,1.0
0.5,10.0,2,True,1.0,1.0
0.5,10.0,2,True,1.0,1.0
0.5,10.0,2,True,1.0,1.0
0.5,10.0,2,True,1.0,1.0
0.5,10.0,2,True,1.0,1.0
0.5,10.0,2,True,1.0,1.0
0.5,10.0,2,True,1.0,1.0
0.5,10.0,2,True,1.0,1.0
0.5,10.0,2,True,1.0,1.0
0.5,10.0,2,True,1.0,1.0
0.5,10.0,2,True,1.0,1.0
0.5,10.0,2,True,1.0,1.0
0.5,10.0,2,True,1.0,1.0
0.5,10.0,2,True,1.0,1.0
0.5,10.0,2,True,1.0,1.0
0.5,10.0,2,True,1.0,1.0
0.5,10.0,2,True,1.0,1.0
0.5,10.0,2,True,1.0,1.0
0.5,10.0,2,True,1.0,1.0
0.5,10.0,2,True,1.0,1.0
0.5,10.0,2,True,1.0,1.0
0.5,10.0,2,True,1.0,1.0
0.5,10.0,2,True,1.0,1.0
0.5,10.0,2,True,1.0,1.0
0.5,10.0,2,True,1.0,1.0
0.5,10.0,2,True,1.0,1.0
0.5,10.0,2,True,1.0,1.0
0.5,10.0,2,True,1.0,1.0
0.5,10.0,2,True,1.0,1.0
0.5,10.0,2,True,1.0,1.0
0.5,10.0,2,True,1.0,1.0
0.5,10.0,2,True,1.0,1.0
0.5,10.0,2,True,1.0,1.0
0.5,10.0,2,True,1.0,1.0
0.5,10.0,2,True,1.0,1.0
0.5,10.0,2,True,1.0,1.0
0.5,10.0,2,True,1.0,1.0
0.5,10.0,2,True,1.0,1.0
0.5,10.0,2,True,1.0,1.0
0.5,10.0,2,True,1.0,1.0
0.5,10.0,2,True,1.0,1.0
0.5,15.0,2,True,1.0,1.0
0.5,15.0,2,True,1.0,1.0
0.5,15.0,2,True,1.0,1.0
0.5,15.0,2,True,1.0,1.0
0.5,15.0,2,True,1.0,1.0
0.5,15.0,2,True,1.0,1.0
0.5,15.0,2,True,1.0,1.0
0.5,15.0,2,True,1.0,1.0
0.5,15.0,2,True,1.0,1.0
0.5,15.0,2,True,1.0,1.0
0.5,15.0,2,True,1.0,1.0
0.5,15.0,2,True,1.0,1.0
0.5,15.0,2,True,1.0,1.0
0.5,15.0,2,True,1.0,1.0
0.5,15.0,2,True,1.0,1.0
0.5,15.0,2,True,1.0,1.0
0.5,15.0,2,True,1.0,1.0
0.5,15.0,2,True,1.0,1.0
0.5,15.0,2,True,1.0,1.0
0.5,15.0,2,True,1.0,1.0
0.5,15.0,2,True,1.0,1.0
0.5,15.0,2,True,1.0,1.0
0.5,15.0,2,True,1.0,1.0
0.5,15.0,2,True,1.0,1.0
0.5,15.0,2,True,1.0,1.0
0.5,15.0,2,True,1.0,1.0
0.5,15.0,2,True,1.0,1.0
0.5,15.0,2,True,1.0,1.0
0.5,15.0,2,True,1.0,1.0
0.5,15.0,2,True,1.0,1.0
0.5,15.0,2,True,1.0,1.0
0.5,15.0,2,True,1.0,1.0
0.5,15.0,2,True,1.0,1.0
0.5,15.0,2,True,1.0,1.0
0.5,15.0,2,True,1.0,1.0
0.5,15.0,2,True,1.0,1.0
0.5,15.0,2,True,1.0,1.0
0.5,15.0,2,True,1.0,1.0
0.5,15.0,2,True,1.0,1.0
0.5,15.0,2,True,1.0,1.0
0.5,15.0,2,True,1.0,1.0
0.5,15.0,2,True,1.0,1.0
0.5,15.0,2,True,1.0,1.0
0.5,15.0,2,True,1.0,1.0
0.5,15.0,2,True,1.0,1.0
0.5,15.0,2,True,1.0,1.0
0.5,15.0,2,True,1.0,1.0
0.5,15.0,2,True,1.0,1.0
0.5,15.0,2,True,1.0,1.0
0.5,15.0,2,True,1.0,1.0
0.5,20.0,2,True,1.0,1.0
0.5,20.0,2,True,1.0,1.0
0.5,20.0,2,True,1.0,1.0
0.5,20.0,2,True,1.0,1.0
0.5,20.0,2,True,1.0,1.0
0.5,20.0,2,True,1.0,1.0
0.5,20.0,2,True,1.0,1.0
0.5,20.0,2,True,1.0,1.0
0.5,20.0,2,True,1.0,1.0
0.5,20.0,2,True,1.0,1.0
0.5,20.0,2,True,1.0,1.0
0.5,20.0,2,True,1.0,1.0
0.5,20.0,2,True,1.0,1.0
0.5,20.0,2,True,1.0,1.0
0.5,20.0,2,True,1.0,1.0
0.5,20.0,2,True,1.0,1.0
0.5,20.0,2,True,1.0,1.0
0.5,20.0,2,True,1.0,1.0
0.5,20.0,2,True,1.0,1.0
0.5,20.0,2,True,1.0,1.0
0.5,20.0,2,True,1.0,1.0
0.5,20.0,2,True,1.0,1.0
0.5,20.0,2,True,1.0,1.0
0.5,20.0,2,True,1.0,1.0
0.5,20.0,2,True,1.0,1.0
0.5,20.0,2,True,1.0,1.0
0.5,20.0,2,True,1.0,1.0
0.5,20.0,2,True,1.0,1.0
0.5,20.0,2,True,1.0,1.0
0.5,20.0,2,True,1.0,1.0
0.5,20.0,2,True,1.0,1.0
0.5,20.0,2,True,1.0,1.0
0.5,20.0,2,True,1.0,1.0
0.5,20.0,2,True,1.0,1.0
0.5,20.0,2,True,1.0,1.0
0.5,20.0,2,True,1.0,1.0
0.5,20.0,2,True,1.0,1.0
0.5,20.0,2,True,1.0,1.0
0.5,20.0,2,True,1.0,1.0
0.5,20.0,2,True,1.0,1.0
0.5,20.0,2,True,1.0,1.0
0.5,20.0,2,True,1.0,1.0
0.5,20.0,2,True,1.0,1.0
0.5,20.0,2,True,1.0,1.0
0.5,20.0,2,True,1.0,1.0
0.5,20.0,2,True,1.0,1.0
0.5,20.0,2,True,1.0,1.0
0.5,20.0,2,True,1.0,1.0
0.5,20.0,2,True,1.0,1.0
0.5,20.0,2,True,1.0,1.0
0.5,25.0,2,True,1.0,1.0
0.5,25.0,2,True,1.0,1.0
0.5,25.0,2,True,1.0,1.0
0.5,25.0,2,True,1.0,1.0
0.5,25.0,2,True,1.0,1.0
0.5,25.0,2,True,1.0,1.0
0.5,25.0,2,True,1.0,1.0
0.5,25.0,2,True,1.0,1.0
0.5,25.0,2,True,1.0,1.0
0.5,25.0,2,True,1.0,1.0
0.5,25.0,2,True,1.0,1.0
0.5,25.0,2,True,1.0,1.0
0.5,25.0,2,True,1.0,1.0
0.5,25.0,2,True,1.0,1.0
0.5,25.0,2,True,1.0,1.0
0.5,25.0,2,True,1.0,1.0
0.5,25.0,2,True,1.0,1.0
0.5,25.0,2,True,1.0,1.0
0.5,25.0,2,True,1.0,1.0
0.5,25.0,2,True,1.0,1.0
0.5,25.0,2,True,1.0,1.0
0.5,25.0,2,True,1.0,1.0
0.5,25.0,2,True,1.0,1.0
0.5,25.0,2,True,1.0,1.0
0.5,25.0,2,True,1.0,1.0
0.5,25.0,2,True,1.0,1.0
0.5,25.0,2,True,1.0,1.0
0.5,25.0,2,True,1.0,1.0
0.5,25.0,2,True,1.0,1.0
0.5,25.0,2,True,1.0,1.0
0.5,25.0,2,True,1.0,1.0
0.5,25.0,2,True,1.0,1.0
0.5,25.0,2,True,1.0,1.0
0.5,25.0,2,True,1.0,1.0
0.5,25.0,2,True,1.0,1.0
0.5,25.0,2,True,1.0,1.0
0.5,25.0,2,True,1.0,1.0
0.5,25.0,2,True,1.0,1.0
0.5,25.0,2,True,1.0,1.0
0.5,25.0,2,True,1.0,1.0
0.5,25.0,2,True,1.0,1.0
0.5,25.0,2,True,1.0,1.0
0.5,25.0,2,True,1.0,1.0
0.5,25.0,2,True,1.0,1.0
0.5,25.0,2,True,1.0,1.0
0.5,25.0,2,True,1.0,1.0
0.5,25.0,2,True,1.0,1.0
0.5,25.0,2,True,1.0,1.0
0.5,25.0,2,True,1.0,1.0
0.5,25.0,2,True,1.0,1.0
0.5,30.0,2,True,1.0,1.0
0.5,30.0,2,True,1.0,1.0
0.5,30.0,2,True,1.0,1.0
0.5,30.0,2,True,1.0,1.0
0.5,30.0,2,True,1.0,1.0
0.5,30.0,2,True,1.0,1.0
0.5,30.0,2,True,1.0,1.0
0.5,30.0,2,True,1.0,1.0
0.5,30.0,2,True,1.0,1.0
0.5,30.0,2,True,1.0,1.0
0.5,30.0,2,True,1.0,1.0
0.5,30.0,2,True,1.0,1.0
0.5,30.0,2,True,1.0,1.0
0.5,30.0,2,True,1.0,1.0
0.5,30.0,2,True,1.0,1.0
0.5,30.0,2,True,1.0,1.0
0.5,30.0,2,True,1.0,1.0
0.5,30.0,2,True,1.0,1.0
0.5,30.0,2,True,1.0,1.0
0.5,30.0,2,True,1.0,1.0
0.5,30.0,2,True,1.0,1.0
0.5,30.0,2,True,1.0,1.0
0.5,30.0,2,True,1.0,1.0
0.5,30.0,2,True,1.0,1.0
0.5,30.0,2,True,1.0,1.0
0.5,30.0,2,True,1.0,1.0
0.5,30.0,2,True,1.0,1.0
0.5,30.0,2,True,1.0,1.0
0.5,30.0,2,True,1.0,1.0
0.5,30.0,2,True,1.0,1.0
0.5,30.0,2,True,1.0,1.0
0.5,30.0,2,True,1.0,1.0
0.5,30.0,2,True,1.0,1.0
0.5,30.0,2,True,1.0,1.0
0.5,30.0,2,True,1.0,1.0
0.5,30.0,2,True,1.0,1.0
0.5,30.0,2,True,1.0,1.0
0.5,30.0,2,True,1.0,1.0
0.5,30.0,2,True,1.0,1.0
0.5,30.0,2,True,1.0,1.0
0.5,30.0,2,True,1.0,1.0
0.5,30.0,2,True,1.0,1.0
0.5,30.0,2,True,1.0,1.0
0.5,30.0,2,True,1.0,1.0
0.5,30.0,2,True,1.0,1.0
0.5,30.0,2,True,1.0,1.0
0.5,30.0,2,True,1.0,1.0
0.5,30.0,2,True,1.0,1.0
0.5,30.0,2,True,1.0,1.0
0.5,30.0,2,True,1.0,1.0
0.5,35.0,2,True,1.0,1.0
0.5,35.0,2,True,1.0,1.0
0.5,35.0,2,True,1.0,1.0
0.5,35.0,2,True,1.0,1.0
0.5,35.0,2,True,1.0,1.0
0.5,35.0,2,True,1.0,1.0
0.5,35.0,2,True,1.0,1.0
0.5,35.0,2,True,1.0,1.0
0.5,35.0,2,True,1.0,1.0
0.5,35.0,2,True,1.0,1.0
0.5,35.0,2,True,1.0,1.0
0.5,35.0,2,True,1.0,1.0
0.5,35.0,2,True,1.0,1.0
0.5,35.0,2,True,1.0,1.0
0.5,35.0,2,True,1.0,1.0
0.5,35.0,2,True,1.0,1.0
0.5,35.0,2,True,1.0,1.0
0.5,35.0,2,True,1.0,1.0
0.5,35.0,3,True,0.5432098765432098,1.0
0.5,35.0,2,True,1.0,1.0
0.5,35.0,2,True,1.0,1.0
0.5,35.0,2,True,1.0,1.0
0.5,35.0,3,True,0.5679012345679012,1.0
0.5,35.0,2,True,1.0,1.0
0.5,35.0,2,True,1.0,1.0
0.5,35.0,2,True,1.0,1.0
0.5,35.0,2,True,1.0,1.0
0.5,35.0,2,True,1.0,1.0
0.5,35.0,2,True,1.0,1.0
0.5,35.0,2,True,1.0,1.0
0.5,35.0,2,True,1.0,1.0
0.5,35.0,2,True,1.0,1.0
0.5,35.0,2,True,1.0,1.0
0.5,35.0,2,True,1.0,1.0
0.5,35.0,2,True,1.0,1.0
0.5,35.0,2,True,1.0,1.0
0.5,35.0,2,True,1.0,1.0
0.5,35.0,2,True,1.0,1.0
0.5,35.0,2,True,1.0,1.0
0.5,35.0,2,True,1.0,1.0
0.5,35.0,2,True,1.0,1.0
0.5,35.0,2,True,1.0,1.0
0.5,35.0,2,True,1.0,1.0
0.5,35.0,2,True,1.0,1.0
0.5,35.0,2,True,1.0,1.0
0.5,35.0,2,True,1.0,1.0
0.5,35.0,2,True,1.0,1.0
0.5,35.0,2,True,1.0,1.0
0.5,35.0,2,True,1.0,1.0
0.5,35.0,2,True,1.0,1.0
0.5,40.0,12,True,0.12345679012345678,0.09876543209876543
0.5,40.0,10,True,0.2345679012345679,0.04938271604938271
0.5,40.0,10,True,0.1111111111111111,0.13580246913580246
0.5,40.0,3,True,0.9135802469135802,1.0
0.5,40.0,2,True,1.0,1.0
0.5,40.0,3,True,0.8148148148148148,1.0
0.5,40.0,3,True,0.3333333333333333,1.0
0.5,40.0,12,True,0.12345679012345678,0.14814814814814814
0.5,40.0,3,True,0.18518518518518517,1.0
0.5,40.0,20,False,0.07407407407407407,0.04938271604938271
0.5,40.0,3,True,0.2716049382716049,1.0
0.5,40.0,5,True,0.16049382716049382,0.18518518518518517
0.5,40.0,3,True,0.37037037037037035,1.0
0.5,40.0,3,True,0.18518518518518517,1.0
0.5,40.0,12,True,0.24691358024691357,0.06172839506172839
0.5,40.0,2,True,1.0,1.0
0.5,40.0,10,True,0.1111111111111111,0.09876543209876543
0.5,40.0,3,True,0.38271604938271603,1.0
0.5,40.0,2,True,1.0,1.0
0.5,40.0,3,True,0.32098765432098764,1.0
0.5,40.0,3,True,0.8518518518518519,1.0
0.5,40.0,3,True,0.2962962962962963,1.0
0.5,40.0,3,True,0.2222222222222222,1.0
0.5,40.0,3,True,0.8765432098765432,1.0
0.5,40.0,3,True,0.9753086419753086,1.0
0.5,40.0,9,True,0.24691358024691357,0.09876543209876543
0.5,40.0,3,True,0.18518518518518517,1.0
0.5,40.0,2,True,1.0,1.0
0.5,40.0,5,True,0.09876543209876543,0.07407407407407407
0.5,40.0,3,True,0.7530864197530864,1.0
0.5,40.0,3,True,0.49382716049382713,1.0
0.5,40.0,3,True,0.49382716049382713,1.0
0.5,40.0,6,True,0.1111111111111111,0.13580246913580246
0.5,40.0,20,False,0.1111111111111111,0.12345679012345678
0.5,40.0,7,True,0.1728395061728395,0.14814814814814814
0.5,40.0,4,True,0.16049382716049382,1.0
0.5,40.0,2,True,1.0,1.0
0.5,40.0,5,True,0.1728395061728395,1.0
0.5,40.0,3,True,0.37037037037037035,1.0
0.5,40.0,3,True,0.9753086419753086,1.0
0.5,40.0,2,True,1.0,1.0
0.5,40.0,5,True,0.12345679012345678,0.06172839506172839
0.5,40.0,10,True,0.08641975308641975,0.04938271604938271
0.5,40.0,19,True,0.06172839506172839,0.08641975308641975
0.5,40.0,8,True,0.09876543209876543,0.14814814814814814
0.5,40.0,11,True,0.18518518518518517,0.14814814814814814
0.5,40.0,5,True,0.13580246913580246,0.14814814814814814
0.5,40.0,3,True,0.6790123456790124,1.0
0.5,40.0,3,True,0.7530864197530864,1.0
0.5,40.0,8,True,0.1111111111111111,0.07407407407407407
0.5,45.0,19,True,0.09876543209876543,0.04938271604938271
0.5,45.0,3,True,0.1111111111111111,0.06172839506172839
0.5,45.0,7,True,0.13580246913580246,0.07407407407407407
0.5,45.0,7,True,0.09876543209876543,0.024691358024691357
0.5,45.0,8,True,0.07407407407407407,0.08641975308641975
0.5,45.0,11,True,0.1111111111111111,0.1111111111111111
0.5,45.0,5,True,0.14814814814814814,0.13580246913580246
0.5,45.0,17,True,0.12345679012345678,0.08641975308641975
0.5,45.0,3,True,0.06172839506172839,0.12345679012345678
0.5,45.0,7,True,0.06172839506172839,0.08641975308641975
0.5,45.0,5,True,0.1111111111111111,0.16049382716049382
0.5,45.0,12,True,0.12345679012345678,0.2222222222222222
0.5,45.0,8,True,0.16049382716049382,0.07407407407407407
0.5,45.0,5,True,0.13580246913580246,0.08641975308641975
0.5,45.0,4,True,0.14814814814814814,0.1111111111111111
0.5,45.0,10,True,0.07407407407407407,0.1728395061728395
0.5,45.0,5,True,0.08641975308641975,0.06172839506172839
0.5,45.0,20,False,0.07407407407407407,0.12345679012345678
0.5,45.0,4,True,0.08641975308641975,0.037037037037037035
0.5,45.0,20,False,0.07407407407407407,0.13580246913580246
0.5,45.0,6,True,0.13580246913580246,0.04938271604938271
0.5,45.0,6,True,0.09876543209876543,0.09876543209876543
0.5,45.0,5,True,0.08641975308641975,0.08641975308641975
0.5,45.0,4,True,0.08641975308641975,0.06172839506172839
0.5,45.0,6,True,0.09876543209876543,0.13580246913580246
0.5,45.0,16,True,0.14814814814814814,0.13580246913580246
0.5,45.0,7,True,0.13580246913580246,0.18518518518518517
0.5,45.0,7,True,0.08641975308641975,0.2345679012345679
0.5,45.0,7,True,0.09876543209876543,0.06172839506172839
0.5,45.0,3,True,0.12345679012345678,0.08641975308641975
0.5,45.0,5,True,0.09876543209876543,0.07407407407407407
0.5,45.0,6,True,0.08641975308641975,0.1111111111111111
0.5,45.0,5,True,0.08641975308641975,0.07407407407407407
0.5,45.0,9,True,0.1111111111111111,0.08641975308641975
0.5,45.0,12,True,0.12345679012345678,0.08641975308641975
0.5,45.0,10,True,0.12345679012345678,0.09876543209876543
0.5,45.0,9,True,0.09876543209876543,0.14814814814814814
0.5,45.0,9,True,0.13580246913580246,0.04938271604938271
0.5,45.0,20,True,0.09876543209876543,0.16049382716049382
0.5,45.0,6,True,0.09876543209876543,0.18518518518518517
0.5,45.0,5,True,0.09876543209876543,0.13580246913580246
0.5,45.0,9,True,0.12345679012345678,0.12345679012345678
0.5,45.0,4,True,0.09876543209876543,0.1111111111111111
0.5,45.0,8,True,0.06172839506172839,0.1728395061728395
0.5,45.0,10,True,0.1111111111111111,0.07407407407407407
0.5,45.0,10,True,0.08641975308641975,0.1111111111111111
0.5,45.0,20,False,0.13580246913580246,0.1111111111111111
0.5,45.0,3,True,0.16049382716049382,0.1111111111111111
0.5,45.0,20,False,0.09876543209876543,0.1111111111111111
0.5,45.0,13,True,0.08641975308641975,0.09876543209876543
0.5,50.0,17,True,0.09876543209876543,0.1111111111111111
0.5,50.0,9,True,0.09876543209876543,0.1111111111111111
0.5,50.0,5,True,0.12345679012345678,0.13580246913580246
0.5,50.0,8,True,0.13580246913580246,0.12345679012345678
0.5,50.0,20,True,0.12345679012345678,0.13580246913580246
0.5,50.0,5,True,0.09876543209876543,0.07407407407407407
0.5,50.0,4,True,0.12345679012345678,0.13580246913580246
0.5,50.0,5,True,0.14814814814814814,0.08641975308641975
0.5,50.0,3,True,0.06172839506172839,0.1111111111111111
0.5,50.0,3,True,0.09876543209876543,0.04938271604938271
0.5,50.0,6,True,0.08641975308641975,0.12345679012345678
0.5,50.0,6,True,0.09876543209876543,0.08641975308641975
0.5,50.0,10,True,0.07407407407407407,0.08641975308641975
0.5,50.0,9,True,0.13580246913580246,0.07407407407407407
0.5,50.0,15,True,0.07407407407407407,0.06172839506172839
0.5,50.0,7,True,0.07407407407407407,0.06172839506172839
0.5,50.0,11,True,0.08641975308641975,0.1111111111111111
0.5,50.0,15,True,0.04938271604938271,0.08641975308641975
0.5,50.0,8,True,0.07407407407407407,0.06172839506172839
0.5,50.0,7,True,0.13580246913580246,0.12345679012345678
0.5,50.0,20,True,0.14814814814814814,0.14814814814814814
0.5,50.0,19,True,0.13580246913580246,0.13580246913580246
0.5,50.0,5,True,0.09876543209876543,0.1111111111111111
0.5,50.0,3,True,0.07407407407407407,0.1111111111111111
0.5,50.0,12,True,0.08641975308641975,0.12345679012345678
0.5,50.0,7,True,0.1111111111111111,0.12345679012345678
0.5,50.0,8,True,0.08641975308641975,0.1111111111111111
0.5,50.0,7,True,0.1111111111111111,0.1111111111111111
0.5,50.0,3,True,0.024691358024691357,0.1111111111111111
0.5,50.0,7,True,0.09876543209876543,0.08641975308641975
0.5,50.0,18,True,0.16049382716049382,0.09876543209876543
0.5,50.0,15,True,0.12345679012345678,0.1728395061728395
0.5,50.0,8,True,0.12345679012345678,0.14814814814814814
0.5,50.0,20,False,0.12345679012345678,0.09876543209876543
0.5,50.0,16,True,0.09876543209876543,0.09876543209876543
0.5,50.0,5,True,0.1111111111111111,0.07407407407407407
0.5,50.0,5,True,0.09876543209876543,0.16049382716049382
0.5,50.0,8,True,0.12345679012345678,0.08641975308641975
0.5,50.0,19,True,0.1111111111111111,0.1111111111111111
0.5,50.0,13,True,0.1111111111111111,0.08641975308641975
0.5,50.0,5,True,0.16049382716049382,0.09876543209876543
0.5,50.0,13,True,0.13580246913580246,0.13580246913580246
0.5,50.0,15,True,0.09876543209876543,0.1111111111111111
0.5,50.0,9,True,0.1111111111111111,0.13580246913580246
0.5,50.0,5,True,0.12345679012345678,0.14814814814814814
0.5,50.0,9,True,0.09876543209876543,0.08641975308641975
0.5,50.0,11,True,0.1111111111111111,0.13580246913580246
0.5,50.0,12,True,0.13580246913580246,0.1111111111111111
0.5,50.0,10,True,0.13580246913580246,0.08641975308641975
0.5,50.0,20,False,0.1111111111111111,0.1111111111111111
0.5,55.00000000000001,5,True,0.12345679012345678,0.07407407407407407
0.5,55.00000000000001,7,True,0.12345679012345678,0.14814814814814814
0.5,55.00000000000001,20,False,0.08641975308641975,0.09876543209876543
0.5,55.00000000000001,6,True,0.1111111111111111,0.12345679012345678
0.5,55.00000000000001,20,False,0.12345679012345678,0.16049382716049382
0.5,55.00000000000001,20,True,0.13580246913580246,0.07407407407407407
0.5,55.00000000000001,20,False,0.09876543209876543,0.07407407407407407
0.5,55.00000000000001,18,True,0.16049382716049382,0.06172839506172839
0.5,55.00000000000001,16,True,0.13580246913580246,0.12345679012345678
0.5,55.00000000000001,4,True,0.09876543209876543,0.09876543209876543
0.5,55.00000000000001,8,True,0.12345679012345678,0.14814814814814814
0.5,55.00000000000001,8,True,0.12345679012345678,0.12345679012345678
0.5,55.00000000000001,16,True,0.12345679012345678,0.08641975308641975
0.5,55.00000000000001,17,True,0.1111111111111111,0.06172839506172839
0.5,55.00000000000001,12,True,0.08641975308641975,0.07407407407407407
0.5,55.00000000000001,3,True,0.14814814814814814,0.08641975308641975
0.5,55.00000000000001,3,True,0.07407407407407407,0.13580246913580246
0.5,55.00000000000001,13,True,0.12345679012345678,0.04938271604938271
0.5,55.00000000000001,6,True,0.1111111111111111,0.08641975308641975
0.5,55.00000000000001,6,True,0.12345679012345678,0.08641975308641975
0.5,55.00000000000001,5,True,0.09876543209876543,0.18518518518518517
0.5,55.00000000000001,5,True,0.09876543209876543,0.07407407407407407
0.5,55.00000000000001,13,True,0.08641975308641975,0.08641975308641975
0.5,55.00000000000001,3,True,0.1728395061728395,0.09876543209876543
0.5,55.00000000000001,6,True,0.07407407407407407,0.1111111111111111
0.5,55.00000000000001,16,True,0.13580246913580246,0.18518518518518517
0.5,55.00000000000001,5,True,0.09876543209876543,0.08641975308641975
0.5,55.00000000000001,5,True,0.14814814814814814,0.20987654320987653
0.5,55.00000000000001,8,True,0.1111111111111111,0.14814814814814814
0.5,55.00000000000001,6,True,0.08641975308641975,0.12345679012345678
0.5,55.00000000000001,3,True,0.1111111111111111,0.024691358024691357
0.5,55.00000000000001,4,True,0.07407407407407407,0.09876543209876543
0.5,55.00000000000001,3,True,0.08641975308641975,0.1111111111111111
0.5,55.00000000000001,16,True,0.08641975308641975,0.09876543209876543
0.5,55.00000000000001,3,True,0.08641975308641975,0.07407407407407407
0.5,55.00000000000001,6,True,0.09876543209876543,0.1111111111111111
0.5,55.00000000000001,18,True,0.13580246913580246,0.14814814814814814
0.5,55.00000000000001,20,False,0.07407407407407407,0.06172839506172839
0.5,55.00000000000001,12,True,0.07407407407407407,0.13580246913580246
0.5,55.00000000000001,5,True,0.08641975308641975,0.14814814814814814
0.5,55.00000000000001,5,True,0.12345679012345678,0.07407407407407407
0.5,55.00000000000001,17,True,0.18518518518518517,0.08641975308641975
0.5,55.00000000000001,4,True,0.09876543209876543,0.1111111111111111
0.5,55.00000000000001,4,True,0.12345679012345678,0.16049382716049382
0.5,55.00000000000001,6,True,0.16049382716049382,0.13580246913580246
0.5,55.00000000000001,17,True,0.18518518518518517,0.13580246913580246
0.5,55.00000000000001,20,False,0.12345679012345678,0.12345679012345678
0.5,55.00000000000001,10,True,0.1111111111111111,0.12345679012345678
0.5,55.00000000000001,7,True,0.07407407407407407,0.04938271604938271
0.5,55.00000000000001,7,True,0.1111111111111111,0.06172839506172839
0.5,60.0,12,True,0.12345679012345678,0.1111111111111111
0.5,60.0,9,True,0.16049382716049382,0.12345679012345678
0.5,60.0,7,True,0.09876543209876543,0.04938271604938271
0.5,60.0,4,True,0.14814814814814814,0.1111111111111111
0.5,60.0,5,True,0.16049382716049382,0.037037037037037035
0.5,60.0,5,True,0.09876543209876543,0.2345679012345679
0.5,60.0,6,True,0.14814814814814814,0.13580246913580246
0.5,60.0,20,False,0.14814814814814814,0.12345679012345678
0.5,60.0,9,True,0.14814814814814814,0.12345679012345678
0.5,60.0,16,True,0.12345679012345678,0.19753086419753085
0.5,60.0,16,True,0.1111111111111111,0.09876543209876543
0.5,60.0,18,True,0.1111111111111111,0.13580246913580246
0.5,60.0,17,True,0.06172839506172839,0.1111111111111111
0.5,60.0,15,True,0.08641975308641975,0.1728395061728395
0.5,60.0,6,True,0.1111111111111111,0.07407407407407407
0.5,60.0,20,False,0.1111111111111111,0.16049382716049382
0.5,60.0,16,True,0.1111111111111111,0.19753086419753085
0.5,60.0,11,True,0.1111111111111111,0.08641975308641975
0.5,60.0,17,True,0.13580246913580246,0.19753086419753085
0.5,60.0,3,True,0.12345679012345678,0.09876543209876543
0.5,60.0,8,True,0.1111111111111111,0.1111111111111111
0.5,60.0,4,True,0.07407407407407407,0.04938271604938271
0.5,60.0,13,True,0.12345679012345678,0.08641975308641975
0.5,60.0,15,True,0.12345679012345678,0.07407407407407407
0.5,60.0,7,True,0.1728395061728395,0.1111111111111111
0.5,60.0,14,True,0.1111111111111111,0.09876543209876543
0.5,60.0,8,True,0.07407407407407407,0.1111111111111111
0.5,60.0,10,True,0.1111111111111111,0.13580246913580246
0.5,60.0,11,True,0.13580246913580246,0.08641975308641975
0.5,60.0,12,True,0.13580246913580246,0.08641975308641975
0.5,60.0,10,True,0.08641975308641975,0.012345679012345678
0.5,60.0,5,True,0.13580246913580246,0.08641975308641975
0.5,60.0,11,True,0.09876543209876543,0.14814814814814814
0.5,60.0,11,True,0.04938271604938271,0.1111111111111111
0.5,60.0,6,True,0.13580246913580246,0.14814814814814814
0.5,60.0,16,True,0.12345679012345678,0.08641975308641975
0.5,60.0,14,True,0.1111111111111111,0.1111111111111111
0.5,60.0,10,True,0.12345679012345678,0.09876543209876543
0.5,60.0,13,True,0.1111111111111111,0.07407407407407407
0.5,60.0,14,True,0.07407407407407407,0.09876543209876543
0.5,60.0,7,True,0.1111111111111111,0.07407407407407407
0.5,60.0,6,True,0.08641975308641975,0.08641975308641975
0.5,60.0,4,True,0.12345679012345678,0.07407407407407407
0.5,60.0,9,True,0.08641975308641975,0.19753086419753085
0.5,60.0,16,True,0.09876543209876543,0.07407407407407407
0.5,60.0,6,True,0.08641975308641975,0.07407407407407407
0.5,60.0,3,True,0.09876543209876543,0.037037037037037035
0.5,60.0,11,True,0.14814814814814814,0.1111111111111111
0.5,60.0,8,True,0.12345679012345678,0.07407407407407407
0.5,60.0,10,True,0.13580246913580246,0.09876543209876543
0.5,70.0,8,True,0.13580246913580246,0.09876543209876543
0.5,70.0,4,True,0.09876543209876543,0.09876543209876543
0.5,70.0,7,True,0.1111111111111111,0.1111111111111111
0.5,70.0,20,False,0.09876543209876543,0.12345679012345678
0.5,70.0,4,True,0.12345679012345678,0.09876543209876543
0.5,70.0,14,True,0.16049382716049382,0.19753086419753085
0.5,70.0,9,True,0.08641975308641975,0.09876543209876543
0.5,70.0,8,True,0.1111111111111111,0.12345679012345678
0.5,70.0,6,True,0.09876543209876543,0.16049382716049382
0.5,70.0,8,True,0.14814814814814814,0.07407407407407407
0.5,70.0,7,True,0.09876543209876543,0.1728395061728395
0.5,70.0,19,True,0.14814814814814814,0.07407407407407407
0.5,70.0,20,False,0.1111111111111111,0.14814814814814814
0.5,70.0,5,True,0.13580246913580246,0.13580246913580246
0.5,70.0,9,True,0.1111111111111111,0.06172839506172839
0.5,70.0,11,True,0.08641975308641975,0.07407407407407407
0.5,70.0,12,True,0.08641975308641975,0.14814814814814814
0.5,70.0,12,True,0.08641975308641975,0.14814814814814814
0.5,70.0,6,True,0.08641975308641975,0.1728395061728395
0.5,70.0,5,True,0.09876543209876543,0.07407407407407407
0.5,70.0,5,True,0.1111111111111111,0.1111111111111111
0.5,70.0,8,True,0.12345679012345678,0.14814814814814814
0.5,70.0,5,True,0.06172839506172839,0.14814814814814814
0.5,70.0,9,True,0.06172839506172839,0.12345679012345678
0.5,70.0,4,True,0.04938271604938271,0.09876543209876543
0.5,70.0,13,True,0.13580246913580246,0.07407407407407407
0.5,70.0,20,False,0.08641975308641975,0.1111111111111111
0.5,70.0,15,True,0.06172839506172839,0.14814814814814814
0.5,70.0,20,True,0.09876543209876543,0.1111111111111111
0.5,70.0,9,True,0.13580246913580246,0.14814814814814814
0.5,70.0,6,True,0.13580246913580246,0.12345679012345678
0.5,70.0,5,True,0.1111111111111111,0.09876543209876543
0.5,70.0,5,True,0.13580246913580246,0.1728395061728395
0.5,70.0,8,True,0.13580246913580246,0.14814814814814814
0.5,70.0,11,True,0.12345679012345678,0.14814814814814814
0.5,70.0,7,True,0.12345679012345678,0.07407407407407407
0.5,70.0,5,True,0.1111111111111111,0.1111111111111111
0.5,70.0,6,True,0.12345679012345678,0.13580246913580246
0.5,70.0,11,True,0.1111111111111111,0.19753086419753085
0.5,70.0,9,True,0.14814814814814814,0.12345679012345678
0.5,70.0,6,True,0.09876543209876543,0.08641975308641975
0.5,70.0,7,True,0.1111111111111111,0.06172839506172839
0.5,70.0,4,True,0.1111111111111111,0.16049382716049382
0.5,70.0,20,False,0.08641975308641975,0.07407407407407407
0.5,70.0,20,False,0.1111111111111111,0.09876543209876543
0.5,70.0,3,True,0.1111111111111111,0.06172839506172839
0.5,70.0,16,True,0.1111111111111111,0.08641975308641975
0.5,70.0,11,True,0.09876543209876543,0.20987654320987653
0.5,70.0,9,True,0.1111111111111111,0.12345679012345678
0.5,70.0,4,True,0.09876543209876543,0.09876543209876543
0.5,80.0,3,True,0.07407407407407407,0.16049382716049382
0.5,80.0,8,True,0.1111111111111111,0.12345679012345678
0.5,80.0,15,True,0.1111111111111111,0.1111111111111111
0.5,80.0,12,True,0.09876543209876543,0.04938271604938271
0.5,80.0,20,False,0.1111111111111111,0.12345679012345678
0.5,80.0,9,True,0.06172839506172839,0.024691358024691357
0.5,80.0,7,True,0.12345679012345678,0.08641975308641975
0.5,80.0,6,True,0.09876543209876543,0.024691358024691357
0.5,80.0,20,False,0.08641975308641975,0.12345679012345678
0.5,80.0,20,False,0.14814814814814814,0.12345679012345678
0.5,80.0,7,True,0.04938271604938271,0.08641975308641975
0.5,80.0,8,True,0.08641975308641975,0.18518518518518517
0.5,80.0,6,True,0.09876543209876543,0.1111111111111111
0.5,80.0,14,True,0.12345679012345678,0.09876543209876543
0.5,80.0,20,False,0.1111111111111111,0.07407407407407407
0.5,80.0,8,True,0.09876543209876543,0.12345679012345678
0.5,80.0,9,True,0.13580246913580246,0.14814814814814814
0.5,80.0,8,True,0.14814814814814814,0.13580246913580246
0.5,80.0,8,True,0.08641975308641975,0.08641975308641975
0.5,80.0,8,True,0.13580246913580246,0.12345679012345678
0.5,80.0,8,True,0.09876543209876543,0.1111111111111111
0.5,80.0,8,True,0.09876543209876543,0.16049382716049382
0.5,80.0,11,True,0.12345679012345678,0.14814814814814814
0.5,80.0,3,True,0.06172839506172839,0.14814814814814814
0.5,80.0,20,False,0.09876543209876543,0.12345679012345678
0.5,80.0,16,True,0.08641975308641975,0.1111111111111111
0.5,80.0,6,True,0.13580246913580246,0.09876543209876543
0.5,80.0,5,True,0.12345679012345678,0.09876543209876543
0.5,80.0,8,True,0.09876543209876543,0.14814814814814814
0.5,80.0,5,True,0.1111111111111111,0.12345679012345678
0.5,80.0,20,False,0.09876543209876543,0.07407407407407407
0.5,80.0,5,True,0.08641975308641975,0.07407407407407407
0.5,80.0,20,False,0.13580246913580246,0.1111111111111111
0.5,80.0,7,True,0.09876543209876543,0.09876543209876543
0.5,80.0,16,True,0.09876543209876543,0.1111111111111111
0.5,80.0,5,True,0.06172839506172839,0.20987654320987653
0.5,80.0,7,True,0.12345679012345678,0.037037037037037035
0.5,80.0,20,False,0.09876543209876543,0.09876543209876543
0.5,80.0,10,True,0.08641975308641975,0.1111111111111111
0.5,80.0,11,True,0.07407407407407407,0.07407407407407407
0.5,80.0,15,True,0.07407407407407407,0.1111111111111111
0.5,80.0,8,True,0.12345679012345678,0.14814814814814814
0.5,80.0,7,True,0.1111111111111111,0.08641975308641975
0.5,80.0,5,True,0.13580246913580246,0.1111111111111111
0.5,80.0,9,True,0.12345679012345678,0.14814814814814814
0.5,80.0,5,True,0.08641975308641975,0.09876543209876543
0.5,80.0,3,True,0.09876543209876543,0.08641975308641975
0.5,80.0,6,True,0.1111111111111111,0.14814814814814814
0.5,80.0,10,True,0.12345679012345678,0.09876543209876543
0.5,80.0,12,True,0.12345679012345678,0.12345679012345678
1.0,0.0,1,True,1.0,1.0
1.0,0.0,1,True,1.0,1.0
1.0,0.0,1,True,1.0,1.0
1.0,0.0,1,True,1.0,1.0
1.0,0.0,1,True,1.0,1.0
1.0,0.0,1,True,1.0,1.0
1.0,0.0,1,True,1.0,1.0
1.0,0.0,1,True,1.0,1.0
1.0,0.0,1,True,1.0,1.0
1.0,0.0,1,True,1.0,1.0
1.0,0.0,1,True,1.0,1.0
1.0,0.0,1,True,1.0,1.0
1.0,0.0,1,True,1.0,1.0
1.0,0.0,1,True,1.0,1.0
1.0,0.0,1,True,1.0,1.0
1.0,0.0,1,True,1.0,1.0
1.0,0.0,1,True,1.0,1.0
1.0,0.0,1,True,1.0,1.0
1.0,0.0,1,True,1.0,1.0
1.0,0.0,1,True,1.0,1.0
1.0,0.0,1,True,1.0,1.0
1.0,0.0,1,True,1.0,1.0
1.0,0.0,1,True,1.0,1.0
1.0,0.0,1,True,1.0,1.0
1.0,0.0,1,True,1.0,1.0
1.0,0.0,1,True,1.0,1.0
1.0,0.0,1,True,1.0,1.0
1.0,0.0,1,True,1.0,1.0
1.0,0.0,1,True,1.0,1.0
1.0,0.0,1,True,1.0,1.0
1.0,0.0,1,True,1.0,1.0
1.0,0.0,1,True,1.0,1.0
1.0,0.0,1,True,1.0,1.0
1.0,0.0,1,True,1.0,1.0
1.0,0.0,1,True,1.0,1.0
1.0,0.0,1,True,1.0,1.0
1.0,0.0,1,True,1.0,1.0
1.0,0.0,1,True,1.0,1.0
1.0,0.0,1,True,1.0,1.0
1.0,0.0,1,True,1.0,1.0
1.0,0.0,1,True,1.0,1.0
1.0,0.0,1,True,1.0,1.0
1.0,0.0,1,True,1.0,1.0
1.0,0.0,1,True,1.0,1.0
1.0,0.0,1,True,1.0,1.0
1.0,0.0,1,True,1.0,1.0
1.0,0.0,1,True,1.0,1.0
1.0,0.0,1,True,1.0,1.0
1.0,0.0,1,True,1.0,1.0
1.0,0.0,1,True,1.0,1.0
1.0,5.0,2,True,1.0,1.0
1.0,5.0,2,True,1.0,1.0
1.0,5.0,2,True,1.0,1.0
1.0,5.0,2,True,1.0,1.0
1.0,5.0,2,True,1.0,1.0
1.0,5.0,2,True,1.0,1.0
1.0,5.0,2,True,1.0,1.0
1.0,5.0,2,True,1.0,1.0
1.0,5.0,2,True,1.0,1.0
1.0,5.0,2,True,1.0,1.0
1.0,5.0,2,True,1.0,1.0
1.0,5.0,2,True,1.0,1.0
1.0,5.0,2,True,1.0,1.0
1.0,5.0,2,True,1.0,1.0
1.0,5.0,2,True,1.0,1.0
1.0,5.0,2,True,1.0,1.0
1.0,5.0,2,True,1.0,1.0
1.0,5.0,2,True,1.0,1.0
1.0,5.0,2,True,1.0,1.0
1.0,5.0,2,True,1.0,1.0
1.0,5.0,2,True,1.0,1.0
1.0,5.0,2,True,1.0,1.0
1.0,5.0,2,True,1.0,1.0
1.0,5.0,2,True,1.0,1.0
1.0,5.0,2,True,1.0,1.0
1.0,5.0,2,True,1.0,1.0
1.0,5.0,2,True,1.0,1.0
1.0,5.0,2,True,1.0,1.0
1.0,5.0,2,True,1.0,1.0
1.0,5.0,2,True,1.0,1.0
1.0,5.0,2,True,1.0,1.0
1.0,5.0,2,True,1.0,1.0
1.0,5.0,2,True,1.0,1.0
1.0,5.0,2,True,1.0,1.0
1.0,5.0,2,True,1.0,1.0
1.0,5.0,2,True,1.0,1.0
1.0,5.0,2,True,1.0,1.0
1.0,5.0,2,True,1.0,1.0
1.0,5.0,2,True,1.0,1.0
1.0,5.0,2,True,1.0,1.0
1.0,5.0,2,True,1.0,1.0
1.0,5.0,2,True,1.0,1.0
1.0,5.0,2,True,1.0,1.0
1.0,5.0,2,True,1.0,1.0
1.0,5.0,2,True,1.0,1.0
1.0,5.0,2,True,1.0,1.0
1.0,5.0,2,True,1.0,1.0
1.0,5.0,2,True,1.0,1.0
1.0,5.0,2,True,1.0,1.0
1.0,5.0,2,True,1.0,1.0
1.0,10.0,2,True,1.0,1.0
1.0,10.0,2,True,1.0,1.0
1.0,10.0,2,True,1.0,1.0
1.0,10.0,2,True,1.0,1.0
1.0,10.0,2,True,1.0,1.0
1.0,10.0,2,True,1.0,1.0
1.0,10.0,2,True,1.0,1.0
1.0,10.0,2,True,1.0,1.0
1.0,10.0,2,True,1.0,1.0
1.0,10.0,2,True,1.0,1.0
1.0,10.0,2,True,1.0,1.0
1.0,10.0,2,True,1.0,1.0
1.0,10.0,2,True,1.0,1.0
1.0,10.0,2,True,1.0,1.0
1.0,10.0,2,True,1.0,1.0
1.0,10.0,2,True,1.0,1.0
1.0,10.0,2,True,1.0,1.0
1.0,10.0,2,True,1.0,1.0
1.0,10.0,2,True,1.0,1.0
1.0,10.0,2,True,1.0,1.0
1.0,10.0,2,True,1.0,1.0
1.0,10.0,2,True,1.0,1.0
1.0,10.0,2,True,1.0,1.0
1.0,10.0,2,True,1.0,1.0
1.0,10.0,2,True,1.0,1.0
1.0,10.0,2,True,1.0,1.0
1.0,10.0,2,True,1.0,1.0
1.0,10.0,2,True,1.0,1.0
1.0,10.0,2,True,1.0,1.0
1.0,10.0,2,True,1.0,1.0
1.0,10.0,2,True,1.0,1.0
1.0,10.0,2,True,1.0,1.0
1.0,10.0,2,True,1.0,1.0
1.0,10.0,2,True,1.0,1.0
1.0,10.0,2,True,1.0,1.0
1.0,10.0,2,True,1.0,1.0
1.0,10.0,2,True,1.0,1.0
1.0,10.0,2,True,1.0,1.0
1.0,10.0,2,True,1.0,1.0
1.0,10.0,2,True,1.0,1.0
1.0,10.0,2,True,1.0,1.0
1.0,10.0,2,True,1.0,1.0
1.0,10.0,2,True,1.0,1.0
1.0,10.0,2,True,1.0,1.0
1.0,10.0,2,True,1.0,1.0
1.0,10.0,2,True,1.0,1.0
1.0,10.0,2,True,1.0,1.0
1.0,10.0,2,True,1.0,1.0
1.0,10.0,2,True,1.0,1.0
1.0,10.0,2,True,1.0,1.0
1.0,15.0,2,True,1.0,1.0
1.0,15.0,2,True,1.0,1.0
1.0,15.0,2,True,1.0,1.0
1.0,15.0,2,True,1.0,1.0
1.0,15.0,2,True,1.0,1.0
1.0,15.0,2,True,1.0,1.0
1.0,15.0,2,True,1.0,1.0
1.0,15.0,2,True,1.0,1.0
1.0,15.0,2,True,1.0,1.0
1.0,15.0,2,True,1.0,1.0
1.0,15.0,2,True,1.0,1.0
1.0,15.0,2,True,1.0,1.0
1.0,15.0,2,True,1.0,1.0
1.0,15.0,2,True,1.0,1.0
1.0,15.0,2,True,1.0,1.0
1.0,15.0,2,True,1.0,1.0
1.0,15.0,2,True,1.0,1.0
1.0,15.0,2,True,1.0,1.0
1.0,15.0,2,True,1.0,1.0
1.0,15.0,2,True,1.0,1.0
1.0,15.0,2,True,1.0,1.0
1.0,15.0,2,True,1.0,1.0
1.0,15.0,2,True,1.0,1.0
1.0,15.0,2,True,1.0,1.0
1.0,15.0,2,True,1.0,1.0
1.0,15.0,2,True,1.0,1.0
1.0,15.0,2,True,1.0,1.0
1.0,15.0,2,True,1.0,1.0
1.0,15.0,2,True,1.0,1.0
1.0,15.0,2,True,1.0,1.0
1.0,15.0,2,True,1.0,1.0
1.0,15.0,2,True,1.0,1.0
1.0,15.0,2,True,1.0,1.0
1.0,15.0,2,True,1.0,1.0
1.0,15.0,2,True,1.0,1.0
1.0,15.0,2,True,1.0,1.0
1.0,15.0,2,True,1.0,1.0
1.0,15.0,2,True,1.0,1.0
1.0,15.0,2,True,1.0,1.0
1.0,15.0,2,True,1.0,1.0
1.0,15.0,2,True,1.0,1.0
1.0,15.0,2,True,1.0,1.0
1.0,15.0,2,True,1.0,1.0
1.0,15.0,2,True,1.0,1.0
1.0,15.0,2,True,1.0,1.0
1.0,15.0,2,True,1.0,1.0
1.0,15.0,2,True,1.0,1.0
1.0,15.0,2,True,1.0,1.0
1.0,15.0,2,True,1.0,1.0
1.0,15.0,2,True,1.0,1.0
1.0,20.0,2,True,1.0,1.0
1.0,20.0,2,True,1.0,1.0
1.0,20.0,2,True,1.0,1.0
1.0,20.0,2,True,1.0,1.0
1.0,20.0,2,True,1.0,1.0
1.0,20.0,2,True,1.0,1.0
1.0,20.0,2,True,1.0,1.0
1.0,20.0,2,True,1.0,1.0
1.0,20.0,2,True,1.0,1.0
1.0,20.0,2,True,1.0,1.0
1.0,20.0,2,True,1.0,1.0
1.0,20.0,2,True,1.0,1.0
1.0,20.0,2,True,1.0,1.0
1.0,20.0,2,True,1.0,1.0
1.0,20.0,2,True,1.0,1.0
1.0,20.0,2,True,1.0,1.0
1.0,20.0,2,True,1.0,1.0
1.0,20.0,2,True,1.0,1.0
1.0,20.0,2,True,1.0,1.0
1.0,20.0,2,True,1.0,1.0
1.0,20.0,2,True,1.0,1.0
1.0,20.0,2,True,1.0,1.0
1.0,20.0,2,True,1.0,1.0
1.0,20.0,2,True,1.0,1.0
1.0,20.0,2,True,1.0,1.0
1.0,20.0,2,True,1.0,1.0
1.0,20.0,2,True,1.0,1.0
1.0,20.0,2,True,1.0,1.0
1.0,20.0,2,True,1.0,1.0
1.0,20.0,2,True,1.0,1.0
1.0,20.0,2,True,1.0,1.0
1.0,20.0,2,True,1.0,1.0
1.0,20.0,2,True,1.0,1.0
1.0,20.0,2,True,1.0,1.0
1.0,20.0,2,True,1.0,1.0
1.0,20.0,2,True,1.0,1.0
1.0,20.0,2,True,1.0,1.0
1.0,20.0,2,True,1.0,1.0
1.0,20.0,2,True,1.0,1.0
1.0,20.0,2,True,1.0,1.0
1.0,20.0,2,True,1.0,1.0
1.0,20.0,2,True,1.0,1.0
1.0,20.0,2,True,1.0,1.0
1.0,20.0,2,True,1.0,1.0
1.0,20.0,2,True,1.0,1.0
1.0,20.0,2,True,1.0,1.0
1.0,20.0,2,True,1.0,1.0
1.0,20.0,2,True,1.0,1.0
1.0,20.0,2,True,1.0,1.0
1.0,20.0,2,True,1.0,1.0
1.0,25.0,2,True,1.0,1.0
1.0,25.0,2,True,1.0,1.0
1.0,25.0,2,True,1.0,1.0
1.0,25.0,2,True,1.0,1.0
1.0,25.0,2,True,1.0,1.0
1.0,25.0,2,True,1.0,1.0
1.0,25.0,2,True,1.0,1.0
1.0,25.0,2,True,1.0,1.0
1.0,25.0,2,True,1.0,1.0
1.0,25.0,2,True,1.0,1.0
1.0,25.0,2,True,1.0,1.0
1.0,25.0,2,True,1.0,1.0
1.0,25.0,2,True,1.0,1.0
1.0,25.0,2,True,1.0,1.0
1.0,25.0,2,True,1.0,1.0
1.0,25.0,2,True,1.0,1.0
1.0,25.0,2,True,1.0,1.0
1.0,25.0,2,True,1.0,1.0
1.0,25.0,2,True,1.0,1.0
1.0,25.0,2,True,1.0,1.0
1.0,25.0,2,True,1.0,1.0
1.0,25.0,2,True,1.0,1.0
1.0,25.0,2,True,1.0,1.0
1.0,25.0,2,True,1.0,1.0
1.0,25.0,2,True,1.0,1.0
1.0,25.0,2,True,1.0,1.0
1.0,25.0,2,True,1.0,1.0
1.0,25.0,2,True,1.0,1.0
1.0,25.0,2,True,1.0,1.0
1.0,25.0,2,True,1.0,1.0
1.0,25.0,2,True,1.0,1.0
1.0,25.0,2,True,1.0,1.0
1.0,25.0,2,True,1.0,1.0
1.0,25.0,2,True,1.0,1.0
1.0,25.0,2,True,1.0,1.0
1.0,25.0,2,True,1.0,1.0
1.0,25.0,2,True,1.0,1.0
1.0,25.0,2,True,1.0,1.0
1.0,25.0,2,True,1.0,1.0
1.0,25.0,2,True,1.0,1.0
1.0,25.0,2,True,1.0,1.0
1.0,25.0,2,True,1.0,1.0
1.0,25.0,2,True,1.0,1.0
1.0,25.0,2,True,1.0,1.0
1.0,25.0,2,True,1.0,1.0
1.0,25.0,2,True,1.0,1.0
1.0,25.0,2,True,1.0,1.0
1.0,25.0,2,True,1.0,1.0
1.0,25.0,2,True,1.0,1.0
1.0,25.0,2,True,1.0,1.0
1.0,30.0,2,True,1.0,1.0
1.0,30.0,2,True,1.0,1.0
1.0,30.0,2,True,1.0,1.0
1.0,30.0,2,True,1.0,1.0
1.0,30.0,2,True,1.0,1.0
1.0,30.0,2,True,1.0,1.0
1.0,30.0,2,True,1.0,1.0
1.0,30.0,2,True,1.0,1.0
1.0,30.0,2,True,1.0,1.0
1.0,30.0,2,True,1.0,1.0
1.0,30.0,2,True,1.0,1.0
1.0,30.0,2,True,1.0,1.0
1.0,30.0,2,True,1.0,1.0
1.0,30.0,2,True,1.0,1.0
1.0,30.0,2,True,1.0,1.0
1.0,30.0,2,True,1.0,1.0
1.0,30.0,2,True,1.0,1.0
1.0,30.0,2,True,1.0,1.0
1.0,30.0,2,True,1.0,1.0
1.0,30.0,2,True,1.0,1.0
1.0,30.0,2,True,1.0,1.0
1.0,30.0,2,True,1.0,1.0
1.0,30.0,2,True,1.0,1.0
1.0,30.0,2,True,1.0,1.0
1.0,30.0,2,True,1.0,1.0
1.0,30.0,2,True,1.0,1.0
1.0,30.0,2,True,1.0,1.0
1.0,30.0,2,True,1.0,1.0
1.0,30.0,2,True,1.0,1.0
1.0,30.0,2,True,1.0,1.0
1.0,30.0,2,True,1.0,1.0
1.0,30.0,2,True,1.0,1.0
1.0,30.0,2,True,1.0,1.0
1.0,30.0,2,True,1.0,1.0
1.0,30.0,2,True,1.0,1.0
1.0,30.0,2,True,1.0,1.0
1.0,30.0,2,True,1.0,1.0
1.0,30.0,2,True,1.0,1.0
1.0,30.0,2,True,1.0,1.0
1.0,30.0,2,True,1.0,1.0
1.0,30.0,2,True,1.0,1.0
1.0,30.0,2,True,1.0,1.0
1.0,30.0,2,True,1.0,1.0
1.0,30.0,2,True,1.0,1.0
1.0,30.0,2,True,1.0,1.0
1.0,30.0,2,True,1.0,1.0
1.0,30.0,2,True,1.0,1.0
1.0,30.0,2,True,1.0,1.0
1.0,30.0,2,True,1.0,1.0
1.0,30.0,2,True,1.0,1.0
1.0,35.0,2,True,1.0,1.0
1.0,35.0,2,True,1.0,1.0
1.0,35.0,2,True,1.0,1.0
1.0,35.0,2,True,1.0,1.0
1.0,35.0,2,True,1.0,1.0
1.0,35.0,2,True,1.0,1.0
1.0,35.0,2,True,1.0,1.0
1.0,35.0,2,True,1.0,1.0
1.0,35.0,2,True,1.0,1.0
1.0,35.0,2,True,1.0,1.0
1.0,35.0,2,True,1.0,1.0
1.0,35.0,3,True,0.8395061728395061,1.0
1.0,35.0,2,True,1.0,1.0
1.0,35.0,2,True,1.0,1.0
1.0,35.0,2,True,1.0,1.0
1.0,35.0,2,True,1.0,1.0
1.0,35.0,2,True,1.0,1.0
1.0,35.0,2,True,1.0,1.0
1.0,35.0,2,True,1.0,1.0
1.0,35.0,2,True,1.0,1.0
1.0,35.0,2,True,1.0,1.0
1.0,35.0,2,True,1.0,1.0
1.0,35.0,2,True,1.0,1.0
1.0,35.0,2,True,1.0,1.0
1.0,35.0,2,True,1.0,1.0
1.0,35.0,2,True,1.0,1.0
1.0,35.0,2,True,1.0,1.0
1.0,35.0,2,True,1.0,1.0
1.0,35.0,2,True,1.0,1.0
1.0,35.0,2,True,1.0,1.0
1.0,35.0,2,True,1.0,1.0
1.0,35.0,2,True,1.0,1.0
1.0,35.0,2,True,1.0,1.0
1.0,35.0,2,True,1.0,1.0
1.0,35.0,2,True,1.0,1.0
1.0,35.0,2,True,1.0,1.0
1.0,35.0,2,True,1.0,1.0
1.0,35.0,2,True,1.0,1.0
1.0,35.0,2,True,1.0,1.0
1.0,35.0,2,True,1.0,1.0
1.0,35.0,2,True,1.0,1.0
1.0,35.0,2,True,1.0,1.0
1.0,35.0,2,True,1.0,1.0
1.0,35.0,2,True,1.0,1.0
1.0,35.0,2,True,1.0,1.0
1.0,35.0,2,True,1.0,1.0
1.0,35.0,2,True,1.0,1.0
1.0,35.0,2,True,1.0,1.0
1.0,35.0,2,True,1.0,1.0
1.0,35.0,2,True,1.0,1.0
1.0,40.0,3,True,0.1111111111111111,0.1111111111111111
1.0,40.0,3,True,0.7160493827160493,1.0
1.0,40.0,3,True,0.37037037037037035,1.0
1.0,40.0,3,True,0.9753086419753086,1.0
1.0,40.0,15,True,0.13580246913580246,0.1111111111111111
1.0,40.0,5,True,0.20987654320987653,0.06172839506172839
1.0,40.0,2,True,1.0,1.0
1.0,40.0,3,True,0.4444444444444444,1.0
1.0,40.0,12,True,0.2222222222222222,0.08641975308641975
1.0,40.0,3,True,0.8641975308641975,1.0
1.0,40.0,3,True,0.9629629629629629,1.0
1.0,40.0,3,True,0.2716049382716049,1.0
1.0,40.0,3,True,0.9506172839506173,1.0
1.0,40.0,2,True,1.0,1.0
1.0,40.0,3,True,0.09876543209876543,0.13580246913580246
1.0,40.0,2,True,1.0,1.0
1.0,40.0,8,True,0.07407407407407407,0.09876543209876543
1.0,40.0,6,True,0.16049382716049382,0.09876543209876543
1.0,40.0,19,True,0.14814814814814814,0.18518518518518517
1.0,40.0,2,True,1.0,1.0
1.0,40.0,3,True,0.5925925925925926,1.0
1.0,40.0,8,True,0.14814814814814814,0.14814814814814814
1.0,40.0,11,True,0.2222222222222222,0.08641975308641975
1.0,40.0,3,True,0.37037037037037035,1.0
1.0,40.0,2,True,1.0,1.0
1.0,40.0,4,True,0.18518518518518517,1.0
1.0,40.0,6,True,0.14814814814814814,0.08641975308641975
1.0,40.0,14,True,0.13580246913580246,0.12345679012345678
1.0,40.0,3,True,0.8765432098765432,1.0
1.0,40.0,4,True,0.18518518518518517,1.0
1.0,40.0,7,True,0.18518518518518517,0.1111111111111111
1.0,40.0,3,True,0.2222222222222222,1.0
1.0,40.0,4,True,0.1111111111111111,0.06172839506172839
1.0,40.0,2,True,1.0,1.0
1.0,40.0,3,True,0.9135802469135802,1.0
1.0,40.0,3,True,0.6049382716049383,1.0
1.0,40.0,20,False,0.2345679012345679,0.08641975308641975
1.0,40.0,3,True,0.8395061728395061,1.0
1.0,40.0,2,True,1.0,1.0
1.0,40.0,4,True,0.12345679012345678,0.13580246913580246
1.0,40.0,2,True,1.0,1.0
1.0,40.0,2,True,1.0,1.0
1.0,40.0,3,True,0.6666666666666666,1.0
1.0,40.0,16,True,0.2345679012345679,0.14814814814814814
1.0,40.0,2,True,1.0,1.0
1.0,40.0,3,True,0.30864197530864196,1.0
1.0,40.0,3,True,0.32098765432098764,1.0
1.0,40.0,2,True,1.0,1.0
1.0,40.0,13,True,0.06172839506172839,0.14814814814814814
1.0,40.0,3,True,0.2345679012345679,1.0
1.0,45.0,16,True,0.08641975308641975,0.14814814814814814
1.0,45.0,3,True,0.09876543209876543,0.07407407407407407
1.0,45.0,6,True,0.09876543209876543,0.08641975308641975
1.0,45.0,6,True,0.1111111111111111,0.06172839506172839
1.0,45.0,5,True,0.08641975308641975,0.13580246913580246
1.0,45.0,12,True,0.12345679012345678,0.12345679012345678
1.0,45.0,5,True,0.1111111111111111,0.08641975308641975
1.0,45.0,5,True,0.1111111111111111,0.19753086419753085
1.0,45.0,13,True,0.1111111111111111,0.08641975308641975
1.0,45.0,6,True,0.08641975308641975,0.12345679012345678
1.0,45.0,4,True,0.09876543209876543,0.06172839506172839
1.0,45.0,8,True,0.1111111111111111,0.14814814814814814
1.0,45.0,16,True,0.1111111111111111,0.16049382716049382
1.0,45.0,14,True,0.12345679012345678,0.12345679012345678
1.0,45.0,13,True,0.12345679012345678,0.14814814814814814
1.0,45.0,6,True,0.09876543209876543,0.14814814814814814
1.0,45.0,7,True,0.16049382716049382,0.08641975308641975
1.0,45.0,6,True,0.13580246913580246,0.14814814814814814
1.0,45.0,6,True,0.1111111111111111,0.13580246913580246
1.0,45.0,17,True,0.13580246913580246,0.14814814814814814
1.0,45.0,17,True,0.09876543209876543,0.04938271604938271
1.0,45.0,20,False,0.13580246913580246,0.06172839506172839
1.0,45.0,9,True,0.09876543209876543,0.08641975308641975
1.0,45.0,4,True,0.08641975308641975,0.07407407407407407
1.0,45.0,5,True,0.07407407407407407,0.1728395061728395
1.0,45.0,14,True,0.1111111111111111,0.13580246913580246
1.0,45.0,6,True,0.07407407407407407,0.09876543209876543
1.0,45.0,14,True,0.13580246913580246,0.12345679012345678
1.0,45.0,13,True,0.12345679012345678,0.07407407407407407
1.0,45.0,6,True,0.09876543209876543,0.1111111111111111
1.0,45.0,18,True,0.1111111111111111,0.09876543209876543
1.0,45.0,10,True,0.09876543209876543,0.037037037037037035
1.0,45.0,20,False,0.09876543209876543,0.09876543209876543
1.0,45.0,20,False,0.13580246913580246,0.06172839506172839
1.0,45.0,4,True,0.13580246913580246,0.037037037037037035
1.0,45.0,20,False,0.06172839506172839,0.12345679012345678
1.0,45.0,13,True,0.06172839506172839,0.09876543209876543
1.0,45.0,11,True,0.14814814814814814,0.14814814814814814
1.0,45.0,8,True,0.07407407407407407,0.19753086419753085
1.0,45.0,4,True,0.08641975308641975,0.09876543209876543
1.0,45.0,13,True,0.13580246913580246,0.06172839506172839
1.0,45.0,3,True,0.2839506172839506,1.0
1.0,45.0,3,True,0.08641975308641975,0.06172839506172839
1.0,45.0,8,True,0.1728395061728395,0.09876543209876543
1.0,45.0,16,True,0.06172839506172839,0.14814814814814814
1.0,45.0,12,True,0.1111111111111111,0.09876543209876543
1.0,45.0,6,True,0.09876543209876543,0.07407407407407407
1.0,45.0,10,True,0.13580246913580246,0.08641975308641975
1.0,45.0,8,True,0.16049382716049382,0.1111111111111111
1.0,45.0,7,True,0.1111111111111111,0.18518518518518517
1.0,50.0,18,True,0.037037037037037035,0.08641975308641975
1.0,50.0,9,True,0.07407407407407407,0.12345679012345678
1.0,50.0,6,True,0.1728395061728395,0.09876543209876543
1.0,50.0,16,True,0.12345679012345678,0.13580246913580246
1.0,50.0,4,True,0.1111111111111111,0.14814814814814814
1.0,50.0,19,True,0.13580246913580246,0.1111111111111111
1.0,50.0,7,True,0.09876543209876543,0.06172839506172839
1.0,50.0,16,True,0.1111111111111111,0.06172839506172839
1.0,50.0,7,True,0.04938271604938271,0.08641975308641975
1.0,50.0,7,True,0.08641975308641975,0.09876543209876543
1.0,50.0,10,True,0.14814814814814814,0.13580246913580246
1.0,50.0,7,True,0.09876543209876543,0.12345679012345678
1.0,50.0,8,True,0.12345679012345678,0.06172839506172839
1.0,50.0,11,True,0.12345679012345678,0.2222222222222222
1.0,50.0,4,True,0.1111111111111111,0.1728395061728395
1.0,50.0,7,True,0.14814814814814814,0.07407407407407407
1.0,50.0,9,True,0.1111111111111111,0.09876543209876543
1.0,50.0,9,True,0.09876543209876543,0.09876543209876543
1.0,50.0,3,True,0.07407407407407407,0.16049382716049382
1.0,50.0,5,True,0.12345679012345678,0.13580246913580246
1.0,50.0,15,True,0.1111111111111111,0.13580246913580246
1.0,50.0,9,True,0.08641975308641975,0.1111111111111111
1.0,50.0,18,True,0.1111111111111111,0.14814814814814814
1.0,50.0,4,True,0.06172839506172839,0.08641975308641975
1.0,50.0,4,True,0.16049382716049382,0.04938271604938271
1.0,50.0,18,True,0.1111111111111111,0.12345679012345678
1.0,50.0,14,True,0.08641975308641975,0.07407407407407407
1.0,50.0,10,True,0.13580246913580246,0.14814814814814814
1.0,50.0,20,False,0.14814814814814814,0.06172839506172839
1.0,50.0,14,True,0.1111111111111111,0.12345679012345678
1.0,50.0,10,True,0.09876543209876543,0.1111111111111111
1.0,50.0,14,True,0.08641975308641975,0.12345679012345678
1.0,50.0,3,True,0.07407407407407407,0.09876543209876543
1.0,50.0,6,True,0.08641975308641975,0.06172839506172839
1.0,50.0,14,True,0.09876543209876543,0.07407407407407407
1.0,50.0,19,True,0.12345679012345678,0.14814814814814814
1.0,50.0,7,True,0.08641975308641975,0.09876543209876543
1.0,50.0,9,True,0.14814814814814814,0.16049382716049382
1.0,50.0,20,False,0.1111111111111111,0.12345679012345678
1.0,50.0,11,True,0.08641975308641975,0.1111111111111111
1.0,50.0,19,True,0.14814814814814814,0.08641975308641975
1.0,50.0,20,False,0.1111111111111111,0.1111111111111111
1.0,50.0,20,False,0.12345679012345678,0.12345679012345678
1.0,50.0,17,True,0.08641975308641975,0.07407407407407407
1.0,50.0,13,True,0.06172839506172839,0.09876543209876543
1.0,50.0,17,True,0.1111111111111111,0.06172839506172839
1.0,50.0,13,True,0.06172839506172839,0.12345679012345678
1.0,50.0,15,True,0.06172839506172839,0.12345679012345678
1.0,50.0,20,True,0.08641975308641975,0.04938271604938271
1.0,50.0,5,True,0.1111111111111111,0.09876543209876543
1.0,55.00000000000001,20,False,0.09876543209876543,0.08641975308641975
1.0,55.00000000000001,6,True,0.1111111111111111,0.07407407407407407
1.0,55.00000000000001,16,True,0.09876543209876543,0.08641975308641975
1.0,55.00000000000001,20,False,0.14814814814814814,0.12345679012345678
1.0,55.00000000000001,20,False,0.12345679012345678,0.1111111111111111
1.0,55.00000000000001,7,True,0.037037037037037035,0.07407407407407407
1.0,55.00000000000001,12,True,0.07407407407407407,0.1728395061728395
1.0,55.00000000000001,11,True,0.13580246913580246,0.14814814814814814
1.0,55.00000000000001,6,True,0.13580246913580246,0.04938271604938271
1.0,55.00000000000001,9,True,0.1111111111111111,0.16049382716049382
1.0,55.00000000000001,4,True,0.12345679012345678,0.1111111111111111
1.0,55.00000000000001,9,True,0.12345679012345678,0.14814814814814814
1.0,55.00000000000001,20,False,0.1728395061728395,0.09876543209876543
1.0,55.00000000000001,20,False,0.07407407407407407,0.12345679012345678
1.0,55.00000000000001,6,True,0.07407407407407407,0.06172839506172839
1.0,55.00000000000001,8,True,0.12345679012345678,0.09876543209876543
1.0,55.00000000000001,19,True,0.16049382716049382,0.1111111111111111
1.0,55.00000000000001,3,True,0.18518518518518517,0.14814814814814814
1.0,55.00000000000001,8,True,0.08641975308641975,0.16049382716049382
1.0,55.00000000000001,20,False,0.08641975308641975,0.13580246913580246
1.0,55.00000000000001,9,True,0.09876543209876543,0.08641975308641975
1.0,55.00000000000001,7,True,0.09876543209876543,0.08641975308641975
1.0,55.00000000000001,7,True,0.1111111111111111,0.12345679012345678
1.0,55.00000000000001,8,True,0.12345679012345678,0.14814814814814814
1.0,55.00000000000001,12,True,0.12345679012345678,0.1728395061728395
1.0,55.00000000000001,11,True,0.08641975308641975,0.08641975308641975
1.0,55.00000000000001,17,True,0.1111111111111111,0.13580246913580246
1.0,55.00000000000001,10,True,0.13580246913580246,0.06172839506172839
1.0,55.00000000000001,16,True,0.06172839506172839,0.16049382716049382
1.0,55.00000000000001,4,True,0.12345679012345678,0.13580246913580246
1.0,55.00000000000001,20,False,0.1728395061728395,0.08641975308641975
1.0,55.00000000000001,16,True,0.1111111111111111,0.13580246913580246
1.0,55.00000000000001,7,True,0.12345679012345678,0.07407407407407407
1.0,55.00000000000001,11,True,0.12345679012345678,0.16049382716049382
1.0,55.00000000000001,20,False,0.14814814814814814,0.06172839506172839
1.0,55.00000000000001,6,True,0.09876543209876543,0.08641975308641975
1.0,55.00000000000001,3,True,0.20987654320987653,0.1111111111111111
1.0,55.00000000000001,20,False,0.12345679012345678,0.1111111111111111
1.0,55.00000000000001,4,True,0.14814814814814814,0.1111111111111111
1.0,55.00000000000001,11,True,0.1111111111111111,0.09876543209876543
1.0,55.00000000000001,5,True,0.12345679012345678,0.14814814814814814
1.0,55.00000000000001,20,False,0.12345679012345678,0.09876543209876543
1.0,55.00000000000001,4,True,0.09876543209876543,0.1111111111111111
1.0,55.00000000000001,8,True,0.06172839506172839,0.09876543209876543
1.0,55.00000000000001,20,False,0.1111111111111111,0.14814814814814814
1.0,55.00000000000001,6,True,0.09876543209876543,0.12345679012345678
1.0,55.00000000000001,14,True,0.09876543209876543,0.1111111111111111
1.0,55.00000000000001,20,False,0.13580246913580246,0.12345679012345678
1.0,55.00000000000001,20,True,0.12345679012345678,0.13580246913580246
1.0,55.00000000000001,19,True,0.13580246913580246,0.16049382716049382
1.0,60.0,4,True,0.07407407407407407,0.08641975308641975
1.0,60.0,11,True,0.07407407407407407,0.14814814814814814
1.0,60.0,3,True,0.14814814814814814,0.1728395061728395
1.0,60.0,7,True,0.14814814814814814,0.2345679012345679
1.0,60.0,3,True,0.012345679012345678,0.037037037037037035
1.0,60.0,12,True,0.06172839506172839,0.09876543209876543
1.0,60.0,20,False,0.12345679012345678,0.09876543209876543
1.0,60.0,10,True,0.09876543209876543,0.08641975308641975
1.0,60.0,16,True,0.09876543209876543,0.08641975308641975
1.0,60.0,9,True,0.08641975308641975,0.1111111111111111
1.0,60.0,20,False,0.09876543209876543,0.1111111111111111
1.0,60.0,20,False,0.13580246913580246,0.12345679012345678
1.0,60.0,20,False,0.13580246913580246,0.1111111111111111
1.0,60.0,9,True,0.14814814814814814,0.19753086419753085
1.0,60.0,6,True,0.08641975308641975,0.16049382716049382
1.0,60.0,6,True,0.09876543209876543,0.13580246913580246
1.0,60.0,18,True,0.09876543209876543,0.09876543209876543
1.0,60.0,4,True,0.07407407407407407,0.13580246913580246
1.0,60.0,4,True,0.08641975308641975,0.09876543209876543
1.0,60.0,9,True,0.13580246913580246,0.09876543209876543
1.0,60.0,7,True,0.14814814814814814,0.06172839506172839
1.0,60.0,12,True,0.16049382716049382,0.16049382716049382
1.0,60.0,5,True,0.1111111111111111,0.06172839506172839
1.0,60.0,4,True,0.08641975308641975,0.09876543209876543
1.0,60.0,5,True,0.08641975308641975,0.16049382716049382
1.0,60.0,4,True,0.16049382716049382,0.14814814814814814
1.0,60.0,20,False,0.1111111111111111,0.12345679012345678
1.0,60.0,3,True,0.09876543209876543,0.18518518518518517
1.0,60.0,6,True,0.12345679012345678,0.1728395061728395
1.0,60.0,7,True,0.12345679012345678,0.12345679012345678
1.0,60.0,17,True,0.13580246913580246,0.2222222222222222
1.0,60.0,4,True,0.12345679012345678,0.037037037037037035
1.0,60.0,4,True,0.1111111111111111,0.1111111111111111
1.0,60.0,8,True,0.13580246913580246,0.20987654320987653
1.0,60.0,5,True,0.09876543209876543,0.13580246913580246
1.0,60.0,14,True,0.12345679012345678,0.19753086419753085
1.0,60.0,6,True,0.14814814814814814,0.1111111111111111
1.0,60.0,14,True,0.12345679012345678,0.04938271604938271
1.0,60.0,3,True,0.09876543209876543,0.14814814814814814
1.0,60.0,5,True,0.09876543209876543,0.06172839506172839
1.0,60.0,7,True,0.09876543209876543,0.2222222222222222
1.0,60.0,8,True,0.09876543209876543,0.16049382716049382
1.0,60.0,3,True,0.06172839506172839,0.14814814814814814
1.0,60.0,20,False,0.08641975308641975,0.1111111111111111
1.0,60.0,6,True,0.14814814814814814,0.14814814814814814
1.0,60.0,7,True,0.1111111111111111,0.13580246913580246
1.0,60.0,11,True,0.04938271604938271,0.04938271604938271
1.0,60.0,20,False,0.07407407407407407,0.12345679012345678
1.0,60.0,5,True,0.09876543209876543,0.13580246913580246
1.0,60.0,20,False,0.13580246913580246,0.1111111111111111
1.0,70.0,7,True,0.12345679012345678,0.18518518518518517
1.0,70.0,4,True,0.1111111111111111,0.08641975308641975
1.0,70.0,9,True,0.13580246913580246,0.12345679012345678
1.0,70.0,3,True,0.08641975308641975,0.09876543209876543
1.0,70.0,12,True,0.09876543209876543,0.1111111111111111
1.0,70.0,20,False,0.08641975308641975,0.09876543209876543
1.0,70.0,4,True,0.07407407407407407,0.06172839506172839
1.0,70.0,4,True,0.1111111111111111,0.12345679012345678
1.0,70.0,15,True,0.14814814814814814,0.08641975308641975
1.0,70.0,15,True,0.12345679012345678,0.1111111111111111
1.0,70.0,4,True,0.18518518518518517,0.06172839506172839
1.0,70.0,14,True,0.1111111111111111,0.16049382716049382
1.0,70.0,13,True,0.16049382716049382,0.13580246913580246
1.0,70.0,6,True,0.08641975308641975,0.07407407407407407
1.0,70.0,18,True,0.08641975308641975,0.09876543209876543
1.0,70.0,8,True,0.12345679012345678,0.09876543209876543
1.0,70.0,4,True,0.04938271604938271,0.20987654320987653
1.0,70.0,9,True,0.07407407407407407,0.12345679012345678
1.0,70.0,15,True,0.04938271604938271,0.13580246913580246
1.0,70.0,20,False,0.13580246913580246,0.1111111111111111
1.0,70.0,12,True,0.12345679012345678,0.2222222222222222
1.0,70.0,4,True,0.12345679012345678,0.08641975308641975
1.0,70.0,9,True,0.14814814814814814,0.07407407407407407
1.0,70.0,5,True,0.06172839506172839,0.012345679012345678
1.0,70.0,10,True,0.08641975308641975,0.12345679012345678
1.0,70.0,3,True,0.06172839506172839,0.12345679012345678
1.0,70.0,15,True,0.1111111111111111,0.13580246913580246
1.0,70.0,5,True,0.09876543209876543,0.16049382716049382
1.0,70.0,4,True,0.13580246913580246,0.12345679012345678
1.0,70.0,9,True,0.08641975308641975,0.08641975308641975
1.0,70.0,16,True,0.12345679012345678,0.06172839506172839
1.0,70.0,9,True,0.1111111111111111,0.06172839506172839
1.0,70.0,11,True,0.06172839506172839,0.08641975308641975
1.0,70.0,5,True,0.09876543209876543,0.2222222222222222
1.0,70.0,13,True,0.08641975308641975,0.06172839506172839
1.0,70.0,6,True,0.1111111111111111,0.09876543209876543
1.0,70.0,20,False,0.1111111111111111,0.07407407407407407
1.0,70.0,20,False,0.09876543209876543,0.04938271604938271
1.0,70.0,15,True,0.07407407407407407,0.037037037037037035
1.0,70.0,5,True,0.09876543209876543,0.08641975308641975
1.0,70.0,20,False,0.1111111111111111,0.06172839506172839
1.0,70.0,20,False,0.1111111111111111,0.09876543209876543
1.0,70.0,20,False,0.1111111111111111,0.09876543209876543
1.0,70.0,10,True,0.09876543209876543,0.04938271604938271
1.0,70.0,10,True,0.14814814814814814,0.09876543209876543
1.0,70.0,20,False,0.13580246913580246,0.16049382716049382
1.0,70.0,18,True,0.12345679012345678,0.12345679012345678
1.0,70.0,4,True,0.12345679012345678,0.04938271604938271
1.0,70.0,10,True,0.14814814814814814,0.1111111111111111
1.0,70.0,14,True,0.1111111111111111,0.08641975308641975
1.0,80.0,12,True,0.14814814814814814,0.04938271604938271
1.0,80.0,13,True,0.08641975308641975,0.08641975308641975
1.0,80.0,8,True,0.16049382716049382,0.1111111111111111
1.0,80.0,7,True,0.13580246913580246,0.08641975308641975
1.0,80.0,4,True,0.13580246913580246,0.07407407407407407
1.0,80.0,6,True,0.08641975308641975,0.07407407407407407
1.0,80.0,3,True,0.07407407407407407,0.16049382716049382
1.0,80.0,6,True,0.14814814814814814,0.07407407407407407
1.0,80.0,5,True,0.07407407407407407,0.14814814814814814
1.0,80.0,12,True,0.12345679012345678,0.13580246913580246
1.0,80.0,11,True,0.09876543209876543,0.08641975308641975
1.0,80.0,9,True,0.1111111111111111,0.18518518518518517
1.0,80.0,6,True,0.1111111111111111,0.08641975308641975
1.0,80.0,6,True,0.12345679012345678,0.1111111111111111
1.0,80.0,11,True,0.1111111111111111,0.12345679012345678
1.0,80.0,20,False,0.13580246913580246,0.09876543209876543
1.0,80.0,9,True,0.1111111111111111,0.1728395061728395
1.0,80.0,13,True,0.08641975308641975,0.13580246913580246
1.0,80.0,17,True,0.13580246913580246,0.04938271604938271
1.0,80.0,4,True,0.1111111111111111,0.09876543209876543
1.0,80.0,20,False,0.09876543209876543,0.13580246913580246
1.0,80.0,7,True,0.12345679012345678,0.16049382716049382
1.0,80.0,16,True,0.09876543209876543,0.08641975308641975
1.0,80.0,9,True,0.13580246913580246,0.09876543209876543
1.0,80.0,14,True,0.12345679012345678,0.09876543209876543
1.0,80.0,5,True,0.08641975308641975,0.08641975308641975
1.0,80.0,14,True,0.08641975308641975,0.08641975308641975
1.0,80.0,14,True,0.07407407407407407,0.13580246913580246
1.0,80.0,6,True,0.1111111111111111,0.06172839506172839
1.0,80.0,4,True,0.18518518518518517,0.13580246913580246
1.0,80.0,11,True,0.1111111111111111,0.1728395061728395
1.0,80.0,18,True,0.1111111111111111,0.08641975308641975
1.0,80.0,16,True,0.12345679012345678,0.08641975308641975
1.0,80.0,10,True,0.09876543209876543,0.08641975308641975
1.0,80.0,6,True,0.07407407407407407,0.07407407407407407
1.0,80.0,11,True,0.18518518518518517,0.18518518518518517
1.0,80.0,7,True,0.09876543209876543,0.09876543209876543
1.0,80.0,4,True,0.1111111111111111,0.1111111111111111
1.0,80.0,6,True,0.12345679012345678,0.09876543209876543
1.0,80.0,12,True,0.04938271604938271,0.08641975308641975
1.0,80.0,8,True,0.13580246913580246,0.13580246913580246
1.0,80.0,19,True,0.04938271604938271,0.07407407407407407
1.0,80.0,13,True,0.09876543209876543,0.04938271604938271
1.0,80.0,13,True,0.1111111111111111,0.07407407407407407
1.0,80.0,6,True,0.07407407407407407,0.08641975308641975
1.0,80.0,18,True,0.1111111111111111,0.06172839506172839
1.0,80.0,7,True,0.12345679012345678,0.08641975308641975
1.0,80.0,15,True,0.14814814814814814,0.14814814814814814
1.0,80.0,10,True,0.13580246913580246,0.1111111111111111
1.0,80.0,4,True,0.08641975308641975,0.06172839506172839
