K,noise_percent,iterations,converged,initial_acc,final_acc
150,28.000000000000004,2,True,1.0,1.0
150,28.000000000000004,2,True,1.0,1.0
150,28.000000000000004,2,True,1.0,1.0
150,28.000000000000004,2,True,1.0,1.0
150,28.000000000000004,2,True,1.0,1.0
150,28.000000000000004,2,True,1.0,1.0
150,28.000000000000004,2,True,1.0,1.0
150,28.000000000000004,2,True,1.0,1.0
150,28.000000000000004,2,True,1.0,1.0
150,28.000000000000004,2,True,1.0,1.0
150,28.000000000000004,2,True,1.0,1.0
150,28.000000000000004,2,True,1.0,1.0
150,28.000000000000004,2,True,1.0,1.0
150,28.000000000000004,2,True,1.0,1.0
150,28.000000000000004,2,True,1.0,1.0
150,28.000000000000004,2,True,1.0,1.0
150,28.000000000000004,2,True,1.0,1.0
150,28.000000000000004,2,True,1.0,1.0
150,28.000000000000004,2,True,1.0,1.0
150,28.000000000000004,2,True,1.0,1.0
150,28.000000000000004,2,True,1.0,1.0
150,28.000000000000004,2,True,1.0,1.0
150,28.000000000000004,2,True,1.0,1.0
150,28.000000000000004,2,True,1.0,1.0
150,28.000000000000004,2,True,1.0,1.0
150,28.000000000000004,2,True,1.0,1.0
150,28.000000000000004,2,True,1.0,1.0
150,28.000000000000004,2,True,1.0,1.0
150,28.000000000000004,2,True,1.0,1.0
150,28.000000000000004,2,True,1.0,1.0
150,28.000000000000004,2,True,1.0,1.0
150,28.000000000000004,2,True,1.0,1.0
150,28.000000000000004,2,True,1.0,1.0
150,28.000000000000004,2,True,1.0,1.0
150,28.000000000000004,2,True,1.0,1.0
150,28.000000000000004,2,True,1.0,1.0
150,28.000000000000004,2,True,1.0,1.0
150,28.000000000000004,2,True,1.0,1.0
150,28.000000000000004,2,True,1.0,1.0
150,28.000000000000004,2,True,1.0,1.0
150,28.000000000000004,2,True,1.0,1.0
150,28.000000000000004,2,True,1.0,1.0
150,28.000000000000004,2,True,1.0,1.0
150,28.000000000000004,2,True,1.0,1.0
150,28.000000000000004,2,True,1.0,1.0
150,28.000000000000004,2,True,1.0,1.0
150,28.000000000000004,2,True,1.0,1.0
150,28.000000000000004,2,True,1.0,1.0
150,28.000000000000004,2,True,1.0,1.0
150,28.000000000000004,2,True,1.0,1.0
150,28.000000000000004,2,True,1.0,1.0
150,28.000000000000004,2,True,1.0,1.0
150,28.000000000000004,2,True,1.0,1.0
150,28.000000000000004,2,True,1.0,1.0
150,28.000000000000004,2,True,1.0,1.0
150,28.000000000000004,2,True,1.0,1.0
150,28.000000000000004,2,True,1.0,1.0
150,28.000000000000004,2,True,1.0,1.0
150,28.000000000000004,2,True,1.0,1.0
150,28.000000000000004,2,True,1.0,1.0
150,28.000000000000004,2,True,1.0,1.0
150,28.000000000000004,2,True,1.0,1.0
150,28.000000000000004,2,True,1.0,1.0
150,28.000000000000004,2,True,1.0,1.0
150,28.000000000000004,2,True,1.0,1.0
150,28.000000000000004,2,True,1.0,1.0
150,28.000000000000004,2,True,1.0,1.0
150,28.000000000000004,2,True,1.0,1.0
150,28.000000000000004,2,True,1.0,1.0
150,28.000000000000004,2,True,1.0,1.0
150,28.000000000000004,2,True,1.0,1.0
150,28.000000000000004,2,True,1.0,1.0
150,28.000000000000004,2,True,1.0,1.0
150,28.000000000000004,2,True,1.0,1.0
150,28.000000000000004,2,True,1.0,1.0
150,28.000000000000004,2,True,1.0,1.0
150,28.000000000000004,2,True,1.0,1.0
150,28.000000000000004,2,True,1.0,1.0
150,28.000000000000004,2,True,1.0,1.0
150,28.000000000000004,2,True,1.0,1.0
150,28.000000000000004,2,True,1.0,1.0
150,28.000000000000004,2,True,1.0,1.0
150,28.000000000000004,2,True,1.0,1.0
150,28.000000000000004,2,True,1.0,1.0
150,28.000000000000004,2,True,1.0,1.0
150,28.000000000000004,2,True,1.0,1.0
150,28.000000000000004,2,True,1.0,1.0
150,28.000000000000004,2,True,1.0,1.0
150,28.000000000000004,2,True,1.0,1.0
150,28.000000000000004,2,True,1.0,1.0
150,28.000000000000004,2,True,1.0,1.0
150,28.000000000000004,2,True,1.0,1.0
150,28.000000000000004,2,True,1.0,1.0
150,28.000000000000004,2,True,1.0,1.0
150,28.000000000000004,2,True,1.0,1.0
150,28.000000000000004,2,True,1.0,1.0
150,28.000000000000004,2,True,1.0,1.0
150,28.000000000000004,2,True,1.0,1.0
150,28.000000000000004,2,True,1.0,1.0
150,28.000000000000004,2,True,1.0,1.0
150,28.000000000000004,2,True,1.0,1.0
150,28.000000000000004,2,True,1.0,1.0
150,28.000000000000004,2,True,1.0,1.0
150,28.000000000000004,2,True,1.0,1.0
150,28.000000000000004,2,True,1.0,1.0
150,28.000000000000004,2,True,1.0,1.0
150,28.000000000000004,2,True,1.0,1.0
150,28.000000000000004,2,True,1.0,1.0
150,28.000000000000004,2,True,1.0,1.0
150,28.000000000000004,2,True,1.0,1.0
150,28.000000000000004,2,True,1.0,1.0
150,28.000000000000004,2,True,1.0,1.0
150,28.000000000000004,2,True,1.0,1.0
150,28.000000000000004,2,True,1.0,1.0
150,28.000000000000004,2,True,1.0,1.0
150,28.000000000000004,2,True,1.0,1.0
150,28.000000000000004,2,True,1.0,1.0
150,28.000000000000004,2,True,1.0,1.0
150,28.000000000000004,2,True,1.0,1.0
150,28.000000000000004,2,True,1.0,1.0
150,28.000000000000004,2,True,1.0,1.0
150,28.000000000000004,2,True,1.0,1.0
150,28.000000000000004,2,True,1.0,1.0
150,28.000000000000004,2,True,1.0,1.0
150,28.000000000000004,2,True,1.0,1.0
150,28.000000000000004,2,True,1.0,1.0
150,28.000000000000004,2,True,1.0,1.0
150,28.000000000000004,2,True,1.0,1.0
150,28.000000000000004,2,True,1.0,1.0
150,28.000000000000004,2,True,1.0,1.0
150,28.000000000000004,2,True,1.0,1.0
150,28.000000000000004,2,True,1.0,1.0
150,28.000000000000004,2,True,1.0,1.0
150,28.000000000000004,2,True,1.0,1.0
150,28.000000000000004,2,True,1.0,1.0
150,28.000000000000004,2,True,1.0,1.0
150,28.000000000000004,2,True,1.0,1.0
150,28.000000000000004,2,True,1.0,1.0
150,28.000000000000004,2,True,1.0,1.0
150,28.000000000000004,2,True,1.0,1.0
150,28.000000000000004,2,True,1.0,1.0
150,28.000000000000004,2,True,1.0,1.0
150,28.000000000000004,2,True,1.0,1.0
150,28.000000000000004,2,True,1.0,1.0
150,28.000000000000004,2,True,1.0,1.0
150,28.000000000000004,2,True,1.0,1.0
150,28.000000000000004,2,True,1.0,1.0
150,28.000000000000004,2,True,1.0,1.0
150,28.000000000000004,2,True,1.0,1.0
150,28.000000000000004,2,True,1.0,1.0
150,28.000000000000004,2,True,1.0,1.0
150,28.000000000000004,2,True,1.0,1.0
150,28.000000000000004,2,True,1.0,1.0
150,28.000000000000004,2,True,1.0,1.0
150,28.000000000000004,2,True,1.0,1.0
150,28.000000000000004,2,True,1.0,1.0
150,28.000000000000004,2,True,1.0,1.0
150,28.000000000000004,2,True,1.0,1.0
150,28.000000000000004,2,True,1.0,1.0
150,28.000000000000004,2,True,1.0,1.0
150,28.000000000000004,2,True,1.0,1.0
150,28.000000000000004,2,True,1.0,1.0
150,28.000000000000004,2,True,1.0,1.0
150,28.000000000000004,2,True,1.0,1.0
150,28.000000000000004,2,True,1.0,1.0
150,28.000000000000004,2,True,1.0,1.0
150,28.000000000000004,2,True,1.0,1.0
150,28.000000000000004,2,True,1.0,1.0
150,28.000000000000004,2,True,1.0,1.0
150,28.000000000000004,2,True,1.0,1.0
150,28.000000000000004,2,True,1.0,1.0
150,28.000000000000004,2,True,1.0,1.0
150,28.000000000000004,2,True,1.0,1.0
150,28.000000000000004,2,True,1.0,1.0
150,28.000000000000004,2,True,1.0,1.0
150,28.000000000000004,2,True,1.0,1.0
150,28.000000000000004,2,True,1.0,1.0
150,28.000000000000004,2,True,1.0,1.0
150,28.000000000000004,2,True,1.0,1.0
150,28.000000000000004,2,True,1.0,1.0
150,28.000000000000004,2,True,1.0,1.0
150,28.000000000000004,2,True,1.0,1.0
150,28.000000000000004,2,True,1.0,1.0
150,28.000000000000004,2,True,1.0,1.0
150,28.000000000000004,2,True,1.0,1.0
150,28.000000000000004,2,True,1.0,1.0
150,28.000000000000004,2,True,1.0,1.0
150,28.000000000000004,2,True,1.0,1.0
150,28.000000000000004,2,True,1.0,1.0
150,28.000000000000004,2,True,1.0,1.0
150,28.000000000000004,2,True,1.0,1.0
150,28.000000000000004,2,True,1.0,1.0
150,28.000000000000004,2,True,1.0,1.0
150,28.000000000000004,2,True,1.0,1.0
150,28.000000000000004,2,True,1.0,1.0
150,28.000000000000004,2,True,1.0,1.0
150,28.000000000000004,2,True,1.0,1.0
150,28.000000000000004,2,True,1.0,1.0
150,28.000000000000004,2,True,1.0,1.0
150,28.000000000000004,2,True,1.0,1.0
150,28.000000000000004,2,True,1.0,1.0
150,28.000000000000004,2,True,1.0,1.0
150,28.000000000000004,2,True,1.0,1.0
150,28.000000000000004,2,True,1.0,1.0
150,28.000000000000004,2,True,1.0,1.0
150,28.000000000000004,2,True,1.0,1.0
150,28.000000000000004,2,True,1.0,1.0
150,28.000000000000004,2,True,1.0,1.0
150,28.000000000000004,2,True,1.0,1.0
150,28.000000000000004,2,True,1.0,1.0
150,28.000000000000004,2,True,1.0,1.0
150,28.000000000000004,2,True,1.0,1.0
150,28.000000000000004,2,True,1.0,1.0
150,28.000000000000004,2,True,1.0,1.0
150,28.000000000000004,2,True,1.0,1.0
150,28.000000000000004,2,True,1.0,1.0
150,28.000000000000004,2,True,1.0,1.0
150,28.000000000000004,2,True,1.0,1.0
150,28.000000000000004,2,True,1.0,1.0
150,28.000000000000004,2,True,1.0,1.0
150,28.000000000000004,2,True,1.0,1.0
150,28.000000000000004,2,True,1.0,1.0
150,28.000000000000004,2,True,1.0,1.0
150,28.000000000000004,2,True,1.0,1.0
150,28.000000000000004,2,True,1.0,1.0
150,28.000000000000004,2,True,1.0,1.0
150,28.000000000000004,2,True,1.0,1.0
150,28.000000000000004,2,True,1.0,1.0
150,28.000000000000004,2,True,1.0,1.0
150,28.000000000000004,2,True,1.0,1.0
150,28.000000000000004,2,True,1.0,1.0
150,28.000000000000004,2,True,1.0,1.0
150,28.000000000000004,2,True,1.0,1.0
150,28.000000000000004,2,True,1.0,1.0
150,28.000000000000004,2,True,1.0,1.0
150,28.000000000000004,2,True,1.0,1.0
150,28.000000000000004,2,True,1.0,1.0
150,28.000000000000004,2,True,1.0,1.0
150,28.000000000000004,2,True,1.0,1.0
150,28.000000000000004,2,True,1.0,1.0
150,28.000000000000004,2,True,1.0,1.0
150,28.000000000000004,2,True,1.0,1.0
150,28.000000000000004,2,True,1.0,1.0
150,28.000000000000004,2,True,1.0,1.0
150,28.000000000000004,2,True,1.0,1.0
150,28.000000000000004,2,True,1.0,1.0
150,28.000000000000004,2,True,1.0,1.0
150,28.000000000000004,2,True,1.0,1.0
150,28.000000000000004,2,True,1.0,1.0
150,28.000000000000004,2,True,1.0,1.0
150,28.000000000000004,2,True,1.0,1.0
150,28.000000000000004,2,True,1.0,1.0
150,28.000000000000004,2,True,1.0,1.0
150,28.000000000000004,2,True,1.0,1.0
150,28.000000000000004,2,True,1.0,1.0
150,28.000000000000004,2,True,1.0,1.0
150,28.000000000000004,2,True,1.0,1.0
150,28.000000000000004,2,True,1.0,1.0
150,28.000000000000004,2,True,1.0,1.0
150,28.000000000000004,2,True,1.0,1.0
150,28.000000000000004,2,True,1.0,1.0
150,28.000000000000004,2,True,1.0,1.0
150,28.000000000000004,2,True,1.0,1.0
150,28.000000000000004,2,True,1.0,1.0
150,28.000000000000004,2,True,1.0,1.0
150,28.000000000000004,2,True,1.0,1.0
150,28.000000000000004,2,True,1.0,1.0
150,28.000000000000004,2,True,1.0,1.0
150,28.000000000000004,2,True,1.0,1.0
150,28.000000000000004,2,True,1.0,1.0
150,28.000000000000004,2,True,1.0,1.0
150,28.000000000000004,2,True,1.0,1.0
150,28.000000000000004,2,True,1.0,1.0
150,28.000000000000004,2,True,1.0,1.0
150,28.000000000000004,2,True,1.0,1.0
150,28.000000000000004,2,True,1.0,1.0
150,28.000000000000004,2,True,1.0,1.0
150,28.000000000000004,2,True,1.0,1.0
150,28.000000000000004,2,True,1.0,1.0
150,28.000000000000004,2,True,1.0,1.0
150,28.000000000000004,2,True,1.0,1.0
150,28.000000000000004,2,True,1.0,1.0
150,28.000000000000004,2,True,1.0,1.0
150,28.000000000000004,2,True,1.0,1.0
150,28.000000000000004,2,True,1.0,1.0
150,28.000000000000004,2,True,1.0,1.0
150,28.000000000000004,2,True,1.0,1.0
150,28.000000000000004,2,True,1.0,1.0
150,28.000000000000004,2,True,1.0,1.0
150,28.000000000000004,2,True,1.0,1.0
150,28.000000000000004,2,True,1.0,1.0
150,28.000000000000004,2,True,1.0,1.0
150,28.000000000000004,2,True,1.0,1.0
150,28.000000000000004,2,True,1.0,1.0
150,28.000000000000004,2,True,1.0,1.0
150,28.000000000000004,2,True,1.0,1.0
150,28.000000000000004,2,True,1.0,1.0
150,28.000000000000004,2,True,1.0,1.0
150,28.000000000000004,2,True,1.0,1.0
150,28.000000000000004,2,True,1.0,1.0
150,28.999999999999996,2,True,1.0,1.0
150,28.999999999999996,2,True,1.0,1.0
150,28.999999999999996,2,True,1.0,1.0
150,28.999999999999996,2,True,1.0,1.0
150,28.999999999999996,2,True,1.0,1.0
150,28.999999999999996,2,True,1.0,1.0
150,28.999999999999996,2,True,1.0,1.0
150,28.999999999999996,2,True,1.0,1.0
150,28.999999999999996,2,True,1.0,1.0
150,28.999999999999996,2,True,1.0,1.0
150,28.999999999999996,2,True,1.0,1.0
150,28.999999999999996,2,True,1.0,1.0
150,28.999999999999996,2,True,1.0,1.0
150,28.999999999999996,2,True,1.0,1.0
150,28.999999999999996,2,True,1.0,1.0
150,28.999999999999996,2,True,1.0,1.0
150,28.999999999999996,2,True,1.0,1.0
150,28.999999999999996,2,True,1.0,1.0
150,28.999999999999996,2,True,1.0,1.0
150,28.999999999999996,2,True,1.0,1.0
150,28.999999999999996,2,True,1.0,1.0
150,28.999999999999996,2,True,1.0,1.0
150,28.999999999999996,2,True,1.0,1.0
150,28.999999999999996,2,True,1.0,1.0
150,28.999999999999996,2,True,1.0,1.0
150,28.999999999999996,2,True,1.0,1.0
150,28.999999999999996,2,True,1.0,1.0
150,28.999999999999996,2,True,1.0,1.0
150,28.999999999999996,2,True,1.0,1.0
150,28.999999999999996,2,True,1.0,1.0
150,28.999999999999996,2,True,1.0,1.0
150,28.999999999999996,2,True,1.0,1.0
150,28.999999999999996,2,True,1.0,1.0
150,28.999999999999996,2,True,1.0,1.0
150,28.999999999999996,2,True,1.0,1.0
150,28.999999999999996,2,True,1.0,1.0
150,28.999999999999996,2,True,1.0,1.0
150,28.999999999999996,2,True,1.0,1.0
150,28.999999999999996,2,True,1.0,1.0
150,28.999999999999996,2,True,1.0,1.0
150,28.999999999999996,2,True,1.0,1.0
150,28.999999999999996,2,True,1.0,1.0
150,28.999999999999996,2,True,1.0,1.0
150,28.999999999999996,2,True,1.0,1.0
150,28.999999999999996,2,True,1.0,1.0
150,28.999999999999996,2,True,1.0,1.0
150,28.999999999999996,2,True,1.0,1.0
150,28.999999999999996,2,True,1.0,1.0
150,28.999999999999996,2,True,1.0,1.0
150,28.999999999999996,2,True,1.0,1.0
150,28.999999999999996,2,True,1.0,1.0
150,28.999999999999996,2,True,1.0,1.0
150,28.999999999999996,2,True,1.0,1.0
150,28.999999999999996,2,True,1.0,1.0
150,28.999999999999996,2,True,1.0,1.0
150,28.999999999999996,2,True,1.0,1.0
150,28.999999999999996,2,True,1.0,1.0
150,28.999999999999996,2,True,1.0,1.0
150,28.999999999999996,2,True,1.0,1.0
150,28.999999999999996,2,True,1.0,1.0
150,28.999999999999996,2,True,1.0,1.0
150,28.999999999999996,2,True,1.0,1.0
150,28.999999999999996,2,True,1.0,1.0
150,28.999999999999996,2,True,1.0,1.0
150,28.999999999999996,2,True,1.0,1.0
150,28.999999999999996,2,True,1.0,1.0
150,28.999999999999996,2,True,1.0,1.0
150,28.999999999999996,2,True,1.0,1.0
150,28.999999999999996,2,True,1.0,1.0
150,28.999999999999996,2,True,1.0,1.0
150,28.999999999999996,2,True,1.0,1.0
150,28.999999999999996,2,True,1.0,1.0
150,28.999999999999996,2,True,1.0,1.0
150,28.999999999999996,2,True,1.0,1.0
150,28.999999999999996,2,True,1.0,1.0
150,28.999999999999996,2,True,1.0,1.0
150,28.999999999999996,2,True,1.0,1.0
150,28.999999999999996,2,True,1.0,1.0
150,28.999999999999996,2,True,1.0,1.0
150,28.999999999999996,2,True,1.0,1.0
150,28.999999999999996,2,True,1.0,1.0
150,28.999999999999996,2,True,1.0,1.0
150,28.999999999999996,2,True,1.0,1.0
150,28.999999999999996,2,True,1.0,1.0
150,28.999999999999996,2,True,1.0,1.0
150,28.999999999999996,2,True,1.0,1.0
150,28.999999999999996,2,True,1.0,1.0
150,28.999999999999996,2,True,1.0,1.0
150,28.999999999999996,2,True,1.0,1.0
150,28.999999999999996,2,True,1.0,1.0
150,28.999999999999996,2,True,1.0,1.0
150,28.999999999999996,2,True,1.0,1.0
150,28.999999999999996,2,True,1.0,1.0
150,28.999999999999996,2,True,1.0,1.0
150,28.999999999999996,2,True,1.0,1.0
150,28.999999999999996,2,True,1.0,1.0
150,28.999999999999996,2,True,1.0,1.0
150,28.999999999999996,2,True,1.0,1.0
150,28.999999999999996,2,True,1.0,1.0
150,28.999999999999996,2,True,1.0,1.0
150,28.999999999999996,2,True,1.0,1.0
150,28.999999999999996,2,True,1.0,1.0
150,28.999999999999996,2,True,1.0,1.0
150,28.999999999999996,2,True,1.0,1.0
150,28.999999999999996,2,True,1.0,1.0
150,28.999999999999996,2,True,1.0,1.0
150,28.999999999999996,2,True,1.0,1.0
150,28.999999999999996,2,True,1.0,1.0
150,28.999999999999996,2,True,1.0,1.0
150,28.999999999999996,2,True,1.0,1.0
150,28.999999999999996,2,True,1.0,1.0
150,28.999999999999996,2,True,1.0,1.0
150,28.999999999999996,2,True,1.0,1.0
150,28.999999999999996,2,True,1.0,1.0
150,28.999999999999996,2,True,1.0,1.0
150,28.999999999999996,2,True,1.0,1.0
150,28.999999999999996,2,True,1.0,1.0
150,28.999999999999996,2,True,1.0,1.0
150,28.999999999999996,2,True,1.0,1.0
150,28.999999999999996,2,True,1.0,1.0
150,28.999999999999996,2,True,1.0,1.0
150,28.999999999999996,2,True,1.0,1.0
150,28.999999999999996,2,True,1.0,1.0
150,28.999999999999996,2,True,1.0,1.0
150,28.999999999999996,2,True,1.0,1.0
150,28.999999999999996,2,True,1.0,1.0
150,28.999999999999996,2,True,1.0,1.0
150,28.999999999999996,2,True,1.0,1.0
150,28.999999999999996,2,True,1.0,1.0
150,28.999999999999996,2,True,1.0,1.0
150,28.999999999999996,2,True,1.0,1.0
150,28.999999999999996,2,True,1.0,1.0
150,28.999999999999996,2,True,1.0,1.0
150,28.999999999999996,2,True,1.0,1.0
150,28.999999999999996,2,True,1.0,1.0
150,28.999999999999996,2,True,1.0,1.0
150,28.999999999999996,2,True,1.0,1.0
150,28.999999999999996,2,True,1.0,1.0
150,28.999999999999996,2,True,1.0,1.0
150,28.999999999999996,2,True,1.0,1.0
150,28.999999999999996,2,True,1.0,1.0
150,28.999999999999996,2,True,1.0,1.0
150,28.999999999999996,2,True,1.0,1.0
150,28.999999999999996,2,True,1.0,1.0
150,28.999999999999996,2,True,1.0,1.0
150,28.999999999999996,2,True,1.0,1.0
150,28.999999999999996,2,True,1.0,1.0
150,28.999999999999996,2,True,1.0,1.0
150,28.999999999999996,2,True,1.0,1.0
150,28.999999999999996,2,True,1.0,1.0
150,28.999999999999996,2,True,1.0,1.0
150,28.999999999999996,2,True,1.0,1.0
150,28.999999999999996,2,True,1.0,1.0
150,28.999999999999996,2,True,1.0,1.0
150,28.999999999999996,2,True,1.0,1.0
150,28.999999999999996,2,True,1.0,1.0
150,28.999999999999996,2,True,1.0,1.0
150,28.999999999999996,2,True,1.0,1.0
150,28.999999999999996,2,True,1.0,1.0
150,28.999999999999996,2,True,1.0,1.0
150,28.999999999999996,2,True,1.0,1.0
150,28.999999999999996,2,True,1.0,1.0
150,28.999999999999996,2,True,1.0,1.0
150,28.999999999999996,2,True,1.0,1.0
150,28.999999999999996,2,True,1.0,1.0
150,28.999999999999996,2,True,1.0,1.0
150,28.999999999999996,2,True,1.0,1.0
150,28.999999999999996,2,True,1.0,1.0
150,28.999999999999996,2,True,1.0,1.0
150,28.999999999999996,2,True,1.0,1.0
150,28.999999999999996,2,True,1.0,1.0
150,28.999999999999996,2,True,1.0,1.0
150,28.999999999999996,2,True,1.0,1.0
150,28.999999999999996,2,True,1.0,1.0
150,28.999999999999996,2,True,1.0,1.0
150,28.999999999999996,2,True,1.0,1.0
150,28.999999999999996,2,True,1.0,1.0
150,28.999999999999996,2,True,1.0,1.0
150,28.999999999999996,2,True,1.0,1.0
150,28.999999999999996,2,True,1.0,1.0
150,28.999999999999996,2,True,1.0,1.0
150,28.999999999999996,2,True,1.0,1.0
150,28.999999999999996,2,True,1.0,1.0
150,28.999999999999996,2,True,1.0,1.0
150,28.999999999999996,2,True,1.0,1.0
150,28.999999999999996,2,True,1.0,1.0
150,28.999999999999996,2,True,1.0,1.0
150,28.999999999999996,2,True,1.0,1.0
150,28.999999999999996,2,True,1.0,1.0
150,28.999999999999996,2,True,1.0,1.0
150,28.999999999999996,2,True,1.0,1.0
150,28.999999999999996,2,True,1.0,1.0
150,28.999999999999996,2,True,1.0,1.0
150,28.999999999999996,2,True,1.0,1.0
150,28.999999999999996,2,True,1.0,1.0
150,28.999999999999996,2,True,1.0,1.0
150,28.999999999999996,2,True,1.0,1.0
150,28.999999999999996,2,True,1.0,1.0
150,28.999999999999996,2,True,1.0,1.0
150,28.999999999999996,2,True,1.0,1.0
150,28.999999999999996,2,True,1.0,1.0
150,28.999999999999996,2,True,1.0,1.0
150,28.999999999999996,2,True,1.0,1.0
150,28.999999999999996,2,True,1.0,1.0
150,28.999999999999996,2,True,1.0,1.0
150,28.999999999999996,2,True,1.0,1.0
150,28.999999999999996,2,True,1.0,1.0
150,28.999999999999996,2,True,1.0,1.0
150,28.999999999999996,2,True,1.0,1.0
150,28.999999999999996,2,True,1.0,1.0
150,28.999999999999996,2,True,1.0,1.0
150,28.999999999999996,2,True,1.0,1.0
150,28.999999999999996,2,True,1.0,1.0
150,28.999999999999996,2,True,1.0,1.0
150,28.999999999999996,2,True,1.0,1.0
150,28.999999999999996,2,True,1.0,1.0
150,28.999999999999996,2,True,1.0,1.0
150,28.999999999999996,2,True,1.0,1.0
150,28.999999999999996,2,True,1.0,1.0
150,28.999999999999996,2,True,1.0,1.0
150,28.999999999999996,2,True,1.0,1.0
150,28.999999999999996,2,True,1.0,1.0
150,28.999999999999996,2,True,1.0,1.0
150,28.999999999999996,2,True,1.0,1.0
150,28.999999999999996,2,True,1.0,1.0
150,28.999999999999996,2,True,1.0,1.0
150,28.999999999999996,2,True,1.0,1.0
150,28.999999999999996,2,True,1.0,1.0
150,28.999999999999996,2,True,1.0,1.0
150,28.999999999999996,2,True,1.0,1.0
150,28.999999999999996,2,True,1.0,1.0
150,28.999999999999996,2,True,1.0,1.0
150,28.999999999999996,2,True,1.0,1.0
150,28.999999999999996,2,True,1.0,1.0
150,28.999999999999996,2,True,1.0,1.0
150,28.999999999999996,2,True,1.0,1.0
150,28.999999999999996,2,True,1.0,1.0
150,28.999999999999996,2,True,1.0,1.0
150,28.999999999999996,2,True,1.0,1.0
150,28.999999999999996,2,True,1.0,1.0
150,28.999999999999996,2,True,1.0,1.0
150,28.999999999999996,2,True,1.0,1.0
150,28.999999999999996,2,True,1.0,1.0
150,28.999999999999996,2,True,1.0,1.0
150,28.999999999999996,2,True,1.0,1.0
150,28.999999999999996,2,True,1.0,1.0
150,28.999999999999996,2,True,1.0,1.0
150,28.999999999999996,2,True,1.0,1.0
150,28.999999999999996,2,True,1.0,1.0
150,28.999999999999996,2,True,1.0,1.0
150,28.999999999999996,2,True,1.0,1.0
150,28.999999999999996,2,True,1.0,1.0
150,28.999999999999996,2,True,1.0,1.0
150,28.999999999999996,2,True,1.0,1.0
150,28.999999999999996,2,True,1.0,1.0
150,28.999999999999996,2,True,1.0,1.0
150,28.999999999999996,2,True,1.0,1.0
150,28.999999999999996,2,True,1.0,1.0
150,28.999999999999996,2,True,1.0,1.0
150,28.999999999999996,2,True,1.0,1.0
150,28.999999999999996,2,True,1.0,1.0
150,28.999999999999996,2,True,1.0,1.0
150,28.999999999999996,2,True,1.0,1.0
150,28.999999999999996,2,True,1.0,1.0
150,28.999999999999996,2,True,1.0,1.0
150,28.999999999999996,2,True,1.0,1.0
150,28.999999999999996,2,True,1.0,1.0
150,28.999999999999996,2,True,1.0,1.0
150,28.999999999999996,2,True,1.0,1.0
150,28.999999999999996,2,True,1.0,1.0
150,28.999999999999996,2,True,1.0,1.0
150,28.999999999999996,2,True,1.0,1.0
150,28.999999999999996,2,True,1.0,1.0
150,28.999999999999996,2,True,1.0,1.0
150,28.999999999999996,2,True,1.0,1.0
150,28.999999999999996,2,True,1.0,1.0
150,28.999999999999996,2,True,1.0,1.0
150,28.999999999999996,2,True,1.0,1.0
150,28.999999999999996,2,True,1.0,1.0
150,28.999999999999996,2,True,1.0,1.0
150,28.999999999999996,2,True,1.0,1.0
150,28.999999999999996,2,True,1.0,1.0
150,28.999999999999996,2,True,1.0,1.0
150,28.999999999999996,2,True,1.0,1.0
150,28.999999999999996,2,True,1.0,1.0
150,28.999999999999996,2,True,1.0,1.0
150,28.999999999999996,2,True,1.0,1.0
150,28.999999999999996,2,True,1.0,1.0
150,28.999999999999996,2,True,1.0,1.0
150,28.999999999999996,2,True,1.0,1.0
150,28.999999999999996,2,True,1.0,1.0
150,28.999999999999996,2,True,1.0,1.0
150,28.999999999999996,2,True,1.0,1.0
150,28.999999999999996,2,True,1.0,1.0
150,28.999999999999996,2,True,1.0,1.0
150,28.999999999999996,2,True,1.0,1.0
150,28.999999999999996,2,True,1.0,1.0
150,28.999999999999996,2,True,1.0,1.0
150,28.999999999999996,2,True,1.0,1.0
150,28.999999999999996,2,True,1.0,1.0
150,30.0,2,True,1.0,1.0
150,30.0,2,True,1.0,1.0
150,30.0,2,True,1.0,1.0
150,30.0,2,True,1.0,1.0
150,30.0,2,True,1.0,1.0
150,30.0,2,True,1.0,1.0
150,30.0,2,True,1.0,1.0
150,30.0,2,True,1.0,1.0
150,30.0,2,True,1.0,1.0
150,30.0,2,True,1.0,1.0
150,30.0,2,True,1.0,1.0
150,30.0,2,True,1.0,1.0
150,30.0,2,True,1.0,1.0
150,30.0,2,True,1.0,1.0
150,30.0,2,True,1.0,1.0
150,30.0,2,True,1.0,1.0
150,30.0,2,True,1.0,1.0
150,30.0,2,True,1.0,1.0
150,30.0,2,True,1.0,1.0
150,30.0,2,True,1.0,1.0
150,30.0,2,True,1.0,1.0
150,30.0,2,True,1.0,1.0
150,30.0,2,True,1.0,1.0
150,30.0,2,True,1.0,1.0
150,30.0,2,True,1.0,1.0
150,30.0,2,True,1.0,1.0
150,30.0,2,True,1.0,1.0
150,30.0,2,True,1.0,1.0
150,30.0,2,True,1.0,1.0
150,30.0,2,True,1.0,1.0
150,30.0,2,True,1.0,1.0
150,30.0,2,True,1.0,1.0
150,30.0,2,True,1.0,1.0
150,30.0,2,True,1.0,1.0
150,30.0,2,True,1.0,1.0
150,30.0,2,True,1.0,1.0
150,30.0,2,True,1.0,1.0
150,30.0,2,True,1.0,1.0
150,30.0,2,True,1.0,1.0
150,30.0,2,True,1.0,1.0
150,30.0,2,True,1.0,1.0
150,30.0,2,True,1.0,1.0
150,30.0,2,True,1.0,1.0
150,30.0,2,True,1.0,1.0
150,30.0,2,True,1.0,1.0
150,30.0,2,True,1.0,1.0
150,30.0,2,True,1.0,1.0
150,30.0,2,True,1.0,1.0
150,30.0,2,True,1.0,1.0
150,30.0,2,True,1.0,1.0
150,30.0,2,True,1.0,1.0
150,30.0,2,True,1.0,1.0
150,30.0,2,True,1.0,1.0
150,30.0,2,True,1.0,1.0
150,30.0,2,True,1.0,1.0
150,30.0,2,True,1.0,1.0
150,30.0,2,True,1.0,1.0
150,30.0,2,True,1.0,1.0
150,30.0,2,True,1.0,1.0
150,30.0,2,True,1.0,1.0
150,30.0,2,True,1.0,1.0
150,30.0,2,True,1.0,1.0
150,30.0,2,True,1.0,1.0
150,30.0,2,True,1.0,1.0
150,30.0,2,True,1.0,1.0
150,30.0,2,True,1.0,1.0
150,30.0,2,True,1.0,1.0
150,30.0,2,True,1.0,1.0
150,30.0,2,True,1.0,1.0
150,30.0,2,True,1.0,1.0
150,30.0,2,True,1.0,1.0
150,30.0,2,True,1.0,1.0
150,30.0,2,True,1.0,1.0
150,30.0,2,True,1.0,1.0
150,30.0,2,True,1.0,1.0
150,30.0,2,True,1.0,1.0
150,30.0,2,True,1.0,1.0
150,30.0,2,True,1.0,1.0
150,30.0,2,True,1.0,1.0
150,30.0,2,True,1.0,1.0
150,30.0,2,True,1.0,1.0
150,30.0,2,True,1.0,1.0
150,30.0,2,True,1.0,1.0
150,30.0,2,True,1.0,1.0
150,30.0,2,True,1.0,1.0
150,30.0,2,True,1.0,1.0
150,30.0,2,True,1.0,1.0
150,30.0,2,True,1.0,1.0
150,30.0,2,True,1.0,1.0
150,30.0,2,True,1.0,1.0
150,30.0,2,True,1.0,1.0
150,30.0,2,True,1.0,1.0
150,30.0,2,True,1.0,1.0
150,30.0,2,True,1.0,1.0
150,30.0,2,True,1.0,1.0
150,30.0,2,True,1.0,1.0
150,30.0,2,True,1.0,1.0
150,30.0,2,True,1.0,1.0
150,30.0,2,True,1.0,1.0
150,30.0,2,True,1.0,1.0
150,30.0,2,True,1.0,1.0
150,30.0,2,True,1.0,1.0
150,30.0,2,True,1.0,1.0
150,30.0,2,True,1.0,1.0
150,30.0,2,True,1.0,1.0
150,30.0,2,True,1.0,1.0
150,30.0,2,True,1.0,1.0
150,30.0,2,True,1.0,1.0
150,30.0,2,True,1.0,1.0
150,30.0,2,True,1.0,1.0
150,30.0,2,True,1.0,1.0
150,30.0,2,True,1.0,1.0
150,30.0,2,True,1.0,1.0
150,30.0,2,True,1.0,1.0
150,30.0,2,True,1.0,1.0
150,30.0,2,True,1.0,1.0
150,30.0,2,True,1.0,1.0
150,30.0,2,True,1.0,1.0
150,30.0,2,True,1.0,1.0
150,30.0,2,True,1.0,1.0
150,30.0,2,True,1.0,1.0
150,30.0,2,True,1.0,1.0
150,30.0,2,True,1.0,1.0
150,30.0,2,True,1.0,1.0
150,30.0,2,True,1.0,1.0
150,30.0,2,True,1.0,1.0
150,30.0,2,True,1.0,1.0
150,30.0,2,True,1.0,1.0
150,30.0,2,True,1.0,1.0
150,30.0,2,True,1.0,1.0
150,30.0,2,True,1.0,1.0
150,30.0,2,True,1.0,1.0
150,30.0,2,True,1.0,1.0
150,30.0,2,True,1.0,1.0
150,30.0,2,True,1.0,1.0
150,30.0,2,True,1.0,1.0
150,30.0,2,True,1.0,1.0
150,30.0,2,True,1.0,1.0
150,30.0,2,True,1.0,1.0
150,30.0,2,True,1.0,1.0
150,30.0,2,True,1.0,1.0
150,30.0,2,True,1.0,1.0
150,30.0,2,True,1.0,1.0
150,30.0,2,True,1.0,1.0
150,30.0,2,True,1.0,1.0
150,30.0,2,True,1.0,1.0
150,30.0,2,True,1.0,1.0
150,30.0,2,True,1.0,1.0
150,30.0,2,True,1.0,1.0
150,30.0,2,True,1.0,1.0
150,30.0,2,True,1.0,1.0
150,30.0,2,True,1.0,1.0
150,30.0,2,True,1.0,1.0
150,30.0,2,True,1.0,1.0
150,30.0,2,True,1.0,1.0
150,30.0,2,True,1.0,1.0
150,30.0,2,True,1.0,1.0
150,30.0,2,True,1.0,1.0
150,30.0,2,True,1.0,1.0
150,30.0,2,True,1.0,1.0
150,30.0,2,True,1.0,1.0
150,30.0,2,True,1.0,1.0
150,30.0,2,True,1.0,1.0
150,30.0,2,True,1.0,1.0
150,30.0,2,True,1.0,1.0
150,30.0,2,True,1.0,1.0
150,30.0,2,True,1.0,1.0
150,30.0,2,True,1.0,1.0
150,30.0,2,True,1.0,1.0
150,30.0,2,True,1.0,1.0
150,30.0,2,True,1.0,1.0
150,30.0,2,True,1.0,1.0
150,30.0,2,True,1.0,1.0
150,30.0,2,True,1.0,1.0
150,30.0,2,True,1.0,1.0
150,30.0,2,True,1.0,1.0
150,30.0,2,True,1.0,1.0
150,30.0,2,True,1.0,1.0
150,30.0,2,True,1.0,1.0
150,30.0,2,True,1.0,1.0
150,30.0,2,True,1.0,1.0
150,30.0,2,True,1.0,1.0
150,30.0,2,True,1.0,1.0
150,30.0,2,True,1.0,1.0
150,30.0,2,True,1.0,1.0
150,30.0,2,True,1.0,1.0
150,30.0,2,True,1.0,1.0
150,30.0,2,True,1.0,1.0
150,30.0,2,True,1.0,1.0
150,30.0,2,True,1.0,1.0
150,30.0,2,True,1.0,1.0
150,30.0,2,True,1.0,1.0
150,30.0,2,True,1.0,1.0
150,30.0,2,True,1.0,1.0
150,30.0,2,True,1.0,1.0
150,30.0,2,True,1.0,1.0
150,30.0,2,True,1.0,1.0
150,30.0,2,True,1.0,1.0
150,30.0,2,True,1.0,1.0
150,30.0,2,True,1.0,1.0
150,30.0,2,True,1.0,1.0
150,30.0,2,True,1.0,1.0
150,30.0,2,True,1.0,1.0
150,30.0,2,True,1.0,1.0
150,30.0,2,True,1.0,1.0
150,30.0,2,True,1.0,1.0
150,30.0,2,True,1.0,1.0
150,30.0,2,True,1.0,1.0
150,30.0,2,True,1.0,1.0
150,30.0,2,True,1.0,1.0
150,30.0,2,True,1.0,1.0
150,30.0,2,True,1.0,1.0
150,30.0,2,True,1.0,1.0
150,30.0,2,True,1.0,1.0
150,30.0,2,True,1.0,1.0
150,30.0,2,True,1.0,1.0
150,30.0,2,True,1.0,1.0
150,30.0,2,True,1.0,1.0
150,30.0,2,True,1.0,1.0
150,30.0,2,True,1.0,1.0
150,30.0,2,True,1.0,1.0
150,30.0,2,True,1.0,1.0
150,30.0,2,True,1.0,1.0
150,30.0,2,True,1.0,1.0
150,30.0,2,True,1.0,1.0
150,30.0,2,True,1.0,1.0
150,30.0,2,True,1.0,1.0
150,30.0,2,True,1.0,1.0
150,30.0,2,True,1.0,1.0
150,30.0,2,True,1.0,1.0
150,30.0,2,True,1.0,1.0
150,30.0,2,True,1.0,1.0
150,30.0,2,True,1.0,1.0
150,30.0,2,True,1.0,1.0
150,30.0,2,True,1.0,1.0
150,30.0,2,True,1.0,1.0
150,30.0,2,True,1.0,1.0
150,30.0,2,True,1.0,1.0
150,30.0,2,True,1.0,1.0
150,30.0,2,True,1.0,1.0
150,30.0,2,True,1.0,1.0
150,30.0,2,True,1.0,1.0
150,30.0,2,True,1.0,1.0
150,30.0,2,True,1.0,1.0
150,30.0,2,True,1.0,1.0
150,30.0,2,True,1.0,1.0
150,30.0,2,True,1.0,1.0
150,30.0,2,True,1.0,1.0
150,30.0,2,True,1.0,1.0
150,30.0,2,True,1.0,1.0
150,30.0,2,True,1.0,1.0
150,30.0,2,True,1.0,1.0
150,30.0,2,True,1.0,1.0
150,30.0,2,True,1.0,1.0
150,30.0,2,True,1.0,1.0
150,30.0,2,True,1.0,1.0
150,30.0,2,True,1.0,1.0
150,30.0,2,True,1.0,1.0
150,30.0,2,True,1.0,1.0
150,30.0,2,True,1.0,1.0
150,30.0,2,True,1.0,1.0
150,30.0,2,True,1.0,1.0
150,30.0,2,True,1.0,1.0
150,30.0,2,True,1.0,1.0
150,30.0,2,True,1.0,1.0
150,30.0,2,True,1.0,1.0
150,30.0,2,True,1.0,1.0
150,30.0,2,True,1.0,1.0
150,30.0,2,True,1.0,1.0
150,30.0,2,True,1.0,1.0
150,30.0,2,True,1.0,1.0
150,30.0,2,True,1.0,1.0
150,30.0,2,True,1.0,1.0
150,30.0,2,True,1.0,1.0
150,30.0,2,True,1.0,1.0
150,30.0,2,True,1.0,1.0
150,30.0,2,True,1.0,1.0
150,30.0,2,True,1.0,1.0
150,30.0,2,True,1.0,1.0
150,30.0,2,True,1.0,1.0
150,30.0,2,True,1.0,1.0
150,30.0,2,True,1.0,1.0
150,30.0,2,True,1.0,1.0
150,30.0,2,True,1.0,1.0
150,30.0,2,True,1.0,1.0
150,30.0,2,True,1.0,1.0
150,30.0,2,True,1.0,1.0
150,30.0,2,True,1.0,1.0
150,30.0,2,True,1.0,1.0
150,30.0,2,True,1.0,1.0
150,30.0,2,True,1.0,1.0
150,30.0,2,True,1.0,1.0
150,30.0,2,True,1.0,1.0
150,30.0,2,True,1.0,1.0
150,30.0,2,True,1.0,1.0
150,30.0,2,True,1.0,1.0
150,30.0,2,True,1.0,1.0
150,30.0,2,True,1.0,1.0
150,30.0,2,True,1.0,1.0
150,30.0,2,True,1.0,1.0
150,31.0,2,True,1.0,1.0
150,31.0,2,True,1.0,1.0
150,31.0,2,True,1.0,1.0
150,31.0,2,True,1.0,1.0
150,31.0,2,True,1.0,1.0
150,31.0,2,True,1.0,1.0
150,31.0,2,True,1.0,1.0
150,31.0,2,True,1.0,1.0
150,31.0,2,True,1.0,1.0
150,31.0,2,True,1.0,1.0
150,31.0,2,True,1.0,1.0
150,31.0,2,True,1.0,1.0
150,31.0,2,True,1.0,1.0
150,31.0,2,True,1.0,1.0
150,31.0,2,True,1.0,1.0
150,31.0,2,True,1.0,1.0
150,31.0,2,True,1.0,1.0
150,31.0,2,True,1.0,1.0
150,31.0,2,True,1.0,1.0
150,31.0,2,True,1.0,1.0
150,31.0,2,True,1.0,1.0
150,31.0,2,True,1.0,1.0
150,31.0,2,True,1.0,1.0
150,31.0,2,True,1.0,1.0
150,31.0,2,True,1.0,1.0
150,31.0,2,True,1.0,1.0
150,31.0,2,True,1.0,1.0
150,31.0,2,True,1.0,1.0
150,31.0,2,True,1.0,1.0
150,31.0,2,True,1.0,1.0
150,31.0,2,True,1.0,1.0
150,31.0,2,True,1.0,1.0
150,31.0,2,True,1.0,1.0
150,31.0,2,True,1.0,1.0
150,31.0,2,True,1.0,1.0
150,31.0,2,True,1.0,1.0
150,31.0,2,True,1.0,1.0
150,31.0,2,True,1.0,1.0
150,31.0,2,True,1.0,1.0
150,31.0,2,True,1.0,1.0
150,31.0,2,True,1.0,1.0
150,31.0,2,True,1.0,1.0
150,31.0,2,True,1.0,1.0
150,31.0,2,True,1.0,1.0
150,31.0,2,True,1.0,1.0
150,31.0,2,True,1.0,1.0
150,31.0,2,True,1.0,1.0
150,31.0,2,True,1.0,1.0
150,31.0,2,True,1.0,1.0
150,31.0,2,True,1.0,1.0
150,31.0,2,True,1.0,1.0
150,31.0,2,True,1.0,1.0
150,31.0,2,True,1.0,1.0
150,31.0,2,True,1.0,1.0
150,31.0,2,True,1.0,1.0
150,31.0,2,True,1.0,1.0
150,31.0,2,True,1.0,1.0
150,31.0,2,True,1.0,1.0
150,31.0,2,True,1.0,1.0
150,31.0,2,True,1.0,1.0
150,31.0,2,True,1.0,1.0
150,31.0,2,True,1.0,1.0
150,31.0,2,True,1.0,1.0
150,31.0,2,True,1.0,1.0
150,31.0,2,True,1.0,1.0
150,31.0,2,True,1.0,1.0
150,31.0,2,True,1.0,1.0
150,31.0,2,True,1.0,1.0
150,31.0,2,True,1.0,1.0
150,31.0,2,True,1.0,1.0
150,31.0,2,True,1.0,1.0
150,31.0,2,True,1.0,1.0
150,31.0,2,True,1.0,1.0
150,31.0,2,True,1.0,1.0
150,31.0,2,True,1.0,1.0
150,31.0,2,True,1.0,1.0
150,31.0,2,True,1.0,1.0
150,31.0,2,True,1.0,1.0
150,31.0,2,True,1.0,1.0
150,31.0,2,True,1.0,1.0
150,31.0,2,True,1.0,1.0
150,31.0,2,True,1.0,1.0
150,31.0,2,True,1.0,1.0
150,31.0,2,True,1.0,1.0
150,31.0,2,True,1.0,1.0
150,31.0,2,True,1.0,1.0
150,31.0,2,True,1.0,1.0
150,31.0,2,True,1.0,1.0
150,31.0,2,True,1.0,1.0
150,31.0,2,True,1.0,1.0
150,31.0,2,True,1.0,1.0
150,31.0,2,True,1.0,1.0
150,31.0,2,True,1.0,1.0
150,31.0,2,True,1.0,1.0
150,31.0,2,True,1.0,1.0
150,31.0,2,True,1.0,1.0
150,31.0,2,True,1.0,1.0
150,31.0,2,True,1.0,1.0
150,31.0,2,True,1.0,1.0
150,31.0,2,True,1.0,1.0
150,31.0,2,True,1.0,1.0
150,31.0,2,True,1.0,1.0
150,31.0,2,True,1.0,1.0
150,31.0,2,True,1.0,1.0
150,31.0,2,True,1.0,1.0
150,31.0,2,True,1.0,1.0
150,31.0,2,True,1.0,1.0
150,31.0,2,True,1.0,1.0
150,31.0,2,True,1.0,1.0
150,31.0,2,True,1.0,1.0
150,31.0,2,True,1.0,1.0
150,31.0,2,True,1.0,1.0
150,31.0,2,True,1.0,1.0
150,31.0,2,True,1.0,1.0
150,31.0,2,True,1.0,1.0
150,31.0,2,True,1.0,1.0
150,31.0,2,True,1.0,1.0
150,31.0,2,True,1.0,1.0
150,31.0,2,True,1.0,1.0
150,31.0,2,True,1.0,1.0
150,31.0,2,True,1.0,1.0
150,31.0,2,True,1.0,1.0
150,31.0,2,True,1.0,1.0
150,31.0,2,True,1.0,1.0
150,31.0,2,True,1.0,1.0
150,31.0,2,True,1.0,1.0
150,31.0,2,True,1.0,1.0
150,31.0,2,True,1.0,1.0
150,31.0,2,True,1.0,1.0
150,31.0,2,True,1.0,1.0
150,31.0,2,True,1.0,1.0
150,31.0,2,True,1.0,1.0
150,31.0,2,True,1.0,1.0
150,31.0,2,True,1.0,1.0
150,31.0,2,True,1.0,1.0
150,31.0,2,True,1.0,1.0
150,31.0,2,True,1.0,1.0
150,31.0,2,True,1.0,1.0
150,31.0,2,True,1.0,1.0
150,31.0,2,True,1.0,1.0
150,31.0,2,True,1.0,1.0
150,31.0,2,True,1.0,1.0
150,31.0,2,True,1.0,1.0
150,31.0,2,True,1.0,1.0
150,31.0,2,True,1.0,1.0
150,31.0,2,True,1.0,1.0
150,31.0,2,True,1.0,1.0
150,31.0,2,True,1.0,1.0
150,31.0,2,True,1.0,1.0
150,31.0,2,True,1.0,1.0
150,31.0,2,True,1.0,1.0
150,31.0,2,True,1.0,1.0
150,31.0,2,True,1.0,1.0
150,31.0,2,True,1.0,1.0
150,31.0,2,True,1.0,1.0
150,31.0,2,True,1.0,1.0
150,31.0,2,True,1.0,1.0
150,31.0,2,True,1.0,1.0
150,31.0,2,True,1.0,1.0
150,31.0,2,True,1.0,1.0
150,31.0,2,True,1.0,1.0
150,31.0,2,True,1.0,1.0
150,31.0,2,True,1.0,1.0
150,31.0,2,True,1.0,1.0
150,31.0,2,True,1.0,1.0
150,31.0,2,True,1.0,1.0
150,31.0,2,True,1.0,1.0
150,31.0,2,True,1.0,1.0
150,31.0,2,True,1.0,1.0
150,31.0,2,True,1.0,1.0
150,31.0,2,True,1.0,1.0
150,31.0,2,True,1.0,1.0
150,31.0,2,True,1.0,1.0
150,31.0,2,True,1.0,1.0
150,31.0,2,True,1.0,1.0
150,31.0,2,True,1.0,1.0
150,31.0,2,True,1.0,1.0
150,31.0,2,True,1.0,1.0
150,31.0,2,True,1.0,1.0
150,31.0,2,True,1.0,1.0
150,31.0,2,True,1.0,1.0
150,31.0,2,True,1.0,1.0
150,31.0,2,True,1.0,1.0
150,31.0,2,True,1.0,1.0
150,31.0,2,True,1.0,1.0
150,31.0,2,True,1.0,1.0
150,31.0,2,True,1.0,1.0
150,31.0,2,True,1.0,1.0
150,31.0,2,True,1.0,1.0
150,31.0,2,True,1.0,1.0
150,31.0,2,True,1.0,1.0
150,31.0,2,True,1.0,1.0
150,31.0,2,True,1.0,1.0
150,31.0,2,True,1.0,1.0
150,31.0,2,True,1.0,1.0
150,31.0,2,True,1.0,1.0
150,31.0,2,True,1.0,1.0
150,31.0,2,True,1.0,1.0
150,31.0,2,True,1.0,1.0
150,31.0,2,True,1.0,1.0
150,31.0,2,True,1.0,1.0
150,31.0,2,True,1.0,1.0
150,31.0,2,True,1.0,1.0
150,31.0,2,True,1.0,1.0
150,31.0,2,True,1.0,1.0
150,31.0,2,True,1.0,1.0
150,31.0,2,True,1.0,1.0
150,31.0,2,True,1.0,1.0
150,31.0,2,True,1.0,1.0
150,31.0,2,True,1.0,1.0
150,31.0,2,True,1.0,1.0
150,31.0,2,True,1.0,1.0
150,31.0,2,True,1.0,1.0
150,31.0,2,True,1.0,1.0
150,31.0,2,True,1.0,1.0
150,31.0,2,True,1.0,1.0
150,31.0,2,True,1.0,1.0
150,31.0,2,True,1.0,1.0
150,31.0,2,True,1.0,1.0
150,31.0,2,True,1.0,1.0
150,31.0,2,True,1.0,1.0
150,31.0,2,True,1.0,1.0
150,31.0,2,True,1.0,1.0
150,31.0,2,True,1.0,1.0
150,31.0,2,True,1.0,1.0
150,31.0,2,True,1.0,1.0
150,31.0,2,True,1.0,1.0
150,31.0,2,True,1.0,1.0
150,31.0,2,True,1.0,1.0
150,31.0,2,True,1.0,1.0
150,31.0,2,True,1.0,1.0
150,31.0,2,True,1.0,1.0
150,31.0,2,True,1.0,1.0
150,31.0,2,True,1.0,1.0
150,31.0,2,True,1.0,1.0
150,31.0,2,True,1.0,1.0
150,31.0,2,True,1.0,1.0
150,31.0,2,True,1.0,1.0
150,31.0,2,True,1.0,1.0
150,31.0,2,True,1.0,1.0
150,31.0,2,True,1.0,1.0
150,31.0,2,True,1.0,1.0
150,31.0,2,True,1.0,1.0
150,31.0,2,True,1.0,1.0
150,31.0,2,True,1.0,1.0
150,31.0,2,True,1.0,1.0
150,31.0,2,True,1.0,1.0
150,31.0,2,True,1.0,1.0
150,31.0,2,True,1.0,1.0
150,31.0,2,True,1.0,1.0
150,31.0,2,True,1.0,1.0
150,31.0,2,True,1.0,1.0
150,31.0,2,True,1.0,1.0
150,31.0,2,True,1.0,1.0
150,31.0,2,True,1.0,1.0
150,31.0,2,True,1.0,1.0
150,31.0,2,True,1.0,1.0
150,31.0,2,True,1.0,1.0
150,31.0,2,True,1.0,1.0
150,31.0,2,True,1.0,1.0
150,31.0,2,True,1.0,1.0
150,31.0,2,True,1.0,1.0
150,31.0,2,True,1.0,1.0
150,31.0,2,True,1.0,1.0
150,31.0,2,True,1.0,1.0
150,31.0,2,True,1.0,1.0
150,31.0,2,True,1.0,1.0
150,31.0,2,True,1.0,1.0
150,31.0,2,True,1.0,1.0
150,31.0,2,True,1.0,1.0
150,31.0,2,True,1.0,1.0
150,31.0,2,True,1.0,1.0
150,31.0,2,True,1.0,1.0
150,31.0,2,True,1.0,1.0
150,31.0,2,True,1.0,1.0
150,31.0,2,True,1.0,1.0
150,31.0,2,True,1.0,1.0
150,31.0,2,True,1.0,1.0
150,31.0,2,True,1.0,1.0
150,31.0,2,True,1.0,1.0
150,31.0,2,True,1.0,1.0
150,31.0,2,True,1.0,1.0
150,31.0,2,True,1.0,1.0
150,31.0,2,True,1.0,1.0
150,31.0,2,True,1.0,1.0
150,31.0,2,True,1.0,1.0
150,31.0,2,True,1.0,1.0
150,31.0,2,True,1.0,1.0
150,31.0,2,True,1.0,1.0
150,31.0,2,True,1.0,1.0
150,31.0,2,True,1.0,1.0
150,31.0,2,True,1.0,1.0
150,31.0,2,True,1.0,1.0
150,31.0,2,True,1.0,1.0
150,31.0,2,True,1.0,1.0
150,31.0,2,True,1.0,1.0
150,31.0,2,True,1.0,1.0
150,31.0,2,True,1.0,1.0
150,31.0,2,True,1.0,1.0
150,31.0,2,True,1.0,1.0
150,32.0,2,True,1.0,1.0
150,32.0,2,True,1.0,1.0
150,32.0,2,True,1.0,1.0
150,32.0,2,True,1.0,1.0
150,32.0,2,True,1.0,1.0
150,32.0,2,True,1.0,1.0
150,32.0,2,True,1.0,1.0
150,32.0,2,True,1.0,1.0
150,32.0,2,True,1.0,1.0
150,32.0,2,True,1.0,1.0
150,32.0,2,True,1.0,1.0
150,32.0,2,True,1.0,1.0
150,32.0,2,True,1.0,1.0
150,32.0,2,True,1.0,1.0
150,32.0,2,True,1.0,1.0
150,32.0,2,True,1.0,1.0
150,32.0,2,True,1.0,1.0
150,32.0,2,True,1.0,1.0
150,32.0,2,True,1.0,1.0
150,32.0,2,True,1.0,1.0
150,32.0,2,True,1.0,1.0
150,32.0,2,True,1.0,1.0
150,32.0,2,True,1.0,1.0
150,32.0,2,True,1.0,1.0
150,32.0,2,True,1.0,1.0
150,32.0,2,True,1.0,1.0
150,32.0,2,True,1.0,1.0
150,32.0,2,True,1.0,1.0
150,32.0,2,True,1.0,1.0
150,32.0,2,True,1.0,1.0
150,32.0,2,True,1.0,1.0
150,32.0,2,True,1.0,1.0
150,32.0,2,True,1.0,1.0
150,32.0,2,True,1.0,1.0
150,32.0,2,True,1.0,1.0
150,32.0,2,True,1.0,1.0
150,32.0,2,True,1.0,1.0
150,32.0,2,True,1.0,1.0
150,32.0,2,True,1.0,1.0
150,32.0,2,True,1.0,1.0
150,32.0,2,True,1.0,1.0
150,32.0,2,True,1.0,1.0
150,32.0,2,True,1.0,1.0
150,32.0,2,True,1.0,1.0
150,32.0,2,True,1.0,1.0
150,32.0,2,True,1.0,1.0
150,32.0,2,True,1.0,1.0
150,32.0,2,True,1.0,1.0
150,32.0,2,True,1.0,1.0
150,32.0,2,True,1.0,1.0
150,32.0,2,True,1.0,1.0
150,32.0,2,True,1.0,1.0
150,32.0,2,True,1.0,1.0
150,32.0,2,True,1.0,1.0
150,32.0,2,True,1.0,1.0
150,32.0,2,True,1.0,1.0
150,32.0,2,True,1.0,1.0
150,32.0,2,True,1.0,1.0
150,32.0,2,True,1.0,1.0
150,32.0,2,True,1.0,1.0
150,32.0,2,True,1.0,1.0
150,32.0,2,True,1.0,1.0
150,32.0,2,True,1.0,1.0
150,32.0,2,True,1.0,1.0
150,32.0,2,True,1.0,1.0
150,32.0,2,True,1.0,1.0
150,32.0,2,True,1.0,1.0
150,32.0,2,True,1.0,1.0
150,32.0,2,True,1.0,1.0
150,32.0,2,True,1.0,1.0
150,32.0,2,True,1.0,1.0
150,32.0,2,True,1.0,1.0
150,32.0,2,True,1.0,1.0
150,32.0,2,True,1.0,1.0
150,32.0,2,True,1.0,1.0
150,32.0,2,True,1.0,1.0
150,32.0,2,True,1.0,1.0
150,32.0,2,True,1.0,1.0
150,32.0,2,True,1.0,1.0
150,32.0,2,True,1.0,1.0
150,32.0,2,True,1.0,1.0
150,32.0,2,True,1.0,1.0
150,32.0,2,True,1.0,1.0
150,32.0,2,True,1.0,1.0
150,32.0,2,True,1.0,1.0
150,32.0,2,True,1.0,1.0
150,32.0,2,True,1.0,1.0
150,32.0,2,True,1.0,1.0
150,32.0,2,True,1.0,1.0
150,32.0,2,True,1.0,1.0
150,32.0,2,True,1.0,1.0
150,32.0,2,True,1.0,1.0
150,32.0,2,True,1.0,1.0
150,32.0,2,True,1.0,1.0
150,32.0,2,True,1.0,1.0
150,32.0,2,True,1.0,1.0
150,32.0,2,True,1.0,1.0
150,32.0,2,True,1.0,1.0
150,32.0,2,True,1.0,1.0
150,32.0,2,True,1.0,1.0
150,32.0,2,True,1.0,1.0
150,32.0,2,True,1.0,1.0
150,32.0,2,True,1.0,1.0
150,32.0,2,True,1.0,1.0
150,32.0,2,True,1.0,1.0
150,32.0,2,True,1.0,1.0
150,32.0,2,True,1.0,1.0
150,32.0,2,True,1.0,1.0
150,32.0,2,True,1.0,1.0
150,32.0,2,True,1.0,1.0
150,32.0,2,True,1.0,1.0
150,32.0,2,True,1.0,1.0
150,32.0,2,True,1.0,1.0
150,32.0,2,True,1.0,1.0
150,32.0,2,True,1.0,1.0
150,32.0,2,True,1.0,1.0
150,32.0,2,True,1.0,1.0
150,32.0,2,True,1.0,1.0
150,32.0,2,True,1.0,1.0
150,32.0,2,True,1.0,1.0
150,32.0,2,True,1.0,1.0
150,32.0,2,True,1.0,1.0
150,32.0,2,True,1.0,1.0
150,32.0,2,True,1.0,1.0
150,32.0,2,True,1.0,1.0
150,32.0,2,True,1.0,1.0
150,32.0,2,True,1.0,1.0
150,32.0,2,True,1.0,1.0
150,32.0,2,True,1.0,1.0
150,32.0,2,True,1.0,1.0
150,32.0,2,True,1.0,1.0
150,32.0,2,True,1.0,1.0
150,32.0,2,True,1.0,1.0
150,32.0,2,True,1.0,1.0
150,32.0,2,True,1.0,1.0
150,32.0,2,True,1.0,1.0
150,32.0,2,True,1.0,1.0
150,32.0,2,True,1.0,1.0
150,32.0,2,True,1.0,1.0
150,32.0,2,True,1.0,1.0
150,32.0,2,True,1.0,1.0
150,32.0,2,True,1.0,1.0
150,32.0,2,True,1.0,1.0
150,32.0,2,True,1.0,1.0
150,32.0,2,True,1.0,1.0
150,32.0,2,True,1.0,1.0
150,32.0,2,True,1.0,1.0
150,32.0,2,True,1.0,1.0
150,32.0,2,True,1.0,1.0
150,32.0,2,True,1.0,1.0
150,32.0,2,True,1.0,1.0
150,32.0,2,True,1.0,1.0
150,32.0,2,True,1.0,1.0
150,32.0,2,True,1.0,1.0
150,32.0,2,True,1.0,1.0
150,32.0,2,True,1.0,1.0
150,32.0,2,True,1.0,1.0
150,32.0,2,True,1.0,1.0
150,32.0,2,True,1.0,1.0
150,32.0,2,True,1.0,1.0
150,32.0,2,True,1.0,1.0
150,32.0,2,True,1.0,1.0
150,32.0,2,True,1.0,1.0
150,32.0,2,True,1.0,1.0
150,32.0,2,True,1.0,1.0
150,32.0,2,True,1.0,1.0
150,32.0,2,True,1.0,1.0
150,32.0,2,True,1.0,1.0
150,32.0,2,True,1.0,1.0
150,32.0,2,True,1.0,1.0
150,32.0,2,True,1.0,1.0
150,32.0,2,True,1.0,1.0
150,32.0,2,True,1.0,1.0
150,32.0,2,True,1.0,1.0
150,32.0,2,True,1.0,1.0
150,32.0,2,True,1.0,1.0
150,32.0,2,True,1.0,1.0
150,32.0,2,True,1.0,1.0
150,32.0,2,True,1.0,1.0
150,32.0,2,True,1.0,1.0
150,32.0,2,True,1.0,1.0
150,32.0,2,True,1.0,1.0
150,32.0,2,True,1.0,1.0
150,32.0,2,True,1.0,1.0
150,32.0,2,True,1.0,1.0
150,32.0,2,True,1.0,1.0
150,32.0,2,True,1.0,1.0
150,32.0,2,True,1.0,1.0
150,32.0,2,True,1.0,1.0
150,32.0,2,True,1.0,1.0
150,32.0,2,True,1.0,1.0
150,32.0,2,True,1.0,1.0
150,32.0,2,True,1.0,1.0
150,32.0,2,True,1.0,1.0
150,32.0,2,True,1.0,1.0
150,32.0,2,True,1.0,1.0
150,32.0,2,True,1.0,1.0
150,32.0,2,True,1.0,1.0
150,32.0,2,True,1.0,1.0
150,32.0,2,True,1.0,1.0
150,32.0,2,True,1.0,1.0
150,32.0,2,True,1.0,1.0
150,32.0,2,True,1.0,1.0
150,32.0,2,True,1.0,1.0
150,32.0,2,True,1.0,1.0
150,32.0,2,True,1.0,1.0
150,32.0,2,True,1.0,1.0
150,32.0,2,True,1.0,1.0
150,32.0,2,True,1.0,1.0
150,32.0,2,True,1.0,1.0
150,32.0,2,True,1.0,1.0
150,32.0,2,True,1.0,1.0
150,32.0,2,True,1.0,1.0
150,32.0,2,True,1.0,1.0
150,32.0,2,True,1.0,1.0
150,32.0,2,True,1.0,1.0
150,32.0,2,True,1.0,1.0
150,32.0,2,True,1.0,1.0
150,32.0,2,True,1.0,1.0
150,32.0,2,True,1.0,1.0
150,32.0,2,True,1.0,1.0
150,32.0,2,True,1.0,1.0
150,32.0,2,True,1.0,1.0
150,32.0,2,True,1.0,1.0
150,32.0,2,True,1.0,1.0
150,32.0,2,True,1.0,1.0
150,32.0,2,True,1.0,1.0
150,32.0,2,True,1.0,1.0
150,32.0,2,True,1.0,1.0
150,32.0,2,True,1.0,1.0
150,32.0,2,True,1.0,1.0
150,32.0,2,True,1.0,1.0
150,32.0,2,True,1.0,1.0
150,32.0,2,True,1.0,1.0
150,32.0,2,True,1.0,1.0
150,32.0,2,True,1.0,1.0
150,32.0,2,True,1.0,1.0
150,32.0,2,True,1.0,1.0
150,32.0,2,True,1.0,1.0
150,32.0,2,True,1.0,1.0
150,32.0,2,True,1.0,1.0
150,32.0,2,True,1.0,1.0
150,32.0,2,True,1.0,1.0
150,32.0,2,True,1.0,1.0
150,32.0,2,True,1.0,1.0
150,32.0,2,True,1.0,1.0
150,32.0,2,True,1.0,1.0
150,32.0,2,True,1.0,1.0
150,32.0,2,True,1.0,1.0
150,32.0,2,True,1.0,1.0
150,32.0,2,True,1.0,1.0
150,32.0,2,True,1.0,1.0
150,32.0,2,True,1.0,1.0
150,32.0,2,True,1.0,1.0
150,32.0,2,True,1.0,1.0
150,32.0,2,True,1.0,1.0
150,32.0,2,True,1.0,1.0
150,32.0,2,True,1.0,1.0
150,32.0,2,True,1.0,1.0
150,32.0,2,True,1.0,1.0
150,32.0,2,True,1.0,1.0
150,32.0,2,True,1.0,1.0
150,32.0,2,True,1.0,1.0
150,32.0,2,True,1.0,1.0
150,32.0,2,True,1.0,1.0
150,32.0,2,True,1.0,1.0
150,32.0,2,True,1.0,1.0
150,32.0,2,True,1.0,1.0
150,32.0,2,True,1.0,1.0
150,32.0,2,True,1.0,1.0
150,32.0,2,True,1.0,1.0
150,32.0,2,True,1.0,1.0
150,32.0,2,True,1.0,1.0
150,32.0,2,True,1.0,1.0
150,32.0,2,True,1.0,1.0
150,32.0,2,True,1.0,1.0
150,32.0,2,True,1.0,1.0
150,32.0,2,True,1.0,1.0
150,32.0,2,True,1.0,1.0
150,32.0,2,True,1.0,1.0
150,32.0,2,True,1.0,1.0
150,32.0,2,True,1.0,1.0
150,32.0,2,True,1.0,1.0
150,32.0,2,True,1.0,1.0
150,32.0,2,True,1.0,1.0
150,32.0,2,True,1.0,1.0
150,32.0,2,True,1.0,1.0
150,32.0,2,True,1.0,1.0
150,32.0,2,True,1.0,1.0
150,32.0,2,True,1.0,1.0
150,32.0,2,True,1.0,1.0
150,32.0,2,True,1.0,1.0
150,32.0,2,True,1.0,1.0
150,32.0,2,True,1.0,1.0
150,32.0,2,True,1.0,1.0
150,32.0,2,True,1.0,1.0
150,32.0,2,True,1.0,1.0
150,32.0,2,True,1.0,1.0
150,32.0,2,True,1.0,1.0
150,32.0,2,True,1.0,1.0
150,33.0,2,True,1.0,1.0
150,33.0,2,True,1.0,1.0
150,33.0,2,True,1.0,1.0
150,33.0,2,True,1.0,1.0
150,33.0,2,True,1.0,1.0
150,33.0,2,True,1.0,1.0
150,33.0,2,True,1.0,1.0
150,33.0,2,True,1.0,1.0
150,33.0,2,True,1.0,1.0
150,33.0,2,True,1.0,1.0
150,33.0,2,True,1.0,1.0
150,33.0,2,True,1.0,1.0
150,33.0,2,True,1.0,1.0
150,33.0,2,True,1.0,1.0
150,33.0,2,True,1.0,1.0
150,33.0,2,True,1.0,1.0
150,33.0,2,True,1.0,1.0
150,33.0,2,True,1.0,1.0
150,33.0,2,True,1.0,1.0
150,33.0,2,True,1.0,1.0
150,33.0,2,True,1.0,1.0
150,33.0,2,True,1.0,1.0
150,33.0,2,True,1.0,1.0
150,33.0,2,True,1.0,1.0
150,33.0,2,True,1.0,1.0
150,33.0,2,True,1.0,1.0
150,33.0,2,True,1.0,1.0
150,33.0,2,True,1.0,1.0
150,33.0,2,True,1.0,1.0
150,33.0,2,True,1.0,1.0
150,33.0,2,True,1.0,1.0
150,33.0,2,True,1.0,1.0
150,33.0,2,True,1.0,1.0
150,33.0,2,True,1.0,1.0
150,33.0,2,True,1.0,1.0
150,33.0,2,True,1.0,1.0
150,33.0,2,True,1.0,1.0
150,33.0,2,True,1.0,1.0
150,33.0,2,True,1.0,1.0
150,33.0,2,True,1.0,1.0
150,33.0,2,True,1.0,1.0
150,33.0,2,True,1.0,1.0
150,33.0,2,True,1.0,1.0
150,33.0,2,True,1.0,1.0
150,33.0,2,True,1.0,1.0
150,33.0,2,True,1.0,1.0
150,33.0,2,True,1.0,1.0
150,33.0,2,True,1.0,1.0
150,33.0,2,True,1.0,1.0
150,33.0,2,True,1.0,1.0
150,33.0,2,True,1.0,1.0
150,33.0,2,True,1.0,1.0
150,33.0,2,True,1.0,1.0
150,33.0,2,True,1.0,1.0
150,33.0,2,True,1.0,1.0
150,33.0,2,True,1.0,1.0
150,33.0,2,True,1.0,1.0
150,33.0,2,True,1.0,1.0
150,33.0,2,True,1.0,1.0
150,33.0,2,True,1.0,1.0
150,33.0,2,True,1.0,1.0
150,33.0,2,True,1.0,1.0
150,33.0,2,True,1.0,1.0
150,33.0,2,True,1.0,1.0
150,33.0,2,True,1.0,1.0
150,33.0,2,True,1.0,1.0
150,33.0,2,True,1.0,1.0
150,33.0,2,True,1.0,1.0
150,33.0,2,True,1.0,1.0
150,33.0,2,True,1.0,1.0
150,33.0,2,True,1.0,1.0
150,33.0,2,True,1.0,1.0
150,33.0,2,True,1.0,1.0
150,33.0,2,True,1.0,1.0
150,33.0,2,True,1.0,1.0
150,33.0,2,True,1.0,1.0
150,33.0,2,True,1.0,1.0
150,33.0,2,True,1.0,1.0
150,33.0,2,True,1.0,1.0
150,33.0,2,True,1.0,1.0
150,33.0,2,True,1.0,1.0
150,33.0,2,True,1.0,1.0
150,33.0,2,True,1.0,1.0
150,33.0,2,True,1.0,1.0
150,33.0,2,True,1.0,1.0
150,33.0,2,True,1.0,1.0
150,33.0,2,True,1.0,1.0
150,33.0,2,True,1.0,1.0
150,33.0,2,True,1.0,1.0
150,33.0,2,True,1.0,1.0
150,33.0,2,True,1.0,1.0
150,33.0,2,True,1.0,1.0
150,33.0,2,True,1.0,1.0
150,33.0,2,True,1.0,1.0
150,33.0,2,True,1.0,1.0
150,33.0,2,True,1.0,1.0
150,33.0,2,True,1.0,1.0
150,33.0,2,True,1.0,1.0
150,33.0,2,True,1.0,1.0
150,33.0,2,True,1.0,1.0
150,33.0,2,True,1.0,1.0
150,33.0,2,True,1.0,1.0
150,33.0,2,True,1.0,1.0
150,33.0,2,True,1.0,1.0
150,33.0,2,True,1.0,1.0
150,33.0,2,True,1.0,1.0
150,33.0,2,True,1.0,1.0
150,33.0,2,True,1.0,1.0
150,33.0,2,True,1.0,1.0
150,33.0,2,True,1.0,1.0
150,33.0,2,True,1.0,1.0
150,33.0,2,True,1.0,1.0
150,33.0,2,True,1.0,1.0
150,33.0,2,True,1.0,1.0
150,33.0,2,True,1.0,1.0
150,33.0,2,True,1.0,1.0
150,33.0,2,True,1.0,1.0
150,33.0,2,True,1.0,1.0
150,33.0,2,True,1.0,1.0
150,33.0,2,True,1.0,1.0
150,33.0,2,True,1.0,1.0
150,33.0,2,True,1.0,1.0
150,33.0,2,True,1.0,1.0
150,33.0,2,True,1.0,1.0
150,33.0,2,True,1.0,1.0
150,33.0,2,True,1.0,1.0
150,33.0,2,True,1.0,1.0
150,33.0,2,True,1.0,1.0
150,33.0,2,True,1.0,1.0
150,33.0,2,True,1.0,1.0
150,33.0,2,True,1.0,1.0
150,33.0,2,True,1.0,1.0
150,33.0,2,True,1.0,1.0
150,33.0,2,True,1.0,1.0
150,33.0,2,True,1.0,1.0
150,33.0,2,True,1.0,1.0
150,33.0,2,True,1.0,1.0
150,33.0,2,True,1.0,1.0
150,33.0,2,True,1.0,1.0
150,33.0,2,True,1.0,1.0
150,33.0,2,True,1.0,1.0
150,33.0,2,True,1.0,1.0
150,33.0,2,True,1.0,1.0
150,33.0,2,True,1.0,1.0
150,33.0,2,True,1.0,1.0
150,33.0,2,True,1.0,1.0
150,33.0,2,True,1.0,1.0
150,33.0,2,True,1.0,1.0
150,33.0,2,True,1.0,1.0
150,33.0,2,True,1.0,1.0
150,33.0,2,True,1.0,1.0
150,33.0,2,True,1.0,1.0
150,33.0,2,True,1.0,1.0
150,33.0,2,True,1.0,1.0
150,33.0,2,True,1.0,1.0
150,33.0,2,True,1.0,1.0
150,33.0,2,True,1.0,1.0
150,33.0,2,True,1.0,1.0
150,33.0,2,True,1.0,1.0
150,33.0,2,True,1.0,1.0
150,33.0,2,True,1.0,1.0
150,33.0,2,True,1.0,1.0
150,33.0,2,True,1.0,1.0
150,33.0,2,True,1.0,1.0
150,33.0,2,True,1.0,1.0
150,33.0,2,True,1.0,1.0
150,33.0,2,True,1.0,1.0
150,33.0,2,True,1.0,1.0
150,33.0,2,True,1.0,1.0
150,33.0,2,True,1.0,1.0
150,33.0,2,True,1.0,1.0
150,33.0,2,True,1.0,1.0
150,33.0,2,True,1.0,1.0
150,33.0,2,True,1.0,1.0
150,33.0,2,True,1.0,1.0
150,33.0,2,True,1.0,1.0
150,33.0,2,True,1.0,1.0
150,33.0,2,True,1.0,1.0
150,33.0,2,True,1.0,1.0
150,33.0,2,True,1.0,1.0
150,33.0,2,True,1.0,1.0
150,33.0,2,True,1.0,1.0
150,33.0,2,True,1.0,1.0
150,33.0,2,True,1.0,1.0
150,33.0,2,True,1.0,1.0
150,33.0,2,True,1.0,1.0
150,33.0,2,True,1.0,1.0
150,33.0,2,True,1.0,1.0
150,33.0,2,True,1.0,1.0
150,33.0,2,True,1.0,1.0
150,33.0,2,True,1.0,1.0
150,33.0,2,True,1.0,1.0
150,33.0,2,True,1.0,1.0
150,33.0,2,True,1.0,1.0
150,33.0,2,True,1.0,1.0
150,33.0,2,True,1.0,1.0
150,33.0,2,True,1.0,1.0
150,33.0,2,True,1.0,1.0
150,33.0,2,True,1.0,1.0
150,33.0,2,True,1.0,1.0
150,33.0,2,True,1.0,1.0
150,33.0,2,True,1.0,1.0
150,33.0,2,True,1.0,1.0
150,33.0,2,True,1.0,1.0
150,33.0,2,True,1.0,1.0
150,33.0,2,True,1.0,1.0
150,33.0,2,True,1.0,1.0
150,33.0,2,True,1.0,1.0
150,33.0,2,True,1.0,1.0
150,33.0,2,True,1.0,1.0
150,33.0,2,True,1.0,1.0
150,33.0,2,True,1.0,1.0
150,33.0,2,True,1.0,1.0
150,33.0,2,True,1.0,1.0
150,33.0,2,True,1.0,1.0
150,33.0,2,True,1.0,1.0
150,33.0,2,True,1.0,1.0
150,33.0,2,True,1.0,1.0
150,33.0,2,True,1.0,1.0
150,33.0,2,True,1.0,1.0
150,33.0,2,True,1.0,1.0
150,33.0,2,True,1.0,1.0
150,33.0,2,True,1.0,1.0
150,33.0,2,True,1.0,1.0
150,33.0,2,True,1.0,1.0
150,33.0,2,True,1.0,1.0
150,33.0,2,True,1.0,1.0
150,33.0,2,True,1.0,1.0
150,33.0,2,True,1.0,1.0
150,33.0,2,True,1.0,1.0
150,33.0,2,True,1.0,1.0
150,33.0,2,True,1.0,1.0
150,33.0,2,True,1.0,1.0
150,33.0,2,True,1.0,1.0
150,33.0,2,True,1.0,1.0
150,33.0,2,True,1.0,1.0
150,33.0,2,True,1.0,1.0
150,33.0,2,True,1.0,1.0
150,33.0,2,True,1.0,1.0
150,33.0,2,True,1.0,1.0
150,33.0,2,True,1.0,1.0
150,33.0,2,True,1.0,1.0
150,33.0,2,True,1.0,1.0
150,33.0,2,True,1.0,1.0
150,33.0,2,True,1.0,1.0
150,33.0,2,True,1.0,1.0
150,33.0,2,True,1.0,1.0
150,33.0,2,True,1.0,1.0
150,33.0,2,True,1.0,1.0
150,33.0,2,True,1.0,1.0
150,33.0,2,True,1.0,1.0
150,33.0,2,True,1.0,1.0
150,33.0,2,True,1.0,1.0
150,33.0,2,True,1.0,1.0
150,33.0,2,True,1.0,1.0
150,33.0,2,True,1.0,1.0
150,33.0,2,True,1.0,1.0
150,33.0,2,True,1.0,1.0
150,33.0,2,True,1.0,1.0
150,33.0,2,True,1.0,1.0
150,33.0,2,True,1.0,1.0
150,33.0,2,True,1.0,1.0
150,33.0,2,True,1.0,1.0
150,33.0,2,True,1.0,1.0
150,33.0,2,True,1.0,1.0
150,33.0,2,True,1.0,1.0
150,33.0,2,True,1.0,1.0
150,33.0,2,True,1.0,1.0
150,33.0,2,True,1.0,1.0
150,33.0,2,True,1.0,1.0
150,33.0,2,True,1.0,1.0
150,33.0,2,True,1.0,1.0
150,33.0,2,True,1.0,1.0
150,33.0,2,True,1.0,1.0
150,33.0,2,True,1.0,1.0
150,33.0,2,True,1.0,1.0
150,33.0,2,True,1.0,1.0
150,33.0,2,True,1.0,1.0
150,33.0,2,True,1.0,1.0
150,33.0,2,True,1.0,1.0
150,33.0,2,True,1.0,1.0
150,33.0,2,True,1.0,1.0
150,33.0,2,True,1.0,1.0
150,33.0,2,True,1.0,1.0
150,33.0,2,True,1.0,1.0
150,33.0,2,True,1.0,1.0
150,33.0,2,True,1.0,1.0
150,33.0,2,True,1.0,1.0
150,33.0,2,True,1.0,1.0
150,33.0,2,True,1.0,1.0
150,33.0,2,True,1.0,1.0
150,33.0,2,True,1.0,1.0
150,33.0,2,True,1.0,1.0
150,33.0,2,True,1.0,1.0
150,33.0,2,True,1.0,1.0
150,33.0,2,True,1.0,1.0
150,33.0,2,True,1.0,1.0
150,33.0,2,True,1.0,1.0
150,33.0,2,True,1.0,1.0
150,33.0,2,True,1.0,1.0
150,34.0,2,True,1.0,1.0
150,34.0,2,True,1.0,1.0
150,34.0,2,True,1.0,1.0
150,34.0,2,True,1.0,1.0
150,34.0,2,True,1.0,1.0
150,34.0,2,True,1.0,1.0
150,34.0,2,True,1.0,1.0
150,34.0,2,True,1.0,1.0
150,34.0,2,True,1.0,1.0
150,34.0,2,True,1.0,1.0
150,34.0,2,True,1.0,1.0
150,34.0,2,True,1.0,1.0
150,34.0,2,True,1.0,1.0
150,34.0,2,True,1.0,1.0
150,34.0,2,True,1.0,1.0
150,34.0,2,True,1.0,1.0
150,34.0,2,True,1.0,1.0
150,34.0,2,True,1.0,1.0
150,34.0,2,True,1.0,1.0
150,34.0,2,True,1.0,1.0
150,34.0,2,True,1.0,1.0
150,34.0,2,True,1.0,1.0
150,34.0,2,True,1.0,1.0
150,34.0,2,True,1.0,1.0
150,34.0,2,True,1.0,1.0
150,34.0,2,True,1.0,1.0
150,34.0,2,True,1.0,1.0
150,34.0,2,True,1.0,1.0
150,34.0,2,True,1.0,1.0
150,34.0,2,True,1.0,1.0
150,34.0,2,True,1.0,1.0
150,34.0,2,True,1.0,1.0
150,34.0,2,True,1.0,1.0
150,34.0,2,True,1.0,1.0
150,34.0,2,True,1.0,1.0
150,34.0,2,True,1.0,1.0
150,34.0,2,True,1.0,1.0
150,34.0,2,True,1.0,1.0
150,34.0,2,True,1.0,1.0
150,34.0,2,True,1.0,1.0
150,34.0,2,True,1.0,1.0
150,34.0,2,True,1.0,1.0
150,34.0,2,True,1.0,1.0
150,34.0,2,True,1.0,1.0
150,34.0,2,True,1.0,1.0
150,34.0,2,True,1.0,1.0
150,34.0,2,True,1.0,1.0
150,34.0,2,True,1.0,1.0
150,34.0,2,True,1.0,1.0
150,34.0,2,True,1.0,1.0
150,34.0,2,True,1.0,1.0
150,34.0,2,True,1.0,1.0
150,34.0,2,True,1.0,1.0
150,34.0,2,True,1.0,1.0
150,34.0,2,True,1.0,1.0
150,34.0,2,True,1.0,1.0
150,34.0,2,True,1.0,1.0
150,34.0,2,True,1.0,1.0
150,34.0,2,True,1.0,1.0
150,34.0,2,True,1.0,1.0
150,34.0,2,True,1.0,1.0
150,34.0,2,True,1.0,1.0
150,34.0,2,True,1.0,1.0
150,34.0,2,True,1.0,1.0
150,34.0,2,True,1.0,1.0
150,34.0,2,True,1.0,1.0
150,34.0,2,True,1.0,1.0
150,34.0,2,True,1.0,1.0
150,34.0,2,True,1.0,1.0
150,34.0,2,True,1.0,1.0
150,34.0,2,True,1.0,1.0
150,34.0,2,True,1.0,1.0
150,34.0,2,True,1.0,1.0
150,34.0,2,True,1.0,1.0
150,34.0,2,True,1.0,1.0
150,34.0,2,True,1.0,1.0
150,34.0,2,True,1.0,1.0
150,34.0,2,True,1.0,1.0
150,34.0,2,True,1.0,1.0
150,34.0,2,True,1.0,1.0
150,34.0,2,True,1.0,1.0
150,34.0,2,True,1.0,1.0
150,34.0,2,True,1.0,1.0
150,34.0,2,True,1.0,1.0
150,34.0,2,True,1.0,1.0
150,34.0,2,True,1.0,1.0
150,34.0,2,True,1.0,1.0
150,34.0,2,True,1.0,1.0
150,34.0,2,True,1.0,1.0
150,34.0,2,True,1.0,1.0
150,34.0,2,True,1.0,1.0
150,34.0,2,True,1.0,1.0
150,34.0,2,True,1.0,1.0
150,34.0,2,True,1.0,1.0
150,34.0,2,True,1.0,1.0
150,34.0,2,True,1.0,1.0
150,34.0,2,True,1.0,1.0
150,34.0,2,True,1.0,1.0
150,34.0,2,True,1.0,1.0
150,34.0,2,True,1.0,1.0
150,34.0,2,True,1.0,1.0
150,34.0,2,True,1.0,1.0
150,34.0,2,True,1.0,1.0
150,34.0,2,True,1.0,1.0
150,34.0,2,True,1.0,1.0
150,34.0,2,True,1.0,1.0
150,34.0,2,True,1.0,1.0
150,34.0,2,True,1.0,1.0
150,34.0,2,True,1.0,1.0
150,34.0,2,True,1.0,1.0
150,34.0,2,True,1.0,1.0
150,34.0,2,True,1.0,1.0
150,34.0,2,True,1.0,1.0
150,34.0,2,True,1.0,1.0
150,34.0,2,True,1.0,1.0
150,34.0,2,True,1.0,1.0
150,34.0,2,True,1.0,1.0
150,34.0,2,True,1.0,1.0
150,34.0,2,True,1.0,1.0
150,34.0,2,True,1.0,1.0
150,34.0,2,True,1.0,1.0
150,34.0,2,True,1.0,1.0
150,34.0,2,True,1.0,1.0
150,34.0,2,True,1.0,1.0
150,34.0,2,True,1.0,1.0
150,34.0,2,True,1.0,1.0
150,34.0,2,True,1.0,1.0
150,34.0,2,True,1.0,1.0
150,34.0,2,True,1.0,1.0
150,34.0,2,True,1.0,1.0
150,34.0,2,True,1.0,1.0
150,34.0,2,True,1.0,1.0
150,34.0,2,True,1.0,1.0
150,34.0,2,True,1.0,1.0
150,34.0,2,True,1.0,1.0
150,34.0,2,True,1.0,1.0
150,34.0,2,True,1.0,1.0
150,34.0,2,True,1.0,1.0
150,34.0,2,True,1.0,1.0
150,34.0,2,True,1.0,1.0
150,34.0,2,True,1.0,1.0
150,34.0,2,True,1.0,1.0
150,34.0,2,True,1.0,1.0
150,34.0,2,True,1.0,1.0
150,34.0,2,True,1.0,1.0
150,34.0,2,True,1.0,1.0
150,34.0,2,True,1.0,1.0
150,34.0,2,True,1.0,1.0
150,34.0,2,True,1.0,1.0
150,34.0,2,True,1.0,1.0
150,34.0,2,True,1.0,1.0
150,34.0,2,True,1.0,1.0
150,34.0,2,True,1.0,1.0
150,34.0,2,True,1.0,1.0
150,34.0,2,True,1.0,1.0
150,34.0,2,True,1.0,1.0
150,34.0,2,True,1.0,1.0
150,34.0,2,True,1.0,1.0
150,34.0,2,True,1.0,1.0
150,34.0,2,True,1.0,1.0
150,34.0,2,True,1.0,1.0
150,34.0,2,True,1.0,1.0
150,34.0,2,True,1.0,1.0
150,34.0,2,True,1.0,1.0
150,34.0,2,True,1.0,1.0
150,34.0,2,True,1.0,1.0
150,34.0,2,True,1.0,1.0
150,34.0,2,True,1.0,1.0
150,34.0,2,True,1.0,1.0
150,34.0,2,True,1.0,1.0
150,34.0,2,True,1.0,1.0
150,34.0,2,True,1.0,1.0
150,34.0,2,True,1.0,1.0
150,34.0,2,True,1.0,1.0
150,34.0,2,True,1.0,1.0
150,34.0,2,True,1.0,1.0
150,34.0,2,True,1.0,1.0
150,34.0,2,True,1.0,1.0
150,34.0,2,True,1.0,1.0
150,34.0,2,True,1.0,1.0
150,34.0,2,True,1.0,1.0
150,34.0,2,True,1.0,1.0
150,34.0,2,True,1.0,1.0
150,34.0,2,True,1.0,1.0
150,34.0,2,True,1.0,1.0
150,34.0,2,True,1.0,1.0
150,34.0,2,True,1.0,1.0
150,34.0,2,True,1.0,1.0
150,34.0,2,True,1.0,1.0
150,34.0,2,True,1.0,1.0
150,34.0,2,True,1.0,1.0
150,34.0,2,True,1.0,1.0
150,34.0,2,True,1.0,1.0
150,34.0,2,True,1.0,1.0
150,34.0,2,True,1.0,1.0
150,34.0,2,True,1.0,1.0
150,34.0,2,True,1.0,1.0
150,34.0,2,True,1.0,1.0
150,34.0,2,True,1.0,1.0
150,34.0,2,True,1.0,1.0
150,34.0,2,True,1.0,1.0
150,34.0,2,True,1.0,1.0
150,34.0,2,True,1.0,1.0
150,34.0,2,True,1.0,1.0
150,34.0,2,True,1.0,1.0
150,34.0,2,True,1.0,1.0
150,34.0,2,True,1.0,1.0
150,34.0,2,True,1.0,1.0
150,34.0,2,True,1.0,1.0
150,34.0,2,True,1.0,1.0
150,34.0,2,True,1.0,1.0
150,34.0,2,True,1.0,1.0
150,34.0,2,True,1.0,1.0
150,34.0,2,True,1.0,1.0
150,34.0,2,True,1.0,1.0
150,34.0,2,True,1.0,1.0
150,34.0,2,True,1.0,1.0
150,34.0,2,True,1.0,1.0
150,34.0,2,True,1.0,1.0
150,34.0,2,True,1.0,1.0
150,34.0,2,True,1.0,1.0
150,34.0,2,True,1.0,1.0
150,34.0,2,True,1.0,1.0
150,34.0,2,True,1.0,1.0
150,34.0,2,True,1.0,1.0
150,34.0,2,True,1.0,1.0
150,34.0,2,True,1.0,1.0
150,34.0,2,True,1.0,1.0
150,34.0,2,True,1.0,1.0
150,34.0,2,True,1.0,1.0
150,34.0,2,True,1.0,1.0
150,34.0,2,True,1.0,1.0
150,34.0,2,True,1.0,1.0
150,34.0,2,True,1.0,1.0
150,34.0,2,True,1.0,1.0
150,34.0,2,True,1.0,1.0
150,34.0,2,True,1.0,1.0
150,34.0,2,True,1.0,1.0
150,34.0,2,True,1.0,1.0
150,34.0,2,True,1.0,1.0
150,34.0,2,True,1.0,1.0
150,34.0,2,True,1.0,1.0
150,34.0,2,True,1.0,1.0
150,34.0,2,True,1.0,1.0
150,34.0,2,True,1.0,1.0
150,34.0,2,True,1.0,1.0
150,34.0,2,True,1.0,1.0
150,34.0,2,True,1.0,1.0
150,34.0,2,True,1.0,1.0
150,34.0,2,True,1.0,1.0
150,34.0,2,True,1.0,1.0
150,34.0,2,True,1.0,1.0
150,34.0,2,True,1.0,1.0
150,34.0,2,True,1.0,1.0
150,34.0,2,True,1.0,1.0
150,34.0,2,True,1.0,1.0
150,34.0,2,True,1.0,1.0
150,34.0,2,True,1.0,1.0
150,34.0,2,True,1.0,1.0
150,34.0,2,True,1.0,1.0
150,34.0,2,True,1.0,1.0
150,34.0,2,True,1.0,1.0
150,34.0,2,True,1.0,1.0
150,34.0,2,True,1.0,1.0
150,34.0,2,True,1.0,1.0
150,34.0,2,True,1.0,1.0
150,34.0,2,True,1.0,1.0
150,34.0,2,True,1.0,1.0
150,34.0,2,True,1.0,1.0
150,34.0,2,True,1.0,1.0
150,34.0,2,True,1.0,1.0
150,34.0,2,True,1.0,1.0
150,34.0,2,True,1.0,1.0
150,34.0,2,True,1.0,1.0
150,34.0,2,True,1.0,1.0
150,34.0,2,True,1.0,1.0
150,34.0,2,True,1.0,1.0
150,34.0,2,True,1.0,1.0
150,34.0,2,True,1.0,1.0
150,34.0,2,True,1.0,1.0
150,34.0,2,True,1.0,1.0
150,34.0,2,True,1.0,1.0
150,34.0,2,True,1.0,1.0
150,34.0,2,True,1.0,1.0
150,34.0,2,True,1.0,1.0
150,34.0,2,True,1.0,1.0
150,34.0,2,True,1.0,1.0
150,34.0,2,True,1.0,1.0
150,34.0,2,True,1.0,1.0
150,34.0,2,True,1.0,1.0
150,34.0,2,True,1.0,1.0
150,34.0,2,True,1.0,1.0
150,34.0,2,True,1.0,1.0
150,34.0,2,True,1.0,1.0
150,34.0,2,True,1.0,1.0
150,34.0,2,True,1.0,1.0
150,34.0,2,True,1.0,1.0
150,34.0,2,True,1.0,1.0
150,34.0,2,True,1.0,1.0
150,34.0,2,True,1.0,1.0
150,35.0,2,True,1.0,1.0
150,35.0,2,True,1.0,1.0
150,35.0,2,True,1.0,1.0
150,35.0,2,True,1.0,1.0
150,35.0,2,True,1.0,1.0
150,35.0,2,True,1.0,1.0
150,35.0,2,True,1.0,1.0
150,35.0,2,True,1.0,1.0
150,35.0,2,True,1.0,1.0
150,35.0,2,True,1.0,1.0
150,35.0,2,True,1.0,1.0
150,35.0,2,True,1.0,1.0
150,35.0,2,True,1.0,1.0
150,35.0,2,True,1.0,1.0
150,35.0,2,True,1.0,1.0
150,35.0,2,True,1.0,1.0
150,35.0,2,True,1.0,1.0
150,35.0,2,True,1.0,1.0
150,35.0,2,True,1.0,1.0
150,35.0,2,True,1.0,1.0
150,35.0,2,True,1.0,1.0
150,35.0,2,True,1.0,1.0
150,35.0,2,True,1.0,1.0
150,35.0,2,True,1.0,1.0
150,35.0,2,True,1.0,1.0
150,35.0,2,True,1.0,1.0
150,35.0,2,True,1.0,1.0
150,35.0,2,True,1.0,1.0
150,35.0,2,True,1.0,1.0
150,35.0,2,True,1.0,1.0
150,35.0,2,True,1.0,1.0
150,35.0,2,True,1.0,1.0
150,35.0,2,True,1.0,1.0
150,35.0,2,True,1.0,1.0
150,35.0,2,True,1.0,1.0
150,35.0,2,True,1.0,1.0
150,35.0,2,True,1.0,1.0
150,35.0,2,True,1.0,1.0
150,35.0,2,True,1.0,1.0
150,35.0,2,True,1.0,1.0
150,35.0,2,True,1.0,1.0
150,35.0,2,True,1.0,1.0
150,35.0,2,True,1.0,1.0
150,35.0,2,True,1.0,1.0
150,35.0,2,True,1.0,1.0
150,35.0,2,True,1.0,1.0
150,35.0,2,True,1.0,1.0
150,35.0,2,True,1.0,1.0
150,35.0,2,True,1.0,1.0
150,35.0,2,True,1.0,1.0
150,35.0,2,True,1.0,1.0
150,35.0,2,True,1.0,1.0
150,35.0,2,True,1.0,1.0
150,35.0,2,True,1.0,1.0
150,35.0,2,True,1.0,1.0
150,35.0,2,True,1.0,1.0
150,35.0,2,True,1.0,1.0
150,35.0,2,True,1.0,1.0
150,35.0,2,True,1.0,1.0
150,35.0,2,True,1.0,1.0
150,35.0,2,True,1.0,1.0
150,35.0,2,True,1.0,1.0
150,35.0,2,True,1.0,1.0
150,35.0,2,True,1.0,1.0
150,35.0,2,True,1.0,1.0
150,35.0,2,True,1.0,1.0
150,35.0,2,True,1.0,1.0
150,35.0,2,True,1.0,1.0
150,35.0,2,True,1.0,1.0
150,35.0,2,True,1.0,1.0
150,35.0,3,True,0.3333333333333333,1.0
150,35.0,2,True,1.0,1.0
150,35.0,2,True,1.0,1.0
150,35.0,2,True,1.0,1.0
150,35.0,2,True,1.0,1.0
150,35.0,2,True,1.0,1.0
150,35.0,2,True,1.0,1.0
150,35.0,2,True,1.0,1.0
150,35.0,2,True,1.0,1.0
150,35.0,2,True,1.0,1.0
150,35.0,2,True,1.0,1.0
150,35.0,2,True,1.0,1.0
150,35.0,2,True,1.0,1.0
150,35.0,2,True,1.0,1.0
150,35.0,2,True,1.0,1.0
150,35.0,2,True,1.0,1.0
150,35.0,2,True,1.0,1.0
150,35.0,2,True,1.0,1.0
150,35.0,2,True,1.0,1.0
150,35.0,2,True,1.0,1.0
150,35.0,2,True,1.0,1.0
150,35.0,2,True,1.0,1.0
150,35.0,2,True,1.0,1.0
150,35.0,3,True,0.9259259259259259,1.0
150,35.0,2,True,1.0,1.0
150,35.0,2,True,1.0,1.0
150,35.0,2,True,1.0,1.0
150,35.0,2,True,1.0,1.0
150,35.0,2,True,1.0,1.0
150,35.0,2,True,1.0,1.0
150,35.0,2,True,1.0,1.0
150,35.0,2,True,1.0,1.0
150,35.0,2,True,1.0,1.0
150,35.0,2,True,1.0,1.0
150,35.0,2,True,1.0,1.0
150,35.0,2,True,1.0,1.0
150,35.0,2,True,1.0,1.0
150,35.0,2,True,1.0,1.0
150,35.0,2,True,1.0,1.0
150,35.0,2,True,1.0,1.0
150,35.0,2,True,1.0,1.0
150,35.0,2,True,1.0,1.0
150,35.0,2,True,1.0,1.0
150,35.0,2,True,1.0,1.0
150,35.0,2,True,1.0,1.0
150,35.0,2,True,1.0,1.0
150,35.0,2,True,1.0,1.0
150,35.0,2,True,1.0,1.0
150,35.0,2,True,1.0,1.0
150,35.0,2,True,1.0,1.0
150,35.0,2,True,1.0,1.0
150,35.0,2,True,1.0,1.0
150,35.0,2,True,1.0,1.0
150,35.0,2,True,1.0,1.0
150,35.0,2,True,1.0,1.0
150,35.0,2,True,1.0,1.0
150,35.0,2,True,1.0,1.0
150,35.0,3,True,0.6296296296296297,1.0
150,35.0,2,True,1.0,1.0
150,35.0,2,True,1.0,1.0
150,35.0,2,True,1.0,1.0
150,35.0,2,True,1.0,1.0
150,35.0,2,True,1.0,1.0
150,35.0,2,True,1.0,1.0
150,35.0,2,True,1.0,1.0
150,35.0,2,True,1.0,1.0
150,35.0,2,True,1.0,1.0
150,35.0,2,True,1.0,1.0
150,35.0,2,True,1.0,1.0
150,35.0,2,True,1.0,1.0
150,35.0,2,True,1.0,1.0
150,35.0,2,True,1.0,1.0
150,35.0,2,True,1.0,1.0
150,35.0,2,True,1.0,1.0
150,35.0,2,True,1.0,1.0
150,35.0,2,True,1.0,1.0
150,35.0,2,True,1.0,1.0
150,35.0,2,True,1.0,1.0
150,35.0,2,True,1.0,1.0
150,35.0,2,True,1.0,1.0
150,35.0,2,True,1.0,1.0
150,35.0,2,True,1.0,1.0
150,35.0,2,True,1.0,1.0
150,35.0,2,True,1.0,1.0
150,35.0,2,True,1.0,1.0
150,35.0,2,True,1.0,1.0
150,35.0,2,True,1.0,1.0
150,35.0,2,True,1.0,1.0
150,35.0,2,True,1.0,1.0
150,35.0,2,True,1.0,1.0
150,35.0,2,True,1.0,1.0
150,35.0,2,True,1.0,1.0
150,35.0,2,True,1.0,1.0
150,35.0,2,True,1.0,1.0
150,35.0,2,True,1.0,1.0
150,35.0,2,True,1.0,1.0
150,35.0,2,True,1.0,1.0
150,35.0,2,True,1.0,1.0
150,35.0,2,True,1.0,1.0
150,35.0,2,True,1.0,1.0
150,35.0,2,True,1.0,1.0
150,35.0,2,True,1.0,1.0
150,35.0,2,True,1.0,1.0
150,35.0,2,True,1.0,1.0
150,35.0,2,True,1.0,1.0
150,35.0,2,True,1.0,1.0
150,35.0,2,True,1.0,1.0
150,35.0,2,True,1.0,1.0
150,35.0,2,True,1.0,1.0
150,35.0,2,True,1.0,1.0
150,35.0,2,True,1.0,1.0
150,35.0,2,True,1.0,1.0
150,35.0,2,True,1.0,1.0
150,35.0,2,True,1.0,1.0
150,35.0,2,True,1.0,1.0
150,35.0,2,True,1.0,1.0
150,35.0,2,True,1.0,1.0
150,35.0,3,True,0.9259259259259259,1.0
150,35.0,2,True,1.0,1.0
150,35.0,2,True,1.0,1.0
150,35.0,2,True,1.0,1.0
150,35.0,2,True,1.0,1.0
150,35.0,2,True,1.0,1.0
150,35.0,2,True,1.0,1.0
150,35.0,2,True,1.0,1.0
150,35.0,2,True,1.0,1.0
150,35.0,2,True,1.0,1.0
150,35.0,2,True,1.0,1.0
150,35.0,2,True,1.0,1.0
150,35.0,3,True,0.9876543209876543,1.0
150,35.0,2,True,1.0,1.0
150,35.0,2,True,1.0,1.0
150,35.0,2,True,1.0,1.0
150,35.0,2,True,1.0,1.0
150,35.0,2,True,1.0,1.0
150,35.0,2,True,1.0,1.0
150,35.0,2,True,1.0,1.0
150,35.0,2,True,1.0,1.0
150,35.0,2,True,1.0,1.0
150,35.0,2,True,1.0,1.0
150,35.0,2,True,1.0,1.0
150,35.0,2,True,1.0,1.0
150,35.0,2,True,1.0,1.0
150,35.0,2,True,1.0,1.0
150,35.0,2,True,1.0,1.0
150,35.0,2,True,1.0,1.0
150,35.0,2,True,1.0,1.0
150,35.0,2,True,1.0,1.0
150,35.0,2,True,1.0,1.0
150,35.0,2,True,1.0,1.0
150,35.0,2,True,1.0,1.0
150,35.0,2,True,1.0,1.0
150,35.0,2,True,1.0,1.0
150,35.0,2,True,1.0,1.0
150,35.0,2,True,1.0,1.0
150,35.0,2,True,1.0,1.0
150,35.0,2,True,1.0,1.0
150,35.0,2,True,1.0,1.0
150,35.0,2,True,1.0,1.0
150,35.0,2,True,1.0,1.0
150,35.0,2,True,1.0,1.0
150,35.0,2,True,1.0,1.0
150,35.0,2,True,1.0,1.0
150,35.0,2,True,1.0,1.0
150,35.0,2,True,1.0,1.0
150,35.0,2,True,1.0,1.0
150,35.0,2,True,1.0,1.0
150,35.0,2,True,1.0,1.0
150,35.0,2,True,1.0,1.0
150,35.0,2,True,1.0,1.0
150,35.0,2,True,1.0,1.0
150,35.0,2,True,1.0,1.0
150,35.0,3,True,0.6296296296296297,1.0
150,35.0,2,True,1.0,1.0
150,35.0,2,True,1.0,1.0
150,35.0,2,True,1.0,1.0
150,35.0,2,True,1.0,1.0
150,35.0,2,True,1.0,1.0
150,35.0,2,True,1.0,1.0
150,35.0,2,True,1.0,1.0
150,35.0,2,True,1.0,1.0
150,35.0,2,True,1.0,1.0
150,35.0,2,True,1.0,1.0
150,35.0,2,True,1.0,1.0
150,35.0,2,True,1.0,1.0
150,35.0,2,True,1.0,1.0
150,35.0,2,True,1.0,1.0
150,35.0,2,True,1.0,1.0
150,35.0,2,True,1.0,1.0
150,35.0,2,True,1.0,1.0
150,35.0,2,True,1.0,1.0
150,35.0,2,True,1.0,1.0
150,35.0,2,True,1.0,1.0
150,35.0,2,True,1.0,1.0
150,35.0,2,True,1.0,1.0
150,35.0,2,True,1.0,1.0
150,35.0,2,True,1.0,1.0
150,35.0,2,True,1.0,1.0
150,35.0,2,True,1.0,1.0
150,35.0,2,True,1.0,1.0
150,35.0,2,True,1.0,1.0
150,35.0,2,True,1.0,1.0
150,35.0,2,True,1.0,1.0
150,35.0,2,True,1.0,1.0
150,35.0,2,True,1.0,1.0
150,35.0,2,True,1.0,1.0
150,35.0,2,True,1.0,1.0
150,35.0,2,True,1.0,1.0
150,35.0,2,True,1.0,1.0
150,35.0,2,True,1.0,1.0
150,35.0,2,True,1.0,1.0
150,35.0,2,True,1.0,1.0
150,35.0,2,True,1.0,1.0
150,35.0,2,True,1.0,1.0
150,35.0,2,True,1.0,1.0
150,35.0,2,True,1.0,1.0
150,35.0,2,True,1.0,1.0
150,35.0,2,True,1.0,1.0
150,35.0,2,True,1.0,1.0
150,35.0,2,True,1.0,1.0
150,35.0,2,True,1.0,1.0
150,35.0,2,True,1.0,1.0
150,35.0,2,True,1.0,1.0
150,35.0,2,True,1.0,1.0
150,35.0,2,True,1.0,1.0
150,35.0,2,True,1.0,1.0
150,35.0,2,True,1.0,1.0
150,35.0,2,True,1.0,1.0
150,35.0,2,True,1.0,1.0
150,35.0,2,True,1.0,1.0
150,36.0,2,True,1.0,1.0
150,36.0,2,True,1.0,1.0
150,36.0,2,True,1.0,1.0
150,36.0,2,True,1.0,1.0
150,36.0,2,True,1.0,1.0
150,36.0,3,True,0.8148148148148148,1.0
150,36.0,2,True,1.0,1.0
150,36.0,2,True,1.0,1.0
150,36.0,2,True,1.0,1.0
150,36.0,2,True,1.0,1.0
150,36.0,2,True,1.0,1.0
150,36.0,2,True,1.0,1.0
150,36.0,2,True,1.0,1.0
150,36.0,2,True,1.0,1.0
150,36.0,2,True,1.0,1.0
150,36.0,3,True,0.9753086419753086,1.0
150,36.0,2,True,1.0,1.0
150,36.0,2,True,1.0,1.0
150,36.0,2,True,1.0,1.0
150,36.0,2,True,1.0,1.0
150,36.0,2,True,1.0,1.0
150,36.0,2,True,1.0,1.0
150,36.0,2,True,1.0,1.0
150,36.0,3,True,0.8271604938271605,1.0
150,36.0,2,True,1.0,1.0
150,36.0,2,True,1.0,1.0
150,36.0,2,True,1.0,1.0
150,36.0,2,True,1.0,1.0
150,36.0,2,True,1.0,1.0
150,36.0,2,True,1.0,1.0
150,36.0,2,True,1.0,1.0
150,36.0,2,True,1.0,1.0
150,36.0,2,True,1.0,1.0
150,36.0,2,True,1.0,1.0
150,36.0,2,True,1.0,1.0
150,36.0,2,True,1.0,1.0
150,36.0,2,True,1.0,1.0
150,36.0,2,True,1.0,1.0
150,36.0,2,True,1.0,1.0
150,36.0,2,True,1.0,1.0
150,36.0,2,True,1.0,1.0
150,36.0,2,True,1.0,1.0
150,36.0,2,True,1.0,1.0
150,36.0,2,True,1.0,1.0
150,36.0,2,True,1.0,1.0
150,36.0,2,True,1.0,1.0
150,36.0,2,True,1.0,1.0
150,36.0,2,True,1.0,1.0
150,36.0,2,True,1.0,1.0
150,36.0,2,True,1.0,1.0
150,36.0,2,True,1.0,1.0
150,36.0,2,True,1.0,1.0
150,36.0,2,True,1.0,1.0
150,36.0,2,True,1.0,1.0
150,36.0,2,True,1.0,1.0
150,36.0,2,True,1.0,1.0
150,36.0,2,True,1.0,1.0
150,36.0,2,True,1.0,1.0
150,36.0,2,True,1.0,1.0
150,36.0,2,True,1.0,1.0
150,36.0,2,True,1.0,1.0
150,36.0,2,True,1.0,1.0
150,36.0,2,True,1.0,1.0
150,36.0,2,True,1.0,1.0
150,36.0,2,True,1.0,1.0
150,36.0,2,True,1.0,1.0
150,36.0,2,True,1.0,1.0
150,36.0,2,True,1.0,1.0
150,36.0,2,True,1.0,1.0
150,36.0,2,True,1.0,1.0
150,36.0,2,True,1.0,1.0
150,36.0,2,True,1.0,1.0
150,36.0,2,True,1.0,1.0
150,36.0,2,True,1.0,1.0
150,36.0,2,True,1.0,1.0
150,36.0,2,True,1.0,1.0
150,36.0,2,True,1.0,1.0
150,36.0,3,True,0.8765432098765432,1.0
150,36.0,2,True,1.0,1.0
150,36.0,2,True,1.0,1.0
150,36.0,2,True,1.0,1.0
150,36.0,2,True,1.0,1.0
150,36.0,2,True,1.0,1.0
150,36.0,2,True,1.0,1.0
150,36.0,2,True,1.0,1.0
150,36.0,2,True,1.0,1.0
150,36.0,2,True,1.0,1.0
150,36.0,2,True,1.0,1.0
150,36.0,2,True,1.0,1.0
150,36.0,2,True,1.0,1.0
150,36.0,2,True,1.0,1.0
150,36.0,2,True,1.0,1.0
150,36.0,2,True,1.0,1.0
150,36.0,2,True,1.0,1.0
150,36.0,2,True,1.0,1.0
150,36.0,2,True,1.0,1.0
150,36.0,2,True,1.0,1.0
150,36.0,2,True,1.0,1.0
150,36.0,2,True,1.0,1.0
150,36.0,2,True,1.0,1.0
150,36.0,2,True,1.0,1.0
150,36.0,2,True,1.0,1.0
150,36.0,2,True,1.0,1.0
150,36.0,2,True,1.0,1.0
150,36.0,2,True,1.0,1.0
150,36.0,2,True,1.0,1.0
150,36.0,2,True,1.0,1.0
150,36.0,2,True,1.0,1.0
150,36.0,2,True,1.0,1.0
150,36.0,3,True,0.691358024691358,1.0
150,36.0,3,True,0.8765432098765432,1.0
150,36.0,2,True,1.0,1.0
150,36.0,2,True,1.0,1.0
150,36.0,2,True,1.0,1.0
150,36.0,2,True,1.0,1.0
150,36.0,2,True,1.0,1.0
150,36.0,2,True,1.0,1.0
150,36.0,2,True,1.0,1.0
150,36.0,2,True,1.0,1.0
150,36.0,2,True,1.0,1.0
150,36.0,2,True,1.0,1.0
150,36.0,2,True,1.0,1.0
150,36.0,2,True,1.0,1.0
150,36.0,2,True,1.0,1.0
150,36.0,2,True,1.0,1.0
150,36.0,2,True,1.0,1.0
150,36.0,2,True,1.0,1.0
150,36.0,2,True,1.0,1.0
150,36.0,2,True,1.0,1.0
150,36.0,2,True,1.0,1.0
150,36.0,2,True,1.0,1.0
150,36.0,2,True,1.0,1.0
150,36.0,2,True,1.0,1.0
150,36.0,2,True,1.0,1.0
150,36.0,2,True,1.0,1.0
150,36.0,3,True,0.9259259259259259,1.0
150,36.0,2,True,1.0,1.0
150,36.0,2,True,1.0,1.0
150,36.0,2,True,1.0,1.0
150,36.0,2,True,1.0,1.0
150,36.0,2,True,1.0,1.0
150,36.0,3,True,0.9012345679012346,1.0
150,36.0,2,True,1.0,1.0
150,36.0,2,True,1.0,1.0
150,36.0,2,True,1.0,1.0
150,36.0,2,True,1.0,1.0
150,36.0,2,True,1.0,1.0
150,36.0,3,True,0.2716049382716049,1.0
150,36.0,3,True,0.9876543209876543,1.0
150,36.0,2,True,1.0,1.0
150,36.0,2,True,1.0,1.0
150,36.0,2,True,1.0,1.0
150,36.0,2,True,1.0,1.0
150,36.0,2,True,1.0,1.0
150,36.0,2,True,1.0,1.0
150,36.0,3,True,0.9382716049382716,1.0
150,36.0,2,True,1.0,1.0
150,36.0,3,True,0.8024691358024691,1.0
150,36.0,2,True,1.0,1.0
150,36.0,2,True,1.0,1.0
150,36.0,2,True,1.0,1.0
150,36.0,2,True,1.0,1.0
150,36.0,2,True,1.0,1.0
150,36.0,2,True,1.0,1.0
150,36.0,2,True,1.0,1.0
150,36.0,2,True,1.0,1.0
150,36.0,2,True,1.0,1.0
150,36.0,2,True,1.0,1.0
150,36.0,2,True,1.0,1.0
150,36.0,2,True,1.0,1.0
150,36.0,2,True,1.0,1.0
150,36.0,2,True,1.0,1.0
150,36.0,2,True,1.0,1.0
150,36.0,2,True,1.0,1.0
150,36.0,2,True,1.0,1.0
150,36.0,2,True,1.0,1.0
150,36.0,2,True,1.0,1.0
150,36.0,2,True,1.0,1.0
150,36.0,2,True,1.0,1.0
150,36.0,2,True,1.0,1.0
150,36.0,2,True,1.0,1.0
150,36.0,2,True,1.0,1.0
150,36.0,2,True,1.0,1.0
150,36.0,2,True,1.0,1.0
150,36.0,2,True,1.0,1.0
150,36.0,2,True,1.0,1.0
150,36.0,2,True,1.0,1.0
150,36.0,2,True,1.0,1.0
150,36.0,2,True,1.0,1.0
150,36.0,2,True,1.0,1.0
150,36.0,2,True,1.0,1.0
150,36.0,2,True,1.0,1.0
150,36.0,2,True,1.0,1.0
150,36.0,2,True,1.0,1.0
150,36.0,2,True,1.0,1.0
150,36.0,2,True,1.0,1.0
150,36.0,2,True,1.0,1.0
150,36.0,2,True,1.0,1.0
150,36.0,2,True,1.0,1.0
150,36.0,2,True,1.0,1.0
150,36.0,2,True,1.0,1.0
150,36.0,2,True,1.0,1.0
150,36.0,2,True,1.0,1.0
150,36.0,2,True,1.0,1.0
150,36.0,2,True,1.0,1.0
150,36.0,2,True,1.0,1.0
150,36.0,2,True,1.0,1.0
150,36.0,2,True,1.0,1.0
150,36.0,3,True,0.6790123456790124,1.0
150,36.0,2,True,1.0,1.0
150,36.0,2,True,1.0,1.0
150,36.0,3,True,0.9506172839506173,1.0
150,36.0,2,True,1.0,1.0
150,36.0,2,True,1.0,1.0
150,36.0,2,True,1.0,1.0
150,36.0,2,True,1.0,1.0
150,36.0,2,True,1.0,1.0
150,36.0,2,True,1.0,1.0
150,36.0,2,True,1.0,1.0
150,36.0,2,True,1.0,1.0
150,36.0,2,True,1.0,1.0
150,36.0,2,True,1.0,1.0
150,36.0,2,True,1.0,1.0
150,36.0,2,True,1.0,1.0
150,36.0,2,True,1.0,1.0
150,36.0,2,True,1.0,1.0
150,36.0,2,True,1.0,1.0
150,36.0,2,True,1.0,1.0
150,36.0,2,True,1.0,1.0
150,36.0,2,True,1.0,1.0
150,36.0,2,True,1.0,1.0
150,36.0,2,True,1.0,1.0
150,36.0,4,True,0.5308641975308642,1.0
150,36.0,2,True,1.0,1.0
150,36.0,2,True,1.0,1.0
150,36.0,2,True,1.0,1.0
150,36.0,2,True,1.0,1.0
150,36.0,2,True,1.0,1.0
150,36.0,2,True,1.0,1.0
150,36.0,3,True,0.2839506172839506,1.0
150,36.0,2,True,1.0,1.0
150,36.0,2,True,1.0,1.0
150,36.0,2,True,1.0,1.0
150,36.0,2,True,1.0,1.0
150,36.0,2,True,1.0,1.0
150,36.0,2,True,1.0,1.0
150,36.0,2,True,1.0,1.0
150,36.0,2,True,1.0,1.0
150,36.0,2,True,1.0,1.0
150,36.0,2,True,1.0,1.0
150,36.0,2,True,1.0,1.0
150,36.0,2,True,1.0,1.0
150,36.0,2,True,1.0,1.0
150,36.0,2,True,1.0,1.0
150,36.0,2,True,1.0,1.0
150,36.0,3,True,0.6049382716049383,1.0
150,36.0,2,True,1.0,1.0
150,36.0,2,True,1.0,1.0
150,36.0,2,True,1.0,1.0
150,36.0,2,True,1.0,1.0
150,36.0,2,True,1.0,1.0
150,36.0,2,True,1.0,1.0
150,36.0,2,True,1.0,1.0
150,36.0,2,True,1.0,1.0
150,36.0,2,True,1.0,1.0
150,36.0,2,True,1.0,1.0
150,36.0,3,True,0.5308641975308642,1.0
150,36.0,2,True,1.0,1.0
150,36.0,2,True,1.0,1.0
150,36.0,2,True,1.0,1.0
150,36.0,2,True,1.0,1.0
150,36.0,2,True,1.0,1.0
150,36.0,2,True,1.0,1.0
150,36.0,2,True,1.0,1.0
150,36.0,2,True,1.0,1.0
150,36.0,2,True,1.0,1.0
150,36.0,2,True,1.0,1.0
150,36.0,2,True,1.0,1.0
150,36.0,2,True,1.0,1.0
150,36.0,2,True,1.0,1.0
150,36.0,2,True,1.0,1.0
150,36.0,2,True,1.0,1.0
150,36.0,2,True,1.0,1.0
150,36.0,2,True,1.0,1.0
150,36.0,2,True,1.0,1.0
150,36.0,2,True,1.0,1.0
150,36.0,2,True,1.0,1.0
150,36.0,2,True,1.0,1.0
150,36.0,2,True,1.0,1.0
150,36.0,2,True,1.0,1.0
150,36.0,2,True,1.0,1.0
150,36.0,2,True,1.0,1.0
150,36.0,2,True,1.0,1.0
150,36.0,2,True,1.0,1.0
150,36.0,2,True,1.0,1.0
150,36.0,2,True,1.0,1.0
150,36.0,2,True,1.0,1.0
150,36.0,2,True,1.0,1.0
150,36.0,2,True,1.0,1.0
150,36.0,2,True,1.0,1.0
150,37.0,2,True,1.0,1.0
150,37.0,2,True,1.0,1.0
150,37.0,2,True,1.0,1.0
150,37.0,3,True,0.32098765432098764,1.0
150,37.0,3,True,0.8148148148148148,1.0
150,37.0,3,True,0.9876543209876543,1.0
150,37.0,2,True,1.0,1.0
150,37.0,2,True,1.0,1.0
150,37.0,3,True,0.4444444444444444,1.0
150,37.0,2,True,1.0,1.0
150,37.0,2,True,1.0,1.0
150,37.0,3,True,0.9753086419753086,1.0
150,37.0,2,True,1.0,1.0
150,37.0,2,True,1.0,1.0
150,37.0,2,True,1.0,1.0
150,37.0,2,True,1.0,1.0
150,37.0,2,True,1.0,1.0
150,37.0,2,True,1.0,1.0
150,37.0,2,True,1.0,1.0
150,37.0,2,True,1.0,1.0
150,37.0,2,True,1.0,1.0
150,37.0,2,True,1.0,1.0
150,37.0,2,True,1.0,1.0
150,37.0,2,True,1.0,1.0
150,37.0,3,True,0.7530864197530864,1.0
150,37.0,2,True,1.0,1.0
150,37.0,2,True,1.0,1.0
150,37.0,3,True,0.8518518518518519,1.0
150,37.0,2,True,1.0,1.0
150,37.0,2,True,1.0,1.0
150,37.0,2,True,1.0,1.0
150,37.0,2,True,1.0,1.0
150,37.0,2,True,1.0,1.0
150,37.0,2,True,1.0,1.0
150,37.0,2,True,1.0,1.0
150,37.0,2,True,1.0,1.0
150,37.0,2,True,1.0,1.0
150,37.0,3,True,0.7777777777777778,1.0
150,37.0,2,True,1.0,1.0
150,37.0,2,True,1.0,1.0
150,37.0,2,True,1.0,1.0
150,37.0,2,True,1.0,1.0
150,37.0,2,True,1.0,1.0
150,37.0,2,True,1.0,1.0
150,37.0,2,True,1.0,1.0
150,37.0,2,True,1.0,1.0
150,37.0,2,True,1.0,1.0
150,37.0,2,True,1.0,1.0
150,37.0,2,True,1.0,1.0
150,37.0,2,True,1.0,1.0
150,37.0,3,True,0.48148148148148145,1.0
150,37.0,2,True,1.0,1.0
150,37.0,3,True,0.9506172839506173,1.0
150,37.0,2,True,1.0,1.0
150,37.0,3,True,0.9876543209876543,1.0
150,37.0,2,True,1.0,1.0
150,37.0,3,True,0.9876543209876543,1.0
150,37.0,3,True,0.4444444444444444,1.0
150,37.0,2,True,1.0,1.0
150,37.0,2,True,1.0,1.0
150,37.0,2,True,1.0,1.0
150,37.0,3,True,0.20987654320987653,1.0
150,37.0,2,True,1.0,1.0
150,37.0,2,True,1.0,1.0
150,37.0,3,True,0.37037037037037035,1.0
150,37.0,2,True,1.0,1.0
150,37.0,2,True,1.0,1.0
150,37.0,2,True,1.0,1.0
150,37.0,2,True,1.0,1.0
150,37.0,4,True,0.13580246913580246,0.20987654320987653
150,37.0,2,True,1.0,1.0
150,37.0,2,True,1.0,1.0
150,37.0,2,True,1.0,1.0
150,37.0,3,True,0.9506172839506173,1.0
150,37.0,3,True,0.49382716049382713,1.0
150,37.0,2,True,1.0,1.0
150,37.0,2,True,1.0,1.0
150,37.0,2,True,1.0,1.0
150,37.0,2,True,1.0,1.0
150,37.0,2,True,1.0,1.0
150,37.0,2,True,1.0,1.0
150,37.0,2,True,1.0,1.0
150,37.0,2,True,1.0,1.0
150,37.0,2,True,1.0,1.0
150,37.0,2,True,1.0,1.0
150,37.0,3,True,0.5185185185185185,1.0
150,37.0,2,True,1.0,1.0
150,37.0,2,True,1.0,1.0
150,37.0,2,True,1.0,1.0
150,37.0,2,True,1.0,1.0
150,37.0,3,True,0.5432098765432098,1.0
150,37.0,2,True,1.0,1.0
150,37.0,2,True,1.0,1.0
150,37.0,2,True,1.0,1.0
150,37.0,2,True,1.0,1.0
150,37.0,2,True,1.0,1.0
150,37.0,2,True,1.0,1.0
150,37.0,2,True,1.0,1.0
150,37.0,2,True,1.0,1.0
150,37.0,2,True,1.0,1.0
150,37.0,2,True,1.0,1.0
150,37.0,2,True,1.0,1.0
150,37.0,3,True,0.8024691358024691,1.0
150,37.0,2,True,1.0,1.0
150,37.0,3,True,0.9629629629629629,1.0
150,37.0,2,True,1.0,1.0
150,37.0,2,True,1.0,1.0
150,37.0,2,True,1.0,1.0
150,37.0,2,True,1.0,1.0
150,37.0,2,True,1.0,1.0
150,37.0,2,True,1.0,1.0
150,37.0,2,True,1.0,1.0
150,37.0,3,True,0.9259259259259259,1.0
150,37.0,2,True,1.0,1.0
150,37.0,2,True,1.0,1.0
150,37.0,2,True,1.0,1.0
150,37.0,2,True,1.0,1.0
150,37.0,2,True,1.0,1.0
150,37.0,3,True,0.9876543209876543,1.0
150,37.0,2,True,1.0,1.0
150,37.0,2,True,1.0,1.0
150,37.0,3,True,0.35802469135802467,1.0
150,37.0,2,True,1.0,1.0
150,37.0,2,True,1.0,1.0
150,37.0,2,True,1.0,1.0
150,37.0,2,True,1.0,1.0
150,37.0,2,True,1.0,1.0
150,37.0,2,True,1.0,1.0
150,37.0,3,True,0.9382716049382716,1.0
150,37.0,2,True,1.0,1.0
150,37.0,2,True,1.0,1.0
150,37.0,2,True,1.0,1.0
150,37.0,2,True,1.0,1.0
150,37.0,2,True,1.0,1.0
150,37.0,2,True,1.0,1.0
150,37.0,2,True,1.0,1.0
150,37.0,3,True,0.6419753086419753,1.0
150,37.0,2,True,1.0,1.0
150,37.0,2,True,1.0,1.0
150,37.0,2,True,1.0,1.0
150,37.0,2,True,1.0,1.0
150,37.0,2,True,1.0,1.0
150,37.0,2,True,1.0,1.0
150,37.0,2,True,1.0,1.0
150,37.0,2,True,1.0,1.0
150,37.0,2,True,1.0,1.0
150,37.0,2,True,1.0,1.0
150,37.0,2,True,1.0,1.0
150,37.0,2,True,1.0,1.0
150,37.0,2,True,1.0,1.0
150,37.0,2,True,1.0,1.0
150,37.0,2,True,1.0,1.0
150,37.0,3,True,0.48148148148148145,1.0
150,37.0,2,True,1.0,1.0
150,37.0,2,True,1.0,1.0
150,37.0,2,True,1.0,1.0
150,37.0,2,True,1.0,1.0
150,37.0,2,True,1.0,1.0
150,37.0,2,True,1.0,1.0
150,37.0,2,True,1.0,1.0
150,37.0,2,True,1.0,1.0
150,37.0,3,True,0.32098765432098764,1.0
150,37.0,2,True,1.0,1.0
150,37.0,2,True,1.0,1.0
150,37.0,2,True,1.0,1.0
150,37.0,2,True,1.0,1.0
150,37.0,2,True,1.0,1.0
150,37.0,2,True,1.0,1.0
150,37.0,2,True,1.0,1.0
150,37.0,2,True,1.0,1.0
150,37.0,2,True,1.0,1.0
150,37.0,2,True,1.0,1.0
150,37.0,2,True,1.0,1.0
150,37.0,2,True,1.0,1.0
150,37.0,2,True,1.0,1.0
150,37.0,3,True,0.8641975308641975,1.0
150,37.0,2,True,1.0,1.0
150,37.0,2,True,1.0,1.0
150,37.0,2,True,1.0,1.0
150,37.0,2,True,1.0,1.0
150,37.0,2,True,1.0,1.0
150,37.0,2,True,1.0,1.0
150,37.0,2,True,1.0,1.0
150,37.0,2,True,1.0,1.0
150,37.0,2,True,1.0,1.0
150,37.0,2,True,1.0,1.0
150,37.0,2,True,1.0,1.0
150,37.0,3,True,0.7160493827160493,1.0
150,37.0,2,True,1.0,1.0
150,37.0,2,True,1.0,1.0
150,37.0,2,True,1.0,1.0
150,37.0,3,True,0.9876543209876543,1.0
150,37.0,2,True,1.0,1.0
150,37.0,2,True,1.0,1.0
150,37.0,2,True,1.0,1.0
150,37.0,2,True,1.0,1.0
150,37.0,2,True,1.0,1.0
150,37.0,2,True,1.0,1.0
150,37.0,2,True,1.0,1.0
150,37.0,2,True,1.0,1.0
150,37.0,2,True,1.0,1.0
150,37.0,2,True,1.0,1.0
150,37.0,2,True,1.0,1.0
150,37.0,2,True,1.0,1.0
150,37.0,2,True,1.0,1.0
150,37.0,2,True,1.0,1.0
150,37.0,2,True,1.0,1.0
150,37.0,2,True,1.0,1.0
150,37.0,2,True,1.0,1.0
150,37.0,2,True,1.0,1.0
150,37.0,2,True,1.0,1.0
150,37.0,2,True,1.0,1.0
150,37.0,2,True,1.0,1.0
150,37.0,2,True,1.0,1.0
150,37.0,2,True,1.0,1.0
150,37.0,2,True,1.0,1.0
150,37.0,2,True,1.0,1.0
150,37.0,2,True,1.0,1.0
150,37.0,2,True,1.0,1.0
150,37.0,2,True,1.0,1.0
150,37.0,2,True,1.0,1.0
150,37.0,2,True,1.0,1.0
150,37.0,2,True,1.0,1.0
150,37.0,2,True,1.0,1.0
150,37.0,2,True,1.0,1.0
150,37.0,2,True,1.0,1.0
150,37.0,3,True,0.9135802469135802,1.0
150,37.0,2,True,1.0,1.0
150,37.0,2,True,1.0,1.0
150,37.0,2,True,1.0,1.0
150,37.0,2,True,1.0,1.0
150,37.0,2,True,1.0,1.0
150,37.0,2,True,1.0,1.0
150,37.0,2,True,1.0,1.0
150,37.0,2,True,1.0,1.0
150,37.0,2,True,1.0,1.0
150,37.0,2,True,1.0,1.0
150,37.0,2,True,1.0,1.0
150,37.0,2,True,1.0,1.0
150,37.0,2,True,1.0,1.0
150,37.0,2,True,1.0,1.0
150,37.0,2,True,1.0,1.0
150,37.0,2,True,1.0,1.0
150,37.0,2,True,1.0,1.0
150,37.0,3,True,0.6790123456790124,1.0
150,37.0,2,True,1.0,1.0
150,37.0,2,True,1.0,1.0
150,37.0,2,True,1.0,1.0
150,37.0,2,True,1.0,1.0
150,37.0,3,True,0.2962962962962963,1.0
150,37.0,3,True,0.7037037037037037,1.0
150,37.0,2,True,1.0,1.0
150,37.0,2,True,1.0,1.0
150,37.0,2,True,1.0,1.0
150,37.0,3,True,0.9629629629629629,1.0
150,37.0,2,True,1.0,1.0
150,37.0,2,True,1.0,1.0
150,37.0,2,True,1.0,1.0
150,37.0,2,True,1.0,1.0
150,37.0,2,True,1.0,1.0
150,37.0,3,True,0.37037037037037035,1.0
150,37.0,2,True,1.0,1.0
150,37.0,2,True,1.0,1.0
150,37.0,2,True,1.0,1.0
150,37.0,3,True,0.2962962962962963,1.0
150,37.0,2,True,1.0,1.0
150,37.0,2,True,1.0,1.0
150,37.0,3,True,0.18518518518518517,1.0
150,37.0,2,True,1.0,1.0
150,37.0,2,True,1.0,1.0
150,37.0,2,True,1.0,1.0
150,37.0,2,True,1.0,1.0
150,37.0,2,True,1.0,1.0
150,37.0,3,True,0.691358024691358,1.0
150,37.0,3,True,0.4567901234567901,1.0
150,37.0,3,True,0.9382716049382716,1.0
150,37.0,2,True,1.0,1.0
150,37.0,2,True,1.0,1.0
150,37.0,2,True,1.0,1.0
150,37.0,3,True,0.9135802469135802,1.0
150,37.0,2,True,1.0,1.0
150,37.0,2,True,1.0,1.0
150,37.0,2,True,1.0,1.0
150,37.0,2,True,1.0,1.0
150,37.0,2,True,1.0,1.0
150,37.0,2,True,1.0,1.0
150,37.0,2,True,1.0,1.0
150,37.0,2,True,1.0,1.0
150,37.0,2,True,1.0,1.0
150,37.0,2,True,1.0,1.0
150,37.0,2,True,1.0,1.0
150,37.0,2,True,1.0,1.0
150,37.0,2,True,1.0,1.0
150,37.0,2,True,1.0,1.0
150,37.0,2,True,1.0,1.0
150,37.0,2,True,1.0,1.0
150,37.0,2,True,1.0,1.0
150,37.0,3,True,0.5185185185185185,1.0
150,37.0,2,True,1.0,1.0
150,37.0,2,True,1.0,1.0
150,38.0,2,True,1.0,1.0
150,38.0,2,True,1.0,1.0
150,38.0,2,True,1.0,1.0
150,38.0,3,True,0.4691358024691358,1.0
150,38.0,2,True,1.0,1.0
150,38.0,2,True,1.0,1.0
150,38.0,2,True,1.0,1.0
150,38.0,2,True,1.0,1.0
150,38.0,2,True,1.0,1.0
150,38.0,2,True,1.0,1.0
150,38.0,2,True,1.0,1.0
150,38.0,2,True,1.0,1.0
150,38.0,2,True,1.0,1.0
150,38.0,3,True,0.38271604938271603,1.0
150,38.0,17,True,0.13580246913580246,0.09876543209876543
150,38.0,12,True,0.25925925925925924,0.12345679012345678
150,38.0,2,True,1.0,1.0
150,38.0,2,True,1.0,1.0
150,38.0,3,True,0.37037037037037035,1.0
150,38.0,3,True,0.2962962962962963,1.0
150,38.0,3,True,0.9382716049382716,1.0
150,38.0,3,True,0.2222222222222222,1.0
150,38.0,3,True,0.345679012345679,1.0
150,38.0,2,True,1.0,1.0
150,38.0,2,True,1.0,1.0
150,38.0,2,True,1.0,1.0
150,38.0,3,True,0.7530864197530864,1.0
150,38.0,2,True,1.0,1.0
150,38.0,3,True,0.7283950617283951,1.0
150,38.0,3,True,0.5555555555555556,1.0
150,38.0,2,True,1.0,1.0
150,38.0,3,True,0.24691358024691357,1.0
150,38.0,2,True,1.0,1.0
150,38.0,3,True,0.4444444444444444,1.0
150,38.0,2,True,1.0,1.0
150,38.0,2,True,1.0,1.0
150,38.0,2,True,1.0,1.0
150,38.0,2,True,1.0,1.0
150,38.0,2,True,1.0,1.0
150,38.0,2,True,1.0,1.0
150,38.0,3,True,0.8765432098765432,1.0
150,38.0,2,True,1.0,1.0
150,38.0,3,True,0.8641975308641975,1.0
150,38.0,3,True,0.4567901234567901,1.0
150,38.0,2,True,1.0,1.0
150,38.0,2,True,1.0,1.0
150,38.0,3,True,0.2962962962962963,1.0
150,38.0,2,True,1.0,1.0
150,38.0,3,True,0.2839506172839506,1.0
150,38.0,10,True,0.09876543209876543,0.1111111111111111
150,38.0,2,True,1.0,1.0
150,38.0,2,True,1.0,1.0
150,38.0,2,True,1.0,1.0
150,38.0,2,True,1.0,1.0
150,38.0,3,True,0.20987654320987653,1.0
150,38.0,10,True,0.1728395061728395,0.08641975308641975
150,38.0,2,True,1.0,1.0
150,38.0,3,True,0.3333333333333333,1.0
150,38.0,2,True,1.0,1.0
150,38.0,2,True,1.0,1.0
150,38.0,2,True,1.0,1.0
150,38.0,2,True,1.0,1.0
150,38.0,2,True,1.0,1.0
150,38.0,2,True,1.0,1.0
150,38.0,2,True,1.0,1.0
150,38.0,2,True,1.0,1.0
150,38.0,2,True,1.0,1.0
150,38.0,3,True,0.2716049382716049,1.0
150,38.0,3,True,0.3950617283950617,1.0
150,38.0,2,True,1.0,1.0
150,38.0,2,True,1.0,1.0
150,38.0,2,True,1.0,1.0
150,38.0,3,True,0.4074074074074074,1.0
150,38.0,2,True,1.0,1.0
150,38.0,3,True,0.9753086419753086,1.0
150,38.0,3,True,0.9506172839506173,1.0
150,38.0,2,True,1.0,1.0
150,38.0,10,True,0.1111111111111111,0.20987654320987653
150,38.0,2,True,1.0,1.0
150,38.0,2,True,1.0,1.0
150,38.0,11,True,0.13580246913580246,0.08641975308641975
150,38.0,2,True,1.0,1.0
150,38.0,2,True,1.0,1.0
150,38.0,2,True,1.0,1.0
150,38.0,2,True,1.0,1.0
150,38.0,3,True,0.5925925925925926,1.0
150,38.0,2,True,1.0,1.0
150,38.0,2,True,1.0,1.0
150,38.0,3,True,0.6790123456790124,1.0
150,38.0,2,True,1.0,1.0
150,38.0,2,True,1.0,1.0
150,38.0,2,True,1.0,1.0
150,38.0,2,True,1.0,1.0
150,38.0,2,True,1.0,1.0
150,38.0,3,True,0.37037037037037035,1.0
150,38.0,2,True,1.0,1.0
150,38.0,3,True,0.3333333333333333,1.0
150,38.0,2,True,1.0,1.0
150,38.0,2,True,1.0,1.0
150,38.0,3,True,0.41975308641975306,1.0
150,38.0,2,True,1.0,1.0
150,38.0,2,True,1.0,1.0
150,38.0,2,True,1.0,1.0
150,38.0,2,True,1.0,1.0
150,38.0,2,True,1.0,1.0
150,38.0,3,True,0.5061728395061729,1.0
150,38.0,2,True,1.0,1.0
150,38.0,2,True,1.0,1.0
150,38.0,2,True,1.0,1.0
150,38.0,2,True,1.0,1.0
150,38.0,2,True,1.0,1.0
150,38.0,2,True,1.0,1.0
150,38.0,2,True,1.0,1.0
150,38.0,2,True,1.0,1.0
150,38.0,2,True,1.0,1.0
150,38.0,2,True,1.0,1.0
150,38.0,2,True,1.0,1.0
150,38.0,2,True,1.0,1.0
150,38.0,2,True,1.0,1.0
150,38.0,2,True,1.0,1.0
150,38.0,2,True,1.0,1.0
150,38.0,2,True,1.0,1.0
150,38.0,2,True,1.0,1.0
150,38.0,2,True,1.0,1.0
150,38.0,2,True,1.0,1.0
150,38.0,4,True,0.18518518518518517,1.0
150,38.0,2,True,1.0,1.0
150,38.0,2,True,1.0,1.0
150,38.0,3,True,0.5925925925925926,1.0
150,38.0,2,True,1.0,1.0
150,38.0,2,True,1.0,1.0
150,38.0,18,True,0.18518518518518517,0.12345679012345678
150,38.0,2,True,1.0,1.0
150,38.0,2,True,1.0,1.0
150,38.0,3,True,0.8518518518518519,1.0
150,38.0,2,True,1.0,1.0
150,38.0,2,True,1.0,1.0
150,38.0,3,True,0.8518518518518519,1.0
150,38.0,3,True,0.3333333333333333,1.0
150,38.0,2,True,1.0,1.0
150,38.0,2,True,1.0,1.0
150,38.0,2,True,1.0,1.0
150,38.0,2,True,1.0,1.0
150,38.0,2,True,1.0,1.0
150,38.0,2,True,1.0,1.0
150,38.0,2,True,1.0,1.0
150,38.0,2,True,1.0,1.0
150,38.0,2,True,1.0,1.0
150,38.0,2,True,1.0,1.0
150,38.0,2,True,1.0,1.0
150,38.0,2,True,1.0,1.0
150,38.0,2,True,1.0,1.0
150,38.0,3,True,0.9012345679012346,1.0
150,38.0,2,True,1.0,1.0
150,38.0,4,True,0.18518518518518517,1.0
150,38.0,3,True,0.38271604938271603,1.0
150,38.0,2,True,1.0,1.0
150,38.0,2,True,1.0,1.0
150,38.0,2,True,1.0,1.0
150,38.0,2,True,1.0,1.0
150,38.0,2,True,1.0,1.0
150,38.0,3,True,0.9259259259259259,1.0
150,38.0,3,True,0.35802469135802467,1.0
150,38.0,3,True,0.5925925925925926,1.0
150,38.0,2,True,1.0,1.0
150,38.0,4,True,0.18518518518518517,1.0
150,38.0,2,True,1.0,1.0
150,38.0,2,True,1.0,1.0
150,38.0,2,True,1.0,1.0
150,38.0,2,True,1.0,1.0
150,38.0,2,True,1.0,1.0
150,38.0,2,True,1.0,1.0
150,38.0,3,True,0.2839506172839506,1.0
150,38.0,2,True,1.0,1.0
150,38.0,2,True,1.0,1.0
150,38.0,2,True,1.0,1.0
150,38.0,2,True,1.0,1.0
150,38.0,2,True,1.0,1.0
150,38.0,3,True,0.7407407407407407,1.0
150,38.0,2,True,1.0,1.0
150,38.0,2,True,1.0,1.0
150,38.0,2,True,1.0,1.0
150,38.0,3,True,0.35802469135802467,1.0
150,38.0,2,True,1.0,1.0
150,38.0,3,True,0.30864197530864196,1.0
150,38.0,2,True,1.0,1.0
150,38.0,3,True,0.41975308641975306,1.0
150,38.0,2,True,1.0,1.0
150,38.0,3,True,0.3333333333333333,1.0
150,38.0,2,True,1.0,1.0
150,38.0,2,True,1.0,1.0
150,38.0,2,True,1.0,1.0
150,38.0,3,True,0.345679012345679,1.0
150,38.0,2,True,1.0,1.0
150,38.0,2,True,1.0,1.0
150,38.0,2,True,1.0,1.0
150,38.0,3,True,0.5679012345679012,1.0
150,38.0,3,True,0.6790123456790124,1.0
150,38.0,2,True,1.0,1.0
150,38.0,2,True,1.0,1.0
150,38.0,3,True,0.7283950617283951,1.0
150,38.0,2,True,1.0,1.0
150,38.0,3,True,0.8518518518518519,1.0
150,38.0,2,True,1.0,1.0
150,38.0,11,True,0.16049382716049382,0.06172839506172839
150,38.0,2,True,1.0,1.0
150,38.0,2,True,1.0,1.0
150,38.0,2,True,1.0,1.0
150,38.0,2,True,1.0,1.0
150,38.0,2,True,1.0,1.0
150,38.0,2,True,1.0,1.0
150,38.0,2,True,1.0,1.0
150,38.0,2,True,1.0,1.0
150,38.0,2,True,1.0,1.0
150,38.0,2,True,1.0,1.0
150,38.0,2,True,1.0,1.0
150,38.0,2,True,1.0,1.0
150,38.0,2,True,1.0,1.0
150,38.0,3,True,0.8024691358024691,1.0
150,38.0,2,True,1.0,1.0
150,38.0,3,True,0.9259259259259259,1.0
150,38.0,3,True,0.37037037037037035,1.0
150,38.0,2,True,1.0,1.0
150,38.0,8,True,0.20987654320987653,0.14814814814814814
150,38.0,2,True,1.0,1.0
150,38.0,2,True,1.0,1.0
150,38.0,2,True,1.0,1.0
150,38.0,2,True,1.0,1.0
150,38.0,2,True,1.0,1.0
150,38.0,2,True,1.0,1.0
150,38.0,3,True,0.7901234567901234,1.0
150,38.0,2,True,1.0,1.0
150,38.0,2,True,1.0,1.0
150,38.0,7,True,0.12345679012345678,0.06172839506172839
150,38.0,2,True,1.0,1.0
150,38.0,3,True,0.2222222222222222,1.0
150,38.0,2,True,1.0,1.0
150,38.0,6,True,0.19753086419753085,0.024691358024691357
150,38.0,4,True,0.2222222222222222,1.0
150,38.0,2,True,1.0,1.0
150,38.0,2,True,1.0,1.0
150,38.0,2,True,1.0,1.0
150,38.0,2,True,1.0,1.0
150,38.0,2,True,1.0,1.0
150,38.0,2,True,1.0,1.0
150,38.0,2,True,1.0,1.0
150,38.0,2,True,1.0,1.0
150,38.0,3,True,0.6172839506172839,1.0
150,38.0,2,True,1.0,1.0
150,38.0,2,True,1.0,1.0
150,38.0,2,True,1.0,1.0
150,38.0,3,True,0.37037037037037035,1.0
150,38.0,2,True,1.0,1.0
150,38.0,2,True,1.0,1.0
150,38.0,2,True,1.0,1.0
150,38.0,5,True,0.18518518518518517,0.12345679012345678
150,38.0,2,True,1.0,1.0
150,38.0,3,True,0.8765432098765432,1.0
150,38.0,3,True,0.7037037037037037,1.0
150,38.0,2,True,1.0,1.0
150,38.0,2,True,1.0,1.0
150,38.0,3,True,0.8765432098765432,1.0
150,38.0,3,True,0.20987654320987653,1.0
150,38.0,2,True,1.0,1.0
150,38.0,2,True,1.0,1.0
150,38.0,2,True,1.0,1.0
150,38.0,2,True,1.0,1.0
150,38.0,2,True,1.0,1.0
150,38.0,2,True,1.0,1.0
150,38.0,2,True,1.0,1.0
150,38.0,5,True,0.1111111111111111,0.12345679012345678
150,38.0,2,True,1.0,1.0
150,38.0,3,True,0.32098765432098764,1.0
150,38.0,2,True,1.0,1.0
150,38.0,7,True,0.18518518518518517,0.1111111111111111
150,38.0,3,True,0.3333333333333333,1.0
150,38.0,2,True,1.0,1.0
150,38.0,2,True,1.0,1.0
150,38.0,2,True,1.0,1.0
150,38.0,3,True,0.18518518518518517,1.0
150,38.0,2,True,1.0,1.0
150,38.0,3,True,0.6419753086419753,1.0
150,38.0,3,True,0.7037037037037037,1.0
150,38.0,3,True,0.9012345679012346,1.0
150,38.0,2,True,1.0,1.0
150,38.0,3,True,0.7901234567901234,1.0
150,38.0,2,True,1.0,1.0
150,38.0,2,True,1.0,1.0
150,38.0,2,True,1.0,1.0
150,38.0,2,True,1.0,1.0
150,38.0,2,True,1.0,1.0
150,38.0,3,True,0.9506172839506173,1.0
150,38.0,3,True,0.41975308641975306,1.0
150,38.0,3,True,0.24691358024691357,1.0
150,38.0,3,True,0.9876543209876543,1.0
150,38.0,2,True,1.0,1.0
150,38.0,2,True,1.0,1.0
150,38.0,2,True,1.0,1.0
150,38.0,2,True,1.0,1.0
150,38.0,2,True,1.0,1.0
150,39.0,3,True,0.38271604938271603,1.0
150,39.0,3,True,0.8395061728395061,1.0
150,39.0,3,True,0.7901234567901234,1.0
150,39.0,2,True,1.0,1.0
150,39.0,2,True,1.0,1.0
150,39.0,3,True,0.5679012345679012,1.0
150,39.0,3,True,0.30864197530864196,1.0
150,39.0,2,True,1.0,1.0
150,39.0,3,True,0.5432098765432098,1.0
150,39.0,10,True,0.1728395061728395,0.08641975308641975
150,39.0,3,True,0.9012345679012346,1.0
150,39.0,3,True,0.7901234567901234,1.0
150,39.0,2,True,1.0,1.0
150,39.0,2,True,1.0,1.0
150,39.0,3,True,0.25925925925925924,1.0
150,39.0,3,True,0.9135802469135802,1.0
150,39.0,3,True,0.2345679012345679,1.0
150,39.0,2,True,1.0,1.0
150,39.0,2,True,1.0,1.0
150,39.0,3,True,0.16049382716049382,1.0
150,39.0,3,True,0.4074074074074074,1.0
150,39.0,2,True,1.0,1.0
150,39.0,2,True,1.0,1.0
150,39.0,2,True,1.0,1.0
150,39.0,9,True,0.20987654320987653,0.18518518518518517
150,39.0,2,True,1.0,1.0
150,39.0,2,True,1.0,1.0
150,39.0,2,True,1.0,1.0
150,39.0,2,True,1.0,1.0
150,39.0,2,True,1.0,1.0
150,39.0,3,True,0.6296296296296297,1.0
150,39.0,2,True,1.0,1.0
150,39.0,2,True,1.0,1.0
150,39.0,2,True,1.0,1.0
150,39.0,3,True,0.35802469135802467,1.0
150,39.0,2,True,1.0,1.0
150,39.0,3,True,0.6296296296296297,1.0
150,39.0,2,True,1.0,1.0
150,39.0,2,True,1.0,1.0
150,39.0,3,True,0.3333333333333333,1.0
150,39.0,4,True,0.12345679012345678,1.0
150,39.0,6,True,0.14814814814814814,0.09876543209876543
150,39.0,3,True,0.2345679012345679,1.0
150,39.0,2,True,1.0,1.0
150,39.0,4,True,0.3333333333333333,1.0
150,39.0,2,True,1.0,1.0
150,39.0,2,True,1.0,1.0
150,39.0,3,True,0.8888888888888888,1.0
150,39.0,20,False,0.12345679012345678,0.13580246913580246
150,39.0,2,True,1.0,1.0
150,39.0,3,True,0.41975308641975306,1.0
150,39.0,2,True,1.0,1.0
150,39.0,20,False,0.14814814814814814,0.12345679012345678
150,39.0,3,True,0.9382716049382716,1.0
150,39.0,2,True,1.0,1.0
150,39.0,2,True,1.0,1.0
150,39.0,2,True,1.0,1.0
150,39.0,2,True,1.0,1.0
150,39.0,14,True,0.14814814814814814,0.14814814814814814
150,39.0,2,True,1.0,1.0
150,39.0,3,True,0.24691358024691357,1.0
150,39.0,3,True,0.35802469135802467,1.0
150,39.0,16,True,0.1728395061728395,0.08641975308641975
150,39.0,3,True,0.7777777777777778,1.0
150,39.0,9,True,0.1728395061728395,0.14814814814814814
150,39.0,5,True,0.14814814814814814,0.1111111111111111
150,39.0,3,True,0.8765432098765432,1.0
150,39.0,2,True,1.0,1.0
150,39.0,8,True,0.1111111111111111,0.12345679012345678
150,39.0,3,True,0.41975308641975306,1.0
150,39.0,2,True,1.0,1.0
150,39.0,2,True,1.0,1.0
150,39.0,2,True,1.0,1.0
150,39.0,2,True,1.0,1.0
150,39.0,6,True,0.13580246913580246,0.13580246913580246
150,39.0,2,True,1.0,1.0
150,39.0,9,True,0.1111111111111111,0.08641975308641975
150,39.0,2,True,1.0,1.0
150,39.0,2,True,1.0,1.0
150,39.0,2,True,1.0,1.0
150,39.0,3,True,0.7037037037037037,1.0
150,39.0,8,True,0.18518518518518517,0.07407407407407407
150,39.0,2,True,1.0,1.0
150,39.0,2,True,1.0,1.0
150,39.0,2,True,1.0,1.0
150,39.0,6,True,0.14814814814814814,0.07407407407407407
150,39.0,3,True,0.24691358024691357,1.0
150,39.0,2,True,1.0,1.0
150,39.0,2,True,1.0,1.0
150,39.0,3,True,0.654320987654321,1.0
150,39.0,15,True,0.12345679012345678,0.1111111111111111
150,39.0,3,True,0.2345679012345679,1.0
150,39.0,2,True,1.0,1.0
150,39.0,2,True,1.0,1.0
150,39.0,2,True,1.0,1.0
150,39.0,3,True,0.38271604938271603,1.0
150,39.0,3,True,0.41975308641975306,1.0
150,39.0,2,True,1.0,1.0
150,39.0,2,True,1.0,1.0
150,39.0,3,True,0.30864197530864196,1.0
150,39.0,2,True,1.0,1.0
150,39.0,2,True,1.0,1.0
150,39.0,14,True,0.12345679012345678,0.13580246913580246
150,39.0,6,True,0.20987654320987653,0.07407407407407407
150,39.0,2,True,1.0,1.0
150,39.0,2,True,1.0,1.0
150,39.0,2,True,1.0,1.0
150,39.0,3,True,0.5802469135802469,1.0
150,39.0,3,True,0.6666666666666666,1.0
150,39.0,2,True,1.0,1.0
150,39.0,2,True,1.0,1.0
150,39.0,3,True,0.32098765432098764,1.0
150,39.0,7,True,0.2222222222222222,0.07407407407407407
150,39.0,16,True,0.13580246913580246,0.1728395061728395
150,39.0,2,True,1.0,1.0
150,39.0,2,True,1.0,1.0
150,39.0,17,True,0.16049382716049382,0.14814814814814814
150,39.0,2,True,1.0,1.0
150,39.0,20,False,0.13580246913580246,0.06172839506172839
150,39.0,7,True,0.2345679012345679,0.1728395061728395
150,39.0,3,True,0.9506172839506173,1.0
150,39.0,2,True,1.0,1.0
150,39.0,2,True,1.0,1.0
150,39.0,3,True,0.1111111111111111,1.0
150,39.0,2,True,1.0,1.0
150,39.0,2,True,1.0,1.0
150,39.0,3,True,0.6172839506172839,1.0
150,39.0,11,True,0.07407407407407407,0.07407407407407407
150,39.0,2,True,1.0,1.0
150,39.0,7,True,0.1111111111111111,0.04938271604938271
150,39.0,3,True,0.5925925925925926,1.0
150,39.0,3,True,0.24691358024691357,1.0
150,39.0,6,True,0.13580246913580246,0.20987654320987653
150,39.0,2,True,1.0,1.0
150,39.0,2,True,1.0,1.0
150,39.0,3,True,0.19753086419753085,1.0
150,39.0,2,True,1.0,1.0
150,39.0,2,True,1.0,1.0
150,39.0,2,True,1.0,1.0
150,39.0,2,True,1.0,1.0
150,39.0,2,True,1.0,1.0
150,39.0,2,True,1.0,1.0
150,39.0,3,True,0.2962962962962963,1.0
150,39.0,4,True,0.19753086419753085,1.0
150,39.0,2,True,1.0,1.0
150,39.0,2,True,1.0,1.0
150,39.0,2,True,1.0,1.0
150,39.0,2,True,1.0,1.0
150,39.0,20,True,0.18518518518518517,0.14814814814814814
150,39.0,3,True,0.7654320987654321,1.0
150,39.0,2,True,1.0,1.0
150,39.0,2,True,1.0,1.0
150,39.0,3,True,0.7777777777777778,1.0
150,39.0,3,True,0.8024691358024691,1.0
150,39.0,4,True,0.16049382716049382,1.0
150,39.0,2,True,1.0,1.0
150,39.0,3,True,0.2962962962962963,1.0
150,39.0,8,True,0.1728395061728395,0.19753086419753085
150,39.0,2,True,1.0,1.0
150,39.0,9,True,0.14814814814814814,0.1111111111111111
150,39.0,3,True,0.2222222222222222,1.0
150,39.0,11,True,0.09876543209876543,0.09876543209876543
150,39.0,2,True,1.0,1.0
150,39.0,2,True,1.0,1.0
150,39.0,3,True,0.5185185185185185,1.0
150,39.0,2,True,1.0,1.0
150,39.0,13,True,0.18518518518518517,0.13580246913580246
150,39.0,3,True,0.6049382716049383,1.0
150,39.0,2,True,1.0,1.0
150,39.0,3,True,0.32098765432098764,1.0
150,39.0,5,True,0.14814814814814814,0.09876543209876543
150,39.0,4,True,0.16049382716049382,1.0
150,39.0,3,True,0.9382716049382716,1.0
150,39.0,20,False,0.07407407407407407,0.08641975308641975
150,39.0,3,True,0.4074074074074074,1.0
150,39.0,2,True,1.0,1.0
150,39.0,3,True,0.8395061728395061,1.0
150,39.0,3,True,0.6296296296296297,1.0
150,39.0,3,True,0.9382716049382716,1.0
150,39.0,2,True,1.0,1.0
150,39.0,2,True,1.0,1.0
150,39.0,18,True,0.06172839506172839,0.09876543209876543
150,39.0,16,True,0.19753086419753085,0.06172839506172839
150,39.0,3,True,0.32098765432098764,1.0
150,39.0,3,True,0.25925925925925924,1.0
150,39.0,3,True,0.2962962962962963,1.0
150,39.0,10,True,0.19753086419753085,0.09876543209876543
150,39.0,2,True,1.0,1.0
150,39.0,3,True,0.20987654320987653,1.0
150,39.0,3,True,0.4074074074074074,1.0
150,39.0,3,True,0.30864197530864196,1.0
150,39.0,2,True,1.0,1.0
150,39.0,3,True,0.19753086419753085,1.0
150,39.0,2,True,1.0,1.0
150,39.0,3,True,0.8518518518518519,1.0
150,39.0,3,True,0.345679012345679,1.0
150,39.0,2,True,1.0,1.0
150,39.0,2,True,1.0,1.0
150,39.0,2,True,1.0,1.0
150,39.0,3,True,0.6419753086419753,1.0
150,39.0,2,True,1.0,1.0
150,39.0,3,True,0.3333333333333333,1.0
150,39.0,2,True,1.0,1.0
150,39.0,3,True,0.43209876543209874,1.0
150,39.0,3,True,0.2345679012345679,1.0
150,39.0,3,True,0.345679012345679,1.0
150,39.0,3,True,0.7654320987654321,1.0
150,39.0,3,True,0.43209876543209874,1.0
150,39.0,3,True,0.7654320987654321,1.0
150,39.0,15,True,0.12345679012345678,0.14814814814814814
150,39.0,2,True,1.0,1.0
150,39.0,2,True,1.0,1.0
150,39.0,2,True,1.0,1.0
150,39.0,2,True,1.0,1.0
150,39.0,15,True,0.12345679012345678,0.06172839506172839
150,39.0,2,True,1.0,1.0
150,39.0,2,True,1.0,1.0
150,39.0,3,True,0.2962962962962963,1.0
150,39.0,2,True,1.0,1.0
150,39.0,2,True,1.0,1.0
150,39.0,3,True,0.2345679012345679,1.0
150,39.0,2,True,1.0,1.0
150,39.0,2,True,1.0,1.0
150,39.0,11,True,0.2222222222222222,0.08641975308641975
150,39.0,2,True,1.0,1.0
150,39.0,2,True,1.0,1.0
150,39.0,3,True,0.35802469135802467,1.0
150,39.0,3,True,0.8395061728395061,1.0
150,39.0,3,True,0.9753086419753086,1.0
150,39.0,2,True,1.0,1.0
150,39.0,3,True,0.41975308641975306,1.0
150,39.0,2,True,1.0,1.0
150,39.0,2,True,1.0,1.0
150,39.0,2,True,1.0,1.0
150,39.0,2,True,1.0,1.0
150,39.0,2,True,1.0,1.0
150,39.0,3,True,0.38271604938271603,1.0
150,39.0,3,True,0.9753086419753086,1.0
150,39.0,2,True,1.0,1.0
150,39.0,3,True,0.9382716049382716,1.0
150,39.0,2,True,1.0,1.0
150,39.0,5,True,0.1111111111111111,0.16049382716049382
150,39.0,2,True,1.0,1.0
150,39.0,3,True,0.8271604938271605,1.0
150,39.0,5,True,0.06172839506172839,0.06172839506172839
150,39.0,2,True,1.0,1.0
150,39.0,15,True,0.2222222222222222,0.1728395061728395
150,39.0,2,True,1.0,1.0
150,39.0,2,True,1.0,1.0
150,39.0,3,True,0.8765432098765432,1.0
150,39.0,3,True,0.48148148148148145,1.0
150,39.0,2,True,1.0,1.0
150,39.0,2,True,1.0,1.0
150,39.0,2,True,1.0,1.0
150,39.0,3,True,0.9753086419753086,1.0
150,39.0,2,True,1.0,1.0
150,39.0,2,True,1.0,1.0
150,39.0,6,True,0.18518518518518517,0.08641975308641975
150,39.0,2,True,1.0,1.0
150,39.0,3,True,0.5802469135802469,1.0
150,39.0,3,True,0.8765432098765432,1.0
150,39.0,2,True,1.0,1.0
150,39.0,2,True,1.0,1.0
150,39.0,2,True,1.0,1.0
150,39.0,20,False,0.1111111111111111,0.1111111111111111
150,39.0,3,True,0.38271604938271603,1.0
150,39.0,2,True,1.0,1.0
150,39.0,3,True,0.9876543209876543,1.0
150,39.0,3,True,0.3950617283950617,1.0
150,39.0,2,True,1.0,1.0
150,39.0,2,True,1.0,1.0
150,39.0,2,True,1.0,1.0
150,39.0,2,True,1.0,1.0
150,39.0,4,True,0.25925925925925924,1.0
150,39.0,3,True,0.3333333333333333,1.0
150,39.0,3,True,0.16049382716049382,1.0
150,39.0,3,True,0.9753086419753086,1.0
150,39.0,14,True,0.13580246913580246,0.07407407407407407
150,39.0,13,True,0.2962962962962963,0.09876543209876543
150,39.0,2,True,1.0,1.0
150,39.0,3,True,0.2345679012345679,1.0
150,39.0,3,True,0.2222222222222222,1.0
150,39.0,2,True,1.0,1.0
150,39.0,3,True,0.18518518518518517,1.0
150,39.0,2,True,1.0,1.0
150,39.0,2,True,1.0,1.0
150,39.0,20,False,0.25925925925925924,0.1111111111111111
150,39.0,2,True,1.0,1.0
150,39.0,3,True,0.9753086419753086,1.0
150,39.0,2,True,1.0,1.0
150,39.0,4,True,0.12345679012345678,0.08641975308641975
150,39.0,2,True,1.0,1.0
150,39.0,2,True,1.0,1.0
150,39.0,4,True,0.19753086419753085,1.0
150,39.0,6,True,0.1728395061728395,0.12345679012345678
150,39.0,2,True,1.0,1.0
150,39.0,3,True,0.7901234567901234,1.0
150,39.0,3,True,0.9629629629629629,1.0
150,39.0,2,True,1.0,1.0
150,39.0,11,True,0.14814814814814814,0.09876543209876543
150,40.0,16,True,0.12345679012345678,0.06172839506172839
150,40.0,3,True,0.691358024691358,1.0
150,40.0,3,True,0.7777777777777778,1.0
150,40.0,7,True,0.1111111111111111,0.19753086419753085
150,40.0,5,True,0.12345679012345678,0.09876543209876543
150,40.0,2,True,1.0,1.0
150,40.0,11,True,0.07407407407407407,0.13580246913580246
150,40.0,7,True,0.16049382716049382,0.08641975308641975
150,40.0,3,True,0.691358024691358,1.0
150,40.0,8,True,0.16049382716049382,0.12345679012345678
150,40.0,3,True,0.9259259259259259,1.0
150,40.0,3,True,0.25925925925925924,1.0
150,40.0,2,True,1.0,1.0
150,40.0,3,True,0.9382716049382716,1.0
150,40.0,18,True,0.13580246913580246,0.09876543209876543
150,40.0,20,False,0.1728395061728395,0.08641975308641975
150,40.0,3,True,0.43209876543209874,1.0
150,40.0,3,True,0.49382716049382713,1.0
150,40.0,3,True,0.2345679012345679,1.0
150,40.0,3,True,0.8271604938271605,1.0
150,40.0,3,True,0.7777777777777778,1.0
150,40.0,13,True,0.16049382716049382,0.12345679012345678
150,40.0,6,True,0.1728395061728395,0.04938271604938271
150,40.0,2,True,1.0,1.0
150,40.0,3,True,0.7160493827160493,1.0
150,40.0,3,True,0.37037037037037035,1.0
150,40.0,2,True,1.0,1.0
150,40.0,3,True,0.37037037037037035,1.0
150,40.0,2,True,1.0,1.0
150,40.0,7,True,0.1728395061728395,0.06172839506172839
150,40.0,3,True,0.8765432098765432,1.0
150,40.0,3,True,0.8765432098765432,1.0
150,40.0,2,True,1.0,1.0
150,40.0,7,True,0.13580246913580246,0.08641975308641975
150,40.0,5,True,0.08641975308641975,0.06172839506172839
150,40.0,7,True,0.14814814814814814,0.13580246913580246
150,40.0,2,True,1.0,1.0
150,40.0,3,True,0.9629629629629629,1.0
150,40.0,20,False,0.14814814814814814,0.08641975308641975
150,40.0,3,True,0.5679012345679012,1.0
150,40.0,15,True,0.12345679012345678,0.1728395061728395
150,40.0,2,True,1.0,1.0
150,40.0,2,True,1.0,1.0
150,40.0,2,True,1.0,1.0
150,40.0,3,True,0.8888888888888888,1.0
150,40.0,4,True,0.2222222222222222,1.0
150,40.0,5,True,0.1728395061728395,0.16049382716049382
150,40.0,3,True,0.9259259259259259,1.0
150,40.0,3,True,0.20987654320987653,1.0
150,40.0,2,True,1.0,1.0
150,40.0,2,True,1.0,1.0
150,40.0,4,True,0.19753086419753085,1.0
150,40.0,3,True,0.20987654320987653,1.0
150,40.0,19,True,0.32098765432098764,0.06172839506172839
150,40.0,2,True,1.0,1.0
150,40.0,7,True,0.09876543209876543,0.1111111111111111
150,40.0,3,True,0.5925925925925926,1.0
150,40.0,3,True,0.5432098765432098,1.0
150,40.0,3,True,0.2222222222222222,1.0
150,40.0,2,True,1.0,1.0
150,40.0,3,True,0.8765432098765432,1.0
150,40.0,3,True,0.2222222222222222,1.0
150,40.0,2,True,1.0,1.0
150,40.0,3,True,0.9629629629629629,1.0
150,40.0,5,True,0.09876543209876543,0.1111111111111111
150,40.0,3,True,0.2222222222222222,1.0
150,40.0,3,True,0.9506172839506173,1.0
150,40.0,4,True,0.24691358024691357,1.0
150,40.0,16,True,0.13580246913580246,0.07407407407407407
150,40.0,20,False,0.18518518518518517,0.13580246913580246
150,40.0,2,True,1.0,1.0
150,40.0,17,True,0.16049382716049382,0.1111111111111111
150,40.0,3,True,0.8888888888888888,1.0
150,40.0,3,True,0.7530864197530864,1.0
150,40.0,2,True,1.0,1.0
150,40.0,3,True,0.1728395061728395,1.0
150,40.0,3,True,0.4074074074074074,1.0
150,40.0,13,True,0.12345679012345678,0.13580246913580246
150,40.0,9,True,0.1728395061728395,0.1728395061728395
150,40.0,4,True,0.09876543209876543,0.04938271604938271
150,40.0,2,True,1.0,1.0
150,40.0,2,True,1.0,1.0
150,40.0,2,True,1.0,1.0
150,40.0,2,True,1.0,1.0
150,40.0,3,True,0.7901234567901234,1.0
150,40.0,3,True,0.6049382716049383,1.0
150,40.0,3,True,0.4444444444444444,1.0
150,40.0,17,True,0.16049382716049382,0.04938271604938271
150,40.0,3,True,0.2345679012345679,1.0
150,40.0,14,True,0.12345679012345678,0.13580246913580246
150,40.0,2,True,1.0,1.0
150,40.0,20,False,0.1111111111111111,0.1111111111111111
150,40.0,2,True,1.0,1.0
150,40.0,2,True,1.0,1.0
150,40.0,3,True,0.2839506172839506,1.0
150,40.0,3,True,0.12345679012345678,1.0
150,40.0,2,True,1.0,1.0
150,40.0,3,True,0.2839506172839506,1.0
150,40.0,2,True,1.0,1.0
150,40.0,3,True,0.37037037037037035,1.0
150,40.0,3,True,0.9382716049382716,1.0
150,40.0,11,True,0.1728395061728395,0.12345679012345678
150,40.0,20,False,0.19753086419753085,0.12345679012345678
150,40.0,2,True,1.0,1.0
150,40.0,3,True,0.4074074074074074,1.0
150,40.0,3,True,0.5802469135802469,1.0
150,40.0,2,True,1.0,1.0
150,40.0,20,False,0.20987654320987653,0.1728395061728395
150,40.0,2,True,1.0,1.0
150,40.0,7,True,0.09876543209876543,0.08641975308641975
150,40.0,9,True,0.14814814814814814,0.14814814814814814
150,40.0,2,True,1.0,1.0
150,40.0,11,True,0.08641975308641975,0.04938271604938271
150,40.0,3,True,0.8148148148148148,1.0
150,40.0,3,True,0.2839506172839506,1.0
150,40.0,20,False,0.1111111111111111,0.12345679012345678
150,40.0,3,True,0.9135802469135802,1.0
150,40.0,2,True,1.0,1.0
150,40.0,4,True,0.1728395061728395,0.12345679012345678
150,40.0,3,True,0.9753086419753086,1.0
150,40.0,3,True,0.25925925925925924,1.0
150,40.0,3,True,0.5061728395061729,1.0
150,40.0,2,True,1.0,1.0
150,40.0,3,True,0.20987654320987653,1.0
150,40.0,7,True,0.13580246913580246,0.13580246913580246
150,40.0,2,True,1.0,1.0
150,40.0,2,True,1.0,1.0
150,40.0,3,True,0.345679012345679,1.0
150,40.0,3,True,0.4567901234567901,1.0
150,40.0,3,True,0.9506172839506173,1.0
150,40.0,10,True,0.1111111111111111,0.09876543209876543
150,40.0,2,True,1.0,1.0
150,40.0,3,True,0.9629629629629629,1.0
150,40.0,14,True,0.2962962962962963,0.07407407407407407
150,40.0,4,True,0.18518518518518517,1.0
150,40.0,2,True,1.0,1.0
150,40.0,8,True,0.07407407407407407,0.2345679012345679
150,40.0,3,True,0.8518518518518519,1.0
150,40.0,3,True,0.6419753086419753,1.0
150,40.0,3,True,0.2839506172839506,1.0
150,40.0,5,True,0.18518518518518517,0.07407407407407407
150,40.0,3,True,0.5185185185185185,1.0
150,40.0,20,False,0.16049382716049382,0.08641975308641975
150,40.0,3,True,0.2839506172839506,1.0
150,40.0,2,True,1.0,1.0
150,40.0,3,True,0.3950617283950617,1.0
150,40.0,2,True,1.0,1.0
150,40.0,2,True,1.0,1.0
150,40.0,3,True,0.9506172839506173,1.0
150,40.0,5,True,0.24691358024691357,0.07407407407407407
150,40.0,10,True,0.20987654320987653,0.09876543209876543
150,40.0,3,True,0.2962962962962963,1.0
150,40.0,3,True,0.35802469135802467,1.0
150,40.0,3,True,0.1728395061728395,1.0
150,40.0,3,True,0.7654320987654321,1.0
150,40.0,3,True,0.9506172839506173,1.0
150,40.0,3,True,0.25925925925925924,1.0
150,40.0,3,True,0.19753086419753085,1.0
150,40.0,3,True,0.2222222222222222,1.0
150,40.0,3,True,0.8024691358024691,1.0
150,40.0,2,True,1.0,1.0
150,40.0,2,True,1.0,1.0
150,40.0,3,True,0.3950617283950617,1.0
150,40.0,3,True,0.37037037037037035,1.0
150,40.0,6,True,0.14814814814814814,0.13580246913580246
150,40.0,3,True,0.5185185185185185,1.0
150,40.0,3,True,0.41975308641975306,1.0
150,40.0,3,True,0.2716049382716049,1.0
150,40.0,3,True,0.3333333333333333,1.0
150,40.0,4,True,0.1728395061728395,1.0
150,40.0,20,False,0.14814814814814814,0.1111111111111111
150,40.0,13,True,0.1111111111111111,0.1111111111111111
150,40.0,2,True,1.0,1.0
150,40.0,2,True,1.0,1.0
150,40.0,2,True,1.0,1.0
150,40.0,17,True,0.2222222222222222,0.07407407407407407
150,40.0,2,True,1.0,1.0
150,40.0,3,True,0.24691358024691357,1.0
150,40.0,8,True,0.1111111111111111,0.06172839506172839
150,40.0,3,True,0.9753086419753086,1.0
150,40.0,2,True,1.0,1.0
150,40.0,6,True,0.12345679012345678,0.16049382716049382
150,40.0,3,True,0.9259259259259259,1.0
150,40.0,2,True,1.0,1.0
150,40.0,3,True,0.5185185185185185,1.0
150,40.0,6,True,0.14814814814814814,0.12345679012345678
150,40.0,2,True,1.0,1.0
150,40.0,14,True,0.16049382716049382,0.1728395061728395
150,40.0,20,False,0.09876543209876543,0.1111111111111111
150,40.0,2,True,1.0,1.0
150,40.0,3,True,0.8641975308641975,1.0
150,40.0,3,True,0.7160493827160493,1.0
150,40.0,5,True,0.13580246913580246,0.09876543209876543
150,40.0,3,True,0.345679012345679,1.0
150,40.0,5,True,0.14814814814814814,0.06172839506172839
150,40.0,3,True,0.35802469135802467,1.0
150,40.0,20,False,0.14814814814814814,0.1111111111111111
150,40.0,2,True,1.0,1.0
150,40.0,2,True,1.0,1.0
150,40.0,6,True,0.12345679012345678,0.09876543209876543
150,40.0,16,True,0.18518518518518517,0.07407407407407407
150,40.0,2,True,1.0,1.0
150,40.0,3,True,0.4691358024691358,1.0
150,40.0,6,True,0.07407407407407407,0.1111111111111111
150,40.0,3,True,0.49382716049382713,1.0
150,40.0,3,True,0.2345679012345679,1.0
150,40.0,2,True,1.0,1.0
150,40.0,2,True,1.0,1.0
150,40.0,5,True,0.06172839506172839,0.04938271604938271
150,40.0,2,True,1.0,1.0
150,40.0,3,True,0.2839506172839506,1.0
150,40.0,20,False,0.2839506172839506,0.1111111111111111
150,40.0,2,True,1.0,1.0
150,40.0,3,True,0.7654320987654321,1.0
150,40.0,11,True,0.1111111111111111,0.14814814814814814
150,40.0,16,True,0.13580246913580246,0.1111111111111111
150,40.0,3,True,0.1728395061728395,1.0
150,40.0,3,True,0.9259259259259259,1.0
150,40.0,2,True,1.0,1.0
150,40.0,11,True,0.16049382716049382,0.024691358024691357
150,40.0,5,True,0.16049382716049382,0.16049382716049382
150,40.0,2,True,1.0,1.0
150,40.0,3,True,0.9876543209876543,1.0
150,40.0,3,True,0.9506172839506173,1.0
150,40.0,3,True,0.24691358024691357,1.0
150,40.0,20,False,0.18518518518518517,0.08641975308641975
150,40.0,12,True,0.1111111111111111,0.08641975308641975
150,40.0,2,True,1.0,1.0
150,40.0,3,True,0.2839506172839506,1.0
150,40.0,2,True,1.0,1.0
150,40.0,2,True,1.0,1.0
150,40.0,3,True,0.345679012345679,1.0
150,40.0,3,True,0.43209876543209874,1.0
150,40.0,4,True,0.12345679012345678,0.18518518518518517
150,40.0,19,True,0.14814814814814814,0.16049382716049382
150,40.0,12,True,0.13580246913580246,0.14814814814814814
150,40.0,2,True,1.0,1.0
150,40.0,4,True,0.16049382716049382,1.0
150,40.0,2,True,1.0,1.0
150,40.0,20,True,0.2222222222222222,0.09876543209876543
150,40.0,3,True,0.19753086419753085,1.0
150,40.0,3,True,0.19753086419753085,1.0
150,40.0,3,True,0.20987654320987653,1.0
150,40.0,20,False,0.18518518518518517,0.13580246913580246
150,40.0,8,True,0.16049382716049382,0.14814814814814814
150,40.0,3,True,0.8271604938271605,1.0
150,40.0,20,False,0.20987654320987653,0.037037037037037035
150,40.0,3,True,0.2222222222222222,1.0
150,40.0,14,True,0.09876543209876543,0.04938271604938271
150,40.0,2,True,1.0,1.0
150,40.0,3,True,0.691358024691358,1.0
150,40.0,2,True,1.0,1.0
150,40.0,3,True,0.8641975308641975,1.0
150,40.0,3,True,0.4444444444444444,1.0
150,40.0,2,True,1.0,1.0
150,40.0,3,True,0.13580246913580246,0.12345679012345678
150,40.0,20,False,0.19753086419753085,0.09876543209876543
150,40.0,4,True,0.16049382716049382,0.07407407407407407
150,40.0,6,True,0.1111111111111111,0.2345679012345679
150,40.0,3,True,0.48148148148148145,1.0
150,40.0,3,True,0.14814814814814814,0.07407407407407407
150,40.0,5,True,0.1728395061728395,0.08641975308641975
150,40.0,3,True,0.25925925925925924,1.0
150,40.0,3,True,0.18518518518518517,1.0
150,40.0,20,False,0.24691358024691357,0.14814814814814814
150,40.0,3,True,0.19753086419753085,1.0
150,40.0,2,True,1.0,1.0
150,40.0,3,True,0.6419753086419753,1.0
150,40.0,2,True,1.0,1.0
150,40.0,8,True,0.1111111111111111,0.20987654320987653
150,40.0,17,True,0.2222222222222222,0.13580246913580246
150,40.0,3,True,0.8518518518518519,1.0
150,40.0,2,True,1.0,1.0
150,40.0,4,True,0.13580246913580246,0.25925925925925924
150,40.0,2,True,1.0,1.0
150,40.0,3,True,0.19753086419753085,1.0
150,40.0,12,True,0.1728395061728395,0.08641975308641975
150,40.0,3,True,0.4567901234567901,1.0
150,40.0,2,True,1.0,1.0
150,40.0,3,True,0.30864197530864196,1.0
150,40.0,2,True,1.0,1.0
150,40.0,12,True,0.1111111111111111,0.13580246913580246
150,40.0,3,True,0.49382716049382713,1.0
150,40.0,3,True,0.4567901234567901,1.0
150,40.0,2,True,1.0,1.0
150,40.0,2,True,1.0,1.0
150,40.0,2,True,1.0,1.0
150,40.0,3,True,0.8888888888888888,1.0
150,40.0,9,True,0.1728395061728395,0.08641975308641975
150,40.0,2,True,1.0,1.0
150,40.0,2,True,1.0,1.0
150,40.0,3,True,0.32098765432098764,1.0
150,40.0,6,True,0.1728395061728395,0.1728395061728395
150,40.0,2,True,1.0,1.0
150,40.0,2,True,1.0,1.0
150,40.0,3,True,0.32098765432098764,1.0
150,40.0,19,True,0.16049382716049382,0.12345679012345678
150,40.0,3,True,0.7407407407407407,1.0
150,40.0,3,True,0.1728395061728395,1.0
150,40.0,3,True,0.24691358024691357,1.0
150,41.0,9,True,0.12345679012345678,0.06172839506172839
150,41.0,15,True,0.2222222222222222,0.024691358024691357
150,41.0,2,True,1.0,1.0
150,41.0,4,True,0.18518518518518517,0.18518518518518517
150,41.0,16,True,0.18518518518518517,0.1111111111111111
150,41.0,3,True,0.2716049382716049,1.0
150,41.0,3,True,0.8148148148148148,1.0
150,41.0,3,True,0.2839506172839506,1.0
150,41.0,3,True,0.5802469135802469,1.0
150,41.0,4,True,0.20987654320987653,1.0
150,41.0,3,True,0.7901234567901234,1.0
150,41.0,2,True,1.0,1.0
150,41.0,12,True,0.18518518518518517,0.20987654320987653
150,41.0,3,True,0.16049382716049382,1.0
150,41.0,6,True,0.14814814814814814,0.0
150,41.0,3,True,0.32098765432098764,1.0
150,41.0,4,True,0.2222222222222222,1.0
150,41.0,3,True,0.20987654320987653,1.0
150,41.0,3,True,0.7777777777777778,1.0
150,41.0,13,True,0.20987654320987653,0.09876543209876543
150,41.0,2,True,1.0,1.0
150,41.0,12,True,0.12345679012345678,0.14814814814814814
150,41.0,8,True,0.18518518518518517,0.08641975308641975
150,41.0,16,True,0.13580246913580246,0.19753086419753085
150,41.0,7,True,0.14814814814814814,0.19753086419753085
150,41.0,14,True,0.18518518518518517,0.07407407407407407
150,41.0,3,True,0.07407407407407407,0.06172839506172839
150,41.0,2,True,1.0,1.0
150,41.0,4,True,0.1111111111111111,0.19753086419753085
150,41.0,3,True,0.16049382716049382,1.0
150,41.0,3,True,0.08641975308641975,0.08641975308641975
150,41.0,3,True,0.8024691358024691,1.0
150,41.0,18,True,0.12345679012345678,0.13580246913580246
150,41.0,3,True,0.6790123456790124,1.0
150,41.0,3,True,0.3333333333333333,1.0
150,41.0,3,True,0.2962962962962963,1.0
150,41.0,6,True,0.13580246913580246,0.13580246913580246
150,41.0,3,True,0.13580246913580246,0.12345679012345678
150,41.0,15,True,0.19753086419753085,0.13580246913580246
150,41.0,8,True,0.12345679012345678,0.12345679012345678
150,41.0,7,True,0.12345679012345678,0.20987654320987653
150,41.0,6,True,0.16049382716049382,0.13580246913580246
150,41.0,8,True,0.1111111111111111,0.09876543209876543
150,41.0,6,True,0.14814814814814814,0.1111111111111111
150,41.0,12,True,0.2839506172839506,0.09876543209876543
150,41.0,6,True,0.16049382716049382,0.08641975308641975
150,41.0,6,True,0.13580246913580246,0.14814814814814814
150,41.0,3,True,0.2222222222222222,1.0
150,41.0,5,True,0.16049382716049382,0.08641975308641975
150,41.0,3,True,0.2962962962962963,1.0
150,41.0,3,True,0.9876543209876543,1.0
150,41.0,3,True,0.2839506172839506,1.0
150,41.0,3,True,0.6666666666666666,1.0
150,41.0,6,True,0.20987654320987653,0.09876543209876543
150,41.0,20,False,0.08641975308641975,0.024691358024691357
150,41.0,3,True,0.2962962962962963,1.0
150,41.0,10,True,0.14814814814814814,0.12345679012345678
150,41.0,3,True,0.7530864197530864,1.0
150,41.0,3,True,0.24691358024691357,1.0
150,41.0,6,True,0.1111111111111111,0.09876543209876543
150,41.0,12,True,0.06172839506172839,0.09876543209876543
150,41.0,13,True,0.14814814814814814,0.08641975308641975
150,41.0,7,True,0.1111111111111111,0.09876543209876543
150,41.0,3,True,0.24691358024691357,1.0
150,41.0,3,True,0.25925925925925924,1.0
150,41.0,6,True,0.1728395061728395,0.1111111111111111
150,41.0,3,True,0.2222222222222222,1.0
150,41.0,3,True,0.1728395061728395,1.0
150,41.0,6,True,0.1111111111111111,0.1728395061728395
150,41.0,20,False,0.09876543209876543,0.07407407407407407
150,41.0,16,True,0.1111111111111111,0.08641975308641975
150,41.0,7,True,0.14814814814814814,0.07407407407407407
150,41.0,17,True,0.09876543209876543,0.18518518518518517
150,41.0,3,True,0.2222222222222222,1.0
150,41.0,8,True,0.1728395061728395,0.1111111111111111
150,41.0,10,True,0.13580246913580246,0.16049382716049382
150,41.0,3,True,0.38271604938271603,1.0
150,41.0,11,True,0.1111111111111111,0.09876543209876543
150,41.0,3,True,0.5061728395061729,1.0
150,41.0,20,False,0.2345679012345679,0.07407407407407407
150,41.0,8,True,0.18518518518518517,0.13580246913580246
150,41.0,2,True,1.0,1.0
150,41.0,19,True,0.13580246913580246,0.09876543209876543
150,41.0,3,True,0.41975308641975306,1.0
150,41.0,6,True,0.1111111111111111,0.09876543209876543
150,41.0,9,True,0.09876543209876543,0.04938271604938271
150,41.0,4,True,0.18518518518518517,1.0
150,41.0,7,True,0.16049382716049382,0.2345679012345679
150,41.0,3,True,0.9259259259259259,1.0
150,41.0,5,True,0.06172839506172839,0.08641975308641975
150,41.0,3,True,0.1728395061728395,0.07407407407407407
150,41.0,3,True,0.25925925925925924,1.0
150,41.0,3,True,0.19753086419753085,1.0
150,41.0,2,True,1.0,1.0
150,41.0,3,True,0.2222222222222222,1.0
150,41.0,3,True,0.9259259259259259,1.0
150,41.0,8,True,0.07407407407407407,0.09876543209876543
150,41.0,3,True,0.18518518518518517,1.0
150,41.0,3,True,0.4567901234567901,1.0
150,41.0,9,True,0.1111111111111111,0.1728395061728395
150,41.0,3,True,0.25925925925925924,1.0
150,41.0,12,True,0.12345679012345678,0.09876543209876543
150,41.0,8,True,0.18518518518518517,0.09876543209876543
150,41.0,3,True,0.7530864197530864,1.0
150,41.0,11,True,0.19753086419753085,0.08641975308641975
150,41.0,3,True,0.16049382716049382,1.0
150,41.0,3,True,0.20987654320987653,1.0
150,41.0,20,False,0.09876543209876543,0.13580246913580246
150,41.0,4,True,0.14814814814814814,0.1728395061728395
150,41.0,4,True,0.13580246913580246,0.1111111111111111
150,41.0,3,True,0.37037037037037035,1.0
150,41.0,20,False,0.19753086419753085,0.12345679012345678
150,41.0,2,True,1.0,1.0
150,41.0,17,True,0.1111111111111111,0.06172839506172839
150,41.0,3,True,0.2345679012345679,1.0
150,41.0,5,True,0.30864197530864196,0.16049382716049382
150,41.0,2,True,1.0,1.0
150,41.0,3,True,0.3950617283950617,1.0
150,41.0,2,True,1.0,1.0
150,41.0,4,True,0.09876543209876543,0.06172839506172839
150,41.0,11,True,0.12345679012345678,0.08641975308641975
150,41.0,3,True,0.654320987654321,1.0
150,41.0,8,True,0.13580246913580246,0.037037037037037035
150,41.0,4,True,0.14814814814814814,1.0
150,41.0,3,True,0.32098765432098764,1.0
150,41.0,17,True,0.09876543209876543,0.09876543209876543
150,41.0,9,True,0.12345679012345678,0.06172839506172839
150,41.0,13,True,0.18518518518518517,0.09876543209876543
150,41.0,3,True,0.2962962962962963,1.0
150,41.0,2,True,1.0,1.0
150,41.0,15,True,0.18518518518518517,0.12345679012345678
150,41.0,20,False,0.12345679012345678,0.037037037037037035
150,41.0,3,True,0.4444444444444444,1.0
150,41.0,3,True,0.37037037037037035,1.0
150,41.0,3,True,0.38271604938271603,1.0
150,41.0,3,True,0.5555555555555556,1.0
150,41.0,3,True,0.5802469135802469,1.0
150,41.0,20,False,0.14814814814814814,0.13580246913580246
150,41.0,19,True,0.14814814814814814,0.13580246913580246
150,41.0,3,True,0.4691358024691358,1.0
150,41.0,9,True,0.13580246913580246,0.12345679012345678
150,41.0,3,True,0.2222222222222222,1.0
150,41.0,20,False,0.16049382716049382,0.09876543209876543
150,41.0,2,True,1.0,1.0
150,41.0,3,True,0.2345679012345679,1.0
150,41.0,3,True,0.345679012345679,1.0
150,41.0,20,False,0.2345679012345679,0.13580246913580246
150,41.0,2,True,1.0,1.0
150,41.0,3,True,0.8518518518518519,1.0
150,41.0,4,True,0.1728395061728395,1.0
150,41.0,20,False,0.09876543209876543,0.08641975308641975
150,41.0,2,True,1.0,1.0
150,41.0,15,True,0.2839506172839506,0.1111111111111111
150,41.0,11,True,0.08641975308641975,0.06172839506172839
150,41.0,14,True,0.14814814814814814,0.09876543209876543
150,41.0,19,True,0.12345679012345678,0.07407407407407407
150,41.0,3,True,0.2345679012345679,1.0
150,41.0,4,True,0.12345679012345678,1.0
150,41.0,8,True,0.14814814814814814,0.08641975308641975
150,41.0,3,True,0.37037037037037035,1.0
150,41.0,9,True,0.09876543209876543,0.037037037037037035
150,41.0,3,True,0.24691358024691357,1.0
150,41.0,11,True,0.13580246913580246,0.12345679012345678
150,41.0,14,True,0.13580246913580246,0.12345679012345678
150,41.0,19,True,0.07407407407407407,0.14814814814814814
150,41.0,6,True,0.13580246913580246,0.1111111111111111
150,41.0,3,True,0.345679012345679,1.0
150,41.0,2,True,1.0,1.0
150,41.0,12,True,0.14814814814814814,0.19753086419753085
150,41.0,7,True,0.13580246913580246,0.08641975308641975
150,41.0,3,True,0.8271604938271605,1.0
150,41.0,3,True,0.41975308641975306,1.0
150,41.0,2,True,1.0,1.0
150,41.0,3,True,0.4567901234567901,1.0
150,41.0,3,True,0.2839506172839506,1.0
150,41.0,3,True,0.2345679012345679,1.0
150,41.0,2,True,1.0,1.0
150,41.0,4,True,0.1728395061728395,1.0
150,41.0,4,True,0.2222222222222222,1.0
150,41.0,20,False,0.14814814814814814,0.09876543209876543
150,41.0,3,True,0.6049382716049383,1.0
150,41.0,3,True,0.24691358024691357,1.0
150,41.0,4,True,0.2345679012345679,1.0
150,41.0,15,True,0.13580246913580246,0.19753086419753085
150,41.0,3,True,0.5925925925925926,1.0
150,41.0,3,True,0.2345679012345679,1.0
150,41.0,10,True,0.1111111111111111,0.09876543209876543
150,41.0,10,True,0.14814814814814814,0.13580246913580246
150,41.0,2,True,1.0,1.0
150,41.0,7,True,0.13580246913580246,0.18518518518518517
150,41.0,3,True,0.35802469135802467,1.0
150,41.0,2,True,1.0,1.0
150,41.0,3,True,0.3333333333333333,1.0
150,41.0,17,True,0.07407407407407407,0.19753086419753085
150,41.0,3,True,0.24691358024691357,1.0
150,41.0,3,True,0.9259259259259259,1.0
150,41.0,2,True,1.0,1.0
150,41.0,3,True,0.08641975308641975,0.07407407407407407
150,41.0,4,True,0.37037037037037035,1.0
150,41.0,20,False,0.09876543209876543,0.09876543209876543
150,41.0,3,True,0.08641975308641975,0.07407407407407407
150,41.0,3,True,0.4691358024691358,1.0
150,41.0,9,True,0.19753086419753085,0.1111111111111111
150,41.0,2,True,1.0,1.0
150,41.0,3,True,0.9382716049382716,1.0
150,41.0,3,True,0.25925925925925924,1.0
150,41.0,20,False,0.12345679012345678,0.1111111111111111
150,41.0,4,True,0.1111111111111111,0.14814814814814814
150,41.0,12,True,0.13580246913580246,0.06172839506172839
150,41.0,4,True,0.12345679012345678,0.04938271604938271
150,41.0,4,True,0.13580246913580246,0.08641975308641975
150,41.0,3,True,0.2345679012345679,1.0
150,41.0,5,True,0.09876543209876543,0.06172839506172839
150,41.0,4,True,0.1111111111111111,1.0
150,41.0,11,True,0.1111111111111111,0.1728395061728395
150,41.0,2,True,1.0,1.0
150,41.0,3,True,0.37037037037037035,1.0
150,41.0,3,True,0.32098765432098764,1.0
150,41.0,3,True,0.20987654320987653,1.0
150,41.0,3,True,0.6666666666666666,1.0
150,41.0,6,True,0.20987654320987653,0.09876543209876543
150,41.0,3,True,0.4074074074074074,1.0
150,41.0,12,True,0.1111111111111111,0.06172839506172839
150,41.0,4,True,0.24691358024691357,1.0
150,41.0,20,False,0.08641975308641975,0.13580246913580246
150,41.0,3,True,0.9876543209876543,1.0
150,41.0,9,True,0.1111111111111111,0.12345679012345678
150,41.0,3,True,0.37037037037037035,1.0
150,41.0,2,True,1.0,1.0
150,41.0,3,True,0.16049382716049382,1.0
150,41.0,3,True,0.41975308641975306,1.0
150,41.0,3,True,0.4074074074074074,1.0
150,41.0,16,True,0.16049382716049382,0.024691358024691357
150,41.0,4,True,0.1111111111111111,0.1111111111111111
150,41.0,10,True,0.12345679012345678,0.08641975308641975
150,41.0,5,True,0.06172839506172839,0.12345679012345678
150,41.0,3,True,0.2716049382716049,1.0
150,41.0,4,True,0.1728395061728395,1.0
150,41.0,19,True,0.07407407407407407,0.06172839506172839
150,41.0,10,True,0.1111111111111111,0.18518518518518517
150,41.0,13,True,0.07407407407407407,0.12345679012345678
150,41.0,3,True,0.6049382716049383,1.0
150,41.0,3,True,0.30864197530864196,1.0
150,41.0,15,True,0.16049382716049382,0.18518518518518517
150,41.0,3,True,0.5925925925925926,1.0
150,41.0,3,True,0.6790123456790124,1.0
150,41.0,7,True,0.13580246913580246,0.09876543209876543
150,41.0,20,False,0.12345679012345678,0.1111111111111111
150,41.0,6,True,0.14814814814814814,0.12345679012345678
150,41.0,12,True,0.12345679012345678,0.07407407407407407
150,41.0,3,True,0.35802469135802467,1.0
150,41.0,3,True,0.4074074074074074,1.0
150,41.0,3,True,0.2345679012345679,1.0
150,41.0,3,True,0.43209876543209874,1.0
150,41.0,3,True,0.4691358024691358,1.0
150,41.0,3,True,0.4074074074074074,1.0
150,41.0,3,True,0.5432098765432098,1.0
150,41.0,3,True,0.2962962962962963,1.0
150,41.0,10,True,0.13580246913580246,0.04938271604938271
150,41.0,3,True,0.08641975308641975,0.14814814814814814
150,41.0,12,True,0.13580246913580246,0.1728395061728395
150,41.0,3,True,0.09876543209876543,0.04938271604938271
150,41.0,7,True,0.08641975308641975,0.12345679012345678
150,41.0,3,True,0.345679012345679,1.0
150,41.0,17,True,0.04938271604938271,0.1111111111111111
150,41.0,3,True,0.32098765432098764,1.0
150,41.0,5,True,0.13580246913580246,0.06172839506172839
150,41.0,3,True,0.2962962962962963,1.0
150,41.0,2,True,1.0,1.0
150,41.0,3,True,0.1728395061728395,1.0
150,41.0,3,True,0.2962962962962963,1.0
150,41.0,7,True,0.06172839506172839,0.08641975308641975
150,41.0,2,True,1.0,1.0
150,41.0,2,True,1.0,1.0
150,41.0,20,True,0.09876543209876543,0.1728395061728395
150,41.0,16,True,0.12345679012345678,0.04938271604938271
150,41.0,3,True,0.9629629629629629,1.0
150,41.0,3,True,0.2345679012345679,1.0
150,41.0,6,True,0.12345679012345678,0.1111111111111111
150,41.0,14,True,0.18518518518518517,0.1111111111111111
150,41.0,11,True,0.1111111111111111,0.13580246913580246
150,41.0,3,True,0.16049382716049382,1.0
150,41.0,3,True,0.32098765432098764,1.0
150,41.0,4,True,0.14814814814814814,1.0
150,41.0,3,True,0.7407407407407407,1.0
150,41.0,3,True,0.4691358024691358,1.0
150,41.0,2,True,1.0,1.0
150,41.0,2,True,1.0,1.0
150,41.0,3,True,0.9629629629629629,1.0
150,41.0,6,True,0.16049382716049382,0.09876543209876543
150,41.0,3,True,0.16049382716049382,1.0
150,41.0,3,True,0.41975308641975306,1.0
150,41.0,10,True,0.13580246913580246,0.12345679012345678
150,41.0,4,True,0.08641975308641975,1.0
150,41.0,3,True,0.5185185185185185,1.0
150,41.0,20,False,0.08641975308641975,0.1111111111111111
150,41.0,20,True,0.1111111111111111,0.14814814814814814
150,41.0,20,False,0.08641975308641975,0.13580246913580246
150,41.0,4,True,0.12345679012345678,0.14814814814814814
150,41.0,5,True,0.14814814814814814,0.12345679012345678
150,42.0,4,True,0.12345679012345678,0.12345679012345678
150,42.0,8,True,0.14814814814814814,0.09876543209876543
150,42.0,5,True,0.14814814814814814,0.18518518518518517
150,42.0,8,True,0.12345679012345678,0.1728395061728395
150,42.0,20,False,0.08641975308641975,0.09876543209876543
150,42.0,7,True,0.12345679012345678,0.037037037037037035
150,42.0,3,True,0.18518518518518517,1.0
150,42.0,20,False,0.1111111111111111,0.1111111111111111
150,42.0,6,True,0.2222222222222222,0.07407407407407407
150,42.0,7,True,0.08641975308641975,0.1728395061728395
150,42.0,6,True,0.13580246913580246,0.16049382716049382
150,42.0,16,True,0.1728395061728395,0.08641975308641975
150,42.0,7,True,0.13580246913580246,0.18518518518518517
150,42.0,8,True,0.09876543209876543,0.04938271604938271
150,42.0,4,True,0.12345679012345678,0.024691358024691357
150,42.0,4,True,0.09876543209876543,0.14814814814814814
150,42.0,3,True,0.49382716049382713,1.0
150,42.0,14,True,0.08641975308641975,0.18518518518518517
150,42.0,9,True,0.14814814814814814,0.16049382716049382
150,42.0,3,True,0.8395061728395061,1.0
150,42.0,15,True,0.12345679012345678,0.07407407407407407
150,42.0,12,True,0.12345679012345678,0.07407407407407407
150,42.0,19,True,0.12345679012345678,0.16049382716049382
150,42.0,3,True,0.20987654320987653,1.0
150,42.0,3,True,0.7407407407407407,1.0
150,42.0,16,True,0.08641975308641975,0.09876543209876543
150,42.0,3,True,0.08641975308641975,0.08641975308641975
150,42.0,5,True,0.14814814814814814,0.14814814814814814
150,42.0,14,True,0.06172839506172839,0.06172839506172839
150,42.0,3,True,0.1728395061728395,1.0
150,42.0,3,True,0.2345679012345679,1.0
150,42.0,18,True,0.09876543209876543,0.09876543209876543
150,42.0,8,True,0.16049382716049382,0.06172839506172839
150,42.0,3,True,0.2345679012345679,1.0
150,42.0,19,True,0.09876543209876543,0.14814814814814814
150,42.0,3,True,0.7777777777777778,1.0
150,42.0,12,True,0.12345679012345678,0.2716049382716049
150,42.0,5,True,0.04938271604938271,0.16049382716049382
150,42.0,14,True,0.14814814814814814,0.08641975308641975
150,42.0,15,True,0.1111111111111111,0.1111111111111111
150,42.0,6,True,0.07407407407407407,0.13580246913580246
150,42.0,3,True,0.9876543209876543,1.0
150,42.0,8,True,0.07407407407407407,0.06172839506172839
150,42.0,20,False,0.08641975308641975,0.13580246913580246
150,42.0,20,False,0.1728395061728395,0.09876543209876543
150,42.0,18,True,0.08641975308641975,0.024691358024691357
150,42.0,3,True,0.30864197530864196,1.0
150,42.0,15,True,0.14814814814814814,0.16049382716049382
150,42.0,3,True,0.13580246913580246,0.08641975308641975
150,42.0,3,True,0.3950617283950617,1.0
150,42.0,3,True,0.20987654320987653,1.0
150,42.0,18,True,0.08641975308641975,0.09876543209876543
150,42.0,20,False,0.19753086419753085,0.08641975308641975
150,42.0,3,True,0.14814814814814814,1.0
150,42.0,6,True,0.12345679012345678,0.04938271604938271
150,42.0,12,True,0.16049382716049382,0.08641975308641975
150,42.0,14,True,0.12345679012345678,0.07407407407407407
150,42.0,6,True,0.18518518518518517,0.16049382716049382
150,42.0,13,True,0.09876543209876543,0.08641975308641975
150,42.0,3,True,0.5061728395061729,1.0
150,42.0,15,True,0.08641975308641975,0.08641975308641975
150,42.0,9,True,0.1111111111111111,0.07407407407407407
150,42.0,5,True,0.13580246913580246,0.08641975308641975
150,42.0,3,True,0.16049382716049382,1.0
150,42.0,19,True,0.16049382716049382,0.14814814814814814
150,42.0,6,True,0.1111111111111111,0.13580246913580246
150,42.0,3,True,0.2345679012345679,1.0
150,42.0,11,True,0.12345679012345678,0.12345679012345678
150,42.0,6,True,0.13580246913580246,0.12345679012345678
150,42.0,4,True,0.16049382716049382,0.07407407407407407
150,42.0,11,True,0.1111111111111111,0.08641975308641975
150,42.0,5,True,0.1111111111111111,0.04938271604938271
150,42.0,15,True,0.09876543209876543,0.08641975308641975
150,42.0,3,True,0.32098765432098764,1.0
150,42.0,3,True,0.8888888888888888,1.0
150,42.0,16,True,0.13580246913580246,0.09876543209876543
150,42.0,17,True,0.08641975308641975,0.12345679012345678
150,42.0,13,True,0.13580246913580246,0.14814814814814814
150,42.0,11,True,0.13580246913580246,0.09876543209876543
150,42.0,10,True,0.1728395061728395,0.09876543209876543
150,42.0,6,True,0.08641975308641975,0.12345679012345678
150,42.0,10,True,0.14814814814814814,0.1111111111111111
150,42.0,3,True,0.5555555555555556,1.0
150,42.0,14,True,0.20987654320987653,0.06172839506172839
150,42.0,3,True,0.2962962962962963,1.0
150,42.0,3,True,0.345679012345679,1.0
150,42.0,2,True,1.0,1.0
150,42.0,13,True,0.16049382716049382,0.1111111111111111
150,42.0,3,True,0.06172839506172839,0.14814814814814814
150,42.0,5,True,0.1728395061728395,1.0
150,42.0,7,True,0.12345679012345678,0.12345679012345678
150,42.0,5,True,0.09876543209876543,0.06172839506172839
150,42.0,4,True,0.13580246913580246,0.13580246913580246
150,42.0,8,True,0.1111111111111111,0.09876543209876543
150,42.0,4,True,0.13580246913580246,0.08641975308641975
150,42.0,7,True,0.20987654320987653,0.08641975308641975
150,42.0,19,True,0.09876543209876543,0.09876543209876543
150,42.0,7,True,0.19753086419753085,0.12345679012345678
150,42.0,6,True,0.14814814814814814,0.16049382716049382
150,42.0,3,True,0.30864197530864196,1.0
150,42.0,8,True,0.13580246913580246,0.19753086419753085
150,42.0,20,False,0.13580246913580246,0.09876543209876543
150,42.0,7,True,0.16049382716049382,0.13580246913580246
150,42.0,4,True,0.14814814814814814,0.09876543209876543
150,42.0,3,True,0.12345679012345678,0.09876543209876543
150,42.0,9,True,0.1111111111111111,0.1111111111111111
150,42.0,4,True,0.12345679012345678,0.16049382716049382
150,42.0,3,True,0.07407407407407407,0.16049382716049382
150,42.0,3,True,0.8271604938271605,1.0
150,42.0,8,True,0.12345679012345678,0.12345679012345678
150,42.0,3,True,0.9382716049382716,1.0
150,42.0,10,True,0.08641975308641975,0.09876543209876543
150,42.0,15,True,0.19753086419753085,0.12345679012345678
150,42.0,3,True,0.2345679012345679,1.0
150,42.0,3,True,0.7407407407407407,1.0
150,42.0,14,True,0.1111111111111111,0.08641975308641975
150,42.0,20,False,0.12345679012345678,0.09876543209876543
150,42.0,3,True,0.20987654320987653,1.0
150,42.0,12,True,0.14814814814814814,0.06172839506172839
150,42.0,3,True,0.2962962962962963,1.0
150,42.0,6,True,0.14814814814814814,0.16049382716049382
150,42.0,16,True,0.12345679012345678,0.09876543209876543
150,42.0,20,False,0.12345679012345678,0.037037037037037035
150,42.0,4,True,0.13580246913580246,1.0
150,42.0,5,True,0.14814814814814814,0.12345679012345678
150,42.0,6,True,0.13580246913580246,0.09876543209876543
150,42.0,13,True,0.16049382716049382,0.08641975308641975
150,42.0,6,True,0.18518518518518517,0.12345679012345678
150,42.0,3,True,0.37037037037037035,1.0
150,42.0,17,True,0.13580246913580246,0.07407407407407407
150,42.0,13,True,0.12345679012345678,0.12345679012345678
150,42.0,9,True,0.13580246913580246,0.14814814814814814
150,42.0,9,True,0.08641975308641975,0.09876543209876543
150,42.0,13,True,0.14814814814814814,0.08641975308641975
150,42.0,11,True,0.1111111111111111,0.09876543209876543
150,42.0,9,True,0.12345679012345678,0.1728395061728395
150,42.0,3,True,0.13580246913580246,0.07407407407407407
150,42.0,3,True,0.8765432098765432,1.0
150,42.0,3,True,0.43209876543209874,1.0
150,42.0,5,True,0.12345679012345678,0.06172839506172839
150,42.0,3,True,0.7407407407407407,1.0
150,42.0,5,True,0.19753086419753085,0.037037037037037035
150,42.0,12,True,0.13580246913580246,0.08641975308641975
150,42.0,4,True,0.16049382716049382,1.0
150,42.0,4,True,0.12345679012345678,0.037037037037037035
150,42.0,11,True,0.09876543209876543,0.04938271604938271
150,42.0,13,True,0.19753086419753085,0.08641975308641975
150,42.0,20,True,0.14814814814814814,0.09876543209876543
150,42.0,3,True,0.2962962962962963,1.0
150,42.0,15,True,0.1111111111111111,0.07407407407407407
150,42.0,3,True,0.07407407407407407,0.08641975308641975
150,42.0,12,True,0.09876543209876543,0.08641975308641975
150,42.0,7,True,0.06172839506172839,0.13580246913580246
150,42.0,12,True,0.1111111111111111,0.08641975308641975
150,42.0,20,False,0.16049382716049382,0.12345679012345678
150,42.0,11,True,0.1111111111111111,0.06172839506172839
150,42.0,4,True,0.1728395061728395,1.0
150,42.0,4,True,0.1111111111111111,0.037037037037037035
150,42.0,3,True,0.7037037037037037,1.0
150,42.0,3,True,0.16049382716049382,1.0
150,42.0,10,True,0.12345679012345678,0.18518518518518517
150,42.0,3,True,0.12345679012345678,0.13580246913580246
150,42.0,10,True,0.16049382716049382,0.12345679012345678
150,42.0,6,True,0.12345679012345678,0.09876543209876543
150,42.0,3,True,0.1728395061728395,0.16049382716049382
150,42.0,16,True,0.16049382716049382,0.13580246913580246
150,42.0,12,True,0.1111111111111111,0.12345679012345678
150,42.0,10,True,0.1728395061728395,0.12345679012345678
150,42.0,8,True,0.1111111111111111,0.09876543209876543
150,42.0,9,True,0.07407407407407407,0.1728395061728395
150,42.0,20,False,0.2716049382716049,0.06172839506172839
150,42.0,3,True,0.6296296296296297,1.0
150,42.0,20,False,0.09876543209876543,0.13580246913580246
150,42.0,10,True,0.12345679012345678,0.19753086419753085
150,42.0,5,True,0.09876543209876543,0.19753086419753085
150,42.0,14,True,0.09876543209876543,0.12345679012345678
150,42.0,3,True,0.2839506172839506,1.0
150,42.0,14,True,0.1111111111111111,0.07407407407407407
150,42.0,10,True,0.09876543209876543,0.037037037037037035
150,42.0,16,True,0.16049382716049382,0.1111111111111111
150,42.0,13,True,0.19753086419753085,0.13580246913580246
150,42.0,4,True,0.24691358024691357,1.0
150,42.0,4,True,0.18518518518518517,0.16049382716049382
150,42.0,20,False,0.13580246913580246,0.07407407407407407
150,42.0,20,False,0.32098765432098764,0.08641975308641975
150,42.0,5,True,0.1111111111111111,0.13580246913580246
150,42.0,3,True,0.345679012345679,1.0
150,42.0,3,True,0.9382716049382716,1.0
150,42.0,6,True,0.1111111111111111,0.1111111111111111
150,42.0,3,True,0.35802469135802467,1.0
150,42.0,3,True,0.25925925925925924,1.0
150,42.0,4,True,0.19753086419753085,1.0
150,42.0,3,True,0.25925925925925924,1.0
150,42.0,11,True,0.16049382716049382,0.06172839506172839
150,42.0,9,True,0.18518518518518517,0.1111111111111111
150,42.0,3,True,0.16049382716049382,0.024691358024691357
150,42.0,3,True,0.14814814814814814,0.1111111111111111
150,42.0,4,True,0.12345679012345678,0.1111111111111111
150,42.0,3,True,0.8271604938271605,1.0
150,42.0,3,True,0.08641975308641975,0.09876543209876543
150,42.0,13,True,0.09876543209876543,0.1111111111111111
150,42.0,3,True,0.4074074074074074,1.0
150,42.0,10,True,0.1111111111111111,0.16049382716049382
150,42.0,10,True,0.14814814814814814,0.16049382716049382
150,42.0,7,True,0.14814814814814814,0.14814814814814814
150,42.0,2,True,1.0,1.0
150,42.0,10,True,0.1728395061728395,0.1728395061728395
150,42.0,5,True,0.13580246913580246,0.1728395061728395
150,42.0,20,True,0.12345679012345678,0.13580246913580246
150,42.0,4,True,0.1728395061728395,0.16049382716049382
150,42.0,9,True,0.04938271604938271,0.13580246913580246
150,42.0,14,True,0.1728395061728395,0.09876543209876543
150,42.0,7,True,0.12345679012345678,0.19753086419753085
150,42.0,3,True,0.6790123456790124,1.0
150,42.0,2,True,1.0,1.0
150,42.0,3,True,0.04938271604938271,0.04938271604938271
150,42.0,8,True,0.16049382716049382,0.07407407407407407
150,42.0,9,True,0.1111111111111111,0.04938271604938271
150,42.0,3,True,0.43209876543209874,1.0
150,42.0,3,True,0.5555555555555556,1.0
150,42.0,3,True,0.9506172839506173,1.0
150,42.0,20,True,0.14814814814814814,0.09876543209876543
150,42.0,3,True,0.09876543209876543,0.08641975308641975
150,42.0,2,True,1.0,1.0
150,42.0,14,True,0.13580246913580246,0.12345679012345678
150,42.0,3,True,0.30864197530864196,1.0
150,42.0,6,True,0.09876543209876543,0.13580246913580246
150,42.0,3,True,0.24691358024691357,1.0
150,42.0,8,True,0.08641975308641975,0.12345679012345678
150,42.0,3,True,0.20987654320987653,1.0
150,42.0,20,False,0.09876543209876543,0.12345679012345678
150,42.0,4,True,0.13580246913580246,0.1111111111111111
150,42.0,3,True,0.18518518518518517,0.13580246913580246
150,42.0,20,False,0.08641975308641975,0.1111111111111111
150,42.0,2,True,1.0,1.0
150,42.0,3,True,0.20987654320987653,1.0
150,42.0,9,True,0.13580246913580246,0.07407407407407407
150,42.0,13,True,0.14814814814814814,0.08641975308641975
150,42.0,12,True,0.09876543209876543,0.06172839506172839
150,42.0,10,True,0.08641975308641975,0.09876543209876543
150,42.0,11,True,0.14814814814814814,0.08641975308641975
150,42.0,11,True,0.14814814814814814,0.09876543209876543
150,42.0,6,True,0.037037037037037035,0.024691358024691357
150,42.0,5,True,0.16049382716049382,0.13580246913580246
150,42.0,20,False,0.12345679012345678,0.12345679012345678
150,42.0,4,True,0.12345679012345678,0.08641975308641975
150,42.0,5,True,0.08641975308641975,0.12345679012345678
150,42.0,3,True,0.7530864197530864,1.0
150,42.0,5,True,0.13580246913580246,0.13580246913580246
150,42.0,5,True,0.09876543209876543,0.08641975308641975
150,42.0,7,True,0.1111111111111111,0.08641975308641975
150,42.0,7,True,0.1111111111111111,0.16049382716049382
150,42.0,16,True,0.19753086419753085,0.1111111111111111
150,42.0,8,True,0.2222222222222222,0.09876543209876543
150,42.0,3,True,0.07407407407407407,0.12345679012345678
150,42.0,10,True,0.1111111111111111,0.13580246913580246
150,42.0,18,True,0.16049382716049382,0.20987654320987653
150,42.0,4,True,0.1111111111111111,1.0
150,42.0,11,True,0.08641975308641975,0.1111111111111111
150,42.0,3,True,0.35802469135802467,1.0
150,42.0,9,True,0.06172839506172839,0.09876543209876543
150,42.0,20,True,0.1111111111111111,0.12345679012345678
150,42.0,10,True,0.20987654320987653,0.037037037037037035
150,42.0,6,True,0.1111111111111111,0.13580246913580246
150,42.0,3,True,0.2222222222222222,1.0
150,42.0,13,True,0.18518518518518517,0.09876543209876543
150,42.0,3,True,0.35802469135802467,1.0
150,42.0,3,True,0.9382716049382716,1.0
150,42.0,5,True,0.1728395061728395,1.0
150,42.0,4,True,0.12345679012345678,0.07407407407407407
150,42.0,7,True,0.18518518518518517,0.08641975308641975
150,42.0,2,True,1.0,1.0
150,42.0,12,True,0.08641975308641975,0.12345679012345678
150,42.0,8,True,0.14814814814814814,0.1111111111111111
150,42.0,5,True,0.13580246913580246,0.16049382716049382
150,42.0,9,True,0.12345679012345678,0.12345679012345678
150,42.0,3,True,0.8888888888888888,1.0
150,42.0,7,True,0.13580246913580246,0.16049382716049382
150,42.0,20,False,0.12345679012345678,0.06172839506172839
150,42.0,3,True,0.2716049382716049,1.0
150,42.0,3,True,0.7654320987654321,1.0
150,42.0,5,True,0.09876543209876543,0.07407407407407407
150,42.0,3,True,0.1111111111111111,0.08641975308641975
150,42.0,3,True,0.6666666666666666,1.0
150,42.0,15,True,0.09876543209876543,0.20987654320987653
150,42.0,5,True,0.1728395061728395,0.12345679012345678
150,42.0,6,True,0.14814814814814814,0.09876543209876543
150,42.0,11,True,0.16049382716049382,0.12345679012345678
150,42.0,20,False,0.1111111111111111,0.16049382716049382
150,42.0,6,True,0.13580246913580246,0.16049382716049382
150,42.0,20,False,0.07407407407407407,0.08641975308641975
150,42.0,3,True,0.19753086419753085,1.0
150,42.0,4,True,0.2222222222222222,1.0
150,42.0,20,False,0.12345679012345678,0.12345679012345678
150,42.0,5,True,0.1111111111111111,0.14814814814814814
150,42.0,4,True,0.1111111111111111,1.0
150,42.0,20,False,0.14814814814814814,0.09876543209876543
150,42.0,8,True,0.20987654320987653,0.07407407407407407
150,42.0,4,True,0.16049382716049382,1.0
150,42.0,4,True,0.13580246913580246,0.06172839506172839
300,28.000000000000004,2,True,1.0,1.0
300,28.000000000000004,2,True,1.0,1.0
300,28.000000000000004,2,True,1.0,1.0
300,28.000000000000004,2,True,1.0,1.0
300,28.000000000000004,2,True,1.0,1.0
300,28.000000000000004,2,True,1.0,1.0
300,28.000000000000004,2,True,1.0,1.0
300,28.000000000000004,2,True,1.0,1.0
300,28.000000000000004,2,True,1.0,1.0
300,28.000000000000004,2,True,1.0,1.0
300,28.000000000000004,2,True,1.0,1.0
300,28.000000000000004,2,True,1.0,1.0
300,28.000000000000004,2,True,1.0,1.0
300,28.000000000000004,2,True,1.0,1.0
300,28.000000000000004,2,True,1.0,1.0
300,28.000000000000004,2,True,1.0,1.0
300,28.000000000000004,2,True,1.0,1.0
300,28.000000000000004,2,True,1.0,1.0
300,28.000000000000004,2,True,1.0,1.0
300,28.000000000000004,2,True,1.0,1.0
300,28.000000000000004,2,True,1.0,1.0
300,28.000000000000004,2,True,1.0,1.0
300,28.000000000000004,2,True,1.0,1.0
300,28.000000000000004,2,True,1.0,1.0
300,28.000000000000004,2,True,1.0,1.0
300,28.000000000000004,2,True,1.0,1.0
300,28.000000000000004,2,True,1.0,1.0
300,28.000000000000004,2,True,1.0,1.0
300,28.000000000000004,2,True,1.0,1.0
300,28.000000000000004,2,True,1.0,1.0
300,28.000000000000004,2,True,1.0,1.0
300,28.000000000000004,2,True,1.0,1.0
300,28.000000000000004,2,True,1.0,1.0
300,28.000000000000004,2,True,1.0,1.0
300,28.000000000000004,2,True,1.0,1.0
300,28.000000000000004,2,True,1.0,1.0
300,28.000000000000004,2,True,1.0,1.0
300,28.000000000000004,2,True,1.0,1.0
300,28.000000000000004,2,True,1.0,1.0
300,28.000000000000004,2,True,1.0,1.0
300,28.000000000000004,2,True,1.0,1.0
300,28.000000000000004,2,True,1.0,1.0
300,28.000000000000004,2,True,1.0,1.0
300,28.000000000000004,2,True,1.0,1.0
300,28.000000000000004,2,True,1.0,1.0
300,28.000000000000004,2,True,1.0,1.0
300,28.000000000000004,2,True,1.0,1.0
300,28.000000000000004,2,True,1.0,1.0
300,28.000000000000004,2,True,1.0,1.0
300,28.000000000000004,2,True,1.0,1.0
300,28.000000000000004,2,True,1.0,1.0
300,28.000000000000004,2,True,1.0,1.0
300,28.000000000000004,2,True,1.0,1.0
300,28.000000000000004,2,True,1.0,1.0
300,28.000000000000004,2,True,1.0,1.0
300,28.000000000000004,2,True,1.0,1.0
300,28.000000000000004,2,True,1.0,1.0
300,28.000000000000004,2,True,1.0,1.0
300,28.000000000000004,2,True,1.0,1.0
300,28.000000000000004,2,True,1.0,1.0
300,28.000000000000004,2,True,1.0,1.0
300,28.000000000000004,2,True,1.0,1.0
300,28.000000000000004,2,True,1.0,1.0
300,28.000000000000004,2,True,1.0,1.0
300,28.000000000000004,2,True,1.0,1.0
300,28.000000000000004,2,True,1.0,1.0
300,28.000000000000004,2,True,1.0,1.0
300,28.000000000000004,2,True,1.0,1.0
300,28.000000000000004,2,True,1.0,1.0
300,28.000000000000004,2,True,1.0,1.0
300,28.000000000000004,2,True,1.0,1.0
300,28.000000000000004,2,True,1.0,1.0
300,28.000000000000004,2,True,1.0,1.0
300,28.000000000000004,2,True,1.0,1.0
300,28.000000000000004,2,True,1.0,1.0
300,28.000000000000004,2,True,1.0,1.0
300,28.000000000000004,2,True,1.0,1.0
300,28.000000000000004,2,True,1.0,1.0
300,28.000000000000004,2,True,1.0,1.0
300,28.000000000000004,2,True,1.0,1.0
300,28.000000000000004,2,True,1.0,1.0
300,28.000000000000004,2,True,1.0,1.0
300,28.000000000000004,2,True,1.0,1.0
300,28.000000000000004,2,True,1.0,1.0
300,28.000000000000004,2,True,1.0,1.0
300,28.000000000000004,2,True,1.0,1.0
300,28.000000000000004,2,True,1.0,1.0
300,28.000000000000004,2,True,1.0,1.0
300,28.000000000000004,2,True,1.0,1.0
300,28.000000000000004,2,True,1.0,1.0
300,28.000000000000004,2,True,1.0,1.0
300,28.000000000000004,2,True,1.0,1.0
300,28.000000000000004,2,True,1.0,1.0
300,28.000000000000004,2,True,1.0,1.0
300,28.000000000000004,2,True,1.0,1.0
300,28.000000000000004,2,True,1.0,1.0
300,28.000000000000004,2,True,1.0,1.0
300,28.000000000000004,2,True,1.0,1.0
300,28.000000000000004,2,True,1.0,1.0
300,28.000000000000004,2,True,1.0,1.0
300,28.000000000000004,2,True,1.0,1.0
300,28.000000000000004,2,True,1.0,1.0
300,28.000000000000004,2,True,1.0,1.0
300,28.000000000000004,2,True,1.0,1.0
300,28.000000000000004,2,True,1.0,1.0
300,28.000000000000004,2,True,1.0,1.0
300,28.000000000000004,2,True,1.0,1.0
300,28.000000000000004,2,True,1.0,1.0
300,28.000000000000004,2,True,1.0,1.0
300,28.000000000000004,2,True,1.0,1.0
300,28.000000000000004,2,True,1.0,1.0
300,28.000000000000004,2,True,1.0,1.0
300,28.000000000000004,2,True,1.0,1.0
300,28.000000000000004,2,True,1.0,1.0
300,28.000000000000004,2,True,1.0,1.0
300,28.000000000000004,2,True,1.0,1.0
300,28.000000000000004,2,True,1.0,1.0
300,28.000000000000004,2,True,1.0,1.0
300,28.000000000000004,2,True,1.0,1.0
300,28.000000000000004,2,True,1.0,1.0
300,28.000000000000004,2,True,1.0,1.0
300,28.000000000000004,2,True,1.0,1.0
300,28.000000000000004,2,True,1.0,1.0
300,28.000000000000004,2,True,1.0,1.0
300,28.000000000000004,2,True,1.0,1.0
300,28.000000000000004,2,True,1.0,1.0
300,28.000000000000004,2,True,1.0,1.0
300,28.000000000000004,2,True,1.0,1.0
300,28.000000000000004,2,True,1.0,1.0
300,28.000000000000004,2,True,1.0,1.0
300,28.000000000000004,2,True,1.0,1.0
300,28.000000000000004,2,True,1.0,1.0
300,28.000000000000004,2,True,1.0,1.0
300,28.000000000000004,2,True,1.0,1.0
300,28.000000000000004,2,True,1.0,1.0
300,28.000000000000004,2,True,1.0,1.0
300,28.000000000000004,2,True,1.0,1.0
300,28.000000000000004,2,True,1.0,1.0
300,28.000000000000004,2,True,1.0,1.0
300,28.000000000000004,2,True,1.0,1.0
300,28.000000000000004,2,True,1.0,1.0
300,28.000000000000004,2,True,1.0,1.0
300,28.000000000000004,2,True,1.0,1.0
300,28.000000000000004,2,True,1.0,1.0
300,28.000000000000004,2,True,1.0,1.0
300,28.000000000000004,2,True,1.0,1.0
300,28.000000000000004,2,True,1.0,1.0
300,28.000000000000004,2,True,1.0,1.0
300,28.000000000000004,2,True,1.0,1.0
300,28.000000000000004,2,True,1.0,1.0
300,28.000000000000004,2,True,1.0,1.0
300,28.000000000000004,2,True,1.0,1.0
300,28.000000000000004,2,True,1.0,1.0
300,28.000000000000004,2,True,1.0,1.0
300,28.000000000000004,2,True,1.0,1.0
300,28.000000000000004,2,True,1.0,1.0
300,28.000000000000004,2,True,1.0,1.0
300,28.000000000000004,2,True,1.0,1.0
300,28.000000000000004,2,True,1.0,1.0
300,28.000000000000004,2,True,1.0,1.0
300,28.000000000000004,2,True,1.0,1.0
300,28.000000000000004,2,True,1.0,1.0
300,28.000000000000004,2,True,1.0,1.0
300,28.000000000000004,2,True,1.0,1.0
300,28.000000000000004,2,True,1.0,1.0
300,28.000000000000004,2,True,1.0,1.0
300,28.000000000000004,2,True,1.0,1.0
300,28.000000000000004,2,True,1.0,1.0
300,28.000000000000004,2,True,1.0,1.0
300,28.000000000000004,2,True,1.0,1.0
300,28.000000000000004,2,True,1.0,1.0
300,28.000000000000004,2,True,1.0,1.0
300,28.000000000000004,2,True,1.0,1.0
300,28.000000000000004,2,True,1.0,1.0
300,28.000000000000004,2,True,1.0,1.0
300,28.000000000000004,2,True,1.0,1.0
300,28.000000000000004,2,True,1.0,1.0
300,28.000000000000004,2,True,1.0,1.0
300,28.000000000000004,2,True,1.0,1.0
300,28.000000000000004,2,True,1.0,1.0
300,28.000000000000004,2,True,1.0,1.0
300,28.000000000000004,2,True,1.0,1.0
300,28.000000000000004,2,True,1.0,1.0
300,28.000000000000004,2,True,1.0,1.0
300,28.000000000000004,2,True,1.0,1.0
300,28.000000000000004,2,True,1.0,1.0
300,28.000000000000004,2,True,1.0,1.0
300,28.000000000000004,2,True,1.0,1.0
300,28.000000000000004,2,True,1.0,1.0
300,28.000000000000004,2,True,1.0,1.0
300,28.000000000000004,2,True,1.0,1.0
300,28.000000000000004,2,True,1.0,1.0
300,28.000000000000004,2,True,1.0,1.0
300,28.000000000000004,2,True,1.0,1.0
300,28.000000000000004,2,True,1.0,1.0
300,28.000000000000004,2,True,1.0,1.0
300,28.000000000000004,2,True,1.0,1.0
300,28.000000000000004,2,True,1.0,1.0
300,28.000000000000004,2,True,1.0,1.0
300,28.000000000000004,2,True,1.0,1.0
300,28.000000000000004,2,True,1.0,1.0
300,28.000000000000004,2,True,1.0,1.0
300,28.000000000000004,2,True,1.0,1.0
300,28.000000000000004,2,True,1.0,1.0
300,28.000000000000004,2,True,1.0,1.0
300,28.000000000000004,2,True,1.0,1.0
300,28.000000000000004,2,True,1.0,1.0
300,28.000000000000004,2,True,1.0,1.0
300,28.000000000000004,2,True,1.0,1.0
300,28.000000000000004,2,True,1.0,1.0
300,28.000000000000004,2,True,1.0,1.0
300,28.000000000000004,2,True,1.0,1.0
300,28.000000000000004,2,True,1.0,1.0
300,28.000000000000004,2,True,1.0,1.0
300,28.000000000000004,2,True,1.0,1.0
300,28.000000000000004,2,True,1.0,1.0
300,28.000000000000004,2,True,1.0,1.0
300,28.000000000000004,2,True,1.0,1.0
300,28.000000000000004,2,True,1.0,1.0
300,28.000000000000004,2,True,1.0,1.0
300,28.000000000000004,2,True,1.0,1.0
300,28.000000000000004,2,True,1.0,1.0
300,28.000000000000004,2,True,1.0,1.0
300,28.000000000000004,2,True,1.0,1.0
300,28.000000000000004,2,True,1.0,1.0
300,28.000000000000004,2,True,1.0,1.0
300,28.000000000000004,2,True,1.0,1.0
300,28.000000000000004,2,True,1.0,1.0
300,28.000000000000004,2,True,1.0,1.0
300,28.000000000000004,2,True,1.0,1.0
300,28.000000000000004,2,True,1.0,1.0
300,28.000000000000004,2,True,1.0,1.0
300,28.000000000000004,2,True,1.0,1.0
300,28.000000000000004,2,True,1.0,1.0
300,28.000000000000004,2,True,1.0,1.0
300,28.000000000000004,2,True,1.0,1.0
300,28.000000000000004,2,True,1.0,1.0
300,28.000000000000004,2,True,1.0,1.0
300,28.000000000000004,2,True,1.0,1.0
300,28.000000000000004,2,True,1.0,1.0
300,28.000000000000004,2,True,1.0,1.0
300,28.000000000000004,2,True,1.0,1.0
300,28.000000000000004,2,True,1.0,1.0
300,28.000000000000004,2,True,1.0,1.0
300,28.000000000000004,2,True,1.0,1.0
300,28.000000000000004,2,True,1.0,1.0
300,28.000000000000004,2,True,1.0,1.0
300,28.000000000000004,2,True,1.0,1.0
300,28.000000000000004,2,True,1.0,1.0
300,28.000000000000004,2,True,1.0,1.0
300,28.000000000000004,2,True,1.0,1.0
300,28.000000000000004,2,True,1.0,1.0
300,28.000000000000004,2,True,1.0,1.0
300,28.000000000000004,2,True,1.0,1.0
300,28.000000000000004,2,True,1.0,1.0
300,28.000000000000004,2,True,1.0,1.0
300,28.000000000000004,2,True,1.0,1.0
300,28.000000000000004,2,True,1.0,1.0
300,28.000000000000004,2,True,1.0,1.0
300,28.000000000000004,2,True,1.0,1.0
300,28.000000000000004,2,True,1.0,1.0
300,28.000000000000004,2,True,1.0,1.0
300,28.000000000000004,2,True,1.0,1.0
300,28.000000000000004,2,True,1.0,1.0
300,28.000000000000004,2,True,1.0,1.0
300,28.000000000000004,2,True,1.0,1.0
300,28.000000000000004,2,True,1.0,1.0
300,28.000000000000004,2,True,1.0,1.0
300,28.000000000000004,2,True,1.0,1.0
300,28.000000000000004,2,True,1.0,1.0
300,28.000000000000004,2,True,1.0,1.0
300,28.000000000000004,2,True,1.0,1.0
300,28.000000000000004,2,True,1.0,1.0
300,28.000000000000004,2,True,1.0,1.0
300,28.000000000000004,2,True,1.0,1.0
300,28.000000000000004,2,True,1.0,1.0
300,28.000000000000004,2,True,1.0,1.0
300,28.000000000000004,2,True,1.0,1.0
300,28.000000000000004,2,True,1.0,1.0
300,28.000000000000004,2,True,1.0,1.0
300,28.000000000000004,2,True,1.0,1.0
300,28.000000000000004,2,True,1.0,1.0
300,28.000000000000004,2,True,1.0,1.0
300,28.000000000000004,2,True,1.0,1.0
300,28.000000000000004,2,True,1.0,1.0
300,28.000000000000004,2,True,1.0,1.0
300,28.000000000000004,2,True,1.0,1.0
300,28.000000000000004,2,True,1.0,1.0
300,28.000000000000004,2,True,1.0,1.0
300,28.000000000000004,2,True,1.0,1.0
300,28.000000000000004,2,True,1.0,1.0
300,28.000000000000004,2,True,1.0,1.0
300,28.000000000000004,2,True,1.0,1.0
300,28.000000000000004,2,True,1.0,1.0
300,28.000000000000004,2,True,1.0,1.0
300,28.000000000000004,2,True,1.0,1.0
300,28.000000000000004,2,True,1.0,1.0
300,28.000000000000004,2,True,1.0,1.0
300,28.000000000000004,2,True,1.0,1.0
300,28.000000000000004,2,True,1.0,1.0
300,28.999999999999996,2,True,1.0,1.0
300,28.999999999999996,2,True,1.0,1.0
300,28.999999999999996,2,True,1.0,1.0
300,28.999999999999996,2,True,1.0,1.0
300,28.999999999999996,2,True,1.0,1.0
300,28.999999999999996,2,True,1.0,1.0
300,28.999999999999996,2,True,1.0,1.0
300,28.999999999999996,2,True,1.0,1.0
300,28.999999999999996,2,True,1.0,1.0
300,28.999999999999996,2,True,1.0,1.0
300,28.999999999999996,2,True,1.0,1.0
300,28.999999999999996,2,True,1.0,1.0
300,28.999999999999996,2,True,1.0,1.0
300,28.999999999999996,2,True,1.0,1.0
300,28.999999999999996,2,True,1.0,1.0
300,28.999999999999996,2,True,1.0,1.0
300,28.999999999999996,2,True,1.0,1.0
300,28.999999999999996,2,True,1.0,1.0
300,28.999999999999996,2,True,1.0,1.0
300,28.999999999999996,2,True,1.0,1.0
300,28.999999999999996,2,True,1.0,1.0
300,28.999999999999996,2,True,1.0,1.0
300,28.999999999999996,2,True,1.0,1.0
300,28.999999999999996,2,True,1.0,1.0
300,28.999999999999996,2,True,1.0,1.0
300,28.999999999999996,2,True,1.0,1.0
300,28.999999999999996,2,True,1.0,1.0
300,28.999999999999996,2,True,1.0,1.0
300,28.999999999999996,2,True,1.0,1.0
300,28.999999999999996,2,True,1.0,1.0
300,28.999999999999996,2,True,1.0,1.0
300,28.999999999999996,2,True,1.0,1.0
300,28.999999999999996,2,True,1.0,1.0
300,28.999999999999996,2,True,1.0,1.0
300,28.999999999999996,2,True,1.0,1.0
300,28.999999999999996,2,True,1.0,1.0
300,28.999999999999996,2,True,1.0,1.0
300,28.999999999999996,2,True,1.0,1.0
300,28.999999999999996,2,True,1.0,1.0
300,28.999999999999996,2,True,1.0,1.0
300,28.999999999999996,2,True,1.0,1.0
300,28.999999999999996,2,True,1.0,1.0
300,28.999999999999996,2,True,1.0,1.0
300,28.999999999999996,2,True,1.0,1.0
300,28.999999999999996,2,True,1.0,1.0
300,28.999999999999996,2,True,1.0,1.0
300,28.999999999999996,2,True,1.0,1.0
300,28.999999999999996,2,True,1.0,1.0
300,28.999999999999996,2,True,1.0,1.0
300,28.999999999999996,2,True,1.0,1.0
300,28.999999999999996,2,True,1.0,1.0
300,28.999999999999996,2,True,1.0,1.0
300,28.999999999999996,2,True,1.0,1.0
300,28.999999999999996,2,True,1.0,1.0
300,28.999999999999996,2,True,1.0,1.0
300,28.999999999999996,2,True,1.0,1.0
300,28.999999999999996,2,True,1.0,1.0
300,28.999999999999996,2,True,1.0,1.0
300,28.999999999999996,2,True,1.0,1.0
300,28.999999999999996,2,True,1.0,1.0
300,28.999999999999996,2,True,1.0,1.0
300,28.999999999999996,2,True,1.0,1.0
300,28.999999999999996,2,True,1.0,1.0
300,28.999999999999996,2,True,1.0,1.0
300,28.999999999999996,2,True,1.0,1.0
300,28.999999999999996,2,True,1.0,1.0
300,28.999999999999996,2,True,1.0,1.0
300,28.999999999999996,2,True,1.0,1.0
300,28.999999999999996,2,True,1.0,1.0
300,28.999999999999996,2,True,1.0,1.0
300,28.999999999999996,2,True,1.0,1.0
300,28.999999999999996,2,True,1.0,1.0
300,28.999999999999996,2,True,1.0,1.0
300,28.999999999999996,2,True,1.0,1.0
300,28.999999999999996,2,True,1.0,1.0
300,28.999999999999996,2,True,1.0,1.0
300,28.999999999999996,2,True,1.0,1.0
300,28.999999999999996,2,True,1.0,1.0
300,28.999999999999996,2,True,1.0,1.0
300,28.999999999999996,2,True,1.0,1.0
300,28.999999999999996,2,True,1.0,1.0
300,28.999999999999996,2,True,1.0,1.0
300,28.999999999999996,2,True,1.0,1.0
300,28.999999999999996,2,True,1.0,1.0
300,28.999999999999996,2,True,1.0,1.0
300,28.999999999999996,2,True,1.0,1.0
300,28.999999999999996,2,True,1.0,1.0
300,28.999999999999996,2,True,1.0,1.0
300,28.999999999999996,2,True,1.0,1.0
300,28.999999999999996,2,True,1.0,1.0
300,28.999999999999996,2,True,1.0,1.0
300,28.999999999999996,2,True,1.0,1.0
300,28.999999999999996,2,True,1.0,1.0
300,28.999999999999996,2,True,1.0,1.0
300,28.999999999999996,2,True,1.0,1.0
300,28.999999999999996,2,True,1.0,1.0
300,28.999999999999996,2,True,1.0,1.0
300,28.999999999999996,2,True,1.0,1.0
300,28.999999999999996,2,True,1.0,1.0
300,28.999999999999996,2,True,1.0,1.0
300,28.999999999999996,2,True,1.0,1.0
300,28.999999999999996,2,True,1.0,1.0
300,28.999999999999996,2,True,1.0,1.0
300,28.999999999999996,2,True,1.0,1.0
300,28.999999999999996,2,True,1.0,1.0
300,28.999999999999996,2,True,1.0,1.0
300,28.999999999999996,2,True,1.0,1.0
300,28.999999999999996,2,True,1.0,1.0
300,28.999999999999996,2,True,1.0,1.0
300,28.999999999999996,2,True,1.0,1.0
300,28.999999999999996,2,True,1.0,1.0
300,28.999999999999996,2,True,1.0,1.0
300,28.999999999999996,2,True,1.0,1.0
300,28.999999999999996,2,True,1.0,1.0
300,28.999999999999996,2,True,1.0,1.0
300,28.999999999999996,2,True,1.0,1.0
300,28.999999999999996,2,True,1.0,1.0
300,28.999999999999996,2,True,1.0,1.0
300,28.999999999999996,2,True,1.0,1.0
300,28.999999999999996,2,True,1.0,1.0
300,28.999999999999996,2,True,1.0,1.0
300,28.999999999999996,2,True,1.0,1.0
300,28.999999999999996,2,True,1.0,1.0
300,28.999999999999996,2,True,1.0,1.0
300,28.999999999999996,2,True,1.0,1.0
300,28.999999999999996,2,True,1.0,1.0
300,28.999999999999996,2,True,1.0,1.0
300,28.999999999999996,2,True,1.0,1.0
300,28.999999999999996,2,True,1.0,1.0
300,28.999999999999996,2,True,1.0,1.0
300,28.999999999999996,2,True,1.0,1.0
300,28.999999999999996,2,True,1.0,1.0
300,28.999999999999996,2,True,1.0,1.0
300,28.999999999999996,2,True,1.0,1.0
300,28.999999999999996,2,True,1.0,1.0
300,28.999999999999996,2,True,1.0,1.0
300,28.999999999999996,2,True,1.0,1.0
300,28.999999999999996,2,True,1.0,1.0
300,28.999999999999996,2,True,1.0,1.0
300,28.999999999999996,2,True,1.0,1.0
300,28.999999999999996,2,True,1.0,1.0
300,28.999999999999996,2,True,1.0,1.0
300,28.999999999999996,2,True,1.0,1.0
300,28.999999999999996,2,True,1.0,1.0
300,28.999999999999996,2,True,1.0,1.0
300,28.999999999999996,2,True,1.0,1.0
300,28.999999999999996,2,True,1.0,1.0
300,28.999999999999996,2,True,1.0,1.0
300,28.999999999999996,2,True,1.0,1.0
300,28.999999999999996,2,True,1.0,1.0
300,28.999999999999996,2,True,1.0,1.0
300,28.999999999999996,2,True,1.0,1.0
300,28.999999999999996,2,True,1.0,1.0
300,28.999999999999996,2,True,1.0,1.0
300,28.999999999999996,2,True,1.0,1.0
300,28.999999999999996,2,True,1.0,1.0
300,28.999999999999996,2,True,1.0,1.0
300,28.999999999999996,2,True,1.0,1.0
300,28.999999999999996,2,True,1.0,1.0
300,28.999999999999996,2,True,1.0,1.0
300,28.999999999999996,2,True,1.0,1.0
300,28.999999999999996,2,True,1.0,1.0
300,28.999999999999996,2,True,1.0,1.0
300,28.999999999999996,2,True,1.0,1.0
300,28.999999999999996,2,True,1.0,1.0
300,28.999999999999996,2,True,1.0,1.0
300,28.999999999999996,2,True,1.0,1.0
300,28.999999999999996,2,True,1.0,1.0
300,28.999999999999996,2,True,1.0,1.0
300,28.999999999999996,2,True,1.0,1.0
300,28.999999999999996,2,True,1.0,1.0
300,28.999999999999996,2,True,1.0,1.0
300,28.999999999999996,2,True,1.0,1.0
300,28.999999999999996,2,True,1.0,1.0
300,28.999999999999996,2,True,1.0,1.0
300,28.999999999999996,2,True,1.0,1.0
300,28.999999999999996,2,True,1.0,1.0
300,28.999999999999996,2,True,1.0,1.0
300,28.999999999999996,2,True,1.0,1.0
300,28.999999999999996,2,True,1.0,1.0
300,28.999999999999996,2,True,1.0,1.0
300,28.999999999999996,2,True,1.0,1.0
300,28.999999999999996,2,True,1.0,1.0
300,28.999999999999996,2,True,1.0,1.0
300,28.999999999999996,2,True,1.0,1.0
300,28.999999999999996,2,True,1.0,1.0
300,28.999999999999996,2,True,1.0,1.0
300,28.999999999999996,2,True,1.0,1.0
300,28.999999999999996,2,True,1.0,1.0
300,28.999999999999996,2,True,1.0,1.0
300,28.999999999999996,2,True,1.0,1.0
300,28.999999999999996,2,True,1.0,1.0
300,28.999999999999996,2,True,1.0,1.0
300,28.999999999999996,2,True,1.0,1.0
300,28.999999999999996,2,True,1.0,1.0
300,28.999999999999996,2,True,1.0,1.0
300,28.999999999999996,2,True,1.0,1.0
300,28.999999999999996,2,True,1.0,1.0
300,28.999999999999996,2,True,1.0,1.0
300,28.999999999999996,2,True,1.0,1.0
300,28.999999999999996,2,True,1.0,1.0
300,28.999999999999996,2,True,1.0,1.0
300,28.999999999999996,2,True,1.0,1.0
300,28.999999999999996,2,True,1.0,1.0
300,28.999999999999996,2,True,1.0,1.0
300,28.999999999999996,2,True,1.0,1.0
300,28.999999999999996,2,True,1.0,1.0
300,28.999999999999996,2,True,1.0,1.0
300,28.999999999999996,2,True,1.0,1.0
300,28.999999999999996,2,True,1.0,1.0
300,28.999999999999996,2,True,1.0,1.0
300,28.999999999999996,2,True,1.0,1.0
300,28.999999999999996,2,True,1.0,1.0
300,28.999999999999996,2,True,1.0,1.0
300,28.999999999999996,2,True,1.0,1.0
300,28.999999999999996,2,True,1.0,1.0
300,28.999999999999996,2,True,1.0,1.0
300,28.999999999999996,2,True,1.0,1.0
300,28.999999999999996,2,True,1.0,1.0
300,28.999999999999996,2,True,1.0,1.0
300,28.999999999999996,2,True,1.0,1.0
300,28.999999999999996,2,True,1.0,1.0
300,28.999999999999996,2,True,1.0,1.0
300,28.999999999999996,2,True,1.0,1.0
300,28.999999999999996,2,True,1.0,1.0
300,28.999999999999996,2,True,1.0,1.0
300,28.999999999999996,2,True,1.0,1.0
300,28.999999999999996,2,True,1.0,1.0
300,28.999999999999996,2,True,1.0,1.0
300,28.999999999999996,2,True,1.0,1.0
300,28.999999999999996,2,True,1.0,1.0
300,28.999999999999996,2,True,1.0,1.0
300,28.999999999999996,2,True,1.0,1.0
300,28.999999999999996,2,True,1.0,1.0
300,28.999999999999996,2,True,1.0,1.0
300,28.999999999999996,2,True,1.0,1.0
300,28.999999999999996,2,True,1.0,1.0
300,28.999999999999996,2,True,1.0,1.0
300,28.999999999999996,2,True,1.0,1.0
300,28.999999999999996,2,True,1.0,1.0
300,28.999999999999996,2,True,1.0,1.0
300,28.999999999999996,2,True,1.0,1.0
300,28.999999999999996,2,True,1.0,1.0
300,28.999999999999996,2,True,1.0,1.0
300,28.999999999999996,2,True,1.0,1.0
300,28.999999999999996,2,True,1.0,1.0
300,28.999999999999996,2,True,1.0,1.0
300,28.999999999999996,2,True,1.0,1.0
300,28.999999999999996,2,True,1.0,1.0
300,28.999999999999996,2,True,1.0,1.0
300,28.999999999999996,2,True,1.0,1.0
300,28.999999999999996,2,True,1.0,1.0
300,28.999999999999996,2,True,1.0,1.0
300,28.999999999999996,2,True,1.0,1.0
300,28.999999999999996,2,True,1.0,1.0
300,28.999999999999996,2,True,1.0,1.0
300,28.999999999999996,2,True,1.0,1.0
300,28.999999999999996,2,True,1.0,1.0
300,28.999999999999996,2,True,1.0,1.0
300,28.999999999999996,2,True,1.0,1.0
300,28.999999999999996,2,True,1.0,1.0
300,28.999999999999996,2,True,1.0,1.0
300,28.999999999999996,2,True,1.0,1.0
300,28.999999999999996,2,True,1.0,1.0
300,28.999999999999996,2,True,1.0,1.0
300,28.999999999999996,2,True,1.0,1.0
300,28.999999999999996,2,True,1.0,1.0
300,28.999999999999996,2,True,1.0,1.0
300,28.999999999999996,2,True,1.0,1.0
300,28.999999999999996,2,True,1.0,1.0
300,28.999999999999996,2,True,1.0,1.0
300,28.999999999999996,2,True,1.0,1.0
300,28.999999999999996,2,True,1.0,1.0
300,28.999999999999996,2,True,1.0,1.0
300,28.999999999999996,2,True,1.0,1.0
300,28.999999999999996,2,True,1.0,1.0
300,28.999999999999996,2,True,1.0,1.0
300,28.999999999999996,2,True,1.0,1.0
300,28.999999999999996,2,True,1.0,1.0
300,28.999999999999996,2,True,1.0,1.0
300,28.999999999999996,2,True,1.0,1.0
300,28.999999999999996,2,True,1.0,1.0
300,28.999999999999996,2,True,1.0,1.0
300,28.999999999999996,2,True,1.0,1.0
300,28.999999999999996,2,True,1.0,1.0
300,28.999999999999996,2,True,1.0,1.0
300,28.999999999999996,2,True,1.0,1.0
300,28.999999999999996,2,True,1.0,1.0
300,28.999999999999996,2,True,1.0,1.0
300,28.999999999999996,2,True,1.0,1.0
300,28.999999999999996,2,True,1.0,1.0
300,28.999999999999996,2,True,1.0,1.0
300,28.999999999999996,2,True,1.0,1.0
300,28.999999999999996,2,True,1.0,1.0
300,28.999999999999996,2,True,1.0,1.0
300,28.999999999999996,2,True,1.0,1.0
300,28.999999999999996,2,True,1.0,1.0
300,28.999999999999996,2,True,1.0,1.0
300,28.999999999999996,2,True,1.0,1.0
300,28.999999999999996,2,True,1.0,1.0
300,30.0,2,True,1.0,1.0
300,30.0,2,True,1.0,1.0
300,30.0,2,True,1.0,1.0
300,30.0,2,True,1.0,1.0
300,30.0,2,True,1.0,1.0
300,30.0,2,True,1.0,1.0
300,30.0,2,True,1.0,1.0
300,30.0,2,True,1.0,1.0
300,30.0,2,True,1.0,1.0
300,30.0,2,True,1.0,1.0
300,30.0,2,True,1.0,1.0
300,30.0,2,True,1.0,1.0
300,30.0,2,True,1.0,1.0
300,30.0,2,True,1.0,1.0
300,30.0,2,True,1.0,1.0
300,30.0,2,True,1.0,1.0
300,30.0,2,True,1.0,1.0
300,30.0,2,True,1.0,1.0
300,30.0,2,True,1.0,1.0
300,30.0,2,True,1.0,1.0
300,30.0,2,True,1.0,1.0
300,30.0,2,True,1.0,1.0
300,30.0,2,True,1.0,1.0
300,30.0,2,True,1.0,1.0
300,30.0,2,True,1.0,1.0
300,30.0,2,True,1.0,1.0
300,30.0,2,True,1.0,1.0
300,30.0,2,True,1.0,1.0
300,30.0,2,True,1.0,1.0
300,30.0,2,True,1.0,1.0
300,30.0,2,True,1.0,1.0
300,30.0,2,True,1.0,1.0
300,30.0,2,True,1.0,1.0
300,30.0,2,True,1.0,1.0
300,30.0,2,True,1.0,1.0
300,30.0,2,True,1.0,1.0
300,30.0,2,True,1.0,1.0
300,30.0,2,True,1.0,1.0
300,30.0,2,True,1.0,1.0
300,30.0,2,True,1.0,1.0
300,30.0,2,True,1.0,1.0
300,30.0,2,True,1.0,1.0
300,30.0,2,True,1.0,1.0
300,30.0,2,True,1.0,1.0
300,30.0,2,True,1.0,1.0
300,30.0,2,True,1.0,1.0
300,30.0,2,True,1.0,1.0
300,30.0,2,True,1.0,1.0
300,30.0,2,True,1.0,1.0
300,30.0,2,True,1.0,1.0
300,30.0,2,True,1.0,1.0
300,30.0,2,True,1.0,1.0
300,30.0,2,True,1.0,1.0
300,30.0,2,True,1.0,1.0
300,30.0,2,True,1.0,1.0
300,30.0,2,True,1.0,1.0
300,30.0,2,True,1.0,1.0
300,30.0,2,True,1.0,1.0
300,30.0,2,True,1.0,1.0
300,30.0,2,True,1.0,1.0
300,30.0,2,True,1.0,1.0
300,30.0,2,True,1.0,1.0
300,30.0,2,True,1.0,1.0
300,30.0,2,True,1.0,1.0
300,30.0,2,True,1.0,1.0
300,30.0,2,True,1.0,1.0
300,30.0,2,True,1.0,1.0
300,30.0,2,True,1.0,1.0
300,30.0,2,True,1.0,1.0
300,30.0,2,True,1.0,1.0
300,30.0,2,True,1.0,1.0
300,30.0,2,True,1.0,1.0
300,30.0,2,True,1.0,1.0
300,30.0,2,True,1.0,1.0
300,30.0,2,True,1.0,1.0
300,30.0,2,True,1.0,1.0
300,30.0,2,True,1.0,1.0
300,30.0,2,True,1.0,1.0
300,30.0,2,True,1.0,1.0
300,30.0,2,True,1.0,1.0
300,30.0,2,True,1.0,1.0
300,30.0,2,True,1.0,1.0
300,30.0,2,True,1.0,1.0
300,30.0,2,True,1.0,1.0
300,30.0,2,True,1.0,1.0
300,30.0,2,True,1.0,1.0
300,30.0,2,True,1.0,1.0
300,30.0,2,True,1.0,1.0
300,30.0,2,True,1.0,1.0
300,30.0,2,True,1.0,1.0
300,30.0,2,True,1.0,1.0
300,30.0,2,True,1.0,1.0
300,30.0,2,True,1.0,1.0
300,30.0,2,True,1.0,1.0
300,30.0,2,True,1.0,1.0
300,30.0,2,True,1.0,1.0
300,30.0,2,True,1.0,1.0
300,30.0,2,True,1.0,1.0
300,30.0,2,True,1.0,1.0
300,30.0,2,True,1.0,1.0
300,30.0,2,True,1.0,1.0
300,30.0,2,True,1.0,1.0
300,30.0,2,True,1.0,1.0
300,30.0,2,True,1.0,1.0
300,30.0,2,True,1.0,1.0
300,30.0,2,True,1.0,1.0
300,30.0,2,True,1.0,1.0
300,30.0,2,True,1.0,1.0
300,30.0,2,True,1.0,1.0
300,30.0,2,True,1.0,1.0
300,30.0,2,True,1.0,1.0
300,30.0,2,True,1.0,1.0
300,30.0,2,True,1.0,1.0
300,30.0,2,True,1.0,1.0
300,30.0,2,True,1.0,1.0
300,30.0,2,True,1.0,1.0
300,30.0,2,True,1.0,1.0
300,30.0,2,True,1.0,1.0
300,30.0,2,True,1.0,1.0
300,30.0,2,True,1.0,1.0
300,30.0,2,True,1.0,1.0
300,30.0,2,True,1.0,1.0
300,30.0,2,True,1.0,1.0
300,30.0,2,True,1.0,1.0
300,30.0,2,True,1.0,1.0
300,30.0,2,True,1.0,1.0
300,30.0,2,True,1.0,1.0
300,30.0,2,True,1.0,1.0
300,30.0,2,True,1.0,1.0
300,30.0,2,True,1.0,1.0
300,30.0,2,True,1.0,1.0
300,30.0,2,True,1.0,1.0
300,30.0,2,True,1.0,1.0
300,30.0,2,True,1.0,1.0
300,30.0,2,True,1.0,1.0
300,30.0,2,True,1.0,1.0
300,30.0,2,True,1.0,1.0
300,30.0,2,True,1.0,1.0
300,30.0,2,True,1.0,1.0
300,30.0,2,True,1.0,1.0
300,30.0,2,True,1.0,1.0
300,30.0,2,True,1.0,1.0
300,30.0,2,True,1.0,1.0
300,30.0,2,True,1.0,1.0
300,30.0,2,True,1.0,1.0
300,30.0,2,True,1.0,1.0
300,30.0,2,True,1.0,1.0
300,30.0,2,True,1.0,1.0
300,30.0,2,True,1.0,1.0
300,30.0,2,True,1.0,1.0
300,30.0,2,True,1.0,1.0
300,30.0,2,True,1.0,1.0
300,30.0,2,True,1.0,1.0
300,30.0,2,True,1.0,1.0
300,30.0,2,True,1.0,1.0
300,30.0,2,True,1.0,1.0
300,30.0,2,True,1.0,1.0
300,30.0,2,True,1.0,1.0
300,30.0,2,True,1.0,1.0
300,30.0,2,True,1.0,1.0
300,30.0,2,True,1.0,1.0
300,30.0,2,True,1.0,1.0
300,30.0,2,True,1.0,1.0
300,30.0,2,True,1.0,1.0
300,30.0,2,True,1.0,1.0
300,30.0,2,True,1.0,1.0
300,30.0,2,True,1.0,1.0
300,30.0,2,True,1.0,1.0
300,30.0,2,True,1.0,1.0
300,30.0,2,True,1.0,1.0
300,30.0,2,True,1.0,1.0
300,30.0,2,True,1.0,1.0
300,30.0,2,True,1.0,1.0
300,30.0,2,True,1.0,1.0
300,30.0,2,True,1.0,1.0
300,30.0,2,True,1.0,1.0
300,30.0,2,True,1.0,1.0
300,30.0,2,True,1.0,1.0
300,30.0,2,True,1.0,1.0
300,30.0,2,True,1.0,1.0
300,30.0,2,True,1.0,1.0
300,30.0,2,True,1.0,1.0
300,30.0,2,True,1.0,1.0
300,30.0,2,True,1.0,1.0
300,30.0,2,True,1.0,1.0
300,30.0,2,True,1.0,1.0
300,30.0,2,True,1.0,1.0
300,30.0,2,True,1.0,1.0
300,30.0,2,True,1.0,1.0
300,30.0,2,True,1.0,1.0
300,30.0,2,True,1.0,1.0
300,30.0,2,True,1.0,1.0
300,30.0,2,True,1.0,1.0
300,30.0,2,True,1.0,1.0
300,30.0,2,True,1.0,1.0
300,30.0,2,True,1.0,1.0
300,30.0,2,True,1.0,1.0
300,30.0,2,True,1.0,1.0
300,30.0,2,True,1.0,1.0
300,30.0,2,True,1.0,1.0
300,30.0,2,True,1.0,1.0
300,30.0,2,True,1.0,1.0
300,30.0,2,True,1.0,1.0
300,30.0,2,True,1.0,1.0
300,30.0,2,True,1.0,1.0
300,30.0,2,True,1.0,1.0
300,30.0,2,True,1.0,1.0
300,30.0,2,True,1.0,1.0
300,30.0,2,True,1.0,1.0
300,30.0,2,True,1.0,1.0
300,30.0,2,True,1.0,1.0
300,30.0,2,True,1.0,1.0
300,30.0,2,True,1.0,1.0
300,30.0,2,True,1.0,1.0
300,30.0,2,True,1.0,1.0
300,30.0,2,True,1.0,1.0
300,30.0,2,True,1.0,1.0
300,30.0,2,True,1.0,1.0
300,30.0,2,True,1.0,1.0
300,30.0,2,True,1.0,1.0
300,30.0,2,True,1.0,1.0
300,30.0,2,True,1.0,1.0
300,30.0,2,True,1.0,1.0
300,30.0,2,True,1.0,1.0
300,30.0,2,True,1.0,1.0
300,30.0,2,True,1.0,1.0
300,30.0,2,True,1.0,1.0
300,30.0,2,True,1.0,1.0
300,30.0,2,True,1.0,1.0
300,30.0,2,True,1.0,1.0
300,30.0,2,True,1.0,1.0
300,30.0,2,True,1.0,1.0
300,30.0,2,True,1.0,1.0
300,30.0,2,True,1.0,1.0
300,30.0,2,True,1.0,1.0
300,30.0,2,True,1.0,1.0
300,30.0,2,True,1.0,1.0
300,30.0,2,True,1.0,1.0
300,30.0,2,True,1.0,1.0
300,30.0,2,True,1.0,1.0
300,30.0,2,True,1.0,1.0
300,30.0,2,True,1.0,1.0
300,30.0,2,True,1.0,1.0
300,30.0,2,True,1.0,1.0
300,30.0,2,True,1.0,1.0
300,30.0,2,True,1.0,1.0
300,30.0,2,True,1.0,1.0
300,30.0,2,True,1.0,1.0
300,30.0,2,True,1.0,1.0
300,30.0,2,True,1.0,1.0
300,30.0,2,True,1.0,1.0
300,30.0,2,True,1.0,1.0
300,30.0,2,True,1.0,1.0
300,30.0,2,True,1.0,1.0
300,30.0,2,True,1.0,1.0
300,30.0,2,True,1.0,1.0
300,30.0,2,True,1.0,1.0
300,30.0,2,True,1.0,1.0
300,30.0,2,True,1.0,1.0
300,30.0,2,True,1.0,1.0
300,30.0,2,True,1.0,1.0
300,30.0,2,True,1.0,1.0
300,30.0,2,True,1.0,1.0
300,30.0,2,True,1.0,1.0
300,30.0,2,True,1.0,1.0
300,30.0,2,True,1.0,1.0
300,30.0,2,True,1.0,1.0
300,30.0,2,True,1.0,1.0
300,30.0,2,True,1.0,1.0
300,30.0,2,True,1.0,1.0
300,30.0,2,True,1.0,1.0
300,30.0,2,True,1.0,1.0
300,30.0,2,True,1.0,1.0
300,30.0,2,True,1.0,1.0
300,30.0,2,True,1.0,1.0
300,30.0,2,True,1.0,1.0
300,30.0,2,True,1.0,1.0
300,30.0,2,True,1.0,1.0
300,30.0,2,True,1.0,1.0
300,30.0,2,True,1.0,1.0
300,30.0,2,True,1.0,1.0
300,30.0,2,True,1.0,1.0
300,30.0,2,True,1.0,1.0
300,30.0,2,True,1.0,1.0
300,30.0,2,True,1.0,1.0
300,30.0,2,True,1.0,1.0
300,30.0,2,True,1.0,1.0
300,30.0,2,True,1.0,1.0
300,30.0,2,True,1.0,1.0
300,30.0,2,True,1.0,1.0
300,30.0,2,True,1.0,1.0
300,30.0,2,True,1.0,1.0
300,30.0,2,True,1.0,1.0
300,30.0,2,True,1.0,1.0
300,30.0,2,True,1.0,1.0
300,30.0,2,True,1.0,1.0
300,30.0,2,True,1.0,1.0
300,30.0,2,True,1.0,1.0
300,30.0,2,True,1.0,1.0
300,30.0,2,True,1.0,1.0
300,31.0,2,True,1.0,1.0
300,31.0,2,True,1.0,1.0
300,31.0,2,True,1.0,1.0
300,31.0,2,True,1.0,1.0
300,31.0,2,True,1.0,1.0
300,31.0,2,True,1.0,1.0
300,31.0,2,True,1.0,1.0
300,31.0,2,True,1.0,1.0
300,31.0,2,True,1.0,1.0
300,31.0,2,True,1.0,1.0
300,31.0,2,True,1.0,1.0
300,31.0,2,True,1.0,1.0
300,31.0,2,True,1.0,1.0
300,31.0,2,True,1.0,1.0
300,31.0,2,True,1.0,1.0
300,31.0,2,True,1.0,1.0
300,31.0,2,True,1.0,1.0
300,31.0,2,True,1.0,1.0
300,31.0,2,True,1.0,1.0
300,31.0,2,True,1.0,1.0
300,31.0,2,True,1.0,1.0
300,31.0,2,True,1.0,1.0
300,31.0,2,True,1.0,1.0
300,31.0,2,True,1.0,1.0
300,31.0,2,True,1.0,1.0
300,31.0,2,True,1.0,1.0
300,31.0,2,True,1.0,1.0
300,31.0,2,True,1.0,1.0
300,31.0,2,True,1.0,1.0
300,31.0,2,True,1.0,1.0
300,31.0,2,True,1.0,1.0
300,31.0,2,True,1.0,1.0
300,31.0,2,True,1.0,1.0
300,31.0,2,True,1.0,1.0
300,31.0,2,True,1.0,1.0
300,31.0,2,True,1.0,1.0
300,31.0,2,True,1.0,1.0
300,31.0,2,True,1.0,1.0
300,31.0,2,True,1.0,1.0
300,31.0,2,True,1.0,1.0
300,31.0,2,True,1.0,1.0
300,31.0,2,True,1.0,1.0
300,31.0,2,True,1.0,1.0
300,31.0,2,True,1.0,1.0
300,31.0,2,True,1.0,1.0
300,31.0,2,True,1.0,1.0
300,31.0,2,True,1.0,1.0
300,31.0,2,True,1.0,1.0
300,31.0,2,True,1.0,1.0
300,31.0,2,True,1.0,1.0
300,31.0,2,True,1.0,1.0
300,31.0,2,True,1.0,1.0
300,31.0,2,True,1.0,1.0
300,31.0,2,True,1.0,1.0
300,31.0,2,True,1.0,1.0
300,31.0,2,True,1.0,1.0
300,31.0,2,True,1.0,1.0
300,31.0,2,True,1.0,1.0
300,31.0,2,True,1.0,1.0
300,31.0,2,True,1.0,1.0
300,31.0,2,True,1.0,1.0
300,31.0,2,True,1.0,1.0
300,31.0,2,True,1.0,1.0
300,31.0,2,True,1.0,1.0
300,31.0,2,True,1.0,1.0
300,31.0,2,True,1.0,1.0
300,31.0,2,True,1.0,1.0
300,31.0,2,True,1.0,1.0
300,31.0,2,True,1.0,1.0
300,31.0,2,True,1.0,1.0
300,31.0,2,True,1.0,1.0
300,31.0,2,True,1.0,1.0
300,31.0,2,True,1.0,1.0
300,31.0,2,True,1.0,1.0
300,31.0,2,True,1.0,1.0
300,31.0,2,True,1.0,1.0
300,31.0,2,True,1.0,1.0
300,31.0,2,True,1.0,1.0
300,31.0,2,True,1.0,1.0
300,31.0,2,True,1.0,1.0
300,31.0,2,True,1.0,1.0
300,31.0,2,True,1.0,1.0
300,31.0,2,True,1.0,1.0
300,31.0,2,True,1.0,1.0
300,31.0,2,True,1.0,1.0
300,31.0,2,True,1.0,1.0
300,31.0,2,True,1.0,1.0
300,31.0,2,True,1.0,1.0
300,31.0,2,True,1.0,1.0
300,31.0,2,True,1.0,1.0
300,31.0,2,True,1.0,1.0
300,31.0,2,True,1.0,1.0
300,31.0,2,True,1.0,1.0
300,31.0,2,True,1.0,1.0
300,31.0,2,True,1.0,1.0
300,31.0,2,True,1.0,1.0
300,31.0,2,True,1.0,1.0
300,31.0,2,True,1.0,1.0
300,31.0,2,True,1.0,1.0
300,31.0,2,True,1.0,1.0
300,31.0,2,True,1.0,1.0
300,31.0,2,True,1.0,1.0
300,31.0,2,True,1.0,1.0
300,31.0,2,True,1.0,1.0
300,31.0,2,True,1.0,1.0
300,31.0,2,True,1.0,1.0
300,31.0,2,True,1.0,1.0
300,31.0,2,True,1.0,1.0
300,31.0,2,True,1.0,1.0
300,31.0,2,True,1.0,1.0
300,31.0,2,True,1.0,1.0
300,31.0,2,True,1.0,1.0
300,31.0,2,True,1.0,1.0
300,31.0,2,True,1.0,1.0
300,31.0,2,True,1.0,1.0
300,31.0,2,True,1.0,1.0
300,31.0,2,True,1.0,1.0
300,31.0,2,True,1.0,1.0
300,31.0,2,True,1.0,1.0
300,31.0,2,True,1.0,1.0
300,31.0,2,True,1.0,1.0
300,31.0,2,True,1.0,1.0
300,31.0,2,True,1.0,1.0
300,31.0,2,True,1.0,1.0
300,31.0,2,True,1.0,1.0
300,31.0,2,True,1.0,1.0
300,31.0,2,True,1.0,1.0
300,31.0,2,True,1.0,1.0
300,31.0,2,True,1.0,1.0
300,31.0,2,True,1.0,1.0
300,31.0,2,True,1.0,1.0
300,31.0,2,True,1.0,1.0
300,31.0,2,True,1.0,1.0
300,31.0,2,True,1.0,1.0
300,31.0,2,True,1.0,1.0
300,31.0,2,True,1.0,1.0
300,31.0,2,True,1.0,1.0
300,31.0,2,True,1.0,1.0
300,31.0,2,True,1.0,1.0
300,31.0,2,True,1.0,1.0
300,31.0,2,True,1.0,1.0
300,31.0,2,True,1.0,1.0
300,31.0,2,True,1.0,1.0
300,31.0,2,True,1.0,1.0
300,31.0,2,True,1.0,1.0
300,31.0,2,True,1.0,1.0
300,31.0,2,True,1.0,1.0
300,31.0,2,True,1.0,1.0
300,31.0,2,True,1.0,1.0
300,31.0,2,True,1.0,1.0
300,31.0,2,True,1.0,1.0
300,31.0,2,True,1.0,1.0
300,31.0,2,True,1.0,1.0
300,31.0,2,True,1.0,1.0
300,31.0,2,True,1.0,1.0
300,31.0,2,True,1.0,1.0
300,31.0,2,True,1.0,1.0
300,31.0,2,True,1.0,1.0
300,31.0,2,True,1.0,1.0
300,31.0,2,True,1.0,1.0
300,31.0,2,True,1.0,1.0
300,31.0,2,True,1.0,1.0
300,31.0,2,True,1.0,1.0
300,31.0,2,True,1.0,1.0
300,31.0,2,True,1.0,1.0
300,31.0,2,True,1.0,1.0
300,31.0,2,True,1.0,1.0
300,31.0,2,True,1.0,1.0
300,31.0,2,True,1.0,1.0
300,31.0,2,True,1.0,1.0
300,31.0,2,True,1.0,1.0
300,31.0,2,True,1.0,1.0
300,31.0,2,True,1.0,1.0
300,31.0,2,True,1.0,1.0
300,31.0,2,True,1.0,1.0
300,31.0,2,True,1.0,1.0
300,31.0,2,True,1.0,1.0
300,31.0,2,True,1.0,1.0
300,31.0,2,True,1.0,1.0
300,31.0,2,True,1.0,1.0
300,31.0,2,True,1.0,1.0
300,31.0,2,True,1.0,1.0
300,31.0,2,True,1.0,1.0
300,31.0,2,True,1.0,1.0
300,31.0,2,True,1.0,1.0
300,31.0,2,True,1.0,1.0
300,31.0,2,True,1.0,1.0
300,31.0,2,True,1.0,1.0
300,31.0,2,True,1.0,1.0
300,31.0,2,True,1.0,1.0
300,31.0,2,True,1.0,1.0
300,31.0,2,True,1.0,1.0
300,31.0,2,True,1.0,1.0
300,31.0,2,True,1.0,1.0
300,31.0,2,True,1.0,1.0
300,31.0,2,True,1.0,1.0
300,31.0,2,True,1.0,1.0
300,31.0,2,True,1.0,1.0
300,31.0,2,True,1.0,1.0
300,31.0,2,True,1.0,1.0
300,31.0,2,True,1.0,1.0
300,31.0,2,True,1.0,1.0
300,31.0,2,True,1.0,1.0
300,31.0,2,True,1.0,1.0
300,31.0,2,True,1.0,1.0
300,31.0,2,True,1.0,1.0
300,31.0,2,True,1.0,1.0
300,31.0,2,True,1.0,1.0
300,31.0,2,True,1.0,1.0
300,31.0,2,True,1.0,1.0
300,31.0,2,True,1.0,1.0
300,31.0,2,True,1.0,1.0
300,31.0,2,True,1.0,1.0
300,31.0,2,True,1.0,1.0
300,31.0,2,True,1.0,1.0
300,31.0,2,True,1.0,1.0
300,31.0,2,True,1.0,1.0
300,31.0,2,True,1.0,1.0
300,31.0,2,True,1.0,1.0
300,31.0,2,True,1.0,1.0
300,31.0,2,True,1.0,1.0
300,31.0,2,True,1.0,1.0
300,31.0,2,True,1.0,1.0
300,31.0,2,True,1.0,1.0
300,31.0,2,True,1.0,1.0
300,31.0,2,True,1.0,1.0
300,31.0,2,True,1.0,1.0
300,31.0,2,True,1.0,1.0
300,31.0,2,True,1.0,1.0
300,31.0,2,True,1.0,1.0
300,31.0,2,True,1.0,1.0
300,31.0,2,True,1.0,1.0
300,31.0,2,True,1.0,1.0
300,31.0,2,True,1.0,1.0
300,31.0,2,True,1.0,1.0
300,31.0,2,True,1.0,1.0
300,31.0,2,True,1.0,1.0
300,31.0,2,True,1.0,1.0
300,31.0,2,True,1.0,1.0
300,31.0,2,True,1.0,1.0
300,31.0,2,True,1.0,1.0
300,31.0,2,True,1.0,1.0
300,31.0,2,True,1.0,1.0
300,31.0,2,True,1.0,1.0
300,31.0,2,True,1.0,1.0
300,31.0,2,True,1.0,1.0
300,31.0,2,True,1.0,1.0
300,31.0,2,True,1.0,1.0
300,31.0,2,True,1.0,1.0
300,31.0,2,True,1.0,1.0
300,31.0,2,True,1.0,1.0
300,31.0,2,True,1.0,1.0
300,31.0,2,True,1.0,1.0
300,31.0,2,True,1.0,1.0
300,31.0,2,True,1.0,1.0
300,31.0,2,True,1.0,1.0
300,31.0,2,True,1.0,1.0
300,31.0,2,True,1.0,1.0
300,31.0,2,True,1.0,1.0
300,31.0,2,True,1.0,1.0
300,31.0,2,True,1.0,1.0
300,31.0,2,True,1.0,1.0
300,31.0,2,True,1.0,1.0
300,31.0,2,True,1.0,1.0
300,31.0,2,True,1.0,1.0
300,31.0,2,True,1.0,1.0
300,31.0,2,True,1.0,1.0
300,31.0,2,True,1.0,1.0
300,31.0,2,True,1.0,1.0
300,31.0,2,True,1.0,1.0
300,31.0,2,True,1.0,1.0
300,31.0,2,True,1.0,1.0
300,31.0,2,True,1.0,1.0
300,31.0,2,True,1.0,1.0
300,31.0,2,True,1.0,1.0
300,31.0,2,True,1.0,1.0
300,31.0,2,True,1.0,1.0
300,31.0,2,True,1.0,1.0
300,31.0,2,True,1.0,1.0
300,31.0,2,True,1.0,1.0
300,31.0,2,True,1.0,1.0
300,31.0,2,True,1.0,1.0
300,31.0,2,True,1.0,1.0
300,31.0,2,True,1.0,1.0
300,31.0,2,True,1.0,1.0
300,31.0,2,True,1.0,1.0
300,31.0,2,True,1.0,1.0
300,31.0,2,True,1.0,1.0
300,31.0,2,True,1.0,1.0
300,31.0,2,True,1.0,1.0
300,31.0,2,True,1.0,1.0
300,31.0,2,True,1.0,1.0
300,31.0,2,True,1.0,1.0
300,31.0,2,True,1.0,1.0
300,31.0,2,True,1.0,1.0
300,31.0,2,True,1.0,1.0
300,31.0,2,True,1.0,1.0
300,31.0,2,True,1.0,1.0
300,31.0,2,True,1.0,1.0
300,31.0,2,True,1.0,1.0
300,32.0,2,True,1.0,1.0
300,32.0,2,True,1.0,1.0
300,32.0,2,True,1.0,1.0
300,32.0,2,True,1.0,1.0
300,32.0,2,True,1.0,1.0
300,32.0,2,True,1.0,1.0
300,32.0,2,True,1.0,1.0
300,32.0,2,True,1.0,1.0
300,32.0,2,True,1.0,1.0
300,32.0,2,True,1.0,1.0
300,32.0,2,True,1.0,1.0
300,32.0,2,True,1.0,1.0
300,32.0,2,True,1.0,1.0
300,32.0,2,True,1.0,1.0
300,32.0,2,True,1.0,1.0
300,32.0,2,True,1.0,1.0
300,32.0,2,True,1.0,1.0
300,32.0,2,True,1.0,1.0
300,32.0,2,True,1.0,1.0
300,32.0,2,True,1.0,1.0
300,32.0,2,True,1.0,1.0
300,32.0,2,True,1.0,1.0
300,32.0,2,True,1.0,1.0
300,32.0,2,True,1.0,1.0
300,32.0,2,True,1.0,1.0
300,32.0,2,True,1.0,1.0
300,32.0,2,True,1.0,1.0
300,32.0,2,True,1.0,1.0
300,32.0,2,True,1.0,1.0
300,32.0,2,True,1.0,1.0
300,32.0,2,True,1.0,1.0
300,32.0,2,True,1.0,1.0
300,32.0,2,True,1.0,1.0
300,32.0,2,True,1.0,1.0
300,32.0,2,True,1.0,1.0
300,32.0,2,True,1.0,1.0
300,32.0,2,True,1.0,1.0
300,32.0,2,True,1.0,1.0
300,32.0,2,True,1.0,1.0
300,32.0,2,True,1.0,1.0
300,32.0,2,True,1.0,1.0
300,32.0,2,True,1.0,1.0
300,32.0,2,True,1.0,1.0
300,32.0,2,True,1.0,1.0
300,32.0,2,True,1.0,1.0
300,32.0,2,True,1.0,1.0
300,32.0,2,True,1.0,1.0
300,32.0,2,True,1.0,1.0
300,32.0,2,True,1.0,1.0
300,32.0,2,True,1.0,1.0
300,32.0,2,True,1.0,1.0
300,32.0,2,True,1.0,1.0
300,32.0,2,True,1.0,1.0
300,32.0,2,True,1.0,1.0
300,32.0,2,True,1.0,1.0
300,32.0,2,True,1.0,1.0
300,32.0,2,True,1.0,1.0
300,32.0,2,True,1.0,1.0
300,32.0,2,True,1.0,1.0
300,32.0,2,True,1.0,1.0
300,32.0,2,True,1.0,1.0
300,32.0,2,True,1.0,1.0
300,32.0,2,True,1.0,1.0
300,32.0,2,True,1.0,1.0
300,32.0,2,True,1.0,1.0
300,32.0,2,True,1.0,1.0
300,32.0,2,True,1.0,1.0
300,32.0,2,True,1.0,1.0
300,32.0,2,True,1.0,1.0
300,32.0,2,True,1.0,1.0
300,32.0,2,True,1.0,1.0
300,32.0,2,True,1.0,1.0
300,32.0,2,True,1.0,1.0
300,32.0,2,True,1.0,1.0
300,32.0,2,True,1.0,1.0
300,32.0,2,True,1.0,1.0
300,32.0,2,True,1.0,1.0
300,32.0,2,True,1.0,1.0
300,32.0,2,True,1.0,1.0
300,32.0,2,True,1.0,1.0
300,32.0,2,True,1.0,1.0
300,32.0,2,True,1.0,1.0
300,32.0,2,True,1.0,1.0
300,32.0,2,True,1.0,1.0
300,32.0,2,True,1.0,1.0
300,32.0,2,True,1.0,1.0
300,32.0,2,True,1.0,1.0
300,32.0,2,True,1.0,1.0
300,32.0,2,True,1.0,1.0
300,32.0,2,True,1.0,1.0
300,32.0,2,True,1.0,1.0
300,32.0,2,True,1.0,1.0
300,32.0,2,True,1.0,1.0
300,32.0,2,True,1.0,1.0
300,32.0,2,True,1.0,1.0
300,32.0,2,True,1.0,1.0
300,32.0,2,True,1.0,1.0
300,32.0,2,True,1.0,1.0
300,32.0,2,True,1.0,1.0
300,32.0,2,True,1.0,1.0
300,32.0,2,True,1.0,1.0
300,32.0,2,True,1.0,1.0
300,32.0,2,True,1.0,1.0
300,32.0,2,True,1.0,1.0
300,32.0,2,True,1.0,1.0
300,32.0,2,True,1.0,1.0
300,32.0,2,True,1.0,1.0
300,32.0,2,True,1.0,1.0
300,32.0,2,True,1.0,1.0
300,32.0,2,True,1.0,1.0
300,32.0,2,True,1.0,1.0
300,32.0,2,True,1.0,1.0
300,32.0,2,True,1.0,1.0
300,32.0,2,True,1.0,1.0
300,32.0,2,True,1.0,1.0
300,32.0,2,True,1.0,1.0
300,32.0,2,True,1.0,1.0
300,32.0,2,True,1.0,1.0
300,32.0,2,True,1.0,1.0
300,32.0,2,True,1.0,1.0
300,32.0,2,True,1.0,1.0
300,32.0,2,True,1.0,1.0
300,32.0,2,True,1.0,1.0
300,32.0,2,True,1.0,1.0
300,32.0,2,True,1.0,1.0
300,32.0,2,True,1.0,1.0
300,32.0,2,True,1.0,1.0
300,32.0,2,True,1.0,1.0
300,32.0,2,True,1.0,1.0
300,32.0,2,True,1.0,1.0
300,32.0,2,True,1.0,1.0
300,32.0,2,True,1.0,1.0
300,32.0,2,True,1.0,1.0
300,32.0,2,True,1.0,1.0
300,32.0,2,True,1.0,1.0
300,32.0,2,True,1.0,1.0
300,32.0,2,True,1.0,1.0
300,32.0,2,True,1.0,1.0
300,32.0,2,True,1.0,1.0
300,32.0,2,True,1.0,1.0
300,32.0,2,True,1.0,1.0
300,32.0,2,True,1.0,1.0
300,32.0,2,True,1.0,1.0
300,32.0,2,True,1.0,1.0
300,32.0,2,True,1.0,1.0
300,32.0,2,True,1.0,1.0
300,32.0,2,True,1.0,1.0
300,32.0,2,True,1.0,1.0
300,32.0,2,True,1.0,1.0
300,32.0,2,True,1.0,1.0
300,32.0,2,True,1.0,1.0
300,32.0,2,True,1.0,1.0
300,32.0,2,True,1.0,1.0
300,32.0,2,True,1.0,1.0
300,32.0,2,True,1.0,1.0
300,32.0,2,True,1.0,1.0
300,32.0,2,True,1.0,1.0
300,32.0,2,True,1.0,1.0
300,32.0,2,True,1.0,1.0
300,32.0,2,True,1.0,1.0
300,32.0,2,True,1.0,1.0
300,32.0,2,True,1.0,1.0
300,32.0,2,True,1.0,1.0
300,32.0,2,True,1.0,1.0
300,32.0,2,True,1.0,1.0
300,32.0,2,True,1.0,1.0
300,32.0,2,True,1.0,1.0
300,32.0,2,True,1.0,1.0
300,32.0,2,True,1.0,1.0
300,32.0,2,True,1.0,1.0
300,32.0,2,True,1.0,1.0
300,32.0,2,True,1.0,1.0
300,32.0,2,True,1.0,1.0
300,32.0,2,True,1.0,1.0
300,32.0,2,True,1.0,1.0
300,32.0,2,True,1.0,1.0
300,32.0,2,True,1.0,1.0
300,32.0,2,True,1.0,1.0
300,32.0,2,True,1.0,1.0
300,32.0,2,True,1.0,1.0
300,32.0,2,True,1.0,1.0
300,32.0,2,True,1.0,1.0
300,32.0,2,True,1.0,1.0
300,32.0,2,True,1.0,1.0
300,32.0,2,True,1.0,1.0
300,32.0,2,True,1.0,1.0
300,32.0,2,True,1.0,1.0
300,32.0,2,True,1.0,1.0
300,32.0,2,True,1.0,1.0
300,32.0,2,True,1.0,1.0
300,32.0,2,True,1.0,1.0
300,32.0,2,True,1.0,1.0
300,32.0,2,True,1.0,1.0
300,32.0,2,True,1.0,1.0
300,32.0,2,True,1.0,1.0
300,32.0,2,True,1.0,1.0
300,32.0,2,True,1.0,1.0
300,32.0,2,True,1.0,1.0
300,32.0,2,True,1.0,1.0
300,32.0,2,True,1.0,1.0
300,32.0,2,True,1.0,1.0
300,32.0,2,True,1.0,1.0
300,32.0,2,True,1.0,1.0
300,32.0,2,True,1.0,1.0
300,32.0,2,True,1.0,1.0
300,32.0,2,True,1.0,1.0
300,32.0,2,True,1.0,1.0
300,32.0,2,True,1.0,1.0
300,32.0,2,True,1.0,1.0
300,32.0,2,True,1.0,1.0
300,32.0,2,True,1.0,1.0
300,32.0,2,True,1.0,1.0
300,32.0,2,True,1.0,1.0
300,32.0,2,True,1.0,1.0
300,32.0,2,True,1.0,1.0
300,32.0,2,True,1.0,1.0
300,32.0,2,True,1.0,1.0
300,32.0,2,True,1.0,1.0
300,32.0,2,True,1.0,1.0
300,32.0,2,True,1.0,1.0
300,32.0,2,True,1.0,1.0
300,32.0,2,True,1.0,1.0
300,32.0,2,True,1.0,1.0
300,32.0,2,True,1.0,1.0
300,32.0,2,True,1.0,1.0
300,32.0,2,True,1.0,1.0
300,32.0,2,True,1.0,1.0
300,32.0,2,True,1.0,1.0
300,32.0,2,True,1.0,1.0
300,32.0,2,True,1.0,1.0
300,32.0,2,True,1.0,1.0
300,32.0,2,True,1.0,1.0
300,32.0,2,True,1.0,1.0
300,32.0,2,True,1.0,1.0
300,32.0,2,True,1.0,1.0
300,32.0,2,True,1.0,1.0
300,32.0,2,True,1.0,1.0
300,32.0,2,True,1.0,1.0
300,32.0,2,True,1.0,1.0
300,32.0,2,True,1.0,1.0
300,32.0,2,True,1.0,1.0
300,32.0,2,True,1.0,1.0
300,32.0,2,True,1.0,1.0
300,32.0,2,True,1.0,1.0
300,32.0,2,True,1.0,1.0
300,32.0,2,True,1.0,1.0
300,32.0,2,True,1.0,1.0
300,32.0,2,True,1.0,1.0
300,32.0,2,True,1.0,1.0
300,32.0,2,True,1.0,1.0
300,32.0,2,True,1.0,1.0
300,32.0,2,True,1.0,1.0
300,32.0,2,True,1.0,1.0
300,32.0,2,True,1.0,1.0
300,32.0,2,True,1.0,1.0
300,32.0,2,True,1.0,1.0
300,32.0,2,True,1.0,1.0
300,32.0,2,True,1.0,1.0
300,32.0,2,True,1.0,1.0
300,32.0,2,True,1.0,1.0
300,32.0,2,True,1.0,1.0
300,32.0,2,True,1.0,1.0
300,32.0,2,True,1.0,1.0
300,32.0,2,True,1.0,1.0
300,32.0,2,True,1.0,1.0
300,32.0,2,True,1.0,1.0
300,32.0,2,True,1.0,1.0
300,32.0,2,True,1.0,1.0
300,32.0,2,True,1.0,1.0
300,32.0,2,True,1.0,1.0
300,32.0,2,True,1.0,1.0
300,32.0,2,True,1.0,1.0
300,32.0,2,True,1.0,1.0
300,32.0,2,True,1.0,1.0
300,32.0,2,True,1.0,1.0
300,32.0,2,True,1.0,1.0
300,32.0,2,True,1.0,1.0
300,32.0,2,True,1.0,1.0
300,32.0,2,True,1.0,1.0
300,32.0,2,True,1.0,1.0
300,32.0,2,True,1.0,1.0
300,32.0,2,True,1.0,1.0
300,32.0,2,True,1.0,1.0
300,32.0,2,True,1.0,1.0
300,32.0,2,True,1.0,1.0
300,32.0,2,True,1.0,1.0
300,32.0,2,True,1.0,1.0
300,32.0,2,True,1.0,1.0
300,32.0,2,True,1.0,1.0
300,32.0,2,True,1.0,1.0
300,32.0,2,True,1.0,1.0
300,32.0,2,True,1.0,1.0
300,32.0,2,True,1.0,1.0
300,32.0,2,True,1.0,1.0
300,32.0,2,True,1.0,1.0
300,32.0,2,True,1.0,1.0
300,32.0,2,True,1.0,1.0
300,32.0,2,True,1.0,1.0
300,32.0,2,True,1.0,1.0
300,32.0,2,True,1.0,1.0
300,33.0,2,True,1.0,1.0
300,33.0,2,True,1.0,1.0
300,33.0,2,True,1.0,1.0
300,33.0,2,True,1.0,1.0
300,33.0,2,True,1.0,1.0
300,33.0,2,True,1.0,1.0
300,33.0,2,True,1.0,1.0
300,33.0,2,True,1.0,1.0
300,33.0,2,True,1.0,1.0
300,33.0,2,True,1.0,1.0
300,33.0,2,True,1.0,1.0
300,33.0,2,True,1.0,1.0
300,33.0,2,True,1.0,1.0
300,33.0,2,True,1.0,1.0
300,33.0,2,True,1.0,1.0
300,33.0,2,True,1.0,1.0
300,33.0,2,True,1.0,1.0
300,33.0,2,True,1.0,1.0
300,33.0,2,True,1.0,1.0
300,33.0,2,True,1.0,1.0
300,33.0,2,True,1.0,1.0
300,33.0,2,True,1.0,1.0
300,33.0,2,True,1.0,1.0
300,33.0,2,True,1.0,1.0
300,33.0,2,True,1.0,1.0
300,33.0,2,True,1.0,1.0
300,33.0,2,True,1.0,1.0
300,33.0,2,True,1.0,1.0
300,33.0,2,True,1.0,1.0
300,33.0,2,True,1.0,1.0
300,33.0,2,True,1.0,1.0
300,33.0,2,True,1.0,1.0
300,33.0,2,True,1.0,1.0
300,33.0,2,True,1.0,1.0
300,33.0,2,True,1.0,1.0
300,33.0,2,True,1.0,1.0
300,33.0,2,True,1.0,1.0
300,33.0,2,True,1.0,1.0
300,33.0,2,True,1.0,1.0
300,33.0,2,True,1.0,1.0
300,33.0,2,True,1.0,1.0
300,33.0,2,True,1.0,1.0
300,33.0,2,True,1.0,1.0
300,33.0,2,True,1.0,1.0
300,33.0,2,True,1.0,1.0
300,33.0,2,True,1.0,1.0
300,33.0,2,True,1.0,1.0
300,33.0,2,True,1.0,1.0
300,33.0,2,True,1.0,1.0
300,33.0,2,True,1.0,1.0
300,33.0,2,True,1.0,1.0
300,33.0,2,True,1.0,1.0
300,33.0,2,True,1.0,1.0
300,33.0,2,True,1.0,1.0
300,33.0,2,True,1.0,1.0
300,33.0,2,True,1.0,1.0
300,33.0,2,True,1.0,1.0
300,33.0,2,True,1.0,1.0
300,33.0,2,True,1.0,1.0
300,33.0,2,True,1.0,1.0
300,33.0,2,True,1.0,1.0
300,33.0,2,True,1.0,1.0
300,33.0,2,True,1.0,1.0
300,33.0,2,True,1.0,1.0
300,33.0,2,True,1.0,1.0
300,33.0,2,True,1.0,1.0
300,33.0,2,True,1.0,1.0
300,33.0,2,True,1.0,1.0
300,33.0,2,True,1.0,1.0
300,33.0,2,True,1.0,1.0
300,33.0,2,True,1.0,1.0
300,33.0,2,True,1.0,1.0
300,33.0,2,True,1.0,1.0
300,33.0,2,True,1.0,1.0
300,33.0,2,True,1.0,1.0
300,33.0,2,True,1.0,1.0
300,33.0,2,True,1.0,1.0
300,33.0,2,True,1.0,1.0
300,33.0,2,True,1.0,1.0
300,33.0,2,True,1.0,1.0
300,33.0,2,True,1.0,1.0
300,33.0,2,True,1.0,1.0
300,33.0,2,True,1.0,1.0
300,33.0,2,True,1.0,1.0
300,33.0,2,True,1.0,1.0
300,33.0,2,True,1.0,1.0
300,33.0,2,True,1.0,1.0
300,33.0,2,True,1.0,1.0
300,33.0,2,True,1.0,1.0
300,33.0,2,True,1.0,1.0
300,33.0,2,True,1.0,1.0
300,33.0,2,True,1.0,1.0
300,33.0,2,True,1.0,1.0
300,33.0,2,True,1.0,1.0
300,33.0,2,True,1.0,1.0
300,33.0,2,True,1.0,1.0
300,33.0,2,True,1.0,1.0
300,33.0,2,True,1.0,1.0
300,33.0,2,True,1.0,1.0
300,33.0,2,True,1.0,1.0
300,33.0,2,True,1.0,1.0
300,33.0,2,True,1.0,1.0
300,33.0,2,True,1.0,1.0
300,33.0,2,True,1.0,1.0
300,33.0,2,True,1.0,1.0
300,33.0,2,True,1.0,1.0
300,33.0,2,True,1.0,1.0
300,33.0,2,True,1.0,1.0
300,33.0,2,True,1.0,1.0
300,33.0,2,True,1.0,1.0
300,33.0,2,True,1.0,1.0
300,33.0,2,True,1.0,1.0
300,33.0,2,True,1.0,1.0
300,33.0,2,True,1.0,1.0
300,33.0,2,True,1.0,1.0
300,33.0,2,True,1.0,1.0
300,33.0,2,True,1.0,1.0
300,33.0,2,True,1.0,1.0
300,33.0,2,True,1.0,1.0
300,33.0,2,True,1.0,1.0
300,33.0,2,True,1.0,1.0
300,33.0,2,True,1.0,1.0
300,33.0,2,True,1.0,1.0
300,33.0,2,True,1.0,1.0
300,33.0,2,True,1.0,1.0
300,33.0,2,True,1.0,1.0
300,33.0,2,True,1.0,1.0
300,33.0,2,True,1.0,1.0
300,33.0,2,True,1.0,1.0
300,33.0,2,True,1.0,1.0
300,33.0,2,True,1.0,1.0
300,33.0,2,True,1.0,1.0
300,33.0,2,True,1.0,1.0
300,33.0,2,True,1.0,1.0
300,33.0,2,True,1.0,1.0
300,33.0,2,True,1.0,1.0
300,33.0,2,True,1.0,1.0
300,33.0,2,True,1.0,1.0
300,33.0,2,True,1.0,1.0
300,33.0,2,True,1.0,1.0
300,33.0,2,True,1.0,1.0
300,33.0,2,True,1.0,1.0
300,33.0,2,True,1.0,1.0
300,33.0,2,True,1.0,1.0
300,33.0,2,True,1.0,1.0
300,33.0,2,True,1.0,1.0
300,33.0,2,True,1.0,1.0
300,33.0,2,True,1.0,1.0
300,33.0,2,True,1.0,1.0
300,33.0,2,True,1.0,1.0
300,33.0,2,True,1.0,1.0
300,33.0,2,True,1.0,1.0
300,33.0,2,True,1.0,1.0
300,33.0,2,True,1.0,1.0
300,33.0,2,True,1.0,1.0
300,33.0,2,True,1.0,1.0
300,33.0,2,True,1.0,1.0
300,33.0,2,True,1.0,1.0
300,33.0,2,True,1.0,1.0
300,33.0,2,True,1.0,1.0
300,33.0,2,True,1.0,1.0
300,33.0,2,True,1.0,1.0
300,33.0,2,True,1.0,1.0
300,33.0,2,True,1.0,1.0
300,33.0,2,True,1.0,1.0
300,33.0,2,True,1.0,1.0
300,33.0,2,True,1.0,1.0
300,33.0,2,True,1.0,1.0
300,33.0,2,True,1.0,1.0
300,33.0,2,True,1.0,1.0
300,33.0,2,True,1.0,1.0
300,33.0,2,True,1.0,1.0
300,33.0,2,True,1.0,1.0
300,33.0,2,True,1.0,1.0
300,33.0,2,True,1.0,1.0
300,33.0,2,True,1.0,1.0
300,33.0,2,True,1.0,1.0
300,33.0,2,True,1.0,1.0
300,33.0,2,True,1.0,1.0
300,33.0,2,True,1.0,1.0
300,33.0,2,True,1.0,1.0
300,33.0,2,True,1.0,1.0
300,33.0,2,True,1.0,1.0
300,33.0,2,True,1.0,1.0
300,33.0,2,True,1.0,1.0
300,33.0,2,True,1.0,1.0
300,33.0,2,True,1.0,1.0
300,33.0,2,True,1.0,1.0
300,33.0,2,True,1.0,1.0
300,33.0,2,True,1.0,1.0
300,33.0,2,True,1.0,1.0
300,33.0,2,True,1.0,1.0
300,33.0,2,True,1.0,1.0
300,33.0,2,True,1.0,1.0
300,33.0,2,True,1.0,1.0
300,33.0,2,True,1.0,1.0
300,33.0,2,True,1.0,1.0
300,33.0,2,True,1.0,1.0
300,33.0,2,True,1.0,1.0
300,33.0,2,True,1.0,1.0
300,33.0,2,True,1.0,1.0
300,33.0,2,True,1.0,1.0
300,33.0,2,True,1.0,1.0
300,33.0,2,True,1.0,1.0
300,33.0,2,True,1.0,1.0
300,33.0,2,True,1.0,1.0
300,33.0,2,True,1.0,1.0
300,33.0,2,True,1.0,1.0
300,33.0,2,True,1.0,1.0
300,33.0,2,True,1.0,1.0
300,33.0,2,True,1.0,1.0
300,33.0,2,True,1.0,1.0
300,33.0,2,True,1.0,1.0
300,33.0,2,True,1.0,1.0
300,33.0,2,True,1.0,1.0
300,33.0,2,True,1.0,1.0
300,33.0,2,True,1.0,1.0
300,33.0,2,True,1.0,1.0
300,33.0,2,True,1.0,1.0
300,33.0,2,True,1.0,1.0
300,33.0,2,True,1.0,1.0
300,33.0,2,True,1.0,1.0
300,33.0,2,True,1.0,1.0
300,33.0,2,True,1.0,1.0
300,33.0,2,True,1.0,1.0
300,33.0,2,True,1.0,1.0
300,33.0,2,True,1.0,1.0
300,33.0,2,True,1.0,1.0
300,33.0,2,True,1.0,1.0
300,33.0,2,True,1.0,1.0
300,33.0,2,True,1.0,1.0
300,33.0,2,True,1.0,1.0
300,33.0,2,True,1.0,1.0
300,33.0,2,True,1.0,1.0
300,33.0,2,True,1.0,1.0
300,33.0,2,True,1.0,1.0
300,33.0,2,True,1.0,1.0
300,33.0,2,True,1.0,1.0
300,33.0,2,True,1.0,1.0
300,33.0,2,True,1.0,1.0
300,33.0,2,True,1.0,1.0
300,33.0,2,True,1.0,1.0
300,33.0,2,True,1.0,1.0
300,33.0,2,True,1.0,1.0
300,33.0,2,True,1.0,1.0
300,33.0,2,True,1.0,1.0
300,33.0,2,True,1.0,1.0
300,33.0,2,True,1.0,1.0
300,33.0,2,True,1.0,1.0
300,33.0,2,True,1.0,1.0
300,33.0,2,True,1.0,1.0
300,33.0,2,True,1.0,1.0
300,33.0,2,True,1.0,1.0
300,33.0,2,True,1.0,1.0
300,33.0,2,True,1.0,1.0
300,33.0,2,True,1.0,1.0
300,33.0,2,True,1.0,1.0
300,33.0,2,True,1.0,1.0
300,33.0,2,True,1.0,1.0
300,33.0,2,True,1.0,1.0
300,33.0,2,True,1.0,1.0
300,33.0,2,True,1.0,1.0
300,33.0,2,True,1.0,1.0
300,33.0,2,True,1.0,1.0
300,33.0,2,True,1.0,1.0
300,33.0,2,True,1.0,1.0
300,33.0,2,True,1.0,1.0
300,33.0,2,True,1.0,1.0
300,33.0,2,True,1.0,1.0
300,33.0,2,True,1.0,1.0
300,33.0,2,True,1.0,1.0
300,33.0,2,True,1.0,1.0
300,33.0,2,True,1.0,1.0
300,33.0,2,True,1.0,1.0
300,33.0,2,True,1.0,1.0
300,33.0,2,True,1.0,1.0
300,33.0,2,True,1.0,1.0
300,33.0,2,True,1.0,1.0
300,33.0,2,True,1.0,1.0
300,33.0,2,True,1.0,1.0
300,33.0,2,True,1.0,1.0
300,33.0,2,True,1.0,1.0
300,33.0,2,True,1.0,1.0
300,33.0,2,True,1.0,1.0
300,33.0,2,True,1.0,1.0
300,33.0,2,True,1.0,1.0
300,33.0,2,True,1.0,1.0
300,33.0,2,True,1.0,1.0
300,33.0,2,True,1.0,1.0
300,33.0,2,True,1.0,1.0
300,33.0,2,True,1.0,1.0
300,33.0,2,True,1.0,1.0
300,33.0,2,True,1.0,1.0
300,33.0,2,True,1.0,1.0
300,33.0,2,True,1.0,1.0
300,33.0,2,True,1.0,1.0
300,33.0,2,True,1.0,1.0
300,33.0,2,True,1.0,1.0
300,33.0,2,True,1.0,1.0
300,33.0,2,True,1.0,1.0
300,34.0,2,True,1.0,1.0
300,34.0,2,True,1.0,1.0
300,34.0,2,True,1.0,1.0
300,34.0,2,True,1.0,1.0
300,34.0,2,True,1.0,1.0
300,34.0,2,True,1.0,1.0
300,34.0,2,True,1.0,1.0
300,34.0,2,True,1.0,1.0
300,34.0,2,True,1.0,1.0
300,34.0,2,True,1.0,1.0
300,34.0,2,True,1.0,1.0
300,34.0,2,True,1.0,1.0
300,34.0,2,True,1.0,1.0
300,34.0,2,True,1.0,1.0
300,34.0,2,True,1.0,1.0
300,34.0,2,True,1.0,1.0
300,34.0,2,True,1.0,1.0
300,34.0,2,True,1.0,1.0
300,34.0,2,True,1.0,1.0
300,34.0,2,True,1.0,1.0
300,34.0,2,True,1.0,1.0
300,34.0,2,True,1.0,1.0
300,34.0,2,True,1.0,1.0
300,34.0,2,True,1.0,1.0
300,34.0,2,True,1.0,1.0
300,34.0,2,True,1.0,1.0
300,34.0,2,True,1.0,1.0
300,34.0,2,True,1.0,1.0
300,34.0,2,True,1.0,1.0
300,34.0,2,True,1.0,1.0
300,34.0,2,True,1.0,1.0
300,34.0,2,True,1.0,1.0
300,34.0,2,True,1.0,1.0
300,34.0,2,True,1.0,1.0
300,34.0,2,True,1.0,1.0
300,34.0,2,True,1.0,1.0
300,34.0,2,True,1.0,1.0
300,34.0,2,True,1.0,1.0
300,34.0,2,True,1.0,1.0
300,34.0,2,True,1.0,1.0
300,34.0,2,True,1.0,1.0
300,34.0,2,True,1.0,1.0
300,34.0,2,True,1.0,1.0
300,34.0,2,True,1.0,1.0
300,34.0,2,True,1.0,1.0
300,34.0,2,True,1.0,1.0
300,34.0,2,True,1.0,1.0
300,34.0,2,True,1.0,1.0
300,34.0,2,True,1.0,1.0
300,34.0,2,True,1.0,1.0
300,34.0,2,True,1.0,1.0
300,34.0,2,True,1.0,1.0
300,34.0,2,True,1.0,1.0
300,34.0,2,True,1.0,1.0
300,34.0,2,True,1.0,1.0
300,34.0,2,True,1.0,1.0
300,34.0,2,True,1.0,1.0
300,34.0,2,True,1.0,1.0
300,34.0,2,True,1.0,1.0
300,34.0,2,True,1.0,1.0
300,34.0,2,True,1.0,1.0
300,34.0,2,True,1.0,1.0
300,34.0,2,True,1.0,1.0
300,34.0,2,True,1.0,1.0
300,34.0,2,True,1.0,1.0
300,34.0,2,True,1.0,1.0
300,34.0,2,True,1.0,1.0
300,34.0,2,True,1.0,1.0
300,34.0,2,True,1.0,1.0
300,34.0,2,True,1.0,1.0
300,34.0,2,True,1.0,1.0
300,34.0,2,True,1.0,1.0
300,34.0,2,True,1.0,1.0
300,34.0,2,True,1.0,1.0
300,34.0,2,True,1.0,1.0
300,34.0,2,True,1.0,1.0
300,34.0,2,True,1.0,1.0
300,34.0,2,True,1.0,1.0
300,34.0,2,True,1.0,1.0
300,34.0,2,True,1.0,1.0
300,34.0,2,True,1.0,1.0
300,34.0,2,True,1.0,1.0
300,34.0,2,True,1.0,1.0
300,34.0,2,True,1.0,1.0
300,34.0,2,True,1.0,1.0
300,34.0,2,True,1.0,1.0
300,34.0,2,True,1.0,1.0
300,34.0,2,True,1.0,1.0
300,34.0,2,True,1.0,1.0
300,34.0,2,True,1.0,1.0
300,34.0,2,True,1.0,1.0
300,34.0,2,True,1.0,1.0
300,34.0,2,True,1.0,1.0
300,34.0,2,True,1.0,1.0
300,34.0,2,True,1.0,1.0
300,34.0,2,True,1.0,1.0
300,34.0,2,True,1.0,1.0
300,34.0,2,True,1.0,1.0
300,34.0,2,True,1.0,1.0
300,34.0,2,True,1.0,1.0
300,34.0,2,True,1.0,1.0
300,34.0,2,True,1.0,1.0
300,34.0,2,True,1.0,1.0
300,34.0,2,True,1.0,1.0
300,34.0,2,True,1.0,1.0
300,34.0,2,True,1.0,1.0
300,34.0,2,True,1.0,1.0
300,34.0,2,True,1.0,1.0
300,34.0,2,True,1.0,1.0
300,34.0,2,True,1.0,1.0
300,34.0,2,True,1.0,1.0
300,34.0,2,True,1.0,1.0
300,34.0,2,True,1.0,1.0
300,34.0,2,True,1.0,1.0
300,34.0,2,True,1.0,1.0
300,34.0,2,True,1.0,1.0
300,34.0,2,True,1.0,1.0
300,34.0,2,True,1.0,1.0
300,34.0,2,True,1.0,1.0
300,34.0,2,True,1.0,1.0
300,34.0,2,True,1.0,1.0
300,34.0,2,True,1.0,1.0
300,34.0,2,True,1.0,1.0
300,34.0,2,True,1.0,1.0
300,34.0,2,True,1.0,1.0
300,34.0,2,True,1.0,1.0
300,34.0,2,True,1.0,1.0
300,34.0,2,True,1.0,1.0
300,34.0,2,True,1.0,1.0
300,34.0,2,True,1.0,1.0
300,34.0,2,True,1.0,1.0
300,34.0,2,True,1.0,1.0
300,34.0,2,True,1.0,1.0
300,34.0,2,True,1.0,1.0
300,34.0,2,True,1.0,1.0
300,34.0,2,True,1.0,1.0
300,34.0,2,True,1.0,1.0
300,34.0,2,True,1.0,1.0
300,34.0,2,True,1.0,1.0
300,34.0,2,True,1.0,1.0
300,34.0,2,True,1.0,1.0
300,34.0,2,True,1.0,1.0
300,34.0,2,True,1.0,1.0
300,34.0,2,True,1.0,1.0
300,34.0,2,True,1.0,1.0
300,34.0,2,True,1.0,1.0
300,34.0,2,True,1.0,1.0
300,34.0,2,True,1.0,1.0
300,34.0,2,True,1.0,1.0
300,34.0,2,True,1.0,1.0
300,34.0,2,True,1.0,1.0
300,34.0,2,True,1.0,1.0
300,34.0,2,True,1.0,1.0
300,34.0,2,True,1.0,1.0
300,34.0,2,True,1.0,1.0
300,34.0,2,True,1.0,1.0
300,34.0,2,True,1.0,1.0
300,34.0,2,True,1.0,1.0
300,34.0,2,True,1.0,1.0
300,34.0,2,True,1.0,1.0
300,34.0,2,True,1.0,1.0
300,34.0,2,True,1.0,1.0
300,34.0,2,True,1.0,1.0
300,34.0,2,True,1.0,1.0
300,34.0,2,True,1.0,1.0
300,34.0,2,True,1.0,1.0
300,34.0,2,True,1.0,1.0
300,34.0,2,True,1.0,1.0
300,34.0,2,True,1.0,1.0
300,34.0,2,True,1.0,1.0
300,34.0,2,True,1.0,1.0
300,34.0,2,True,1.0,1.0
300,34.0,2,True,1.0,1.0
300,34.0,2,True,1.0,1.0
300,34.0,2,True,1.0,1.0
300,34.0,2,True,1.0,1.0
300,34.0,2,True,1.0,1.0
300,34.0,2,True,1.0,1.0
300,34.0,2,True,1.0,1.0
300,34.0,2,True,1.0,1.0
300,34.0,2,True,1.0,1.0
300,34.0,2,True,1.0,1.0
300,34.0,2,True,1.0,1.0
300,34.0,2,True,1.0,1.0
300,34.0,2,True,1.0,1.0
300,34.0,2,True,1.0,1.0
300,34.0,2,True,1.0,1.0
300,34.0,2,True,1.0,1.0
300,34.0,2,True,1.0,1.0
300,34.0,2,True,1.0,1.0
300,34.0,2,True,1.0,1.0
300,34.0,2,True,1.0,1.0
300,34.0,2,True,1.0,1.0
300,34.0,2,True,1.0,1.0
300,34.0,2,True,1.0,1.0
300,34.0,2,True,1.0,1.0
300,34.0,2,True,1.0,1.0
300,34.0,2,True,1.0,1.0
300,34.0,2,True,1.0,1.0
300,34.0,2,True,1.0,1.0
300,34.0,2,True,1.0,1.0
300,34.0,2,True,1.0,1.0
300,34.0,2,True,1.0,1.0
300,34.0,2,True,1.0,1.0
300,34.0,2,True,1.0,1.0
300,34.0,2,True,1.0,1.0
300,34.0,2,True,1.0,1.0
300,34.0,2,True,1.0,1.0
300,34.0,2,True,1.0,1.0
300,34.0,2,True,1.0,1.0
300,34.0,2,True,1.0,1.0
300,34.0,2,True,1.0,1.0
300,34.0,2,True,1.0,1.0
300,34.0,2,True,1.0,1.0
300,34.0,2,True,1.0,1.0
300,34.0,2,True,1.0,1.0
300,34.0,2,True,1.0,1.0
300,34.0,2,True,1.0,1.0
300,34.0,2,True,1.0,1.0
300,34.0,2,True,1.0,1.0
300,34.0,2,True,1.0,1.0
300,34.0,2,True,1.0,1.0
300,34.0,2,True,1.0,1.0
300,34.0,2,True,1.0,1.0
300,34.0,2,True,1.0,1.0
300,34.0,2,True,1.0,1.0
300,34.0,2,True,1.0,1.0
300,34.0,2,True,1.0,1.0
300,34.0,2,True,1.0,1.0
300,34.0,2,True,1.0,1.0
300,34.0,2,True,1.0,1.0
300,34.0,2,True,1.0,1.0
300,34.0,2,True,1.0,1.0
300,34.0,2,True,1.0,1.0
300,34.0,2,True,1.0,1.0
300,34.0,2,True,1.0,1.0
300,34.0,2,True,1.0,1.0
300,34.0,2,True,1.0,1.0
300,34.0,2,True,1.0,1.0
300,34.0,2,True,1.0,1.0
300,34.0,2,True,1.0,1.0
300,34.0,2,True,1.0,1.0
300,34.0,2,True,1.0,1.0
300,34.0,2,True,1.0,1.0
300,34.0,2,True,1.0,1.0
300,34.0,2,True,1.0,1.0
300,34.0,2,True,1.0,1.0
300,34.0,2,True,1.0,1.0
300,34.0,2,True,1.0,1.0
300,34.0,2,True,1.0,1.0
300,34.0,2,True,1.0,1.0
300,34.0,2,True,1.0,1.0
300,34.0,2,True,1.0,1.0
300,34.0,2,True,1.0,1.0
300,34.0,2,True,1.0,1.0
300,34.0,2,True,1.0,1.0
300,34.0,2,True,1.0,1.0
300,34.0,2,True,1.0,1.0
300,34.0,2,True,1.0,1.0
300,34.0,2,True,1.0,1.0
300,34.0,2,True,1.0,1.0
300,34.0,2,True,1.0,1.0
300,34.0,2,True,1.0,1.0
300,34.0,2,True,1.0,1.0
300,34.0,2,True,1.0,1.0
300,34.0,2,True,1.0,1.0
300,34.0,2,True,1.0,1.0
300,34.0,2,True,1.0,1.0
300,34.0,2,True,1.0,1.0
300,34.0,2,True,1.0,1.0
300,34.0,2,True,1.0,1.0
300,34.0,2,True,1.0,1.0
300,34.0,2,True,1.0,1.0
300,34.0,2,True,1.0,1.0
300,34.0,2,True,1.0,1.0
300,34.0,2,True,1.0,1.0
300,34.0,2,True,1.0,1.0
300,34.0,2,True,1.0,1.0
300,34.0,2,True,1.0,1.0
300,34.0,2,True,1.0,1.0
300,34.0,2,True,1.0,1.0
300,34.0,2,True,1.0,1.0
300,34.0,2,True,1.0,1.0
300,34.0,2,True,1.0,1.0
300,34.0,2,True,1.0,1.0
300,34.0,2,True,1.0,1.0
300,34.0,2,True,1.0,1.0
300,34.0,2,True,1.0,1.0
300,34.0,2,True,1.0,1.0
300,34.0,2,True,1.0,1.0
300,34.0,2,True,1.0,1.0
300,34.0,2,True,1.0,1.0
300,34.0,2,True,1.0,1.0
300,34.0,2,True,1.0,1.0
300,34.0,2,True,1.0,1.0
300,34.0,2,True,1.0,1.0
300,34.0,2,True,1.0,1.0
300,34.0,2,True,1.0,1.0
300,34.0,2,True,1.0,1.0
300,34.0,2,True,1.0,1.0
300,35.0,2,True,1.0,1.0
300,35.0,2,True,1.0,1.0
300,35.0,2,True,1.0,1.0
300,35.0,2,True,1.0,1.0
300,35.0,2,True,1.0,1.0
300,35.0,2,True,1.0,1.0
300,35.0,2,True,1.0,1.0
300,35.0,2,True,1.0,1.0
300,35.0,2,True,1.0,1.0
300,35.0,2,True,1.0,1.0
300,35.0,2,True,1.0,1.0
300,35.0,2,True,1.0,1.0
300,35.0,2,True,1.0,1.0
300,35.0,2,True,1.0,1.0
300,35.0,2,True,1.0,1.0
300,35.0,2,True,1.0,1.0
300,35.0,2,True,1.0,1.0
300,35.0,2,True,1.0,1.0
300,35.0,2,True,1.0,1.0
300,35.0,2,True,1.0,1.0
300,35.0,2,True,1.0,1.0
300,35.0,2,True,1.0,1.0
300,35.0,2,True,1.0,1.0
300,35.0,2,True,1.0,1.0
300,35.0,2,True,1.0,1.0
300,35.0,2,True,1.0,1.0
300,35.0,2,True,1.0,1.0
300,35.0,2,True,1.0,1.0
300,35.0,2,True,1.0,1.0
300,35.0,2,True,1.0,1.0
300,35.0,2,True,1.0,1.0
300,35.0,2,True,1.0,1.0
300,35.0,2,True,1.0,1.0
300,35.0,2,True,1.0,1.0
300,35.0,2,True,1.0,1.0
300,35.0,2,True,1.0,1.0
300,35.0,2,True,1.0,1.0
300,35.0,2,True,1.0,1.0
300,35.0,2,True,1.0,1.0
300,35.0,2,True,1.0,1.0
300,35.0,2,True,1.0,1.0
300,35.0,2,True,1.0,1.0
300,35.0,2,True,1.0,1.0
300,35.0,2,True,1.0,1.0
300,35.0,2,True,1.0,1.0
300,35.0,2,True,1.0,1.0
300,35.0,2,True,1.0,1.0
300,35.0,2,True,1.0,1.0
300,35.0,2,True,1.0,1.0
300,35.0,2,True,1.0,1.0
300,35.0,2,True,1.0,1.0
300,35.0,2,True,1.0,1.0
300,35.0,2,True,1.0,1.0
300,35.0,2,True,1.0,1.0
300,35.0,2,True,1.0,1.0
300,35.0,2,True,1.0,1.0
300,35.0,2,True,1.0,1.0
300,35.0,2,True,1.0,1.0
300,35.0,2,True,1.0,1.0
300,35.0,2,True,1.0,1.0
300,35.0,2,True,1.0,1.0
300,35.0,2,True,1.0,1.0
300,35.0,2,True,1.0,1.0
300,35.0,2,True,1.0,1.0
300,35.0,2,True,1.0,1.0
300,35.0,2,True,1.0,1.0
300,35.0,2,True,1.0,1.0
300,35.0,2,True,1.0,1.0
300,35.0,2,True,1.0,1.0
300,35.0,2,True,1.0,1.0
300,35.0,2,True,1.0,1.0
300,35.0,2,True,1.0,1.0
300,35.0,2,True,1.0,1.0
300,35.0,2,True,1.0,1.0
300,35.0,2,True,1.0,1.0
300,35.0,2,True,1.0,1.0
300,35.0,2,True,1.0,1.0
300,35.0,2,True,1.0,1.0
300,35.0,2,True,1.0,1.0
300,35.0,2,True,1.0,1.0
300,35.0,2,True,1.0,1.0
300,35.0,2,True,1.0,1.0
300,35.0,2,True,1.0,1.0
300,35.0,2,True,1.0,1.0
300,35.0,2,True,1.0,1.0
300,35.0,2,True,1.0,1.0
300,35.0,2,True,1.0,1.0
300,35.0,2,True,1.0,1.0
300,35.0,2,True,1.0,1.0
300,35.0,2,True,1.0,1.0
300,35.0,2,True,1.0,1.0
300,35.0,2,True,1.0,1.0
300,35.0,2,True,1.0,1.0
300,35.0,2,True,1.0,1.0
300,35.0,2,True,1.0,1.0
300,35.0,2,True,1.0,1.0
300,35.0,2,True,1.0,1.0
300,35.0,2,True,1.0,1.0
300,35.0,2,True,1.0,1.0
300,35.0,2,True,1.0,1.0
300,35.0,2,True,1.0,1.0
300,35.0,2,True,1.0,1.0
300,35.0,2,True,1.0,1.0
300,35.0,2,True,1.0,1.0
300,35.0,2,True,1.0,1.0
300,35.0,2,True,1.0,1.0
300,35.0,2,True,1.0,1.0
300,35.0,2,True,1.0,1.0
300,35.0,2,True,1.0,1.0
300,35.0,2,True,1.0,1.0
300,35.0,2,True,1.0,1.0
300,35.0,2,True,1.0,1.0
300,35.0,2,True,1.0,1.0
300,35.0,2,True,1.0,1.0
300,35.0,2,True,1.0,1.0
300,35.0,2,True,1.0,1.0
300,35.0,2,True,1.0,1.0
300,35.0,2,True,1.0,1.0
300,35.0,2,True,1.0,1.0
300,35.0,2,True,1.0,1.0
300,35.0,2,True,1.0,1.0
300,35.0,2,True,1.0,1.0
300,35.0,2,True,1.0,1.0
300,35.0,2,True,1.0,1.0
300,35.0,2,True,1.0,1.0
300,35.0,2,True,1.0,1.0
300,35.0,2,True,1.0,1.0
300,35.0,2,True,1.0,1.0
300,35.0,2,True,1.0,1.0
300,35.0,2,True,1.0,1.0
300,35.0,2,True,1.0,1.0
300,35.0,2,True,1.0,1.0
300,35.0,2,True,1.0,1.0
300,35.0,2,True,1.0,1.0
300,35.0,2,True,1.0,1.0
300,35.0,2,True,1.0,1.0
300,35.0,2,True,1.0,1.0
300,35.0,2,True,1.0,1.0
300,35.0,2,True,1.0,1.0
300,35.0,2,True,1.0,1.0
300,35.0,2,True,1.0,1.0
300,35.0,2,True,1.0,1.0
300,35.0,2,True,1.0,1.0
300,35.0,2,True,1.0,1.0
300,35.0,2,True,1.0,1.0
300,35.0,2,True,1.0,1.0
300,35.0,2,True,1.0,1.0
300,35.0,2,True,1.0,1.0
300,35.0,2,True,1.0,1.0
300,35.0,2,True,1.0,1.0
300,35.0,2,True,1.0,1.0
300,35.0,2,True,1.0,1.0
300,35.0,2,True,1.0,1.0
300,35.0,2,True,1.0,1.0
300,35.0,2,True,1.0,1.0
300,35.0,2,True,1.0,1.0
300,35.0,2,True,1.0,1.0
300,35.0,2,True,1.0,1.0
300,35.0,2,True,1.0,1.0
300,35.0,2,True,1.0,1.0
300,35.0,2,True,1.0,1.0
300,35.0,2,True,1.0,1.0
300,35.0,2,True,1.0,1.0
300,35.0,2,True,1.0,1.0
300,35.0,2,True,1.0,1.0
300,35.0,2,True,1.0,1.0
300,35.0,2,True,1.0,1.0
300,35.0,2,True,1.0,1.0
300,35.0,2,True,1.0,1.0
300,35.0,2,True,1.0,1.0
300,35.0,2,True,1.0,1.0
300,35.0,2,True,1.0,1.0
300,35.0,2,True,1.0,1.0
300,35.0,2,True,1.0,1.0
300,35.0,2,True,1.0,1.0
300,35.0,2,True,1.0,1.0
300,35.0,2,True,1.0,1.0
300,35.0,2,True,1.0,1.0
300,35.0,2,True,1.0,1.0
300,35.0,2,True,1.0,1.0
300,35.0,2,True,1.0,1.0
300,35.0,2,True,1.0,1.0
300,35.0,2,True,1.0,1.0
300,35.0,2,True,1.0,1.0
300,35.0,2,True,1.0,1.0
300,35.0,2,True,1.0,1.0
300,35.0,2,True,1.0,1.0
300,35.0,2,True,1.0,1.0
300,35.0,2,True,1.0,1.0
300,35.0,2,True,1.0,1.0
300,35.0,2,True,1.0,1.0
300,35.0,2,True,1.0,1.0
300,35.0,2,True,1.0,1.0
300,35.0,2,True,1.0,1.0
300,35.0,2,True,1.0,1.0
300,35.0,2,True,1.0,1.0
300,35.0,2,True,1.0,1.0
300,35.0,2,True,1.0,1.0
300,35.0,2,True,1.0,1.0
300,35.0,2,True,1.0,1.0
300,35.0,2,True,1.0,1.0
300,35.0,2,True,1.0,1.0
300,35.0,2,True,1.0,1.0
300,35.0,2,True,1.0,1.0
300,35.0,2,True,1.0,1.0
300,35.0,2,True,1.0,1.0
300,35.0,2,True,1.0,1.0
300,35.0,2,True,1.0,1.0
300,35.0,2,True,1.0,1.0
300,35.0,2,True,1.0,1.0
300,35.0,2,True,1.0,1.0
300,35.0,2,True,1.0,1.0
300,35.0,2,True,1.0,1.0
300,35.0,2,True,1.0,1.0
300,35.0,2,True,1.0,1.0
300,35.0,2,True,1.0,1.0
300,35.0,2,True,1.0,1.0
300,35.0,2,True,1.0,1.0
300,35.0,2,True,1.0,1.0
300,35.0,2,True,1.0,1.0
300,35.0,2,True,1.0,1.0
300,35.0,2,True,1.0,1.0
300,35.0,2,True,1.0,1.0
300,35.0,2,True,1.0,1.0
300,35.0,2,True,1.0,1.0
300,35.0,2,True,1.0,1.0
300,35.0,2,True,1.0,1.0
300,35.0,2,True,1.0,1.0
300,35.0,2,True,1.0,1.0
300,35.0,2,True,1.0,1.0
300,35.0,2,True,1.0,1.0
300,35.0,2,True,1.0,1.0
300,35.0,2,True,1.0,1.0
300,35.0,2,True,1.0,1.0
300,35.0,2,True,1.0,1.0
300,35.0,2,True,1.0,1.0
300,35.0,2,True,1.0,1.0
300,35.0,2,True,1.0,1.0
300,35.0,2,True,1.0,1.0
300,35.0,2,True,1.0,1.0
300,35.0,2,True,1.0,1.0
300,35.0,2,True,1.0,1.0
300,35.0,2,True,1.0,1.0
300,35.0,2,True,1.0,1.0
300,35.0,2,True,1.0,1.0
300,35.0,2,True,1.0,1.0
300,35.0,2,True,1.0,1.0
300,35.0,2,True,1.0,1.0
300,35.0,2,True,1.0,1.0
300,35.0,2,True,1.0,1.0
300,35.0,2,True,1.0,1.0
300,35.0,2,True,1.0,1.0
300,35.0,2,True,1.0,1.0
300,35.0,2,True,1.0,1.0
300,35.0,2,True,1.0,1.0
300,35.0,2,True,1.0,1.0
300,35.0,2,True,1.0,1.0
300,35.0,2,True,1.0,1.0
300,35.0,2,True,1.0,1.0
300,35.0,2,True,1.0,1.0
300,35.0,2,True,1.0,1.0
300,35.0,2,True,1.0,1.0
300,35.0,2,True,1.0,1.0
300,35.0,2,True,1.0,1.0
300,35.0,2,True,1.0,1.0
300,35.0,2,True,1.0,1.0
300,35.0,2,True,1.0,1.0
300,35.0,2,True,1.0,1.0
300,35.0,2,True,1.0,1.0
300,35.0,2,True,1.0,1.0
300,35.0,2,True,1.0,1.0
300,35.0,2,True,1.0,1.0
300,35.0,2,True,1.0,1.0
300,35.0,2,True,1.0,1.0
300,35.0,2,True,1.0,1.0
300,35.0,2,True,1.0,1.0
300,35.0,2,True,1.0,1.0
300,35.0,2,True,1.0,1.0
300,35.0,2,True,1.0,1.0
300,35.0,2,True,1.0,1.0
300,35.0,2,True,1.0,1.0
300,35.0,2,True,1.0,1.0
300,35.0,2,True,1.0,1.0
300,35.0,2,True,1.0,1.0
300,35.0,2,True,1.0,1.0
300,35.0,2,True,1.0,1.0
300,35.0,2,True,1.0,1.0
300,35.0,2,True,1.0,1.0
300,35.0,2,True,1.0,1.0
300,35.0,2,True,1.0,1.0
300,35.0,2,True,1.0,1.0
300,35.0,2,True,1.0,1.0
300,35.0,2,True,1.0,1.0
300,35.0,2,True,1.0,1.0
300,35.0,2,True,1.0,1.0
300,35.0,2,True,1.0,1.0
300,35.0,2,True,1.0,1.0
300,35.0,2,True,1.0,1.0
300,35.0,2,True,1.0,1.0
300,35.0,2,True,1.0,1.0
300,36.0,2,True,1.0,1.0
300,36.0,2,True,1.0,1.0
300,36.0,2,True,1.0,1.0
300,36.0,2,True,1.0,1.0
300,36.0,2,True,1.0,1.0
300,36.0,2,True,1.0,1.0
300,36.0,2,True,1.0,1.0
300,36.0,2,True,1.0,1.0
300,36.0,2,True,1.0,1.0
300,36.0,2,True,1.0,1.0
300,36.0,2,True,1.0,1.0
300,36.0,2,True,1.0,1.0
300,36.0,2,True,1.0,1.0
300,36.0,2,True,1.0,1.0
300,36.0,2,True,1.0,1.0
300,36.0,2,True,1.0,1.0
300,36.0,2,True,1.0,1.0
300,36.0,2,True,1.0,1.0
300,36.0,2,True,1.0,1.0
300,36.0,2,True,1.0,1.0
300,36.0,2,True,1.0,1.0
300,36.0,2,True,1.0,1.0
300,36.0,2,True,1.0,1.0
300,36.0,2,True,1.0,1.0
300,36.0,2,True,1.0,1.0
300,36.0,2,True,1.0,1.0
300,36.0,2,True,1.0,1.0
300,36.0,2,True,1.0,1.0
300,36.0,2,True,1.0,1.0
300,36.0,2,True,1.0,1.0
300,36.0,2,True,1.0,1.0
300,36.0,2,True,1.0,1.0
300,36.0,2,True,1.0,1.0
300,36.0,2,True,1.0,1.0
300,36.0,2,True,1.0,1.0
300,36.0,2,True,1.0,1.0
300,36.0,2,True,1.0,1.0
300,36.0,2,True,1.0,1.0
300,36.0,2,True,1.0,1.0
300,36.0,2,True,1.0,1.0
300,36.0,2,True,1.0,1.0
300,36.0,2,True,1.0,1.0
300,36.0,2,True,1.0,1.0
300,36.0,2,True,1.0,1.0
300,36.0,2,True,1.0,1.0
300,36.0,2,True,1.0,1.0
300,36.0,2,True,1.0,1.0
300,36.0,2,True,1.0,1.0
300,36.0,2,True,1.0,1.0
300,36.0,2,True,1.0,1.0
300,36.0,2,True,1.0,1.0
300,36.0,2,True,1.0,1.0
300,36.0,2,True,1.0,1.0
300,36.0,2,True,1.0,1.0
300,36.0,2,True,1.0,1.0
300,36.0,2,True,1.0,1.0
300,36.0,2,True,1.0,1.0
300,36.0,2,True,1.0,1.0
300,36.0,2,True,1.0,1.0
300,36.0,2,True,1.0,1.0
300,36.0,2,True,1.0,1.0
300,36.0,2,True,1.0,1.0
300,36.0,2,True,1.0,1.0
300,36.0,2,True,1.0,1.0
300,36.0,2,True,1.0,1.0
300,36.0,2,True,1.0,1.0
300,36.0,2,True,1.0,1.0
300,36.0,2,True,1.0,1.0
300,36.0,2,True,1.0,1.0
300,36.0,2,True,1.0,1.0
300,36.0,2,True,1.0,1.0
300,36.0,2,True,1.0,1.0
300,36.0,2,True,1.0,1.0
300,36.0,2,True,1.0,1.0
300,36.0,2,True,1.0,1.0
300,36.0,2,True,1.0,1.0
300,36.0,2,True,1.0,1.0
300,36.0,2,True,1.0,1.0
300,36.0,2,True,1.0,1.0
300,36.0,2,True,1.0,1.0
300,36.0,2,True,1.0,1.0
300,36.0,2,True,1.0,1.0
300,36.0,2,True,1.0,1.0
300,36.0,2,True,1.0,1.0
300,36.0,2,True,1.0,1.0
300,36.0,2,True,1.0,1.0
300,36.0,2,True,1.0,1.0
300,36.0,2,True,1.0,1.0
300,36.0,2,True,1.0,1.0
300,36.0,2,True,1.0,1.0
300,36.0,2,True,1.0,1.0
300,36.0,2,True,1.0,1.0
300,36.0,2,True,1.0,1.0
300,36.0,2,True,1.0,1.0
300,36.0,2,True,1.0,1.0
300,36.0,2,True,1.0,1.0
300,36.0,2,True,1.0,1.0
300,36.0,2,True,1.0,1.0
300,36.0,2,True,1.0,1.0
300,36.0,2,True,1.0,1.0
300,36.0,2,True,1.0,1.0
300,36.0,2,True,1.0,1.0
300,36.0,2,True,1.0,1.0
300,36.0,2,True,1.0,1.0
300,36.0,2,True,1.0,1.0
300,36.0,2,True,1.0,1.0
300,36.0,2,True,1.0,1.0
300,36.0,2,True,1.0,1.0
300,36.0,2,True,1.0,1.0
300,36.0,2,True,1.0,1.0
300,36.0,2,True,1.0,1.0
300,36.0,2,True,1.0,1.0
300,36.0,2,True,1.0,1.0
300,36.0,2,True,1.0,1.0
300,36.0,2,True,1.0,1.0
300,36.0,2,True,1.0,1.0
300,36.0,2,True,1.0,1.0
300,36.0,2,True,1.0,1.0
300,36.0,2,True,1.0,1.0
300,36.0,2,True,1.0,1.0
300,36.0,2,True,1.0,1.0
300,36.0,2,True,1.0,1.0
300,36.0,2,True,1.0,1.0
300,36.0,2,True,1.0,1.0
300,36.0,2,True,1.0,1.0
300,36.0,2,True,1.0,1.0
300,36.0,2,True,1.0,1.0
300,36.0,2,True,1.0,1.0
300,36.0,2,True,1.0,1.0
300,36.0,2,True,1.0,1.0
300,36.0,2,True,1.0,1.0
300,36.0,2,True,1.0,1.0
300,36.0,2,True,1.0,1.0
300,36.0,2,True,1.0,1.0
300,36.0,2,True,1.0,1.0
300,36.0,2,True,1.0,1.0
300,36.0,2,True,1.0,1.0
300,36.0,2,True,1.0,1.0
300,36.0,2,True,1.0,1.0
300,36.0,2,True,1.0,1.0
300,36.0,2,True,1.0,1.0
300,36.0,2,True,1.0,1.0
300,36.0,2,True,1.0,1.0
300,36.0,2,True,1.0,1.0
300,36.0,2,True,1.0,1.0
300,36.0,2,True,1.0,1.0
300,36.0,2,True,1.0,1.0
300,36.0,2,True,1.0,1.0
300,36.0,2,True,1.0,1.0
300,36.0,2,True,1.0,1.0
300,36.0,2,True,1.0,1.0
300,36.0,2,True,1.0,1.0
300,36.0,2,True,1.0,1.0
300,36.0,2,True,1.0,1.0
300,36.0,2,True,1.0,1.0
300,36.0,2,True,1.0,1.0
300,36.0,2,True,1.0,1.0
300,36.0,2,True,1.0,1.0
300,36.0,2,True,1.0,1.0
300,36.0,2,True,1.0,1.0
300,36.0,2,True,1.0,1.0
300,36.0,2,True,1.0,1.0
300,36.0,2,True,1.0,1.0
300,36.0,2,True,1.0,1.0
300,36.0,2,True,1.0,1.0
300,36.0,2,True,1.0,1.0
300,36.0,2,True,1.0,1.0
300,36.0,2,True,1.0,1.0
300,36.0,2,True,1.0,1.0
300,36.0,2,True,1.0,1.0
300,36.0,2,True,1.0,1.0
300,36.0,2,True,1.0,1.0
300,36.0,2,True,1.0,1.0
300,36.0,2,True,1.0,1.0
300,36.0,2,True,1.0,1.0
300,36.0,2,True,1.0,1.0
300,36.0,2,True,1.0,1.0
300,36.0,2,True,1.0,1.0
300,36.0,2,True,1.0,1.0
300,36.0,2,True,1.0,1.0
300,36.0,2,True,1.0,1.0
300,36.0,2,True,1.0,1.0
300,36.0,2,True,1.0,1.0
300,36.0,2,True,1.0,1.0
300,36.0,2,True,1.0,1.0
300,36.0,2,True,1.0,1.0
300,36.0,2,True,1.0,1.0
300,36.0,2,True,1.0,1.0
300,36.0,2,True,1.0,1.0
300,36.0,2,True,1.0,1.0
300,36.0,2,True,1.0,1.0
300,36.0,2,True,1.0,1.0
300,36.0,2,True,1.0,1.0
300,36.0,2,True,1.0,1.0
300,36.0,2,True,1.0,1.0
300,36.0,2,True,1.0,1.0
300,36.0,2,True,1.0,1.0
300,36.0,2,True,1.0,1.0
300,36.0,2,True,1.0,1.0
300,36.0,2,True,1.0,1.0
300,36.0,2,True,1.0,1.0
300,36.0,2,True,1.0,1.0
300,36.0,2,True,1.0,1.0
300,36.0,2,True,1.0,1.0
300,36.0,2,True,1.0,1.0
300,36.0,2,True,1.0,1.0
300,36.0,2,True,1.0,1.0
300,36.0,2,True,1.0,1.0
300,36.0,2,True,1.0,1.0
300,36.0,2,True,1.0,1.0
300,36.0,2,True,1.0,1.0
300,36.0,2,True,1.0,1.0
300,36.0,2,True,1.0,1.0
300,36.0,2,True,1.0,1.0
300,36.0,2,True,1.0,1.0
300,36.0,2,True,1.0,1.0
300,36.0,2,True,1.0,1.0
300,36.0,2,True,1.0,1.0
300,36.0,2,True,1.0,1.0
300,36.0,3,True,0.9876543209876543,1.0
300,36.0,2,True,1.0,1.0
300,36.0,2,True,1.0,1.0
300,36.0,2,True,1.0,1.0
300,36.0,2,True,1.0,1.0
300,36.0,2,True,1.0,1.0
300,36.0,2,True,1.0,1.0
300,36.0,2,True,1.0,1.0
300,36.0,2,True,1.0,1.0
300,36.0,2,True,1.0,1.0
300,36.0,2,True,1.0,1.0
300,36.0,2,True,1.0,1.0
300,36.0,2,True,1.0,1.0
300,36.0,2,True,1.0,1.0
300,36.0,2,True,1.0,1.0
300,36.0,2,True,1.0,1.0
300,36.0,2,True,1.0,1.0
300,36.0,2,True,1.0,1.0
300,36.0,2,True,1.0,1.0
300,36.0,2,True,1.0,1.0
300,36.0,2,True,1.0,1.0
300,36.0,2,True,1.0,1.0
300,36.0,2,True,1.0,1.0
300,36.0,2,True,1.0,1.0
300,36.0,2,True,1.0,1.0
300,36.0,2,True,1.0,1.0
300,36.0,2,True,1.0,1.0
300,36.0,2,True,1.0,1.0
300,36.0,2,True,1.0,1.0
300,36.0,2,True,1.0,1.0
300,36.0,2,True,1.0,1.0
300,36.0,2,True,1.0,1.0
300,36.0,2,True,1.0,1.0
300,36.0,2,True,1.0,1.0
300,36.0,2,True,1.0,1.0
300,36.0,2,True,1.0,1.0
300,36.0,2,True,1.0,1.0
300,36.0,2,True,1.0,1.0
300,36.0,2,True,1.0,1.0
300,36.0,2,True,1.0,1.0
300,36.0,2,True,1.0,1.0
300,36.0,2,True,1.0,1.0
300,36.0,2,True,1.0,1.0
300,36.0,2,True,1.0,1.0
300,36.0,2,True,1.0,1.0
300,36.0,2,True,1.0,1.0
300,36.0,2,True,1.0,1.0
300,36.0,2,True,1.0,1.0
300,36.0,2,True,1.0,1.0
300,36.0,2,True,1.0,1.0
300,36.0,2,True,1.0,1.0
300,36.0,2,True,1.0,1.0
300,36.0,2,True,1.0,1.0
300,36.0,2,True,1.0,1.0
300,36.0,2,True,1.0,1.0
300,36.0,2,True,1.0,1.0
300,36.0,2,True,1.0,1.0
300,36.0,2,True,1.0,1.0
300,36.0,2,True,1.0,1.0
300,36.0,2,True,1.0,1.0
300,36.0,2,True,1.0,1.0
300,36.0,2,True,1.0,1.0
300,36.0,2,True,1.0,1.0
300,36.0,2,True,1.0,1.0
300,36.0,2,True,1.0,1.0
300,36.0,2,True,1.0,1.0
300,36.0,2,True,1.0,1.0
300,36.0,2,True,1.0,1.0
300,36.0,2,True,1.0,1.0
300,36.0,2,True,1.0,1.0
300,36.0,2,True,1.0,1.0
300,36.0,2,True,1.0,1.0
300,36.0,2,True,1.0,1.0
300,36.0,2,True,1.0,1.0
300,36.0,2,True,1.0,1.0
300,36.0,2,True,1.0,1.0
300,36.0,2,True,1.0,1.0
300,36.0,2,True,1.0,1.0
300,36.0,2,True,1.0,1.0
300,36.0,2,True,1.0,1.0
300,36.0,2,True,1.0,1.0
300,37.0,2,True,1.0,1.0
300,37.0,2,True,1.0,1.0
300,37.0,2,True,1.0,1.0
300,37.0,2,True,1.0,1.0
300,37.0,2,True,1.0,1.0
300,37.0,2,True,1.0,1.0
300,37.0,3,True,0.9382716049382716,1.0
300,37.0,3,True,0.8641975308641975,1.0
300,37.0,2,True,1.0,1.0
300,37.0,2,True,1.0,1.0
300,37.0,2,True,1.0,1.0
300,37.0,2,True,1.0,1.0
300,37.0,2,True,1.0,1.0
300,37.0,2,True,1.0,1.0
300,37.0,2,True,1.0,1.0
300,37.0,2,True,1.0,1.0
300,37.0,2,True,1.0,1.0
300,37.0,2,True,1.0,1.0
300,37.0,2,True,1.0,1.0
300,37.0,2,True,1.0,1.0
300,37.0,2,True,1.0,1.0
300,37.0,2,True,1.0,1.0
300,37.0,2,True,1.0,1.0
300,37.0,2,True,1.0,1.0
300,37.0,2,True,1.0,1.0
300,37.0,2,True,1.0,1.0
300,37.0,2,True,1.0,1.0
300,37.0,2,True,1.0,1.0
300,37.0,2,True,1.0,1.0
300,37.0,2,True,1.0,1.0
300,37.0,3,True,0.8641975308641975,1.0
300,37.0,2,True,1.0,1.0
300,37.0,2,True,1.0,1.0
300,37.0,2,True,1.0,1.0
300,37.0,2,True,1.0,1.0
300,37.0,2,True,1.0,1.0
300,37.0,2,True,1.0,1.0
300,37.0,2,True,1.0,1.0
300,37.0,2,True,1.0,1.0
300,37.0,2,True,1.0,1.0
300,37.0,2,True,1.0,1.0
300,37.0,2,True,1.0,1.0
300,37.0,3,True,0.654320987654321,1.0
300,37.0,2,True,1.0,1.0
300,37.0,3,True,0.9876543209876543,1.0
300,37.0,2,True,1.0,1.0
300,37.0,2,True,1.0,1.0
300,37.0,3,True,0.8641975308641975,1.0
300,37.0,2,True,1.0,1.0
300,37.0,2,True,1.0,1.0
300,37.0,3,True,0.8888888888888888,1.0
300,37.0,2,True,1.0,1.0
300,37.0,2,True,1.0,1.0
300,37.0,2,True,1.0,1.0
300,37.0,2,True,1.0,1.0
300,37.0,2,True,1.0,1.0
300,37.0,2,True,1.0,1.0
300,37.0,2,True,1.0,1.0
300,37.0,3,True,0.8888888888888888,1.0
300,37.0,2,True,1.0,1.0
300,37.0,2,True,1.0,1.0
300,37.0,2,True,1.0,1.0
300,37.0,2,True,1.0,1.0
300,37.0,2,True,1.0,1.0
300,37.0,2,True,1.0,1.0
300,37.0,2,True,1.0,1.0
300,37.0,2,True,1.0,1.0
300,37.0,2,True,1.0,1.0
300,37.0,2,True,1.0,1.0
300,37.0,2,True,1.0,1.0
300,37.0,2,True,1.0,1.0
300,37.0,2,True,1.0,1.0
300,37.0,2,True,1.0,1.0
300,37.0,2,True,1.0,1.0
300,37.0,2,True,1.0,1.0
300,37.0,3,True,0.9382716049382716,1.0
300,37.0,2,True,1.0,1.0
300,37.0,2,True,1.0,1.0
300,37.0,2,True,1.0,1.0
300,37.0,2,True,1.0,1.0
300,37.0,2,True,1.0,1.0
300,37.0,2,True,1.0,1.0
300,37.0,2,True,1.0,1.0
300,37.0,2,True,1.0,1.0
300,37.0,2,True,1.0,1.0
300,37.0,2,True,1.0,1.0
300,37.0,2,True,1.0,1.0
300,37.0,2,True,1.0,1.0
300,37.0,2,True,1.0,1.0
300,37.0,3,True,0.9012345679012346,1.0
300,37.0,2,True,1.0,1.0
300,37.0,2,True,1.0,1.0
300,37.0,2,True,1.0,1.0
300,37.0,2,True,1.0,1.0
300,37.0,2,True,1.0,1.0
300,37.0,2,True,1.0,1.0
300,37.0,2,True,1.0,1.0
300,37.0,2,True,1.0,1.0
300,37.0,2,True,1.0,1.0
300,37.0,2,True,1.0,1.0
300,37.0,2,True,1.0,1.0
300,37.0,2,True,1.0,1.0
300,37.0,2,True,1.0,1.0
300,37.0,3,True,0.7283950617283951,1.0
300,37.0,2,True,1.0,1.0
300,37.0,2,True,1.0,1.0
300,37.0,2,True,1.0,1.0
300,37.0,2,True,1.0,1.0
300,37.0,2,True,1.0,1.0
300,37.0,2,True,1.0,1.0
300,37.0,2,True,1.0,1.0
300,37.0,2,True,1.0,1.0
300,37.0,2,True,1.0,1.0
300,37.0,2,True,1.0,1.0
300,37.0,2,True,1.0,1.0
300,37.0,2,True,1.0,1.0
300,37.0,2,True,1.0,1.0
300,37.0,2,True,1.0,1.0
300,37.0,2,True,1.0,1.0
300,37.0,2,True,1.0,1.0
300,37.0,2,True,1.0,1.0
300,37.0,2,True,1.0,1.0
300,37.0,2,True,1.0,1.0
300,37.0,2,True,1.0,1.0
300,37.0,2,True,1.0,1.0
300,37.0,2,True,1.0,1.0
300,37.0,2,True,1.0,1.0
300,37.0,2,True,1.0,1.0
300,37.0,2,True,1.0,1.0
300,37.0,2,True,1.0,1.0
300,37.0,2,True,1.0,1.0
300,37.0,2,True,1.0,1.0
300,37.0,2,True,1.0,1.0
300,37.0,2,True,1.0,1.0
300,37.0,2,True,1.0,1.0
300,37.0,2,True,1.0,1.0
300,37.0,2,True,1.0,1.0
300,37.0,2,True,1.0,1.0
300,37.0,2,True,1.0,1.0
300,37.0,2,True,1.0,1.0
300,37.0,2,True,1.0,1.0
300,37.0,2,True,1.0,1.0
300,37.0,2,True,1.0,1.0
300,37.0,2,True,1.0,1.0
300,37.0,2,True,1.0,1.0
300,37.0,2,True,1.0,1.0
300,37.0,2,True,1.0,1.0
300,37.0,2,True,1.0,1.0
300,37.0,2,True,1.0,1.0
300,37.0,2,True,1.0,1.0
300,37.0,2,True,1.0,1.0
300,37.0,2,True,1.0,1.0
300,37.0,2,True,1.0,1.0
300,37.0,2,True,1.0,1.0
300,37.0,2,True,1.0,1.0
300,37.0,2,True,1.0,1.0
300,37.0,2,True,1.0,1.0
300,37.0,2,True,1.0,1.0
300,37.0,2,True,1.0,1.0
300,37.0,2,True,1.0,1.0
300,37.0,2,True,1.0,1.0
300,37.0,2,True,1.0,1.0
300,37.0,2,True,1.0,1.0
300,37.0,2,True,1.0,1.0
300,37.0,2,True,1.0,1.0
300,37.0,2,True,1.0,1.0
300,37.0,2,True,1.0,1.0
300,37.0,2,True,1.0,1.0
300,37.0,2,True,1.0,1.0
300,37.0,2,True,1.0,1.0
300,37.0,2,True,1.0,1.0
300,37.0,2,True,1.0,1.0
300,37.0,2,True,1.0,1.0
300,37.0,2,True,1.0,1.0
300,37.0,2,True,1.0,1.0
300,37.0,2,True,1.0,1.0
300,37.0,2,True,1.0,1.0
300,37.0,2,True,1.0,1.0
300,37.0,2,True,1.0,1.0
300,37.0,2,True,1.0,1.0
300,37.0,2,True,1.0,1.0
300,37.0,2,True,1.0,1.0
300,37.0,2,True,1.0,1.0
300,37.0,2,True,1.0,1.0
300,37.0,2,True,1.0,1.0
300,37.0,2,True,1.0,1.0
300,37.0,2,True,1.0,1.0
300,37.0,2,True,1.0,1.0
300,37.0,2,True,1.0,1.0
300,37.0,2,True,1.0,1.0
300,37.0,2,True,1.0,1.0
300,37.0,3,True,0.9012345679012346,1.0
300,37.0,3,True,0.9382716049382716,1.0
300,37.0,2,True,1.0,1.0
300,37.0,3,True,0.9629629629629629,1.0
300,37.0,2,True,1.0,1.0
300,37.0,2,True,1.0,1.0
300,37.0,2,True,1.0,1.0
300,37.0,2,True,1.0,1.0
300,37.0,2,True,1.0,1.0
300,37.0,2,True,1.0,1.0
300,37.0,2,True,1.0,1.0
300,37.0,2,True,1.0,1.0
300,37.0,2,True,1.0,1.0
300,37.0,2,True,1.0,1.0
300,37.0,2,True,1.0,1.0
300,37.0,3,True,0.8888888888888888,1.0
300,37.0,2,True,1.0,1.0
300,37.0,2,True,1.0,1.0
300,37.0,2,True,1.0,1.0
300,37.0,2,True,1.0,1.0
300,37.0,2,True,1.0,1.0
300,37.0,2,True,1.0,1.0
300,37.0,2,True,1.0,1.0
300,37.0,2,True,1.0,1.0
300,37.0,3,True,0.9135802469135802,1.0
300,37.0,2,True,1.0,1.0
300,37.0,3,True,0.8518518518518519,1.0
300,37.0,2,True,1.0,1.0
300,37.0,2,True,1.0,1.0
300,37.0,2,True,1.0,1.0
300,37.0,2,True,1.0,1.0
300,37.0,2,True,1.0,1.0
300,37.0,2,True,1.0,1.0
300,37.0,2,True,1.0,1.0
300,37.0,2,True,1.0,1.0
300,37.0,2,True,1.0,1.0
300,37.0,2,True,1.0,1.0
300,37.0,2,True,1.0,1.0
300,37.0,2,True,1.0,1.0
300,37.0,2,True,1.0,1.0
300,37.0,2,True,1.0,1.0
300,37.0,2,True,1.0,1.0
300,37.0,2,True,1.0,1.0
300,37.0,2,True,1.0,1.0
300,37.0,2,True,1.0,1.0
300,37.0,2,True,1.0,1.0
300,37.0,2,True,1.0,1.0
300,37.0,2,True,1.0,1.0
300,37.0,2,True,1.0,1.0
300,37.0,2,True,1.0,1.0
300,37.0,2,True,1.0,1.0
300,37.0,3,True,0.3333333333333333,1.0
300,37.0,2,True,1.0,1.0
300,37.0,2,True,1.0,1.0
300,37.0,2,True,1.0,1.0
300,37.0,2,True,1.0,1.0
300,37.0,2,True,1.0,1.0
300,37.0,2,True,1.0,1.0
300,37.0,2,True,1.0,1.0
300,37.0,2,True,1.0,1.0
300,37.0,2,True,1.0,1.0
300,37.0,2,True,1.0,1.0
300,37.0,2,True,1.0,1.0
300,37.0,2,True,1.0,1.0
300,37.0,2,True,1.0,1.0
300,37.0,2,True,1.0,1.0
300,37.0,2,True,1.0,1.0
300,37.0,2,True,1.0,1.0
300,37.0,3,True,0.8888888888888888,1.0
300,37.0,2,True,1.0,1.0
300,37.0,2,True,1.0,1.0
300,37.0,2,True,1.0,1.0
300,37.0,3,True,0.8765432098765432,1.0
300,37.0,2,True,1.0,1.0
300,37.0,2,True,1.0,1.0
300,37.0,2,True,1.0,1.0
300,37.0,2,True,1.0,1.0
300,37.0,2,True,1.0,1.0
300,37.0,2,True,1.0,1.0
300,37.0,3,True,0.9012345679012346,1.0
300,37.0,2,True,1.0,1.0
300,37.0,2,True,1.0,1.0
300,37.0,2,True,1.0,1.0
300,37.0,2,True,1.0,1.0
300,37.0,2,True,1.0,1.0
300,37.0,2,True,1.0,1.0
300,37.0,2,True,1.0,1.0
300,37.0,2,True,1.0,1.0
300,37.0,2,True,1.0,1.0
300,37.0,2,True,1.0,1.0
300,37.0,2,True,1.0,1.0
300,37.0,2,True,1.0,1.0
300,37.0,2,True,1.0,1.0
300,37.0,2,True,1.0,1.0
300,37.0,2,True,1.0,1.0
300,37.0,2,True,1.0,1.0
300,37.0,2,True,1.0,1.0
300,37.0,2,True,1.0,1.0
300,37.0,2,True,1.0,1.0
300,37.0,2,True,1.0,1.0
300,37.0,2,True,1.0,1.0
300,37.0,2,True,1.0,1.0
300,37.0,3,True,0.9629629629629629,1.0
300,37.0,2,True,1.0,1.0
300,37.0,2,True,1.0,1.0
300,37.0,2,True,1.0,1.0
300,37.0,2,True,1.0,1.0
300,37.0,3,True,0.8395061728395061,1.0
300,37.0,2,True,1.0,1.0
300,38.0,3,True,0.9753086419753086,1.0
300,38.0,2,True,1.0,1.0
300,38.0,2,True,1.0,1.0
300,38.0,3,True,0.9506172839506173,1.0
300,38.0,3,True,0.7160493827160493,1.0
300,38.0,2,True,1.0,1.0
300,38.0,2,True,1.0,1.0
300,38.0,2,True,1.0,1.0
300,38.0,2,True,1.0,1.0
300,38.0,2,True,1.0,1.0
300,38.0,2,True,1.0,1.0
300,38.0,3,True,0.8518518518518519,1.0
300,38.0,2,True,1.0,1.0
300,38.0,2,True,1.0,1.0
300,38.0,2,True,1.0,1.0
300,38.0,2,True,1.0,1.0
300,38.0,2,True,1.0,1.0
300,38.0,3,True,0.6172839506172839,1.0
300,38.0,3,True,0.9012345679012346,1.0
300,38.0,3,True,0.6296296296296297,1.0
300,38.0,2,True,1.0,1.0
300,38.0,2,True,1.0,1.0
300,38.0,3,True,0.43209876543209874,1.0
300,38.0,2,True,1.0,1.0
300,38.0,2,True,1.0,1.0
300,38.0,2,True,1.0,1.0
300,38.0,3,True,0.9382716049382716,1.0
300,38.0,2,True,1.0,1.0
300,38.0,2,True,1.0,1.0
300,38.0,2,True,1.0,1.0
300,38.0,3,True,0.8888888888888888,1.0
300,38.0,3,True,0.8395061728395061,1.0
300,38.0,2,True,1.0,1.0
300,38.0,2,True,1.0,1.0
300,38.0,2,True,1.0,1.0
300,38.0,2,True,1.0,1.0
300,38.0,2,True,1.0,1.0
300,38.0,2,True,1.0,1.0
300,38.0,2,True,1.0,1.0
300,38.0,2,True,1.0,1.0
300,38.0,2,True,1.0,1.0
300,38.0,2,True,1.0,1.0
300,38.0,2,True,1.0,1.0
300,38.0,3,True,0.5925925925925926,1.0
300,38.0,3,True,0.49382716049382713,1.0
300,38.0,3,True,0.9382716049382716,1.0
300,38.0,2,True,1.0,1.0
300,38.0,2,True,1.0,1.0
300,38.0,2,True,1.0,1.0
300,38.0,3,True,0.8395061728395061,1.0
300,38.0,3,True,0.8888888888888888,1.0
300,38.0,3,True,0.691358024691358,1.0
300,38.0,3,True,0.9135802469135802,1.0
300,38.0,3,True,0.9876543209876543,1.0
300,38.0,2,True,1.0,1.0
300,38.0,3,True,0.5555555555555556,1.0
300,38.0,2,True,1.0,1.0
300,38.0,3,True,0.9135802469135802,1.0
300,38.0,3,True,0.6790123456790124,1.0
300,38.0,3,True,0.9506172839506173,1.0
300,38.0,3,True,0.7283950617283951,1.0
300,38.0,2,True,1.0,1.0
300,38.0,2,True,1.0,1.0
300,38.0,3,True,0.6296296296296297,1.0
300,38.0,2,True,1.0,1.0
300,38.0,2,True,1.0,1.0
300,38.0,2,True,1.0,1.0
300,38.0,2,True,1.0,1.0
300,38.0,2,True,1.0,1.0
300,38.0,2,True,1.0,1.0
300,38.0,3,True,0.8888888888888888,1.0
300,38.0,3,True,0.8271604938271605,1.0
300,38.0,2,True,1.0,1.0
300,38.0,2,True,1.0,1.0
300,38.0,2,True,1.0,1.0
300,38.0,2,True,1.0,1.0
300,38.0,2,True,1.0,1.0
300,38.0,2,True,1.0,1.0
300,38.0,2,True,1.0,1.0
300,38.0,2,True,1.0,1.0
300,38.0,2,True,1.0,1.0
300,38.0,2,True,1.0,1.0
300,38.0,2,True,1.0,1.0
300,38.0,2,True,1.0,1.0
300,38.0,2,True,1.0,1.0
300,38.0,3,True,0.2716049382716049,1.0
300,38.0,2,True,1.0,1.0
300,38.0,3,True,0.9382716049382716,1.0
300,38.0,3,True,0.8888888888888888,1.0
300,38.0,3,True,0.8024691358024691,1.0
300,38.0,2,True,1.0,1.0
300,38.0,3,True,0.9629629629629629,1.0
300,38.0,2,True,1.0,1.0
300,38.0,2,True,1.0,1.0
300,38.0,3,True,0.6419753086419753,1.0
300,38.0,3,True,0.9135802469135802,1.0
300,38.0,2,True,1.0,1.0
300,38.0,3,True,0.9629629629629629,1.0
300,38.0,3,True,0.9629629629629629,1.0
300,38.0,2,True,1.0,1.0
300,38.0,2,True,1.0,1.0
300,38.0,3,True,0.43209876543209874,1.0
300,38.0,2,True,1.0,1.0
300,38.0,3,True,0.8888888888888888,1.0
300,38.0,2,True,1.0,1.0
300,38.0,3,True,0.6172839506172839,1.0
300,38.0,3,True,0.7407407407407407,1.0
300,38.0,2,True,1.0,1.0
300,38.0,2,True,1.0,1.0
300,38.0,3,True,0.4074074074074074,1.0
300,38.0,2,True,1.0,1.0
300,38.0,3,True,0.7777777777777778,1.0
300,38.0,3,True,0.32098765432098764,1.0
300,38.0,3,True,0.3950617283950617,1.0
300,38.0,2,True,1.0,1.0
300,38.0,3,True,0.30864197530864196,1.0
300,38.0,2,True,1.0,1.0
300,38.0,3,True,0.30864197530864196,1.0
300,38.0,3,True,0.9629629629629629,1.0
300,38.0,2,True,1.0,1.0
300,38.0,2,True,1.0,1.0
300,38.0,2,True,1.0,1.0
300,38.0,3,True,0.7407407407407407,1.0
300,38.0,2,True,1.0,1.0
300,38.0,2,True,1.0,1.0
300,38.0,2,True,1.0,1.0
300,38.0,3,True,0.345679012345679,1.0
300,38.0,2,True,1.0,1.0
300,38.0,3,True,0.3950617283950617,1.0
300,38.0,3,True,0.8641975308641975,1.0
300,38.0,3,True,0.9629629629629629,1.0
300,38.0,3,True,0.5679012345679012,1.0
300,38.0,3,True,0.8271604938271605,1.0
300,38.0,3,True,0.43209876543209874,1.0
300,38.0,2,True,1.0,1.0
300,38.0,2,True,1.0,1.0
300,38.0,3,True,0.9753086419753086,1.0
300,38.0,3,True,0.9876543209876543,1.0
300,38.0,3,True,0.25925925925925924,1.0
300,38.0,2,True,1.0,1.0
300,38.0,2,True,1.0,1.0
300,38.0,2,True,1.0,1.0
300,38.0,2,True,1.0,1.0
300,38.0,3,True,0.8518518518518519,1.0
300,38.0,2,True,1.0,1.0
300,38.0,3,True,0.9876543209876543,1.0
300,38.0,3,True,0.5061728395061729,1.0
300,38.0,2,True,1.0,1.0
300,38.0,3,True,0.6666666666666666,1.0
300,38.0,3,True,0.30864197530864196,1.0
300,38.0,2,True,1.0,1.0
300,38.0,2,True,1.0,1.0
300,38.0,2,True,1.0,1.0
300,38.0,3,True,0.41975308641975306,1.0
300,38.0,2,True,1.0,1.0
300,38.0,3,True,0.8888888888888888,1.0
300,38.0,2,True,1.0,1.0
300,38.0,2,True,1.0,1.0
300,38.0,2,True,1.0,1.0
300,38.0,3,True,0.8888888888888888,1.0
300,38.0,3,True,0.8765432098765432,1.0
300,38.0,2,True,1.0,1.0
300,38.0,2,True,1.0,1.0
300,38.0,3,True,0.9012345679012346,1.0
300,38.0,2,True,1.0,1.0
300,38.0,2,True,1.0,1.0
300,38.0,2,True,1.0,1.0
300,38.0,2,True,1.0,1.0
300,38.0,2,True,1.0,1.0
300,38.0,2,True,1.0,1.0
300,38.0,2,True,1.0,1.0
300,38.0,2,True,1.0,1.0
300,38.0,2,True,1.0,1.0
300,38.0,3,True,0.8395061728395061,1.0
300,38.0,2,True,1.0,1.0
300,38.0,3,True,0.4691358024691358,1.0
300,38.0,2,True,1.0,1.0
300,38.0,3,True,0.8888888888888888,1.0
300,38.0,2,True,1.0,1.0
300,38.0,3,True,0.8518518518518519,1.0
300,38.0,2,True,1.0,1.0
300,38.0,2,True,1.0,1.0
300,38.0,2,True,1.0,1.0
300,38.0,2,True,1.0,1.0
300,38.0,2,True,1.0,1.0
300,38.0,2,True,1.0,1.0
300,38.0,2,True,1.0,1.0
300,38.0,2,True,1.0,1.0
300,38.0,2,True,1.0,1.0
300,38.0,3,True,0.2839506172839506,1.0
300,38.0,3,True,0.5925925925925926,1.0
300,38.0,2,True,1.0,1.0
300,38.0,2,True,1.0,1.0
300,38.0,2,True,1.0,1.0
300,38.0,3,True,0.8888888888888888,1.0
300,38.0,2,True,1.0,1.0
300,38.0,2,True,1.0,1.0
300,38.0,2,True,1.0,1.0
300,38.0,2,True,1.0,1.0
300,38.0,2,True,1.0,1.0
300,38.0,2,True,1.0,1.0
300,38.0,3,True,0.7901234567901234,1.0
300,38.0,3,True,0.9012345679012346,1.0
300,38.0,2,True,1.0,1.0
300,38.0,2,True,1.0,1.0
300,38.0,2,True,1.0,1.0
300,38.0,2,True,1.0,1.0
300,38.0,2,True,1.0,1.0
300,38.0,3,True,0.8395061728395061,1.0
300,38.0,2,True,1.0,1.0
300,38.0,3,True,0.7160493827160493,1.0
300,38.0,3,True,0.3333333333333333,1.0
300,38.0,2,True,1.0,1.0
300,38.0,2,True,1.0,1.0
300,38.0,3,True,0.8888888888888888,1.0
300,38.0,3,True,0.35802469135802467,1.0
300,38.0,3,True,0.691358024691358,1.0
300,38.0,2,True,1.0,1.0
300,38.0,3,True,0.9753086419753086,1.0
300,38.0,2,True,1.0,1.0
300,38.0,2,True,1.0,1.0
300,38.0,2,True,1.0,1.0
300,38.0,3,True,0.9876543209876543,1.0
300,38.0,3,True,0.654320987654321,1.0
300,38.0,2,True,1.0,1.0
300,38.0,2,True,1.0,1.0
300,38.0,3,True,0.38271604938271603,1.0
300,38.0,3,True,0.654320987654321,1.0
300,38.0,3,True,0.4691358024691358,1.0
300,38.0,3,True,0.9506172839506173,1.0
300,38.0,2,True,1.0,1.0
300,38.0,3,True,0.8888888888888888,1.0
300,38.0,2,True,1.0,1.0
300,38.0,3,True,0.8641975308641975,1.0
300,38.0,2,True,1.0,1.0
300,38.0,3,True,0.691358024691358,1.0
300,38.0,3,True,0.5185185185185185,1.0
300,38.0,3,True,0.6296296296296297,1.0
300,38.0,2,True,1.0,1.0
300,38.0,3,True,0.9382716049382716,1.0
300,38.0,2,True,1.0,1.0
300,38.0,2,True,1.0,1.0
300,38.0,2,True,1.0,1.0
300,38.0,2,True,1.0,1.0
300,38.0,3,True,0.8518518518518519,1.0
300,38.0,2,True,1.0,1.0
300,38.0,2,True,1.0,1.0
300,38.0,2,True,1.0,1.0
300,38.0,2,True,1.0,1.0
300,38.0,3,True,0.6296296296296297,1.0
300,38.0,3,True,0.6049382716049383,1.0
300,38.0,2,True,1.0,1.0
300,38.0,3,True,0.7901234567901234,1.0
300,38.0,2,True,1.0,1.0
300,38.0,3,True,0.4567901234567901,1.0
300,38.0,2,True,1.0,1.0
300,38.0,2,True,1.0,1.0
300,38.0,2,True,1.0,1.0
300,38.0,3,True,0.8024691358024691,1.0
300,38.0,3,True,0.49382716049382713,1.0
300,38.0,2,True,1.0,1.0
300,38.0,2,True,1.0,1.0
300,38.0,2,True,1.0,1.0
300,38.0,2,True,1.0,1.0
300,38.0,2,True,1.0,1.0
300,38.0,3,True,0.8888888888888888,1.0
300,38.0,2,True,1.0,1.0
300,38.0,2,True,1.0,1.0
300,38.0,3,True,0.37037037037037035,1.0
300,38.0,2,True,1.0,1.0
300,38.0,2,True,1.0,1.0
300,38.0,3,True,0.9012345679012346,1.0
300,38.0,2,True,1.0,1.0
300,38.0,2,True,1.0,1.0
300,38.0,2,True,1.0,1.0
300,38.0,2,True,1.0,1.0
300,38.0,2,True,1.0,1.0
300,38.0,2,True,1.0,1.0
300,38.0,3,True,0.654320987654321,1.0
300,38.0,3,True,0.9382716049382716,1.0
300,38.0,3,True,0.8888888888888888,1.0
300,38.0,2,True,1.0,1.0
300,38.0,2,True,1.0,1.0
300,38.0,3,True,0.37037037037037035,1.0
300,38.0,3,True,0.7530864197530864,1.0
300,38.0,3,True,0.9753086419753086,1.0
300,38.0,3,True,0.8888888888888888,1.0
300,38.0,2,True,1.0,1.0
300,38.0,2,True,1.0,1.0
300,38.0,3,True,0.9135802469135802,1.0
300,38.0,2,True,1.0,1.0
300,38.0,2,True,1.0,1.0
300,38.0,2,True,1.0,1.0
300,38.0,2,True,1.0,1.0
300,38.0,2,True,1.0,1.0
300,38.0,2,True,1.0,1.0
300,38.0,2,True,1.0,1.0
300,38.0,2,True,1.0,1.0
300,38.0,2,True,1.0,1.0
300,38.0,3,True,0.9753086419753086,1.0
300,39.0,3,True,0.32098765432098764,1.0
300,39.0,3,True,0.9876543209876543,1.0
300,39.0,3,True,0.9753086419753086,1.0
300,39.0,3,True,0.4074074074074074,1.0
300,39.0,2,True,1.0,1.0
300,39.0,3,True,0.25925925925925924,1.0
300,39.0,2,True,1.0,1.0
300,39.0,3,True,0.9876543209876543,1.0
300,39.0,3,True,0.25925925925925924,1.0
300,39.0,3,True,0.8888888888888888,1.0
300,39.0,2,True,1.0,1.0
300,39.0,3,True,0.18518518518518517,1.0
300,39.0,3,True,0.691358024691358,1.0
300,39.0,3,True,0.7037037037037037,1.0
300,39.0,3,True,0.8148148148148148,1.0
300,39.0,3,True,0.30864197530864196,1.0
300,39.0,2,True,1.0,1.0
300,39.0,2,True,1.0,1.0
300,39.0,3,True,0.7160493827160493,1.0
300,39.0,3,True,0.7654320987654321,1.0
300,39.0,3,True,0.6790123456790124,1.0
300,39.0,3,True,0.38271604938271603,1.0
300,39.0,3,True,0.8765432098765432,1.0
300,39.0,3,True,0.345679012345679,1.0
300,39.0,3,True,0.6666666666666666,1.0
300,39.0,3,True,0.3333333333333333,1.0
300,39.0,2,True,1.0,1.0
300,39.0,3,True,0.18518518518518517,1.0
300,39.0,3,True,0.9259259259259259,1.0
300,39.0,3,True,0.9753086419753086,1.0
300,39.0,3,True,0.37037037037037035,1.0
300,39.0,2,True,1.0,1.0
300,39.0,3,True,0.30864197530864196,1.0
300,39.0,3,True,0.7530864197530864,1.0
300,39.0,3,True,0.345679012345679,1.0
300,39.0,3,True,0.5679012345679012,1.0
300,39.0,3,True,0.7777777777777778,1.0
300,39.0,3,True,0.7407407407407407,1.0
300,39.0,3,True,0.3950617283950617,1.0
300,39.0,2,True,1.0,1.0
300,39.0,2,True,1.0,1.0
300,39.0,3,True,0.9753086419753086,1.0
300,39.0,3,True,0.345679012345679,1.0
300,39.0,3,True,0.5679012345679012,1.0
300,39.0,3,True,0.25925925925925924,1.0
300,39.0,2,True,1.0,1.0
300,39.0,2,True,1.0,1.0
300,39.0,3,True,0.7901234567901234,1.0
300,39.0,3,True,0.41975308641975306,1.0
300,39.0,2,True,1.0,1.0
300,39.0,3,True,0.7407407407407407,1.0
300,39.0,3,True,0.2962962962962963,1.0
300,39.0,3,True,0.8888888888888888,1.0
300,39.0,2,True,1.0,1.0
300,39.0,2,True,1.0,1.0
300,39.0,3,True,0.3333333333333333,1.0
300,39.0,3,True,0.8888888888888888,1.0
300,39.0,3,True,0.43209876543209874,1.0
300,39.0,3,True,0.24691358024691357,1.0
300,39.0,3,True,0.8641975308641975,1.0
300,39.0,3,True,0.5925925925925926,1.0
300,39.0,3,True,0.5061728395061729,1.0
300,39.0,3,True,0.345679012345679,1.0
300,39.0,3,True,0.37037037037037035,1.0
300,39.0,2,True,1.0,1.0
300,39.0,17,True,0.14814814814814814,0.1111111111111111
300,39.0,3,True,0.49382716049382713,1.0
300,39.0,3,True,0.9753086419753086,1.0
300,39.0,2,True,1.0,1.0
300,39.0,3,True,0.8395061728395061,1.0
300,39.0,3,True,0.19753086419753085,1.0
300,39.0,3,True,0.345679012345679,1.0
300,39.0,3,True,0.9629629629629629,1.0
300,39.0,3,True,0.2716049382716049,1.0
300,39.0,3,True,0.43209876543209874,1.0
300,39.0,3,True,0.8888888888888888,1.0
300,39.0,2,True,1.0,1.0
300,39.0,3,True,0.24691358024691357,1.0
300,39.0,3,True,0.2345679012345679,1.0
300,39.0,3,True,0.2839506172839506,1.0
300,39.0,3,True,0.8271604938271605,1.0
300,39.0,3,True,0.32098765432098764,1.0
300,39.0,2,True,1.0,1.0
300,39.0,3,True,0.4444444444444444,1.0
300,39.0,3,True,0.38271604938271603,1.0
300,39.0,3,True,0.2716049382716049,1.0
300,39.0,2,True,1.0,1.0
300,39.0,3,True,0.4444444444444444,1.0
300,39.0,10,True,0.20987654320987653,0.1111111111111111
300,39.0,2,True,1.0,1.0
300,39.0,3,True,0.7777777777777778,1.0
300,39.0,3,True,0.8518518518518519,1.0
300,39.0,3,True,0.32098765432098764,1.0
300,39.0,3,True,0.3333333333333333,1.0
300,39.0,3,True,0.16049382716049382,1.0
300,39.0,2,True,1.0,1.0
300,39.0,2,True,1.0,1.0
300,39.0,3,True,0.38271604938271603,1.0
300,39.0,3,True,0.8641975308641975,1.0
300,39.0,3,True,0.37037037037037035,1.0
300,39.0,3,True,0.345679012345679,1.0
300,39.0,3,True,0.345679012345679,1.0
300,39.0,3,True,0.8024691358024691,1.0
300,39.0,3,True,0.7901234567901234,1.0
300,39.0,3,True,0.30864197530864196,1.0
300,39.0,2,True,1.0,1.0
300,39.0,3,True,0.3950617283950617,1.0
300,39.0,3,True,0.9259259259259259,1.0
300,39.0,2,True,1.0,1.0
300,39.0,3,True,0.8518518518518519,1.0
300,39.0,3,True,0.30864197530864196,1.0
300,39.0,3,True,0.691358024691358,1.0
300,39.0,3,True,0.5185185185185185,1.0
300,39.0,2,True,1.0,1.0
300,39.0,3,True,0.4444444444444444,1.0
300,39.0,3,True,0.345679012345679,1.0
300,39.0,3,True,0.691358024691358,1.0
300,39.0,3,True,0.49382716049382713,1.0
300,39.0,2,True,1.0,1.0
300,39.0,2,True,1.0,1.0
300,39.0,3,True,0.14814814814814814,1.0
300,39.0,3,True,0.6790123456790124,1.0
300,39.0,3,True,0.8765432098765432,1.0
300,39.0,3,True,0.5802469135802469,1.0
300,39.0,3,True,0.2716049382716049,1.0
300,39.0,3,True,0.6296296296296297,1.0
300,39.0,2,True,1.0,1.0
300,39.0,3,True,0.5308641975308642,1.0
300,39.0,3,True,0.3333333333333333,1.0
300,39.0,3,True,0.9012345679012346,1.0
300,39.0,2,True,1.0,1.0
300,39.0,3,True,0.5308641975308642,1.0
300,39.0,3,True,0.345679012345679,1.0
300,39.0,3,True,0.9135802469135802,1.0
300,39.0,3,True,0.1728395061728395,1.0
300,39.0,2,True,1.0,1.0
300,39.0,3,True,0.3333333333333333,1.0
300,39.0,2,True,1.0,1.0
300,39.0,2,True,1.0,1.0
300,39.0,3,True,0.8888888888888888,1.0
300,39.0,3,True,0.8641975308641975,1.0
300,39.0,3,True,0.345679012345679,1.0
300,39.0,3,True,0.5802469135802469,1.0
300,39.0,3,True,0.8641975308641975,1.0
300,39.0,3,True,0.9135802469135802,1.0
300,39.0,3,True,0.3333333333333333,1.0
300,39.0,3,True,0.7777777777777778,1.0
300,39.0,3,True,0.35802469135802467,1.0
300,39.0,2,True,1.0,1.0
300,39.0,3,True,0.4074074074074074,1.0
300,39.0,2,True,1.0,1.0
300,39.0,3,True,0.32098765432098764,1.0
300,39.0,3,True,0.8888888888888888,1.0
300,39.0,3,True,0.8641975308641975,1.0
300,39.0,3,True,0.1728395061728395,1.0
300,39.0,2,True,1.0,1.0
300,39.0,2,True,1.0,1.0
300,39.0,2,True,1.0,1.0
300,39.0,3,True,0.3333333333333333,1.0
300,39.0,3,True,0.24691358024691357,1.0
300,39.0,3,True,0.20987654320987653,1.0
300,39.0,3,True,0.43209876543209874,1.0
300,39.0,3,True,0.43209876543209874,1.0
300,39.0,2,True,1.0,1.0
300,39.0,3,True,0.691358024691358,1.0
300,39.0,2,True,1.0,1.0
300,39.0,3,True,0.35802469135802467,1.0
300,39.0,3,True,0.345679012345679,1.0
300,39.0,2,True,1.0,1.0
300,39.0,3,True,0.8888888888888888,1.0
300,39.0,3,True,0.8888888888888888,1.0
300,39.0,3,True,0.3333333333333333,1.0
300,39.0,2,True,1.0,1.0
300,39.0,2,True,1.0,1.0
300,39.0,3,True,0.9382716049382716,1.0
300,39.0,2,True,1.0,1.0
300,39.0,3,True,0.9382716049382716,1.0
300,39.0,3,True,0.8765432098765432,1.0
300,39.0,3,True,0.49382716049382713,1.0
300,39.0,2,True,1.0,1.0
300,39.0,3,True,0.9506172839506173,1.0
300,39.0,3,True,0.6666666666666666,1.0
300,39.0,2,True,1.0,1.0
300,39.0,2,True,1.0,1.0
300,39.0,3,True,0.8024691358024691,1.0
300,39.0,3,True,0.691358024691358,1.0
300,39.0,3,True,0.30864197530864196,1.0
300,39.0,3,True,0.345679012345679,1.0
300,39.0,3,True,0.3950617283950617,1.0
300,39.0,3,True,0.8888888888888888,1.0
300,39.0,3,True,0.35802469135802467,1.0
300,39.0,2,True,1.0,1.0
300,39.0,3,True,0.5432098765432098,1.0
300,39.0,3,True,0.3950617283950617,1.0
300,39.0,2,True,1.0,1.0
300,39.0,3,True,0.38271604938271603,1.0
300,39.0,3,True,0.691358024691358,1.0
300,39.0,3,True,0.5802469135802469,1.0
300,39.0,3,True,0.7530864197530864,1.0
300,39.0,3,True,0.4691358024691358,1.0
300,39.0,2,True,1.0,1.0
300,39.0,3,True,0.35802469135802467,1.0
300,39.0,2,True,1.0,1.0
300,39.0,3,True,0.49382716049382713,1.0
300,39.0,3,True,0.7283950617283951,1.0
300,39.0,3,True,0.41975308641975306,1.0
300,39.0,3,True,0.6790123456790124,1.0
300,39.0,3,True,0.2962962962962963,1.0
300,39.0,3,True,0.7530864197530864,1.0
300,39.0,3,True,0.3333333333333333,1.0
300,39.0,2,True,1.0,1.0
300,39.0,3,True,0.2839506172839506,1.0
300,39.0,3,True,0.4444444444444444,1.0
300,39.0,3,True,0.37037037037037035,1.0
300,39.0,2,True,1.0,1.0
300,39.0,3,True,0.32098765432098764,1.0
300,39.0,3,True,0.48148148148148145,1.0
300,39.0,3,True,0.2962962962962963,1.0
300,39.0,2,True,1.0,1.0
300,39.0,2,True,1.0,1.0
300,39.0,2,True,1.0,1.0
300,39.0,3,True,0.8024691358024691,1.0
300,39.0,3,True,0.4691358024691358,1.0
300,39.0,3,True,0.4444444444444444,1.0
300,39.0,3,True,0.4691358024691358,1.0
300,39.0,2,True,1.0,1.0
300,39.0,2,True,1.0,1.0
300,39.0,2,True,1.0,1.0
300,39.0,3,True,0.5555555555555556,1.0
300,39.0,3,True,0.6419753086419753,1.0
300,39.0,3,True,0.8888888888888888,1.0
300,39.0,3,True,0.32098765432098764,1.0
300,39.0,3,True,0.3333333333333333,1.0
300,39.0,3,True,0.38271604938271603,1.0
300,39.0,3,True,0.9012345679012346,1.0
300,39.0,3,True,0.345679012345679,1.0
300,39.0,3,True,0.8888888888888888,1.0
300,39.0,3,True,0.4567901234567901,1.0
300,39.0,3,True,0.30864197530864196,1.0
300,39.0,2,True,1.0,1.0
300,39.0,2,True,1.0,1.0
300,39.0,3,True,0.49382716049382713,1.0
300,39.0,3,True,0.345679012345679,1.0
300,39.0,3,True,0.2839506172839506,1.0
300,39.0,3,True,0.35802469135802467,1.0
300,39.0,3,True,0.2716049382716049,1.0
300,39.0,2,True,1.0,1.0
300,39.0,3,True,0.48148148148148145,1.0
300,39.0,3,True,0.4444444444444444,1.0
300,39.0,2,True,1.0,1.0
300,39.0,2,True,1.0,1.0
300,39.0,3,True,0.7654320987654321,1.0
300,39.0,3,True,0.6790123456790124,1.0
300,39.0,3,True,0.5679012345679012,1.0
300,39.0,3,True,0.4444444444444444,1.0
300,39.0,3,True,0.8148148148148148,1.0
300,39.0,3,True,0.3333333333333333,1.0
300,39.0,2,True,1.0,1.0
300,39.0,3,True,0.8888888888888888,1.0
300,39.0,2,True,1.0,1.0
300,39.0,3,True,0.3333333333333333,1.0
300,39.0,2,True,1.0,1.0
300,39.0,3,True,0.30864197530864196,1.0
300,39.0,3,True,0.32098765432098764,1.0
300,39.0,2,True,1.0,1.0
300,39.0,3,True,0.30864197530864196,1.0
300,39.0,2,True,1.0,1.0
300,39.0,2,True,1.0,1.0
300,39.0,3,True,0.9506172839506173,1.0
300,39.0,3,True,0.38271604938271603,1.0
300,39.0,3,True,0.6666666666666666,1.0
300,39.0,3,True,0.9012345679012346,1.0
300,39.0,3,True,0.6296296296296297,1.0
300,39.0,3,True,0.9012345679012346,1.0
300,39.0,2,True,1.0,1.0
300,39.0,3,True,0.2716049382716049,1.0
300,39.0,3,True,0.5679012345679012,1.0
300,39.0,3,True,0.19753086419753085,1.0
300,39.0,3,True,0.8518518518518519,1.0
300,39.0,2,True,1.0,1.0
300,39.0,2,True,1.0,1.0
300,39.0,2,True,1.0,1.0
300,39.0,3,True,0.32098765432098764,1.0
300,39.0,2,True,1.0,1.0
300,39.0,3,True,0.6790123456790124,1.0
300,39.0,3,True,0.38271604938271603,1.0
300,39.0,3,True,0.8888888888888888,1.0
300,39.0,3,True,0.8888888888888888,1.0
300,39.0,3,True,0.49382716049382713,1.0
300,39.0,3,True,0.8888888888888888,1.0
300,39.0,3,True,0.9012345679012346,1.0
300,39.0,3,True,0.9012345679012346,1.0
300,39.0,3,True,0.8888888888888888,1.0
300,39.0,3,True,0.3333333333333333,1.0
300,39.0,3,True,0.37037037037037035,1.0
300,39.0,2,True,1.0,1.0
300,39.0,3,True,0.7777777777777778,1.0
300,39.0,3,True,0.49382716049382713,1.0
300,39.0,3,True,0.4074074074074074,1.0
300,39.0,3,True,0.9629629629629629,1.0
300,40.0,3,True,0.19753086419753085,1.0
300,40.0,3,True,0.38271604938271603,1.0
300,40.0,3,True,0.3333333333333333,1.0
300,40.0,4,True,0.14814814814814814,1.0
300,40.0,3,True,0.345679012345679,1.0
300,40.0,3,True,0.25925925925925924,1.0
300,40.0,3,True,0.48148148148148145,1.0
300,40.0,2,True,1.0,1.0
300,40.0,3,True,0.19753086419753085,1.0
300,40.0,3,True,0.8148148148148148,1.0
300,40.0,3,True,0.38271604938271603,1.0
300,40.0,3,True,0.41975308641975306,1.0
300,40.0,3,True,0.1728395061728395,1.0
300,40.0,3,True,0.4691358024691358,1.0
300,40.0,3,True,0.20987654320987653,1.0
300,40.0,3,True,0.14814814814814814,1.0
300,40.0,3,True,0.24691358024691357,1.0
300,40.0,3,True,0.18518518518518517,1.0
300,40.0,3,True,0.37037037037037035,1.0
300,40.0,3,True,0.35802469135802467,1.0
300,40.0,3,True,0.30864197530864196,1.0
300,40.0,3,True,0.25925925925925924,1.0
300,40.0,3,True,0.3333333333333333,1.0
300,40.0,3,True,0.345679012345679,1.0
300,40.0,7,True,0.24691358024691357,0.1111111111111111
300,40.0,3,True,0.12345679012345678,1.0
300,40.0,3,True,0.6296296296296297,1.0
300,40.0,2,True,1.0,1.0
300,40.0,3,True,0.3333333333333333,1.0
300,40.0,3,True,0.345679012345679,1.0
300,40.0,3,True,0.30864197530864196,1.0
300,40.0,3,True,0.345679012345679,1.0
300,40.0,3,True,0.32098765432098764,1.0
300,40.0,3,True,0.18518518518518517,1.0
300,40.0,3,True,0.3950617283950617,1.0
300,40.0,3,True,0.2345679012345679,1.0
300,40.0,3,True,0.32098765432098764,1.0
300,40.0,3,True,0.2716049382716049,1.0
300,40.0,3,True,0.18518518518518517,1.0
300,40.0,3,True,0.37037037037037035,1.0
300,40.0,3,True,0.32098765432098764,1.0
300,40.0,2,True,1.0,1.0
300,40.0,3,True,0.5308641975308642,1.0
300,40.0,4,True,0.12345679012345678,1.0
300,40.0,3,True,0.9506172839506173,1.0
300,40.0,3,True,0.30864197530864196,1.0
300,40.0,3,True,0.7037037037037037,1.0
300,40.0,19,True,0.24691358024691357,0.1111111111111111
300,40.0,3,True,0.18518518518518517,1.0
300,40.0,3,True,0.48148148148148145,1.0
300,40.0,3,True,0.2962962962962963,1.0
300,40.0,3,True,0.3333333333333333,1.0
300,40.0,3,True,0.32098765432098764,1.0
300,40.0,3,True,0.6666666666666666,1.0
300,40.0,3,True,0.7160493827160493,1.0
300,40.0,3,True,0.18518518518518517,1.0
300,40.0,3,True,0.20987654320987653,1.0
300,40.0,3,True,0.345679012345679,1.0
300,40.0,3,True,0.2222222222222222,1.0
300,40.0,3,True,0.2345679012345679,1.0
300,40.0,2,True,1.0,1.0
300,40.0,3,True,0.2716049382716049,1.0
300,40.0,3,True,0.7407407407407407,1.0
300,40.0,3,True,0.19753086419753085,1.0
300,40.0,3,True,0.3333333333333333,1.0
300,40.0,3,True,0.18518518518518517,1.0
300,40.0,3,True,0.48148148148148145,1.0
300,40.0,3,True,0.30864197530864196,1.0
300,40.0,3,True,0.3333333333333333,1.0
300,40.0,3,True,0.25925925925925924,1.0
300,40.0,3,True,0.345679012345679,1.0
300,40.0,3,True,0.2345679012345679,1.0
300,40.0,3,True,0.3333333333333333,1.0
300,40.0,4,True,0.1111111111111111,1.0
300,40.0,4,True,0.1111111111111111,1.0
300,40.0,3,True,0.3333333333333333,1.0
300,40.0,3,True,0.24691358024691357,1.0
300,40.0,3,True,0.13580246913580246,1.0
300,40.0,3,True,0.32098765432098764,1.0
300,40.0,3,True,0.35802469135802467,1.0
300,40.0,3,True,0.2716049382716049,1.0
300,40.0,3,True,0.18518518518518517,1.0
300,40.0,3,True,0.24691358024691357,1.0
300,40.0,3,True,0.7654320987654321,1.0
300,40.0,3,True,0.32098765432098764,1.0
300,40.0,3,True,0.5802469135802469,1.0
300,40.0,3,True,0.32098765432098764,1.0
300,40.0,3,True,0.14814814814814814,1.0
300,40.0,3,True,0.7037037037037037,1.0
300,40.0,3,True,0.2962962962962963,1.0
300,40.0,3,True,0.5432098765432098,1.0
300,40.0,3,True,0.2839506172839506,1.0
300,40.0,3,True,0.41975308641975306,1.0
300,40.0,3,True,0.2716049382716049,1.0
300,40.0,3,True,0.2716049382716049,1.0
300,40.0,3,True,0.3333333333333333,1.0
300,40.0,3,True,0.7037037037037037,1.0
300,40.0,3,True,0.20987654320987653,1.0
300,40.0,3,True,0.3333333333333333,1.0
300,40.0,4,True,0.12345679012345678,1.0
300,40.0,3,True,0.19753086419753085,1.0
300,40.0,3,True,0.5308641975308642,1.0
300,40.0,3,True,0.18518518518518517,1.0
300,40.0,3,True,0.2222222222222222,1.0
300,40.0,3,True,0.3333333333333333,1.0
300,40.0,3,True,0.345679012345679,1.0
300,40.0,3,True,0.18518518518518517,1.0
300,40.0,3,True,0.14814814814814814,1.0
300,40.0,3,True,0.3333333333333333,1.0
300,40.0,3,True,0.4691358024691358,1.0
300,40.0,3,True,0.4444444444444444,1.0
300,40.0,3,True,0.30864197530864196,1.0
300,40.0,3,True,0.8148148148148148,1.0
300,40.0,3,True,0.3333333333333333,1.0
300,40.0,3,True,0.4691358024691358,1.0
300,40.0,3,True,0.2839506172839506,1.0
300,40.0,3,True,0.37037037037037035,1.0
300,40.0,2,True,1.0,1.0
300,40.0,3,True,0.4691358024691358,1.0
300,40.0,3,True,0.1728395061728395,1.0
300,40.0,3,True,0.14814814814814814,1.0
300,40.0,3,True,0.24691358024691357,1.0
300,40.0,4,True,0.1111111111111111,1.0
300,40.0,3,True,0.8518518518518519,1.0
300,40.0,3,True,0.2839506172839506,1.0
300,40.0,3,True,0.2716049382716049,1.0
300,40.0,3,True,0.24691358024691357,1.0
300,40.0,2,True,1.0,1.0
300,40.0,3,True,0.25925925925925924,1.0
300,40.0,3,True,0.13580246913580246,1.0
300,40.0,4,True,0.18518518518518517,1.0
300,40.0,3,True,0.3333333333333333,1.0
300,40.0,3,True,0.8641975308641975,1.0
300,40.0,3,True,0.18518518518518517,1.0
300,40.0,3,True,0.5432098765432098,1.0
300,40.0,4,True,0.18518518518518517,1.0
300,40.0,3,True,0.3333333333333333,1.0
300,40.0,3,True,0.3333333333333333,1.0
300,40.0,3,True,0.9012345679012346,1.0
300,40.0,11,True,0.12345679012345678,0.1111111111111111
300,40.0,4,True,0.16049382716049382,1.0
300,40.0,3,True,0.4444444444444444,1.0
300,40.0,3,True,0.345679012345679,1.0
300,40.0,3,True,0.12345679012345678,1.0
300,40.0,3,True,0.35802469135802467,1.0
300,40.0,3,True,0.1728395061728395,1.0
300,40.0,3,True,0.48148148148148145,1.0
300,40.0,3,True,0.2345679012345679,1.0
300,40.0,4,True,0.13580246913580246,1.0
300,40.0,3,True,0.7654320987654321,1.0
300,40.0,3,True,0.12345679012345678,1.0
300,40.0,3,True,0.30864197530864196,1.0
300,40.0,3,True,0.3950617283950617,1.0
300,40.0,3,True,0.3333333333333333,1.0
300,40.0,3,True,0.4444444444444444,1.0
300,40.0,4,True,0.12345679012345678,1.0
300,40.0,3,True,0.2345679012345679,1.0
300,40.0,3,True,0.14814814814814814,1.0
300,40.0,3,True,0.25925925925925924,1.0
300,40.0,2,True,1.0,1.0
300,40.0,12,True,0.1111111111111111,0.18518518518518517
300,40.0,3,True,0.8765432098765432,1.0
300,40.0,3,True,0.30864197530864196,1.0
300,40.0,3,True,0.1728395061728395,1.0
300,40.0,3,True,0.37037037037037035,1.0
300,40.0,3,True,0.3950617283950617,1.0
300,40.0,3,True,0.4074074074074074,1.0
300,40.0,3,True,0.7654320987654321,1.0
300,40.0,3,True,0.7160493827160493,1.0
300,40.0,3,True,0.3333333333333333,1.0
300,40.0,3,True,0.6790123456790124,1.0
300,40.0,3,True,0.3333333333333333,1.0
300,40.0,3,True,0.24691358024691357,1.0
300,40.0,3,True,0.25925925925925924,1.0
300,40.0,3,True,0.3950617283950617,1.0
300,40.0,3,True,0.345679012345679,1.0
300,40.0,3,True,0.3333333333333333,1.0
300,40.0,3,True,0.2962962962962963,1.0
300,40.0,4,True,0.19753086419753085,1.0
300,40.0,3,True,0.20987654320987653,1.0
300,40.0,3,True,0.4691358024691358,1.0
300,40.0,3,True,0.16049382716049382,1.0
300,40.0,3,True,0.19753086419753085,1.0
300,40.0,2,True,1.0,1.0
300,40.0,3,True,0.25925925925925924,1.0
300,40.0,3,True,0.48148148148148145,1.0
300,40.0,3,True,0.2345679012345679,1.0
300,40.0,3,True,0.37037037037037035,1.0
300,40.0,3,True,0.2839506172839506,1.0
300,40.0,3,True,0.13580246913580246,1.0
300,40.0,3,True,0.2345679012345679,1.0
300,40.0,3,True,0.2345679012345679,1.0
300,40.0,3,True,0.691358024691358,1.0
300,40.0,3,True,0.16049382716049382,1.0
300,40.0,3,True,0.3333333333333333,1.0
300,40.0,3,True,0.19753086419753085,1.0
300,40.0,3,True,0.32098765432098764,1.0
300,40.0,3,True,0.345679012345679,1.0
300,40.0,3,True,0.2345679012345679,1.0
300,40.0,3,True,0.345679012345679,1.0
300,40.0,3,True,0.4444444444444444,1.0
300,40.0,3,True,0.2962962962962963,1.0
300,40.0,3,True,0.35802469135802467,1.0
300,40.0,3,True,0.2222222222222222,1.0
300,40.0,3,True,0.2962962962962963,1.0
300,40.0,3,True,0.1728395061728395,1.0
300,40.0,3,True,0.2345679012345679,1.0
300,40.0,3,True,0.32098765432098764,1.0
300,40.0,3,True,0.3333333333333333,1.0
300,40.0,3,True,0.24691358024691357,1.0
300,40.0,4,True,0.16049382716049382,1.0
300,40.0,3,True,0.4444444444444444,1.0
300,40.0,3,True,0.4074074074074074,1.0
300,40.0,3,True,0.37037037037037035,1.0
300,40.0,3,True,0.32098765432098764,1.0
300,40.0,3,True,0.38271604938271603,1.0
300,40.0,3,True,0.30864197530864196,1.0
300,40.0,3,True,0.3333333333333333,1.0
300,40.0,3,True,0.20987654320987653,1.0
300,40.0,3,True,0.20987654320987653,1.0
300,40.0,3,True,0.2962962962962963,1.0
300,40.0,3,True,0.6666666666666666,1.0
300,40.0,3,True,0.38271604938271603,1.0
300,40.0,3,True,0.2962962962962963,1.0
300,40.0,3,True,0.25925925925925924,1.0
300,40.0,3,True,0.30864197530864196,1.0
300,40.0,4,True,0.13580246913580246,1.0
300,40.0,3,True,0.35802469135802467,1.0
300,40.0,3,True,0.19753086419753085,1.0
300,40.0,3,True,0.5185185185185185,1.0
300,40.0,3,True,0.8765432098765432,1.0
300,40.0,3,True,0.30864197530864196,1.0
300,40.0,3,True,0.5308641975308642,1.0
300,40.0,3,True,0.24691358024691357,1.0
300,40.0,3,True,0.2222222222222222,1.0
300,40.0,3,True,0.1728395061728395,1.0
300,40.0,3,True,0.35802469135802467,1.0
300,40.0,3,True,0.4444444444444444,1.0
300,40.0,3,True,0.32098765432098764,1.0
300,40.0,3,True,0.30864197530864196,1.0
300,40.0,3,True,0.5802469135802469,1.0
300,40.0,3,True,0.345679012345679,1.0
300,40.0,3,True,0.1728395061728395,1.0
300,40.0,3,True,0.38271604938271603,1.0
300,40.0,3,True,0.18518518518518517,1.0
300,40.0,3,True,0.35802469135802467,1.0
300,40.0,3,True,0.37037037037037035,1.0
300,40.0,3,True,0.654320987654321,1.0
300,40.0,3,True,0.3950617283950617,1.0
300,40.0,3,True,0.18518518518518517,1.0
300,40.0,3,True,0.12345679012345678,1.0
300,40.0,3,True,0.1728395061728395,1.0
300,40.0,3,True,0.8148148148148148,1.0
300,40.0,4,True,0.12345679012345678,1.0
300,40.0,3,True,0.19753086419753085,1.0
300,40.0,3,True,0.41975308641975306,1.0
300,40.0,3,True,0.3333333333333333,1.0
300,40.0,3,True,0.14814814814814814,1.0
300,40.0,3,True,0.32098765432098764,1.0
300,40.0,3,True,0.9753086419753086,1.0
300,40.0,3,True,0.5185185185185185,1.0
300,40.0,3,True,0.5432098765432098,1.0
300,40.0,3,True,0.6790123456790124,1.0
300,40.0,3,True,0.7530864197530864,1.0
300,40.0,3,True,0.7283950617283951,1.0
300,40.0,3,True,0.2962962962962963,1.0
300,40.0,3,True,0.32098765432098764,1.0
300,40.0,3,True,0.4567901234567901,1.0
300,40.0,3,True,0.24691358024691357,1.0
300,40.0,3,True,0.32098765432098764,1.0
300,40.0,3,True,0.8888888888888888,1.0
300,40.0,3,True,0.2222222222222222,1.0
300,40.0,6,True,0.13580246913580246,0.1111111111111111
300,40.0,3,True,0.13580246913580246,1.0
300,40.0,3,True,0.2716049382716049,1.0
300,40.0,3,True,0.35802469135802467,1.0
300,40.0,3,True,0.32098765432098764,1.0
300,40.0,3,True,0.7407407407407407,1.0
300,40.0,3,True,0.13580246913580246,1.0
300,40.0,3,True,0.18518518518518517,1.0
300,40.0,3,True,0.32098765432098764,1.0
300,40.0,3,True,0.18518518518518517,1.0
300,40.0,12,True,0.06172839506172839,0.1111111111111111
300,40.0,3,True,0.2345679012345679,1.0
300,40.0,4,True,0.12345679012345678,1.0
300,40.0,3,True,0.1728395061728395,1.0
300,40.0,3,True,0.1728395061728395,1.0
300,40.0,3,True,0.24691358024691357,1.0
300,40.0,3,True,0.3333333333333333,1.0
300,40.0,3,True,0.7530864197530864,1.0
300,40.0,3,True,0.7407407407407407,1.0
300,40.0,3,True,0.38271604938271603,1.0
300,40.0,3,True,0.2222222222222222,1.0
300,40.0,3,True,0.2839506172839506,1.0
300,40.0,4,True,0.14814814814814814,1.0
300,40.0,3,True,0.6790123456790124,1.0
300,40.0,3,True,0.30864197530864196,1.0
300,40.0,3,True,0.3333333333333333,1.0
300,40.0,3,True,0.1728395061728395,1.0
300,40.0,3,True,0.24691358024691357,1.0
300,41.0,3,True,0.18518518518518517,1.0
300,41.0,4,True,0.14814814814814814,1.0
300,41.0,3,True,0.2345679012345679,1.0
300,41.0,4,True,0.1111111111111111,1.0
300,41.0,3,True,0.24691358024691357,1.0
300,41.0,3,True,0.7037037037037037,1.0
300,41.0,4,True,0.1728395061728395,1.0
300,41.0,3,True,0.20987654320987653,1.0
300,41.0,3,True,0.12345679012345678,1.0
300,41.0,3,True,0.14814814814814814,1.0
300,41.0,3,True,0.14814814814814814,1.0
300,41.0,4,True,0.1111111111111111,1.0
300,41.0,3,True,0.24691358024691357,1.0
300,41.0,3,True,0.2839506172839506,1.0
300,41.0,11,True,0.1111111111111111,0.1111111111111111
300,41.0,3,True,0.14814814814814814,1.0
300,41.0,3,True,0.37037037037037035,1.0
300,41.0,11,True,0.13580246913580246,0.1111111111111111
300,41.0,3,True,0.13580246913580246,1.0
300,41.0,3,True,0.18518518518518517,1.0
300,41.0,11,True,0.12345679012345678,0.1111111111111111
300,41.0,13,True,0.12345679012345678,0.1111111111111111
300,41.0,3,True,0.2345679012345679,1.0
300,41.0,3,True,0.24691358024691357,1.0
300,41.0,3,True,0.2962962962962963,1.0
300,41.0,3,True,0.2962962962962963,1.0
300,41.0,3,True,0.16049382716049382,1.0
300,41.0,3,True,0.2962962962962963,1.0
300,41.0,3,True,0.18518518518518517,1.0
300,41.0,4,True,0.12345679012345678,1.0
300,41.0,6,True,0.12345679012345678,0.1111111111111111
300,41.0,12,True,0.12345679012345678,0.1111111111111111
300,41.0,3,True,0.14814814814814814,1.0
300,41.0,3,True,0.3333333333333333,1.0
300,41.0,3,True,0.1728395061728395,1.0
300,41.0,4,True,0.13580246913580246,1.0
300,41.0,5,True,0.12345679012345678,1.0
300,41.0,5,True,0.13580246913580246,1.0
300,41.0,3,True,0.24691358024691357,1.0
300,41.0,3,True,0.19753086419753085,1.0
300,41.0,3,True,0.16049382716049382,1.0
300,41.0,3,True,0.2962962962962963,1.0
300,41.0,3,True,0.1111111111111111,1.0
300,41.0,3,True,0.4074074074074074,1.0
300,41.0,3,True,0.20987654320987653,1.0
300,41.0,3,True,0.16049382716049382,1.0
300,41.0,12,True,0.1111111111111111,0.1111111111111111
300,41.0,3,True,0.24691358024691357,1.0
300,41.0,3,True,0.14814814814814814,1.0
300,41.0,14,True,0.14814814814814814,0.1111111111111111
300,41.0,4,True,0.1111111111111111,1.0
300,41.0,3,True,0.3333333333333333,1.0
300,41.0,3,True,0.18518518518518517,1.0
300,41.0,13,True,0.12345679012345678,0.1111111111111111
300,41.0,3,True,0.14814814814814814,1.0
300,41.0,3,True,0.2716049382716049,1.0
300,41.0,3,True,0.345679012345679,1.0
300,41.0,4,True,0.1111111111111111,1.0
300,41.0,3,True,0.24691358024691357,1.0
300,41.0,3,True,0.32098765432098764,1.0
300,41.0,3,True,0.1728395061728395,1.0
300,41.0,3,True,0.1728395061728395,1.0
300,41.0,8,True,0.16049382716049382,0.1111111111111111
300,41.0,3,True,0.16049382716049382,1.0
300,41.0,3,True,0.2716049382716049,1.0
300,41.0,3,True,0.32098765432098764,1.0
300,41.0,4,True,0.19753086419753085,1.0
300,41.0,3,True,0.14814814814814814,1.0
300,41.0,4,True,0.12345679012345678,1.0
300,41.0,3,True,0.1728395061728395,1.0
300,41.0,3,True,0.25925925925925924,1.0
300,41.0,3,True,0.2839506172839506,1.0
300,41.0,3,True,0.16049382716049382,1.0
300,41.0,3,True,0.12345679012345678,1.0
300,41.0,3,True,0.5555555555555556,1.0
300,41.0,3,True,0.2222222222222222,1.0
300,41.0,3,True,0.14814814814814814,1.0
300,41.0,3,True,0.19753086419753085,1.0
300,41.0,3,True,0.13580246913580246,1.0
300,41.0,3,True,0.19753086419753085,1.0
300,41.0,16,True,0.14814814814814814,0.09876543209876543
300,41.0,3,True,0.2345679012345679,1.0
300,41.0,3,True,0.14814814814814814,1.0
300,41.0,3,True,0.14814814814814814,1.0
300,41.0,6,True,0.1111111111111111,0.1111111111111111
300,41.0,14,True,0.14814814814814814,0.1111111111111111
300,41.0,3,True,0.20987654320987653,1.0
300,41.0,3,True,0.20987654320987653,1.0
300,41.0,3,True,0.2222222222222222,1.0
300,41.0,3,True,0.14814814814814814,1.0
300,41.0,12,True,0.1728395061728395,0.1111111111111111
300,41.0,4,True,0.18518518518518517,1.0
300,41.0,3,True,0.2962962962962963,1.0
300,41.0,16,True,0.13580246913580246,0.1111111111111111
300,41.0,7,True,0.16049382716049382,0.1111111111111111
300,41.0,3,True,0.2345679012345679,1.0
300,41.0,3,True,0.24691358024691357,1.0
300,41.0,3,True,0.2839506172839506,1.0
300,41.0,6,True,0.12345679012345678,0.1111111111111111
300,41.0,3,True,0.1111111111111111,1.0
300,41.0,3,True,0.2222222222222222,1.0
300,41.0,4,True,0.12345679012345678,1.0
300,41.0,3,True,0.25925925925925924,1.0
300,41.0,3,True,0.2716049382716049,1.0
300,41.0,3,True,0.32098765432098764,1.0
300,41.0,3,True,0.19753086419753085,1.0
300,41.0,4,True,0.16049382716049382,1.0
300,41.0,4,True,0.1111111111111111,0.09876543209876543
300,41.0,3,True,0.14814814814814814,1.0
300,41.0,3,True,0.2839506172839506,1.0
300,41.0,4,True,0.12345679012345678,1.0
300,41.0,3,True,0.2345679012345679,1.0
300,41.0,3,True,0.2222222222222222,1.0
300,41.0,3,True,0.16049382716049382,1.0
300,41.0,3,True,0.16049382716049382,1.0
300,41.0,7,True,0.20987654320987653,0.1111111111111111
300,41.0,4,True,0.13580246913580246,1.0
300,41.0,3,True,0.20987654320987653,1.0
300,41.0,3,True,0.16049382716049382,1.0
300,41.0,3,True,0.2962962962962963,1.0
300,41.0,3,True,0.25925925925925924,1.0
300,41.0,12,True,0.12345679012345678,0.1111111111111111
300,41.0,18,True,0.1111111111111111,0.1111111111111111
300,41.0,12,True,0.1111111111111111,0.1111111111111111
300,41.0,11,True,0.13580246913580246,0.1111111111111111
300,41.0,3,True,0.32098765432098764,1.0
300,41.0,3,True,0.30864197530864196,1.0
300,41.0,3,True,0.25925925925925924,1.0
300,41.0,3,True,0.2222222222222222,1.0
300,41.0,3,True,0.18518518518518517,1.0
300,41.0,14,True,0.12345679012345678,0.14814814814814814
300,41.0,7,True,0.12345679012345678,0.1111111111111111
300,41.0,16,True,0.1111111111111111,0.1111111111111111
300,41.0,3,True,0.2345679012345679,1.0
300,41.0,3,True,0.2716049382716049,1.0
300,41.0,3,True,0.13580246913580246,1.0
300,41.0,4,True,0.12345679012345678,1.0
300,41.0,3,True,0.38271604938271603,1.0
300,41.0,3,True,0.16049382716049382,1.0
300,41.0,3,True,0.14814814814814814,1.0
300,41.0,3,True,0.16049382716049382,1.0
300,41.0,3,True,0.1728395061728395,1.0
300,41.0,3,True,0.14814814814814814,1.0
300,41.0,20,False,0.13580246913580246,0.09876543209876543
300,41.0,3,True,0.2839506172839506,1.0
300,41.0,3,True,0.24691358024691357,1.0
300,41.0,3,True,0.16049382716049382,1.0
300,41.0,3,True,0.1111111111111111,1.0
300,41.0,3,True,0.32098765432098764,1.0
300,41.0,3,True,0.16049382716049382,1.0
300,41.0,3,True,0.2962962962962963,1.0
300,41.0,3,True,0.16049382716049382,1.0
300,41.0,3,True,0.2345679012345679,1.0
300,41.0,4,True,0.13580246913580246,1.0
300,41.0,3,True,0.4691358024691358,1.0
300,41.0,3,True,0.13580246913580246,1.0
300,41.0,3,True,0.12345679012345678,1.0
300,41.0,3,True,0.1728395061728395,1.0
300,41.0,4,True,0.16049382716049382,1.0
300,41.0,12,True,0.12345679012345678,0.1111111111111111
300,41.0,3,True,0.1728395061728395,1.0
300,41.0,4,True,0.14814814814814814,1.0
300,41.0,3,True,0.37037037037037035,1.0
300,41.0,8,True,0.12345679012345678,0.12345679012345678
300,41.0,4,True,0.12345679012345678,1.0
300,41.0,3,True,0.18518518518518517,1.0
300,41.0,3,True,0.24691358024691357,1.0
300,41.0,3,True,0.2222222222222222,1.0
300,41.0,4,True,0.12345679012345678,0.1111111111111111
300,41.0,3,True,0.32098765432098764,1.0
300,41.0,3,True,0.16049382716049382,1.0
300,41.0,3,True,0.2716049382716049,1.0
300,41.0,4,True,0.16049382716049382,1.0
300,41.0,3,True,0.19753086419753085,1.0
300,41.0,3,True,0.20987654320987653,1.0
300,41.0,3,True,0.14814814814814814,1.0
300,41.0,3,True,0.1728395061728395,1.0
300,41.0,4,True,0.1728395061728395,1.0
300,41.0,3,True,0.18518518518518517,1.0
300,41.0,3,True,0.19753086419753085,1.0
300,41.0,13,True,0.12345679012345678,0.1111111111111111
300,41.0,3,True,0.32098765432098764,1.0
300,41.0,3,True,0.14814814814814814,1.0
300,41.0,4,True,0.1111111111111111,1.0
300,41.0,3,True,0.3333333333333333,1.0
300,41.0,3,True,0.12345679012345678,1.0
300,41.0,3,True,0.1728395061728395,1.0
300,41.0,4,True,0.16049382716049382,1.0
300,41.0,4,True,0.13580246913580246,1.0
300,41.0,4,True,0.12345679012345678,1.0
300,41.0,14,True,0.1111111111111111,0.1111111111111111
300,41.0,3,True,0.16049382716049382,1.0
300,41.0,3,True,0.14814814814814814,1.0
300,41.0,3,True,0.13580246913580246,1.0
300,41.0,3,True,0.18518518518518517,1.0
300,41.0,3,True,0.5555555555555556,1.0
300,41.0,3,True,0.18518518518518517,1.0
300,41.0,4,True,0.2222222222222222,1.0
300,41.0,8,True,0.12345679012345678,0.1111111111111111
300,41.0,20,False,0.12345679012345678,0.1111111111111111
300,41.0,14,True,0.1111111111111111,0.1111111111111111
300,41.0,3,True,0.3333333333333333,1.0
300,41.0,4,True,0.16049382716049382,1.0
300,41.0,6,True,0.14814814814814814,1.0
300,41.0,3,True,0.2839506172839506,1.0
300,41.0,11,True,0.1111111111111111,0.1111111111111111
300,41.0,3,True,0.345679012345679,1.0
300,41.0,3,True,0.14814814814814814,1.0
300,41.0,4,True,0.18518518518518517,1.0
300,41.0,3,True,0.1728395061728395,1.0
300,41.0,3,True,0.2839506172839506,1.0
300,41.0,16,True,0.12345679012345678,0.12345679012345678
300,41.0,7,True,0.13580246913580246,0.1111111111111111
300,41.0,3,True,0.20987654320987653,1.0
300,41.0,3,True,0.16049382716049382,1.0
300,41.0,3,True,0.3333333333333333,1.0
300,41.0,3,True,0.2962962962962963,1.0
300,41.0,3,True,0.30864197530864196,1.0
300,41.0,11,True,0.1111111111111111,0.1111111111111111
300,41.0,3,True,0.16049382716049382,1.0
300,41.0,3,True,0.18518518518518517,1.0
300,41.0,3,True,0.43209876543209874,1.0
300,41.0,3,True,0.5555555555555556,1.0
300,41.0,3,True,0.2222222222222222,1.0
300,41.0,3,True,0.1728395061728395,1.0
300,41.0,4,True,0.19753086419753085,1.0
300,41.0,3,True,0.25925925925925924,1.0
300,41.0,3,True,0.18518518518518517,1.0
300,41.0,3,True,0.3333333333333333,1.0
300,41.0,3,True,0.12345679012345678,1.0
300,41.0,3,True,0.345679012345679,1.0
300,41.0,3,True,0.12345679012345678,1.0
300,41.0,6,True,0.1111111111111111,0.1111111111111111
300,41.0,3,True,0.4444444444444444,1.0
300,41.0,3,True,0.16049382716049382,1.0
300,41.0,3,True,0.2222222222222222,1.0
300,41.0,3,True,0.16049382716049382,1.0
300,41.0,5,True,0.12345679012345678,1.0
300,41.0,20,True,0.13580246913580246,0.1111111111111111
300,41.0,3,True,0.3333333333333333,1.0
300,41.0,3,True,0.2345679012345679,1.0
300,41.0,3,True,0.18518518518518517,1.0
300,41.0,3,True,0.1728395061728395,1.0
300,41.0,3,True,0.2222222222222222,1.0
300,41.0,3,True,0.14814814814814814,1.0
300,41.0,3,True,0.13580246913580246,1.0
300,41.0,3,True,0.12345679012345678,1.0
300,41.0,3,True,0.24691358024691357,1.0
300,41.0,3,True,0.2716049382716049,1.0
300,41.0,4,True,0.12345679012345678,1.0
300,41.0,4,True,0.14814814814814814,1.0
300,41.0,3,True,0.20987654320987653,1.0
300,41.0,3,True,0.2222222222222222,1.0
300,41.0,3,True,0.2962962962962963,1.0
300,41.0,3,True,0.14814814814814814,1.0
300,41.0,4,True,0.1111111111111111,1.0
300,41.0,3,True,0.12345679012345678,1.0
300,41.0,3,True,0.16049382716049382,1.0
300,41.0,3,True,0.16049382716049382,1.0
300,41.0,4,True,0.18518518518518517,1.0
300,41.0,14,True,0.13580246913580246,0.1111111111111111
300,41.0,3,True,0.16049382716049382,1.0
300,41.0,7,True,0.1728395061728395,0.1111111111111111
300,41.0,3,True,0.3333333333333333,1.0
300,41.0,3,True,0.345679012345679,1.0
300,41.0,3,True,0.48148148148148145,1.0
300,41.0,3,True,0.32098765432098764,1.0
300,41.0,3,True,0.1728395061728395,1.0
300,41.0,3,True,0.13580246913580246,1.0
300,41.0,3,True,0.48148148148148145,1.0
300,41.0,3,True,0.43209876543209874,1.0
300,41.0,3,True,0.13580246913580246,1.0
300,41.0,8,True,0.1728395061728395,0.1111111111111111
300,41.0,4,True,0.12345679012345678,1.0
300,41.0,3,True,0.7160493827160493,1.0
300,41.0,4,True,0.18518518518518517,1.0
300,41.0,3,True,0.16049382716049382,1.0
300,41.0,4,True,0.12345679012345678,1.0
300,41.0,8,True,0.1111111111111111,0.1111111111111111
300,41.0,3,True,0.9753086419753086,1.0
300,41.0,3,True,0.20987654320987653,1.0
300,41.0,3,True,0.19753086419753085,1.0
300,41.0,6,True,0.1728395061728395,0.13580246913580246
300,41.0,10,True,0.13580246913580246,0.1111111111111111
300,41.0,3,True,0.14814814814814814,1.0
300,41.0,3,True,0.18518518518518517,1.0
300,41.0,3,True,0.20987654320987653,1.0
300,41.0,3,True,0.24691358024691357,1.0
300,41.0,3,True,0.19753086419753085,1.0
300,41.0,4,True,0.12345679012345678,1.0
300,41.0,3,True,0.12345679012345678,1.0
300,41.0,4,True,0.12345679012345678,1.0
300,41.0,3,True,0.3333333333333333,1.0
300,41.0,3,True,0.2345679012345679,1.0
300,41.0,3,True,0.14814814814814814,1.0
300,41.0,3,True,0.24691358024691357,1.0
300,41.0,3,True,0.14814814814814814,1.0
300,41.0,3,True,0.3333333333333333,1.0
300,41.0,3,True,0.13580246913580246,1.0
300,41.0,3,True,0.4074074074074074,1.0
300,42.0,8,True,0.1111111111111111,0.1111111111111111
300,42.0,11,True,0.12345679012345678,0.1111111111111111
300,42.0,3,True,0.25925925925925924,1.0
300,42.0,3,True,0.2839506172839506,1.0
300,42.0,6,True,0.1111111111111111,0.1111111111111111
300,42.0,4,True,0.12345679012345678,1.0
300,42.0,3,True,0.12345679012345678,1.0
300,42.0,6,True,0.12345679012345678,0.1111111111111111
300,42.0,7,True,0.12345679012345678,0.1111111111111111
300,42.0,8,True,0.1111111111111111,0.07407407407407407
300,42.0,7,True,0.1111111111111111,0.1111111111111111
300,42.0,6,True,0.1111111111111111,0.13580246913580246
300,42.0,5,True,0.13580246913580246,0.08641975308641975
300,42.0,7,True,0.1111111111111111,0.1111111111111111
300,42.0,6,True,0.12345679012345678,0.1111111111111111
300,42.0,3,True,0.6666666666666666,1.0
300,42.0,7,True,0.1111111111111111,0.1111111111111111
300,42.0,8,True,0.1111111111111111,0.1111111111111111
300,42.0,3,True,0.32098765432098764,1.0
300,42.0,10,True,0.13580246913580246,0.1111111111111111
300,42.0,13,True,0.12345679012345678,0.037037037037037035
300,42.0,3,True,0.13580246913580246,1.0
300,42.0,4,True,0.1111111111111111,1.0
300,42.0,4,True,0.1111111111111111,1.0
300,42.0,17,True,0.1111111111111111,0.1111111111111111
300,42.0,13,True,0.1111111111111111,0.1111111111111111
300,42.0,6,True,0.13580246913580246,0.06172839506172839
300,42.0,3,True,0.14814814814814814,1.0
300,42.0,11,True,0.1111111111111111,0.1111111111111111
300,42.0,6,True,0.12345679012345678,0.1111111111111111
300,42.0,10,True,0.1111111111111111,0.1111111111111111
300,42.0,15,True,0.12345679012345678,0.1111111111111111
300,42.0,11,True,0.09876543209876543,0.1111111111111111
300,42.0,5,True,0.1111111111111111,0.12345679012345678
300,42.0,16,True,0.1111111111111111,0.1111111111111111
300,42.0,3,True,0.16049382716049382,1.0
300,42.0,7,True,0.16049382716049382,0.1111111111111111
300,42.0,4,True,0.12345679012345678,1.0
300,42.0,8,True,0.14814814814814814,0.1111111111111111
300,42.0,5,True,0.13580246913580246,1.0
300,42.0,3,True,0.12345679012345678,1.0
300,42.0,9,True,0.12345679012345678,0.1111111111111111
300,42.0,3,True,0.20987654320987653,1.0
300,42.0,12,True,0.09876543209876543,0.1111111111111111
300,42.0,8,True,0.12345679012345678,0.1111111111111111
300,42.0,16,True,0.12345679012345678,0.1111111111111111
300,42.0,3,True,0.12345679012345678,1.0
300,42.0,14,True,0.13580246913580246,0.1111111111111111
300,42.0,13,True,0.12345679012345678,0.1111111111111111
300,42.0,3,True,0.2962962962962963,1.0
300,42.0,6,True,0.1111111111111111,0.1111111111111111
300,42.0,7,True,0.1111111111111111,0.1111111111111111
300,42.0,3,True,0.1728395061728395,1.0
300,42.0,7,True,0.13580246913580246,0.1111111111111111
300,42.0,3,True,0.16049382716049382,1.0
300,42.0,4,True,0.13580246913580246,1.0
300,42.0,13,True,0.13580246913580246,0.1111111111111111
300,42.0,4,True,0.1111111111111111,1.0
300,42.0,3,True,0.13580246913580246,1.0
300,42.0,8,True,0.13580246913580246,0.1111111111111111
300,42.0,20,True,0.1111111111111111,0.1111111111111111
300,42.0,8,True,0.13580246913580246,0.1111111111111111
300,42.0,7,True,0.12345679012345678,0.12345679012345678
300,42.0,4,True,0.19753086419753085,1.0
300,42.0,9,True,0.12345679012345678,0.1111111111111111
300,42.0,12,True,0.12345679012345678,0.1111111111111111
300,42.0,6,True,0.13580246913580246,0.1111111111111111
300,42.0,13,True,0.12345679012345678,0.1111111111111111
300,42.0,8,True,0.12345679012345678,0.1111111111111111
300,42.0,5,True,0.13580246913580246,1.0
300,42.0,18,True,0.1111111111111111,0.1111111111111111
300,42.0,3,True,0.16049382716049382,1.0
300,42.0,3,True,0.13580246913580246,1.0
300,42.0,8,True,0.1111111111111111,0.1111111111111111
300,42.0,12,True,0.1111111111111111,0.1111111111111111
300,42.0,10,True,0.1111111111111111,0.1111111111111111
300,42.0,4,True,0.1728395061728395,1.0
300,42.0,9,True,0.1111111111111111,0.1111111111111111
300,42.0,18,True,0.1111111111111111,0.1111111111111111
300,42.0,4,True,0.13580246913580246,1.0
300,42.0,4,True,0.13580246913580246,1.0
300,42.0,11,True,0.13580246913580246,0.1111111111111111
300,42.0,19,True,0.12345679012345678,0.07407407407407407
300,42.0,3,True,0.16049382716049382,1.0
300,42.0,16,True,0.1111111111111111,0.1111111111111111
300,42.0,12,True,0.13580246913580246,0.1111111111111111
300,42.0,3,True,0.16049382716049382,1.0
300,42.0,3,True,0.19753086419753085,1.0
300,42.0,6,True,0.12345679012345678,0.07407407407407407
300,42.0,8,True,0.1111111111111111,0.14814814814814814
300,42.0,4,True,0.13580246913580246,1.0
300,42.0,3,True,0.32098765432098764,1.0
300,42.0,13,True,0.1111111111111111,0.1111111111111111
300,42.0,3,True,0.1728395061728395,1.0
300,42.0,10,True,0.16049382716049382,0.1111111111111111
300,42.0,12,True,0.13580246913580246,0.1111111111111111
300,42.0,4,True,0.14814814814814814,1.0
300,42.0,5,True,0.1111111111111111,0.12345679012345678
300,42.0,7,True,0.12345679012345678,0.1111111111111111
300,42.0,11,True,0.12345679012345678,0.1111111111111111
300,42.0,6,True,0.08641975308641975,0.1111111111111111
300,42.0,3,True,0.18518518518518517,1.0
300,42.0,10,True,0.1111111111111111,0.1111111111111111
300,42.0,13,True,0.1111111111111111,0.1111111111111111
300,42.0,3,True,0.14814814814814814,1.0
300,42.0,18,True,0.09876543209876543,0.1111111111111111
300,42.0,11,True,0.13580246913580246,0.1111111111111111
300,42.0,3,True,0.18518518518518517,1.0
300,42.0,14,True,0.12345679012345678,0.1111111111111111
300,42.0,14,True,0.12345679012345678,0.1111111111111111
300,42.0,3,True,0.13580246913580246,1.0
300,42.0,3,True,0.19753086419753085,1.0
300,42.0,18,True,0.1111111111111111,0.1111111111111111
300,42.0,19,True,0.1111111111111111,0.1111111111111111
300,42.0,5,True,0.14814814814814814,0.07407407407407407
300,42.0,8,True,0.1111111111111111,0.1111111111111111
300,42.0,6,True,0.1111111111111111,0.1111111111111111
300,42.0,3,True,0.20987654320987653,1.0
300,42.0,7,True,0.09876543209876543,0.1111111111111111
300,42.0,10,True,0.09876543209876543,0.1111111111111111
300,42.0,8,True,0.1111111111111111,0.1111111111111111
300,42.0,8,True,0.1111111111111111,0.1111111111111111
300,42.0,9,True,0.16049382716049382,0.1111111111111111
300,42.0,3,True,0.16049382716049382,1.0
300,42.0,4,True,0.12345679012345678,1.0
300,42.0,3,True,0.14814814814814814,1.0
300,42.0,11,True,0.1111111111111111,0.1111111111111111
300,42.0,8,True,0.1111111111111111,0.1111111111111111
300,42.0,10,True,0.1111111111111111,0.1111111111111111
300,42.0,7,True,0.09876543209876543,0.08641975308641975
300,42.0,7,True,0.12345679012345678,0.1111111111111111
300,42.0,7,True,0.18518518518518517,0.1111111111111111
300,42.0,9,True,0.13580246913580246,0.1111111111111111
300,42.0,7,True,0.12345679012345678,0.07407407407407407
300,42.0,11,True,0.13580246913580246,0.1111111111111111
300,42.0,3,True,0.13580246913580246,1.0
300,42.0,4,True,0.1111111111111111,1.0
300,42.0,3,True,0.1111111111111111,1.0
300,42.0,6,True,0.12345679012345678,0.1111111111111111
300,42.0,3,True,0.345679012345679,1.0
300,42.0,3,True,0.1728395061728395,1.0
300,42.0,7,True,0.1111111111111111,0.1111111111111111
300,42.0,6,True,0.1111111111111111,0.1111111111111111
300,42.0,8,True,0.12345679012345678,0.07407407407407407
300,42.0,5,True,0.1111111111111111,0.07407407407407407
300,42.0,3,True,0.2716049382716049,1.0
300,42.0,6,True,0.1111111111111111,0.12345679012345678
300,42.0,20,False,0.1111111111111111,0.06172839506172839
300,42.0,13,True,0.12345679012345678,0.1111111111111111
300,42.0,14,True,0.1111111111111111,0.1111111111111111
300,42.0,4,True,0.13580246913580246,1.0
300,42.0,9,True,0.1111111111111111,0.1111111111111111
300,42.0,8,True,0.14814814814814814,0.1111111111111111
300,42.0,3,True,0.13580246913580246,1.0
300,42.0,8,True,0.14814814814814814,0.1111111111111111
300,42.0,20,False,0.12345679012345678,0.09876543209876543
300,42.0,3,True,0.13580246913580246,1.0
300,42.0,18,True,0.12345679012345678,0.1111111111111111
300,42.0,3,True,0.14814814814814814,1.0
300,42.0,4,True,0.13580246913580246,1.0
300,42.0,3,True,0.13580246913580246,1.0
300,42.0,14,True,0.12345679012345678,0.1111111111111111
300,42.0,6,True,0.1111111111111111,0.09876543209876543
300,42.0,7,True,0.13580246913580246,0.06172839506172839
300,42.0,5,True,0.13580246913580246,0.08641975308641975
300,42.0,3,True,0.2345679012345679,1.0
300,42.0,3,True,0.16049382716049382,1.0
300,42.0,9,True,0.14814814814814814,0.1111111111111111
300,42.0,20,False,0.12345679012345678,0.12345679012345678
300,42.0,5,True,0.1111111111111111,1.0
300,42.0,3,True,0.1728395061728395,1.0
300,42.0,14,True,0.1111111111111111,0.1111111111111111
300,42.0,3,True,0.1111111111111111,1.0
300,42.0,19,True,0.1111111111111111,0.1111111111111111
300,42.0,4,True,0.1728395061728395,1.0
300,42.0,4,True,0.12345679012345678,1.0
300,42.0,3,True,0.12345679012345678,1.0
300,42.0,6,True,0.12345679012345678,0.1111111111111111
300,42.0,9,True,0.13580246913580246,0.1111111111111111
300,42.0,3,True,0.19753086419753085,1.0
300,42.0,3,True,0.2222222222222222,1.0
300,42.0,14,True,0.1111111111111111,0.1111111111111111
300,42.0,3,True,0.1111111111111111,1.0
300,42.0,6,True,0.1111111111111111,0.12345679012345678
300,42.0,20,True,0.1111111111111111,0.1111111111111111
300,42.0,3,True,0.2839506172839506,1.0
300,42.0,3,True,0.18518518518518517,1.0
300,42.0,3,True,0.14814814814814814,1.0
300,42.0,3,True,0.13580246913580246,1.0
300,42.0,10,True,0.13580246913580246,0.1111111111111111
300,42.0,8,True,0.1111111111111111,0.1111111111111111
300,42.0,3,True,0.1111111111111111,1.0
300,42.0,11,True,0.1111111111111111,0.1111111111111111
300,42.0,8,True,0.1111111111111111,0.1111111111111111
300,42.0,6,True,0.16049382716049382,0.1111111111111111
300,42.0,4,True,0.1111111111111111,1.0
300,42.0,4,True,0.1111111111111111,1.0
300,42.0,8,True,0.1111111111111111,0.1111111111111111
300,42.0,7,True,0.13580246913580246,0.1111111111111111
300,42.0,10,True,0.1111111111111111,0.1111111111111111
300,42.0,6,True,0.20987654320987653,0.1111111111111111
300,42.0,4,True,0.13580246913580246,1.0
300,42.0,9,True,0.1111111111111111,0.1111111111111111
300,42.0,4,True,0.13580246913580246,1.0
300,42.0,14,True,0.12345679012345678,0.1111111111111111
300,42.0,6,True,0.1111111111111111,0.1111111111111111
300,42.0,14,True,0.09876543209876543,0.1111111111111111
300,42.0,4,True,0.16049382716049382,1.0
300,42.0,3,True,0.14814814814814814,1.0
300,42.0,3,True,0.14814814814814814,1.0
300,42.0,4,True,0.1111111111111111,1.0
300,42.0,16,True,0.12345679012345678,0.13580246913580246
300,42.0,6,True,0.1111111111111111,0.09876543209876543
300,42.0,9,True,0.12345679012345678,0.1111111111111111
300,42.0,17,True,0.12345679012345678,0.1111111111111111
300,42.0,6,True,0.1111111111111111,0.1111111111111111
300,42.0,4,True,0.1111111111111111,1.0
300,42.0,7,True,0.12345679012345678,0.19753086419753085
300,42.0,4,True,0.13580246913580246,1.0
300,42.0,5,True,0.1111111111111111,0.1111111111111111
300,42.0,6,True,0.1111111111111111,0.1111111111111111
300,42.0,3,True,0.16049382716049382,1.0
300,42.0,15,True,0.12345679012345678,0.1111111111111111
300,42.0,3,True,0.1111111111111111,1.0
300,42.0,13,True,0.1111111111111111,0.1111111111111111
300,42.0,7,True,0.14814814814814814,0.09876543209876543
300,42.0,6,True,0.1111111111111111,0.1111111111111111
300,42.0,16,True,0.1111111111111111,0.1111111111111111
300,42.0,6,True,0.1111111111111111,0.1111111111111111
300,42.0,13,True,0.14814814814814814,0.1111111111111111
300,42.0,4,True,0.1111111111111111,0.1111111111111111
300,42.0,12,True,0.13580246913580246,0.1111111111111111
300,42.0,4,True,0.1111111111111111,1.0
300,42.0,11,True,0.14814814814814814,0.06172839506172839
300,42.0,6,True,0.12345679012345678,0.1111111111111111
300,42.0,4,True,0.13580246913580246,1.0
300,42.0,11,True,0.12345679012345678,0.1111111111111111
300,42.0,7,True,0.1111111111111111,0.1111111111111111
300,42.0,11,True,0.1728395061728395,0.1111111111111111
300,42.0,3,True,0.12345679012345678,1.0
300,42.0,10,True,0.1111111111111111,0.1111111111111111
300,42.0,5,True,0.13580246913580246,0.07407407407407407
300,42.0,7,True,0.1111111111111111,0.1111111111111111
300,42.0,9,True,0.13580246913580246,0.1111111111111111
300,42.0,7,True,0.12345679012345678,0.1111111111111111
300,42.0,15,True,0.12345679012345678,0.1111111111111111
300,42.0,4,True,0.14814814814814814,1.0
300,42.0,3,True,0.3333333333333333,1.0
300,42.0,10,True,0.14814814814814814,0.1111111111111111
300,42.0,3,True,0.16049382716049382,1.0
300,42.0,7,True,0.1111111111111111,0.09876543209876543
300,42.0,4,True,0.12345679012345678,1.0
300,42.0,4,True,0.12345679012345678,1.0
300,42.0,13,True,0.1111111111111111,0.1111111111111111
300,42.0,20,False,0.12345679012345678,0.1111111111111111
300,42.0,3,True,0.19753086419753085,1.0
300,42.0,3,True,0.19753086419753085,1.0
300,42.0,5,True,0.12345679012345678,1.0
300,42.0,5,True,0.1111111111111111,0.09876543209876543
300,42.0,11,True,0.1111111111111111,0.1111111111111111
300,42.0,10,True,0.09876543209876543,0.1111111111111111
300,42.0,3,True,0.14814814814814814,1.0
300,42.0,3,True,0.2345679012345679,1.0
300,42.0,3,True,0.1111111111111111,1.0
300,42.0,3,True,0.13580246913580246,1.0
300,42.0,9,True,0.1111111111111111,0.1111111111111111
300,42.0,4,True,0.12345679012345678,1.0
300,42.0,9,True,0.13580246913580246,0.07407407407407407
300,42.0,3,True,0.16049382716049382,1.0
300,42.0,17,True,0.13580246913580246,0.1111111111111111
300,42.0,5,True,0.1111111111111111,0.1111111111111111
300,42.0,6,True,0.1111111111111111,0.1111111111111111
300,42.0,3,True,0.24691358024691357,1.0
300,42.0,9,True,0.1111111111111111,0.1111111111111111
300,42.0,9,True,0.09876543209876543,0.1111111111111111
300,42.0,8,True,0.18518518518518517,0.1111111111111111
300,42.0,4,True,0.16049382716049382,1.0
300,42.0,3,True,0.20987654320987653,1.0
300,42.0,3,True,0.13580246913580246,1.0
300,42.0,4,True,0.1111111111111111,1.0
300,42.0,19,True,0.1111111111111111,0.1111111111111111
300,42.0,5,True,0.1111111111111111,1.0
300,42.0,3,True,0.2839506172839506,1.0
300,42.0,20,False,0.16049382716049382,0.1111111111111111
300,42.0,14,True,0.1111111111111111,0.1111111111111111
300,42.0,3,True,0.19753086419753085,1.0
300,42.0,3,True,0.1728395061728395,1.0
300,42.0,4,True,0.12345679012345678,1.0
300,42.0,3,True,0.16049382716049382,1.0
300,42.0,5,True,0.18518518518518517,0.1111111111111111
300,42.0,17,True,0.13580246913580246,0.1111111111111111
300,42.0,19,True,0.14814814814814814,0.1111111111111111
300,42.0,12,True,0.1111111111111111,0.1111111111111111
300,42.0,4,True,0.2222222222222222,1.0
300,42.0,12,True,0.12345679012345678,0.1111111111111111
300,42.0,3,True,0.18518518518518517,1.0
300,42.0,10,True,0.13580246913580246,0.1111111111111111
300,42.0,8,True,0.13580246913580246,0.1111111111111111
300,42.0,6,True,0.1111111111111111,0.12345679012345678
300,42.0,13,True,0.12345679012345678,0.1111111111111111
400,28.000000000000004,2,True,1.0,1.0
400,28.000000000000004,2,True,1.0,1.0
400,28.000000000000004,2,True,1.0,1.0
400,28.000000000000004,2,True,1.0,1.0
400,28.000000000000004,2,True,1.0,1.0
400,28.000000000000004,2,True,1.0,1.0
400,28.000000000000004,2,True,1.0,1.0
400,28.000000000000004,2,True,1.0,1.0
400,28.000000000000004,2,True,1.0,1.0
400,28.000000000000004,2,True,1.0,1.0
400,28.000000000000004,2,True,1.0,1.0
400,28.000000000000004,2,True,1.0,1.0
400,28.000000000000004,2,True,1.0,1.0
400,28.000000000000004,2,True,1.0,1.0
400,28.000000000000004,2,True,1.0,1.0
400,28.000000000000004,2,True,1.0,1.0
400,28.000000000000004,2,True,1.0,1.0
400,28.000000000000004,2,True,1.0,1.0
400,28.000000000000004,2,True,1.0,1.0
400,28.000000000000004,2,True,1.0,1.0
400,28.000000000000004,2,True,1.0,1.0
400,28.000000000000004,2,True,1.0,1.0
400,28.000000000000004,2,True,1.0,1.0
400,28.000000000000004,2,True,1.0,1.0
400,28.000000000000004,2,True,1.0,1.0
400,28.000000000000004,2,True,1.0,1.0
400,28.000000000000004,2,True,1.0,1.0
400,28.000000000000004,2,True,1.0,1.0
400,28.000000000000004,2,True,1.0,1.0
400,28.000000000000004,2,True,1.0,1.0
400,28.000000000000004,2,True,1.0,1.0
400,28.000000000000004,2,True,1.0,1.0
400,28.000000000000004,2,True,1.0,1.0
400,28.000000000000004,2,True,1.0,1.0
400,28.000000000000004,2,True,1.0,1.0
400,28.000000000000004,2,True,1.0,1.0
400,28.000000000000004,2,True,1.0,1.0
400,28.000000000000004,2,True,1.0,1.0
400,28.000000000000004,2,True,1.0,1.0
400,28.000000000000004,2,True,1.0,1.0
400,28.000000000000004,2,True,1.0,1.0
400,28.000000000000004,2,True,1.0,1.0
400,28.000000000000004,2,True,1.0,1.0
400,28.000000000000004,2,True,1.0,1.0
400,28.000000000000004,2,True,1.0,1.0
400,28.000000000000004,2,True,1.0,1.0
400,28.000000000000004,2,True,1.0,1.0
400,28.000000000000004,2,True,1.0,1.0
400,28.000000000000004,2,True,1.0,1.0
400,28.000000000000004,2,True,1.0,1.0
400,28.000000000000004,2,True,1.0,1.0
400,28.000000000000004,2,True,1.0,1.0
400,28.000000000000004,2,True,1.0,1.0
400,28.000000000000004,2,True,1.0,1.0
400,28.000000000000004,2,True,1.0,1.0
400,28.000000000000004,2,True,1.0,1.0
400,28.000000000000004,2,True,1.0,1.0
400,28.000000000000004,2,True,1.0,1.0
400,28.000000000000004,2,True,1.0,1.0
400,28.000000000000004,2,True,1.0,1.0
400,28.000000000000004,2,True,1.0,1.0
400,28.000000000000004,2,True,1.0,1.0
400,28.000000000000004,2,True,1.0,1.0
400,28.000000000000004,2,True,1.0,1.0
400,28.000000000000004,2,True,1.0,1.0
400,28.000000000000004,2,True,1.0,1.0
400,28.000000000000004,2,True,1.0,1.0
400,28.000000000000004,2,True,1.0,1.0
400,28.000000000000004,2,True,1.0,1.0
400,28.000000000000004,2,True,1.0,1.0
400,28.000000000000004,2,True,1.0,1.0
400,28.000000000000004,2,True,1.0,1.0
400,28.000000000000004,2,True,1.0,1.0
400,28.000000000000004,2,True,1.0,1.0
400,28.000000000000004,2,True,1.0,1.0
400,28.000000000000004,2,True,1.0,1.0
400,28.000000000000004,2,True,1.0,1.0
400,28.000000000000004,2,True,1.0,1.0
400,28.000000000000004,2,True,1.0,1.0
400,28.000000000000004,2,True,1.0,1.0
400,28.000000000000004,2,True,1.0,1.0
400,28.000000000000004,2,True,1.0,1.0
400,28.000000000000004,2,True,1.0,1.0
400,28.000000000000004,2,True,1.0,1.0
400,28.000000000000004,2,True,1.0,1.0
400,28.000000000000004,2,True,1.0,1.0
400,28.000000000000004,2,True,1.0,1.0
400,28.000000000000004,2,True,1.0,1.0
400,28.000000000000004,2,True,1.0,1.0
400,28.000000000000004,2,True,1.0,1.0
400,28.000000000000004,2,True,1.0,1.0
400,28.000000000000004,2,True,1.0,1.0
400,28.000000000000004,2,True,1.0,1.0
400,28.000000000000004,2,True,1.0,1.0
400,28.000000000000004,2,True,1.0,1.0
400,28.000000000000004,2,True,1.0,1.0
400,28.000000000000004,2,True,1.0,1.0
400,28.000000000000004,2,True,1.0,1.0
400,28.000000000000004,2,True,1.0,1.0
400,28.000000000000004,2,True,1.0,1.0
400,28.000000000000004,2,True,1.0,1.0
400,28.000000000000004,2,True,1.0,1.0
400,28.000000000000004,2,True,1.0,1.0
400,28.000000000000004,2,True,1.0,1.0
400,28.000000000000004,2,True,1.0,1.0
400,28.000000000000004,2,True,1.0,1.0
400,28.000000000000004,2,True,1.0,1.0
400,28.000000000000004,2,True,1.0,1.0
400,28.000000000000004,2,True,1.0,1.0
400,28.000000000000004,2,True,1.0,1.0
400,28.000000000000004,2,True,1.0,1.0
400,28.000000000000004,2,True,1.0,1.0
400,28.000000000000004,2,True,1.0,1.0
400,28.000000000000004,2,True,1.0,1.0
400,28.000000000000004,2,True,1.0,1.0
400,28.000000000000004,2,True,1.0,1.0
400,28.000000000000004,2,True,1.0,1.0
400,28.000000000000004,2,True,1.0,1.0
400,28.000000000000004,2,True,1.0,1.0
400,28.000000000000004,2,True,1.0,1.0
400,28.000000000000004,2,True,1.0,1.0
400,28.000000000000004,2,True,1.0,1.0
400,28.000000000000004,2,True,1.0,1.0
400,28.000000000000004,2,True,1.0,1.0
400,28.000000000000004,2,True,1.0,1.0
400,28.000000000000004,2,True,1.0,1.0
400,28.000000000000004,2,True,1.0,1.0
400,28.000000000000004,2,True,1.0,1.0
400,28.000000000000004,2,True,1.0,1.0
400,28.000000000000004,2,True,1.0,1.0
400,28.000000000000004,2,True,1.0,1.0
400,28.000000000000004,2,True,1.0,1.0
400,28.000000000000004,2,True,1.0,1.0
400,28.000000000000004,2,True,1.0,1.0
400,28.000000000000004,2,True,1.0,1.0
400,28.000000000000004,2,True,1.0,1.0
400,28.000000000000004,2,True,1.0,1.0
400,28.000000000000004,2,True,1.0,1.0
400,28.000000000000004,2,True,1.0,1.0
400,28.000000000000004,2,True,1.0,1.0
400,28.000000000000004,2,True,1.0,1.0
400,28.000000000000004,2,True,1.0,1.0
400,28.000000000000004,2,True,1.0,1.0
400,28.000000000000004,2,True,1.0,1.0
400,28.000000000000004,2,True,1.0,1.0
400,28.000000000000004,2,True,1.0,1.0
400,28.000000000000004,2,True,1.0,1.0
400,28.000000000000004,2,True,1.0,1.0
400,28.000000000000004,2,True,1.0,1.0
400,28.000000000000004,2,True,1.0,1.0
400,28.000000000000004,2,True,1.0,1.0
400,28.000000000000004,2,True,1.0,1.0
400,28.000000000000004,2,True,1.0,1.0
400,28.000000000000004,2,True,1.0,1.0
400,28.000000000000004,2,True,1.0,1.0
400,28.000000000000004,2,True,1.0,1.0
400,28.000000000000004,2,True,1.0,1.0
400,28.000000000000004,2,True,1.0,1.0
400,28.000000000000004,2,True,1.0,1.0
400,28.000000000000004,2,True,1.0,1.0
400,28.000000000000004,2,True,1.0,1.0
400,28.000000000000004,2,True,1.0,1.0
400,28.000000000000004,2,True,1.0,1.0
400,28.000000000000004,2,True,1.0,1.0
400,28.000000000000004,2,True,1.0,1.0
400,28.000000000000004,2,True,1.0,1.0
400,28.000000000000004,2,True,1.0,1.0
400,28.000000000000004,2,True,1.0,1.0
400,28.000000000000004,2,True,1.0,1.0
400,28.000000000000004,2,True,1.0,1.0
400,28.000000000000004,2,True,1.0,1.0
400,28.000000000000004,2,True,1.0,1.0
400,28.000000000000004,2,True,1.0,1.0
400,28.000000000000004,2,True,1.0,1.0
400,28.000000000000004,2,True,1.0,1.0
400,28.000000000000004,2,True,1.0,1.0
400,28.000000000000004,2,True,1.0,1.0
400,28.000000000000004,2,True,1.0,1.0
400,28.000000000000004,2,True,1.0,1.0
400,28.000000000000004,2,True,1.0,1.0
400,28.000000000000004,2,True,1.0,1.0
400,28.000000000000004,2,True,1.0,1.0
400,28.000000000000004,2,True,1.0,1.0
400,28.000000000000004,2,True,1.0,1.0
400,28.000000000000004,2,True,1.0,1.0
400,28.000000000000004,2,True,1.0,1.0
400,28.000000000000004,2,True,1.0,1.0
400,28.000000000000004,2,True,1.0,1.0
400,28.000000000000004,2,True,1.0,1.0
400,28.000000000000004,2,True,1.0,1.0
400,28.000000000000004,2,True,1.0,1.0
400,28.000000000000004,2,True,1.0,1.0
400,28.000000000000004,2,True,1.0,1.0
400,28.000000000000004,2,True,1.0,1.0
400,28.000000000000004,2,True,1.0,1.0
400,28.000000000000004,2,True,1.0,1.0
400,28.000000000000004,2,True,1.0,1.0
400,28.000000000000004,2,True,1.0,1.0
400,28.000000000000004,2,True,1.0,1.0
400,28.000000000000004,2,True,1.0,1.0
400,28.000000000000004,2,True,1.0,1.0
400,28.000000000000004,2,True,1.0,1.0
400,28.000000000000004,2,True,1.0,1.0
400,28.000000000000004,2,True,1.0,1.0
400,28.000000000000004,2,True,1.0,1.0
400,28.000000000000004,2,True,1.0,1.0
400,28.000000000000004,2,True,1.0,1.0
400,28.000000000000004,2,True,1.0,1.0
400,28.000000000000004,2,True,1.0,1.0
400,28.000000000000004,2,True,1.0,1.0
400,28.000000000000004,2,True,1.0,1.0
400,28.000000000000004,2,True,1.0,1.0
400,28.000000000000004,2,True,1.0,1.0
400,28.000000000000004,2,True,1.0,1.0
400,28.000000000000004,2,True,1.0,1.0
400,28.000000000000004,2,True,1.0,1.0
400,28.000000000000004,2,True,1.0,1.0
400,28.000000000000004,2,True,1.0,1.0
400,28.000000000000004,2,True,1.0,1.0
400,28.000000000000004,2,True,1.0,1.0
400,28.000000000000004,2,True,1.0,1.0
400,28.000000000000004,2,True,1.0,1.0
400,28.000000000000004,2,True,1.0,1.0
400,28.000000000000004,2,True,1.0,1.0
400,28.000000000000004,2,True,1.0,1.0
400,28.000000000000004,2,True,1.0,1.0
400,28.000000000000004,2,True,1.0,1.0
400,28.000000000000004,2,True,1.0,1.0
400,28.000000000000004,2,True,1.0,1.0
400,28.000000000000004,2,True,1.0,1.0
400,28.000000000000004,2,True,1.0,1.0
400,28.000000000000004,2,True,1.0,1.0
400,28.000000000000004,2,True,1.0,1.0
400,28.000000000000004,2,True,1.0,1.0
400,28.000000000000004,2,True,1.0,1.0
400,28.000000000000004,2,True,1.0,1.0
400,28.000000000000004,2,True,1.0,1.0
400,28.000000000000004,2,True,1.0,1.0
400,28.000000000000004,2,True,1.0,1.0
400,28.000000000000004,2,True,1.0,1.0
400,28.000000000000004,2,True,1.0,1.0
400,28.000000000000004,2,True,1.0,1.0
400,28.000000000000004,2,True,1.0,1.0
400,28.000000000000004,2,True,1.0,1.0
400,28.000000000000004,2,True,1.0,1.0
400,28.000000000000004,2,True,1.0,1.0
400,28.000000000000004,2,True,1.0,1.0
400,28.000000000000004,2,True,1.0,1.0
400,28.000000000000004,2,True,1.0,1.0
400,28.000000000000004,2,True,1.0,1.0
400,28.000000000000004,2,True,1.0,1.0
400,28.000000000000004,2,True,1.0,1.0
400,28.000000000000004,2,True,1.0,1.0
400,28.000000000000004,2,True,1.0,1.0
400,28.000000000000004,2,True,1.0,1.0
400,28.000000000000004,2,True,1.0,1.0
400,28.000000000000004,2,True,1.0,1.0
400,28.000000000000004,2,True,1.0,1.0
400,28.000000000000004,2,True,1.0,1.0
400,28.000000000000004,2,True,1.0,1.0
400,28.000000000000004,2,True,1.0,1.0
400,28.000000000000004,2,True,1.0,1.0
400,28.000000000000004,2,True,1.0,1.0
400,28.000000000000004,2,True,1.0,1.0
400,28.000000000000004,2,True,1.0,1.0
400,28.000000000000004,2,True,1.0,1.0
400,28.000000000000004,2,True,1.0,1.0
400,28.000000000000004,2,True,1.0,1.0
400,28.000000000000004,2,True,1.0,1.0
400,28.000000000000004,2,True,1.0,1.0
400,28.000000000000004,2,True,1.0,1.0
400,28.000000000000004,2,True,1.0,1.0
400,28.000000000000004,2,True,1.0,1.0
400,28.000000000000004,2,True,1.0,1.0
400,28.000000000000004,2,True,1.0,1.0
400,28.000000000000004,2,True,1.0,1.0
400,28.000000000000004,2,True,1.0,1.0
400,28.000000000000004,2,True,1.0,1.0
400,28.000000000000004,2,True,1.0,1.0
400,28.000000000000004,2,True,1.0,1.0
400,28.000000000000004,2,True,1.0,1.0
400,28.000000000000004,2,True,1.0,1.0
400,28.000000000000004,2,True,1.0,1.0
400,28.000000000000004,2,True,1.0,1.0
400,28.000000000000004,2,True,1.0,1.0
400,28.000000000000004,2,True,1.0,1.0
400,28.000000000000004,2,True,1.0,1.0
400,28.000000000000004,2,True,1.0,1.0
400,28.000000000000004,2,True,1.0,1.0
400,28.000000000000004,2,True,1.0,1.0
400,28.000000000000004,2,True,1.0,1.0
400,28.000000000000004,2,True,1.0,1.0
400,28.000000000000004,2,True,1.0,1.0
400,28.000000000000004,2,True,1.0,1.0
400,28.000000000000004,2,True,1.0,1.0
400,28.000000000000004,2,True,1.0,1.0
400,28.000000000000004,2,True,1.0,1.0
400,28.000000000000004,2,True,1.0,1.0
400,28.000000000000004,2,True,1.0,1.0
400,28.000000000000004,2,True,1.0,1.0
400,28.999999999999996,2,True,1.0,1.0
400,28.999999999999996,2,True,1.0,1.0
400,28.999999999999996,2,True,1.0,1.0
400,28.999999999999996,2,True,1.0,1.0
400,28.999999999999996,2,True,1.0,1.0
400,28.999999999999996,2,True,1.0,1.0
400,28.999999999999996,2,True,1.0,1.0
400,28.999999999999996,2,True,1.0,1.0
400,28.999999999999996,2,True,1.0,1.0
400,28.999999999999996,2,True,1.0,1.0
400,28.999999999999996,2,True,1.0,1.0
400,28.999999999999996,2,True,1.0,1.0
400,28.999999999999996,2,True,1.0,1.0
400,28.999999999999996,2,True,1.0,1.0
400,28.999999999999996,2,True,1.0,1.0
400,28.999999999999996,2,True,1.0,1.0
400,28.999999999999996,2,True,1.0,1.0
400,28.999999999999996,2,True,1.0,1.0
400,28.999999999999996,2,True,1.0,1.0
400,28.999999999999996,2,True,1.0,1.0
400,28.999999999999996,2,True,1.0,1.0
400,28.999999999999996,2,True,1.0,1.0
400,28.999999999999996,2,True,1.0,1.0
400,28.999999999999996,2,True,1.0,1.0
400,28.999999999999996,2,True,1.0,1.0
400,28.999999999999996,2,True,1.0,1.0
400,28.999999999999996,2,True,1.0,1.0
400,28.999999999999996,2,True,1.0,1.0
400,28.999999999999996,2,True,1.0,1.0
400,28.999999999999996,2,True,1.0,1.0
400,28.999999999999996,2,True,1.0,1.0
400,28.999999999999996,2,True,1.0,1.0
400,28.999999999999996,2,True,1.0,1.0
400,28.999999999999996,2,True,1.0,1.0
400,28.999999999999996,2,True,1.0,1.0
400,28.999999999999996,2,True,1.0,1.0
400,28.999999999999996,2,True,1.0,1.0
400,28.999999999999996,2,True,1.0,1.0
400,28.999999999999996,2,True,1.0,1.0
400,28.999999999999996,2,True,1.0,1.0
400,28.999999999999996,2,True,1.0,1.0
400,28.999999999999996,2,True,1.0,1.0
400,28.999999999999996,2,True,1.0,1.0
400,28.999999999999996,2,True,1.0,1.0
400,28.999999999999996,2,True,1.0,1.0
400,28.999999999999996,2,True,1.0,1.0
400,28.999999999999996,2,True,1.0,1.0
400,28.999999999999996,2,True,1.0,1.0
400,28.999999999999996,2,True,1.0,1.0
400,28.999999999999996,2,True,1.0,1.0
400,28.999999999999996,2,True,1.0,1.0
400,28.999999999999996,2,True,1.0,1.0
400,28.999999999999996,2,True,1.0,1.0
400,28.999999999999996,2,True,1.0,1.0
400,28.999999999999996,2,True,1.0,1.0
400,28.999999999999996,2,True,1.0,1.0
400,28.999999999999996,2,True,1.0,1.0
400,28.999999999999996,2,True,1.0,1.0
400,28.999999999999996,2,True,1.0,1.0
400,28.999999999999996,2,True,1.0,1.0
400,28.999999999999996,2,True,1.0,1.0
400,28.999999999999996,2,True,1.0,1.0
400,28.999999999999996,2,True,1.0,1.0
400,28.999999999999996,2,True,1.0,1.0
400,28.999999999999996,2,True,1.0,1.0
400,28.999999999999996,2,True,1.0,1.0
400,28.999999999999996,2,True,1.0,1.0
400,28.999999999999996,2,True,1.0,1.0
400,28.999999999999996,2,True,1.0,1.0
400,28.999999999999996,2,True,1.0,1.0
400,28.999999999999996,2,True,1.0,1.0
400,28.999999999999996,2,True,1.0,1.0
400,28.999999999999996,2,True,1.0,1.0
400,28.999999999999996,2,True,1.0,1.0
400,28.999999999999996,2,True,1.0,1.0
400,28.999999999999996,2,True,1.0,1.0
400,28.999999999999996,2,True,1.0,1.0
400,28.999999999999996,2,True,1.0,1.0
400,28.999999999999996,2,True,1.0,1.0
400,28.999999999999996,2,True,1.0,1.0
400,28.999999999999996,2,True,1.0,1.0
400,28.999999999999996,2,True,1.0,1.0
400,28.999999999999996,2,True,1.0,1.0
400,28.999999999999996,2,True,1.0,1.0
400,28.999999999999996,2,True,1.0,1.0
400,28.999999999999996,2,True,1.0,1.0
400,28.999999999999996,2,True,1.0,1.0
400,28.999999999999996,2,True,1.0,1.0
400,28.999999999999996,2,True,1.0,1.0
400,28.999999999999996,2,True,1.0,1.0
400,28.999999999999996,2,True,1.0,1.0
400,28.999999999999996,2,True,1.0,1.0
400,28.999999999999996,2,True,1.0,1.0
400,28.999999999999996,2,True,1.0,1.0
400,28.999999999999996,2,True,1.0,1.0
400,28.999999999999996,2,True,1.0,1.0
400,28.999999999999996,2,True,1.0,1.0
400,28.999999999999996,2,True,1.0,1.0
400,28.999999999999996,2,True,1.0,1.0
400,28.999999999999996,2,True,1.0,1.0
400,28.999999999999996,2,True,1.0,1.0
400,28.999999999999996,2,True,1.0,1.0
400,28.999999999999996,2,True,1.0,1.0
400,28.999999999999996,2,True,1.0,1.0
400,28.999999999999996,2,True,1.0,1.0
400,28.999999999999996,2,True,1.0,1.0
400,28.999999999999996,2,True,1.0,1.0
400,28.999999999999996,2,True,1.0,1.0
400,28.999999999999996,2,True,1.0,1.0
400,28.999999999999996,2,True,1.0,1.0
400,28.999999999999996,2,True,1.0,1.0
400,28.999999999999996,2,True,1.0,1.0
400,28.999999999999996,2,True,1.0,1.0
400,28.999999999999996,2,True,1.0,1.0
400,28.999999999999996,2,True,1.0,1.0
400,28.999999999999996,2,True,1.0,1.0
400,28.999999999999996,2,True,1.0,1.0
400,28.999999999999996,2,True,1.0,1.0
400,28.999999999999996,2,True,1.0,1.0
400,28.999999999999996,2,True,1.0,1.0
400,28.999999999999996,2,True,1.0,1.0
400,28.999999999999996,2,True,1.0,1.0
400,28.999999999999996,2,True,1.0,1.0
400,28.999999999999996,2,True,1.0,1.0
400,28.999999999999996,2,True,1.0,1.0
400,28.999999999999996,2,True,1.0,1.0
400,28.999999999999996,2,True,1.0,1.0
400,28.999999999999996,2,True,1.0,1.0
400,28.999999999999996,2,True,1.0,1.0
400,28.999999999999996,2,True,1.0,1.0
400,28.999999999999996,2,True,1.0,1.0
400,28.999999999999996,2,True,1.0,1.0
400,28.999999999999996,2,True,1.0,1.0
400,28.999999999999996,2,True,1.0,1.0
400,28.999999999999996,2,True,1.0,1.0
400,28.999999999999996,2,True,1.0,1.0
400,28.999999999999996,2,True,1.0,1.0
400,28.999999999999996,2,True,1.0,1.0
400,28.999999999999996,2,True,1.0,1.0
400,28.999999999999996,2,True,1.0,1.0
400,28.999999999999996,2,True,1.0,1.0
400,28.999999999999996,2,True,1.0,1.0
400,28.999999999999996,2,True,1.0,1.0
400,28.999999999999996,2,True,1.0,1.0
400,28.999999999999996,2,True,1.0,1.0
400,28.999999999999996,2,True,1.0,1.0
400,28.999999999999996,2,True,1.0,1.0
400,28.999999999999996,2,True,1.0,1.0
400,28.999999999999996,2,True,1.0,1.0
400,28.999999999999996,2,True,1.0,1.0
400,28.999999999999996,2,True,1.0,1.0
400,28.999999999999996,2,True,1.0,1.0
400,28.999999999999996,2,True,1.0,1.0
400,28.999999999999996,2,True,1.0,1.0
400,28.999999999999996,2,True,1.0,1.0
400,28.999999999999996,2,True,1.0,1.0
400,28.999999999999996,2,True,1.0,1.0
400,28.999999999999996,2,True,1.0,1.0
400,28.999999999999996,2,True,1.0,1.0
400,28.999999999999996,2,True,1.0,1.0
400,28.999999999999996,2,True,1.0,1.0
400,28.999999999999996,2,True,1.0,1.0
400,28.999999999999996,2,True,1.0,1.0
400,28.999999999999996,2,True,1.0,1.0
400,28.999999999999996,2,True,1.0,1.0
400,28.999999999999996,2,True,1.0,1.0
400,28.999999999999996,2,True,1.0,1.0
400,28.999999999999996,2,True,1.0,1.0
400,28.999999999999996,2,True,1.0,1.0
400,28.999999999999996,2,True,1.0,1.0
400,28.999999999999996,2,True,1.0,1.0
400,28.999999999999996,2,True,1.0,1.0
400,28.999999999999996,2,True,1.0,1.0
400,28.999999999999996,2,True,1.0,1.0
400,28.999999999999996,2,True,1.0,1.0
400,28.999999999999996,2,True,1.0,1.0
400,28.999999999999996,2,True,1.0,1.0
400,28.999999999999996,2,True,1.0,1.0
400,28.999999999999996,2,True,1.0,1.0
400,28.999999999999996,2,True,1.0,1.0
400,28.999999999999996,2,True,1.0,1.0
400,28.999999999999996,2,True,1.0,1.0
400,28.999999999999996,2,True,1.0,1.0
400,28.999999999999996,2,True,1.0,1.0
400,28.999999999999996,2,True,1.0,1.0
400,28.999999999999996,2,True,1.0,1.0
400,28.999999999999996,2,True,1.0,1.0
400,28.999999999999996,2,True,1.0,1.0
400,28.999999999999996,2,True,1.0,1.0
400,28.999999999999996,2,True,1.0,1.0
400,28.999999999999996,2,True,1.0,1.0
400,28.999999999999996,2,True,1.0,1.0
400,28.999999999999996,2,True,1.0,1.0
400,28.999999999999996,2,True,1.0,1.0
400,28.999999999999996,2,True,1.0,1.0
400,28.999999999999996,2,True,1.0,1.0
400,28.999999999999996,2,True,1.0,1.0
400,28.999999999999996,2,True,1.0,1.0
400,28.999999999999996,2,True,1.0,1.0
400,28.999999999999996,2,True,1.0,1.0
400,28.999999999999996,2,True,1.0,1.0
400,28.999999999999996,2,True,1.0,1.0
400,28.999999999999996,2,True,1.0,1.0
400,28.999999999999996,2,True,1.0,1.0
400,28.999999999999996,2,True,1.0,1.0
400,28.999999999999996,2,True,1.0,1.0
400,28.999999999999996,2,True,1.0,1.0
400,28.999999999999996,2,True,1.0,1.0
400,28.999999999999996,2,True,1.0,1.0
400,28.999999999999996,2,True,1.0,1.0
400,28.999999999999996,2,True,1.0,1.0
400,28.999999999999996,2,True,1.0,1.0
400,28.999999999999996,2,True,1.0,1.0
400,28.999999999999996,2,True,1.0,1.0
400,28.999999999999996,2,True,1.0,1.0
400,28.999999999999996,2,True,1.0,1.0
400,28.999999999999996,2,True,1.0,1.0
400,28.999999999999996,2,True,1.0,1.0
400,28.999999999999996,2,True,1.0,1.0
400,28.999999999999996,2,True,1.0,1.0
400,28.999999999999996,2,True,1.0,1.0
400,28.999999999999996,2,True,1.0,1.0
400,28.999999999999996,2,True,1.0,1.0
400,28.999999999999996,2,True,1.0,1.0
400,28.999999999999996,2,True,1.0,1.0
400,28.999999999999996,2,True,1.0,1.0
400,28.999999999999996,2,True,1.0,1.0
400,28.999999999999996,2,True,1.0,1.0
400,28.999999999999996,2,True,1.0,1.0
400,28.999999999999996,2,True,1.0,1.0
400,28.999999999999996,2,True,1.0,1.0
400,28.999999999999996,2,True,1.0,1.0
400,28.999999999999996,2,True,1.0,1.0
400,28.999999999999996,2,True,1.0,1.0
400,28.999999999999996,2,True,1.0,1.0
400,28.999999999999996,2,True,1.0,1.0
400,28.999999999999996,2,True,1.0,1.0
400,28.999999999999996,2,True,1.0,1.0
400,28.999999999999996,2,True,1.0,1.0
400,28.999999999999996,2,True,1.0,1.0
400,28.999999999999996,2,True,1.0,1.0
400,28.999999999999996,2,True,1.0,1.0
400,28.999999999999996,2,True,1.0,1.0
400,28.999999999999996,2,True,1.0,1.0
400,28.999999999999996,2,True,1.0,1.0
400,28.999999999999996,2,True,1.0,1.0
400,28.999999999999996,2,True,1.0,1.0
400,28.999999999999996,2,True,1.0,1.0
400,28.999999999999996,2,True,1.0,1.0
400,28.999999999999996,2,True,1.0,1.0
400,28.999999999999996,2,True,1.0,1.0
400,28.999999999999996,2,True,1.0,1.0
400,28.999999999999996,2,True,1.0,1.0
400,28.999999999999996,2,True,1.0,1.0
400,28.999999999999996,2,True,1.0,1.0
400,28.999999999999996,2,True,1.0,1.0
400,28.999999999999996,2,True,1.0,1.0
400,28.999999999999996,2,True,1.0,1.0
400,28.999999999999996,2,True,1.0,1.0
400,28.999999999999996,2,True,1.0,1.0
400,28.999999999999996,2,True,1.0,1.0
400,28.999999999999996,2,True,1.0,1.0
400,28.999999999999996,2,True,1.0,1.0
400,28.999999999999996,2,True,1.0,1.0
400,28.999999999999996,2,True,1.0,1.0
400,28.999999999999996,2,True,1.0,1.0
400,28.999999999999996,2,True,1.0,1.0
400,28.999999999999996,2,True,1.0,1.0
400,28.999999999999996,2,True,1.0,1.0
400,28.999999999999996,2,True,1.0,1.0
400,28.999999999999996,2,True,1.0,1.0
400,28.999999999999996,2,True,1.0,1.0
400,28.999999999999996,2,True,1.0,1.0
400,28.999999999999996,2,True,1.0,1.0
400,28.999999999999996,2,True,1.0,1.0
400,28.999999999999996,2,True,1.0,1.0
400,28.999999999999996,2,True,1.0,1.0
400,28.999999999999996,2,True,1.0,1.0
400,28.999999999999996,2,True,1.0,1.0
400,28.999999999999996,2,True,1.0,1.0
400,28.999999999999996,2,True,1.0,1.0
400,28.999999999999996,2,True,1.0,1.0
400,28.999999999999996,2,True,1.0,1.0
400,28.999999999999996,2,True,1.0,1.0
400,28.999999999999996,2,True,1.0,1.0
400,28.999999999999996,2,True,1.0,1.0
400,28.999999999999996,2,True,1.0,1.0
400,28.999999999999996,2,True,1.0,1.0
400,28.999999999999996,2,True,1.0,1.0
400,28.999999999999996,2,True,1.0,1.0
400,28.999999999999996,2,True,1.0,1.0
400,28.999999999999996,2,True,1.0,1.0
400,28.999999999999996,2,True,1.0,1.0
400,28.999999999999996,2,True,1.0,1.0
400,28.999999999999996,2,True,1.0,1.0
400,28.999999999999996,2,True,1.0,1.0
400,28.999999999999996,2,True,1.0,1.0
400,28.999999999999996,2,True,1.0,1.0
400,28.999999999999996,2,True,1.0,1.0
400,28.999999999999996,2,True,1.0,1.0
400,30.0,2,True,1.0,1.0
400,30.0,2,True,1.0,1.0
400,30.0,2,True,1.0,1.0
400,30.0,2,True,1.0,1.0
400,30.0,2,True,1.0,1.0
400,30.0,2,True,1.0,1.0
400,30.0,2,True,1.0,1.0
400,30.0,2,True,1.0,1.0
400,30.0,2,True,1.0,1.0
400,30.0,2,True,1.0,1.0
400,30.0,2,True,1.0,1.0
400,30.0,2,True,1.0,1.0
400,30.0,2,True,1.0,1.0
400,30.0,2,True,1.0,1.0
400,30.0,2,True,1.0,1.0
400,30.0,2,True,1.0,1.0
400,30.0,2,True,1.0,1.0
400,30.0,2,True,1.0,1.0
400,30.0,2,True,1.0,1.0
400,30.0,2,True,1.0,1.0
400,30.0,2,True,1.0,1.0
400,30.0,2,True,1.0,1.0
400,30.0,2,True,1.0,1.0
400,30.0,2,True,1.0,1.0
400,30.0,2,True,1.0,1.0
400,30.0,2,True,1.0,1.0
400,30.0,2,True,1.0,1.0
400,30.0,2,True,1.0,1.0
400,30.0,2,True,1.0,1.0
400,30.0,2,True,1.0,1.0
400,30.0,2,True,1.0,1.0
400,30.0,2,True,1.0,1.0
400,30.0,2,True,1.0,1.0
400,30.0,2,True,1.0,1.0
400,30.0,2,True,1.0,1.0
400,30.0,2,True,1.0,1.0
400,30.0,2,True,1.0,1.0
400,30.0,2,True,1.0,1.0
400,30.0,2,True,1.0,1.0
400,30.0,2,True,1.0,1.0
400,30.0,2,True,1.0,1.0
400,30.0,2,True,1.0,1.0
400,30.0,2,True,1.0,1.0
400,30.0,2,True,1.0,1.0
400,30.0,2,True,1.0,1.0
400,30.0,2,True,1.0,1.0
400,30.0,2,True,1.0,1.0
400,30.0,2,True,1.0,1.0
400,30.0,2,True,1.0,1.0
400,30.0,2,True,1.0,1.0
400,30.0,2,True,1.0,1.0
400,30.0,2,True,1.0,1.0
400,30.0,2,True,1.0,1.0
400,30.0,2,True,1.0,1.0
400,30.0,2,True,1.0,1.0
400,30.0,2,True,1.0,1.0
400,30.0,2,True,1.0,1.0
400,30.0,2,True,1.0,1.0
400,30.0,2,True,1.0,1.0
400,30.0,2,True,1.0,1.0
400,30.0,2,True,1.0,1.0
400,30.0,2,True,1.0,1.0
400,30.0,2,True,1.0,1.0
400,30.0,2,True,1.0,1.0
400,30.0,2,True,1.0,1.0
400,30.0,2,True,1.0,1.0
400,30.0,2,True,1.0,1.0
400,30.0,2,True,1.0,1.0
400,30.0,2,True,1.0,1.0
400,30.0,2,True,1.0,1.0
400,30.0,2,True,1.0,1.0
400,30.0,2,True,1.0,1.0
400,30.0,2,True,1.0,1.0
400,30.0,2,True,1.0,1.0
400,30.0,2,True,1.0,1.0
400,30.0,2,True,1.0,1.0
400,30.0,2,True,1.0,1.0
400,30.0,2,True,1.0,1.0
400,30.0,2,True,1.0,1.0
400,30.0,2,True,1.0,1.0
400,30.0,2,True,1.0,1.0
400,30.0,2,True,1.0,1.0
400,30.0,2,True,1.0,1.0
400,30.0,2,True,1.0,1.0
400,30.0,2,True,1.0,1.0
400,30.0,2,True,1.0,1.0
400,30.0,2,True,1.0,1.0
400,30.0,2,True,1.0,1.0
400,30.0,2,True,1.0,1.0
400,30.0,2,True,1.0,1.0
400,30.0,2,True,1.0,1.0
400,30.0,2,True,1.0,1.0
400,30.0,2,True,1.0,1.0
400,30.0,2,True,1.0,1.0
400,30.0,2,True,1.0,1.0
400,30.0,2,True,1.0,1.0
400,30.0,2,True,1.0,1.0
400,30.0,2,True,1.0,1.0
400,30.0,2,True,1.0,1.0
400,30.0,2,True,1.0,1.0
400,30.0,2,True,1.0,1.0
400,30.0,2,True,1.0,1.0
400,30.0,2,True,1.0,1.0
400,30.0,2,True,1.0,1.0
400,30.0,2,True,1.0,1.0
400,30.0,2,True,1.0,1.0
400,30.0,2,True,1.0,1.0
400,30.0,2,True,1.0,1.0
400,30.0,2,True,1.0,1.0
400,30.0,2,True,1.0,1.0
400,30.0,2,True,1.0,1.0
400,30.0,2,True,1.0,1.0
400,30.0,2,True,1.0,1.0
400,30.0,2,True,1.0,1.0
400,30.0,2,True,1.0,1.0
400,30.0,2,True,1.0,1.0
400,30.0,2,True,1.0,1.0
400,30.0,2,True,1.0,1.0
400,30.0,2,True,1.0,1.0
400,30.0,2,True,1.0,1.0
400,30.0,2,True,1.0,1.0
400,30.0,2,True,1.0,1.0
400,30.0,2,True,1.0,1.0
400,30.0,2,True,1.0,1.0
400,30.0,2,True,1.0,1.0
400,30.0,2,True,1.0,1.0
400,30.0,2,True,1.0,1.0
400,30.0,2,True,1.0,1.0
400,30.0,2,True,1.0,1.0
400,30.0,2,True,1.0,1.0
400,30.0,2,True,1.0,1.0
400,30.0,2,True,1.0,1.0
400,30.0,2,True,1.0,1.0
400,30.0,2,True,1.0,1.0
400,30.0,2,True,1.0,1.0
400,30.0,2,True,1.0,1.0
400,30.0,2,True,1.0,1.0
400,30.0,2,True,1.0,1.0
400,30.0,2,True,1.0,1.0
400,30.0,2,True,1.0,1.0
400,30.0,2,True,1.0,1.0
400,30.0,2,True,1.0,1.0
400,30.0,2,True,1.0,1.0
400,30.0,2,True,1.0,1.0
400,30.0,2,True,1.0,1.0
400,30.0,2,True,1.0,1.0
400,30.0,2,True,1.0,1.0
400,30.0,2,True,1.0,1.0
400,30.0,2,True,1.0,1.0
400,30.0,2,True,1.0,1.0
400,30.0,2,True,1.0,1.0
400,30.0,2,True,1.0,1.0
400,30.0,2,True,1.0,1.0
400,30.0,2,True,1.0,1.0
400,30.0,2,True,1.0,1.0
400,30.0,2,True,1.0,1.0
400,30.0,2,True,1.0,1.0
400,30.0,2,True,1.0,1.0
400,30.0,2,True,1.0,1.0
400,30.0,2,True,1.0,1.0
400,30.0,2,True,1.0,1.0
400,30.0,2,True,1.0,1.0
400,30.0,2,True,1.0,1.0
400,30.0,2,True,1.0,1.0
400,30.0,2,True,1.0,1.0
400,30.0,2,True,1.0,1.0
400,30.0,2,True,1.0,1.0
400,30.0,2,True,1.0,1.0
400,30.0,2,True,1.0,1.0
400,30.0,2,True,1.0,1.0
400,30.0,2,True,1.0,1.0
400,30.0,2,True,1.0,1.0
400,30.0,2,True,1.0,1.0
400,30.0,2,True,1.0,1.0
400,30.0,2,True,1.0,1.0
400,30.0,2,True,1.0,1.0
400,30.0,2,True,1.0,1.0
400,30.0,2,True,1.0,1.0
400,30.0,2,True,1.0,1.0
400,30.0,2,True,1.0,1.0
400,30.0,2,True,1.0,1.0
400,30.0,2,True,1.0,1.0
400,30.0,2,True,1.0,1.0
400,30.0,2,True,1.0,1.0
400,30.0,2,True,1.0,1.0
400,30.0,2,True,1.0,1.0
400,30.0,2,True,1.0,1.0
400,30.0,2,True,1.0,1.0
400,30.0,2,True,1.0,1.0
400,30.0,2,True,1.0,1.0
400,30.0,2,True,1.0,1.0
400,30.0,2,True,1.0,1.0
400,30.0,2,True,1.0,1.0
400,30.0,2,True,1.0,1.0
400,30.0,2,True,1.0,1.0
400,30.0,2,True,1.0,1.0
400,30.0,2,True,1.0,1.0
400,30.0,2,True,1.0,1.0
400,30.0,2,True,1.0,1.0
400,30.0,2,True,1.0,1.0
400,30.0,2,True,1.0,1.0
400,30.0,2,True,1.0,1.0
400,30.0,2,True,1.0,1.0
400,30.0,2,True,1.0,1.0
400,30.0,2,True,1.0,1.0
400,30.0,2,True,1.0,1.0
400,30.0,2,True,1.0,1.0
400,30.0,2,True,1.0,1.0
400,30.0,2,True,1.0,1.0
400,30.0,2,True,1.0,1.0
400,30.0,2,True,1.0,1.0
400,30.0,2,True,1.0,1.0
400,30.0,2,True,1.0,1.0
400,30.0,2,True,1.0,1.0
400,30.0,2,True,1.0,1.0
400,30.0,2,True,1.0,1.0
400,30.0,2,True,1.0,1.0
400,30.0,2,True,1.0,1.0
400,30.0,2,True,1.0,1.0
400,30.0,2,True,1.0,1.0
400,30.0,2,True,1.0,1.0
400,30.0,2,True,1.0,1.0
400,30.0,2,True,1.0,1.0
400,30.0,2,True,1.0,1.0
400,30.0,2,True,1.0,1.0
400,30.0,2,True,1.0,1.0
400,30.0,2,True,1.0,1.0
400,30.0,2,True,1.0,1.0
400,30.0,2,True,1.0,1.0
400,30.0,2,True,1.0,1.0
400,30.0,2,True,1.0,1.0
400,30.0,2,True,1.0,1.0
400,30.0,2,True,1.0,1.0
400,30.0,2,True,1.0,1.0
400,30.0,2,True,1.0,1.0
400,30.0,2,True,1.0,1.0
400,30.0,2,True,1.0,1.0
400,30.0,2,True,1.0,1.0
400,30.0,2,True,1.0,1.0
400,30.0,2,True,1.0,1.0
400,30.0,2,True,1.0,1.0
400,30.0,2,True,1.0,1.0
400,30.0,2,True,1.0,1.0
400,30.0,2,True,1.0,1.0
400,30.0,2,True,1.0,1.0
400,30.0,2,True,1.0,1.0
400,30.0,2,True,1.0,1.0
400,30.0,2,True,1.0,1.0
400,30.0,2,True,1.0,1.0
400,30.0,2,True,1.0,1.0
400,30.0,2,True,1.0,1.0
400,30.0,2,True,1.0,1.0
400,30.0,2,True,1.0,1.0
400,30.0,2,True,1.0,1.0
400,30.0,2,True,1.0,1.0
400,30.0,2,True,1.0,1.0
400,30.0,2,True,1.0,1.0
400,30.0,2,True,1.0,1.0
400,30.0,2,True,1.0,1.0
400,30.0,2,True,1.0,1.0
400,30.0,2,True,1.0,1.0
400,30.0,2,True,1.0,1.0
400,30.0,2,True,1.0,1.0
400,30.0,2,True,1.0,1.0
400,30.0,2,True,1.0,1.0
400,30.0,2,True,1.0,1.0
400,30.0,2,True,1.0,1.0
400,30.0,2,True,1.0,1.0
400,30.0,2,True,1.0,1.0
400,30.0,2,True,1.0,1.0
400,30.0,2,True,1.0,1.0
400,30.0,2,True,1.0,1.0
400,30.0,2,True,1.0,1.0
400,30.0,2,True,1.0,1.0
400,30.0,2,True,1.0,1.0
400,30.0,2,True,1.0,1.0
400,30.0,2,True,1.0,1.0
400,30.0,2,True,1.0,1.0
400,30.0,2,True,1.0,1.0
400,30.0,2,True,1.0,1.0
400,30.0,2,True,1.0,1.0
400,30.0,2,True,1.0,1.0
400,30.0,2,True,1.0,1.0
400,30.0,2,True,1.0,1.0
400,30.0,2,True,1.0,1.0
400,30.0,2,True,1.0,1.0
400,30.0,2,True,1.0,1.0
400,30.0,2,True,1.0,1.0
400,30.0,2,True,1.0,1.0
400,30.0,2,True,1.0,1.0
400,30.0,2,True,1.0,1.0
400,30.0,2,True,1.0,1.0
400,30.0,2,True,1.0,1.0
400,30.0,2,True,1.0,1.0
400,30.0,2,True,1.0,1.0
400,30.0,2,True,1.0,1.0
400,30.0,2,True,1.0,1.0
400,30.0,2,True,1.0,1.0
400,30.0,2,True,1.0,1.0
400,30.0,2,True,1.0,1.0
400,31.0,2,True,1.0,1.0
400,31.0,2,True,1.0,1.0
400,31.0,2,True,1.0,1.0
400,31.0,2,True,1.0,1.0
400,31.0,2,True,1.0,1.0
400,31.0,2,True,1.0,1.0
400,31.0,2,True,1.0,1.0
400,31.0,2,True,1.0,1.0
400,31.0,2,True,1.0,1.0
400,31.0,2,True,1.0,1.0
400,31.0,2,True,1.0,1.0
400,31.0,2,True,1.0,1.0
400,31.0,2,True,1.0,1.0
400,31.0,2,True,1.0,1.0
400,31.0,2,True,1.0,1.0
400,31.0,2,True,1.0,1.0
400,31.0,2,True,1.0,1.0
400,31.0,2,True,1.0,1.0
400,31.0,2,True,1.0,1.0
400,31.0,2,True,1.0,1.0
400,31.0,2,True,1.0,1.0
400,31.0,2,True,1.0,1.0
400,31.0,2,True,1.0,1.0
400,31.0,2,True,1.0,1.0
400,31.0,2,True,1.0,1.0
400,31.0,2,True,1.0,1.0
400,31.0,2,True,1.0,1.0
400,31.0,2,True,1.0,1.0
400,31.0,2,True,1.0,1.0
400,31.0,2,True,1.0,1.0
400,31.0,2,True,1.0,1.0
400,31.0,2,True,1.0,1.0
400,31.0,2,True,1.0,1.0
400,31.0,2,True,1.0,1.0
400,31.0,2,True,1.0,1.0
400,31.0,2,True,1.0,1.0
400,31.0,2,True,1.0,1.0
400,31.0,2,True,1.0,1.0
400,31.0,2,True,1.0,1.0
400,31.0,2,True,1.0,1.0
400,31.0,2,True,1.0,1.0
400,31.0,2,True,1.0,1.0
400,31.0,2,True,1.0,1.0
400,31.0,2,True,1.0,1.0
400,31.0,2,True,1.0,1.0
400,31.0,2,True,1.0,1.0
400,31.0,2,True,1.0,1.0
400,31.0,2,True,1.0,1.0
400,31.0,2,True,1.0,1.0
400,31.0,2,True,1.0,1.0
400,31.0,2,True,1.0,1.0
400,31.0,2,True,1.0,1.0
400,31.0,2,True,1.0,1.0
400,31.0,2,True,1.0,1.0
400,31.0,2,True,1.0,1.0
400,31.0,2,True,1.0,1.0
400,31.0,2,True,1.0,1.0
400,31.0,2,True,1.0,1.0
400,31.0,2,True,1.0,1.0
400,31.0,2,True,1.0,1.0
400,31.0,2,True,1.0,1.0
400,31.0,2,True,1.0,1.0
400,31.0,2,True,1.0,1.0
400,31.0,2,True,1.0,1.0
400,31.0,2,True,1.0,1.0
400,31.0,2,True,1.0,1.0
400,31.0,2,True,1.0,1.0
400,31.0,2,True,1.0,1.0
400,31.0,2,True,1.0,1.0
400,31.0,2,True,1.0,1.0
400,31.0,2,True,1.0,1.0
400,31.0,2,True,1.0,1.0
400,31.0,2,True,1.0,1.0
400,31.0,2,True,1.0,1.0
400,31.0,2,True,1.0,1.0
400,31.0,2,True,1.0,1.0
400,31.0,2,True,1.0,1.0
400,31.0,2,True,1.0,1.0
400,31.0,2,True,1.0,1.0
400,31.0,2,True,1.0,1.0
400,31.0,2,True,1.0,1.0
400,31.0,2,True,1.0,1.0
400,31.0,2,True,1.0,1.0
400,31.0,2,True,1.0,1.0
400,31.0,2,True,1.0,1.0
400,31.0,2,True,1.0,1.0
400,31.0,2,True,1.0,1.0
400,31.0,2,True,1.0,1.0
400,31.0,2,True,1.0,1.0
400,31.0,2,True,1.0,1.0
400,31.0,2,True,1.0,1.0
400,31.0,2,True,1.0,1.0
400,31.0,2,True,1.0,1.0
400,31.0,2,True,1.0,1.0
400,31.0,2,True,1.0,1.0
400,31.0,2,True,1.0,1.0
400,31.0,2,True,1.0,1.0
400,31.0,2,True,1.0,1.0
400,31.0,2,True,1.0,1.0
400,31.0,2,True,1.0,1.0
400,31.0,2,True,1.0,1.0
400,31.0,2,True,1.0,1.0
400,31.0,2,True,1.0,1.0
400,31.0,2,True,1.0,1.0
400,31.0,2,True,1.0,1.0
400,31.0,2,True,1.0,1.0
400,31.0,2,True,1.0,1.0
400,31.0,2,True,1.0,1.0
400,31.0,2,True,1.0,1.0
400,31.0,2,True,1.0,1.0
400,31.0,2,True,1.0,1.0
400,31.0,2,True,1.0,1.0
400,31.0,2,True,1.0,1.0
400,31.0,2,True,1.0,1.0
400,31.0,2,True,1.0,1.0
400,31.0,2,True,1.0,1.0
400,31.0,2,True,1.0,1.0
400,31.0,2,True,1.0,1.0
400,31.0,2,True,1.0,1.0
400,31.0,2,True,1.0,1.0
400,31.0,2,True,1.0,1.0
400,31.0,2,True,1.0,1.0
400,31.0,2,True,1.0,1.0
400,31.0,2,True,1.0,1.0
400,31.0,2,True,1.0,1.0
400,31.0,2,True,1.0,1.0
400,31.0,2,True,1.0,1.0
400,31.0,2,True,1.0,1.0
400,31.0,2,True,1.0,1.0
400,31.0,2,True,1.0,1.0
400,31.0,2,True,1.0,1.0
400,31.0,2,True,1.0,1.0
400,31.0,2,True,1.0,1.0
400,31.0,2,True,1.0,1.0
400,31.0,2,True,1.0,1.0
400,31.0,2,True,1.0,1.0
400,31.0,2,True,1.0,1.0
400,31.0,2,True,1.0,1.0
400,31.0,2,True,1.0,1.0
400,31.0,2,True,1.0,1.0
400,31.0,2,True,1.0,1.0
400,31.0,2,True,1.0,1.0
400,31.0,2,True,1.0,1.0
400,31.0,2,True,1.0,1.0
400,31.0,2,True,1.0,1.0
400,31.0,2,True,1.0,1.0
400,31.0,2,True,1.0,1.0
400,31.0,2,True,1.0,1.0
400,31.0,2,True,1.0,1.0
400,31.0,2,True,1.0,1.0
400,31.0,2,True,1.0,1.0
400,31.0,2,True,1.0,1.0
400,31.0,2,True,1.0,1.0
400,31.0,2,True,1.0,1.0
400,31.0,2,True,1.0,1.0
400,31.0,2,True,1.0,1.0
400,31.0,2,True,1.0,1.0
400,31.0,2,True,1.0,1.0
400,31.0,2,True,1.0,1.0
400,31.0,2,True,1.0,1.0
400,31.0,2,True,1.0,1.0
400,31.0,2,True,1.0,1.0
400,31.0,2,True,1.0,1.0
400,31.0,2,True,1.0,1.0
400,31.0,2,True,1.0,1.0
400,31.0,2,True,1.0,1.0
400,31.0,2,True,1.0,1.0
400,31.0,2,True,1.0,1.0
400,31.0,2,True,1.0,1.0
400,31.0,2,True,1.0,1.0
400,31.0,2,True,1.0,1.0
400,31.0,2,True,1.0,1.0
400,31.0,2,True,1.0,1.0
400,31.0,2,True,1.0,1.0
400,31.0,2,True,1.0,1.0
400,31.0,2,True,1.0,1.0
400,31.0,2,True,1.0,1.0
400,31.0,2,True,1.0,1.0
400,31.0,2,True,1.0,1.0
400,31.0,2,True,1.0,1.0
400,31.0,2,True,1.0,1.0
400,31.0,2,True,1.0,1.0
400,31.0,2,True,1.0,1.0
400,31.0,2,True,1.0,1.0
400,31.0,2,True,1.0,1.0
400,31.0,2,True,1.0,1.0
400,31.0,2,True,1.0,1.0
400,31.0,2,True,1.0,1.0
400,31.0,2,True,1.0,1.0
400,31.0,2,True,1.0,1.0
400,31.0,2,True,1.0,1.0
400,31.0,2,True,1.0,1.0
400,31.0,2,True,1.0,1.0
400,31.0,2,True,1.0,1.0
400,31.0,2,True,1.0,1.0
400,31.0,2,True,1.0,1.0
400,31.0,2,True,1.0,1.0
400,31.0,2,True,1.0,1.0
400,31.0,2,True,1.0,1.0
400,31.0,2,True,1.0,1.0
400,31.0,2,True,1.0,1.0
400,31.0,2,True,1.0,1.0
400,31.0,2,True,1.0,1.0
400,31.0,2,True,1.0,1.0
400,31.0,2,True,1.0,1.0
400,31.0,2,True,1.0,1.0
400,31.0,2,True,1.0,1.0
400,31.0,2,True,1.0,1.0
400,31.0,2,True,1.0,1.0
400,31.0,2,True,1.0,1.0
400,31.0,2,True,1.0,1.0
400,31.0,2,True,1.0,1.0
400,31.0,2,True,1.0,1.0
400,31.0,2,True,1.0,1.0
400,31.0,2,True,1.0,1.0
400,31.0,2,True,1.0,1.0
400,31.0,2,True,1.0,1.0
400,31.0,2,True,1.0,1.0
400,31.0,2,True,1.0,1.0
400,31.0,2,True,1.0,1.0
400,31.0,2,True,1.0,1.0
400,31.0,2,True,1.0,1.0
400,31.0,2,True,1.0,1.0
400,31.0,2,True,1.0,1.0
400,31.0,2,True,1.0,1.0
400,31.0,2,True,1.0,1.0
400,31.0,2,True,1.0,1.0
400,31.0,2,True,1.0,1.0
400,31.0,2,True,1.0,1.0
400,31.0,2,True,1.0,1.0
400,31.0,2,True,1.0,1.0
400,31.0,2,True,1.0,1.0
400,31.0,2,True,1.0,1.0
400,31.0,2,True,1.0,1.0
400,31.0,2,True,1.0,1.0
400,31.0,2,True,1.0,1.0
400,31.0,2,True,1.0,1.0
400,31.0,2,True,1.0,1.0
400,31.0,2,True,1.0,1.0
400,31.0,2,True,1.0,1.0
400,31.0,2,True,1.0,1.0
400,31.0,2,True,1.0,1.0
400,31.0,2,True,1.0,1.0
400,31.0,2,True,1.0,1.0
400,31.0,2,True,1.0,1.0
400,31.0,2,True,1.0,1.0
400,31.0,2,True,1.0,1.0
400,31.0,2,True,1.0,1.0
400,31.0,2,True,1.0,1.0
400,31.0,2,True,1.0,1.0
400,31.0,2,True,1.0,1.0
400,31.0,2,True,1.0,1.0
400,31.0,2,True,1.0,1.0
400,31.0,2,True,1.0,1.0
400,31.0,2,True,1.0,1.0
400,31.0,2,True,1.0,1.0
400,31.0,2,True,1.0,1.0
400,31.0,2,True,1.0,1.0
400,31.0,2,True,1.0,1.0
400,31.0,2,True,1.0,1.0
400,31.0,2,True,1.0,1.0
400,31.0,2,True,1.0,1.0
400,31.0,2,True,1.0,1.0
400,31.0,2,True,1.0,1.0
400,31.0,2,True,1.0,1.0
400,31.0,2,True,1.0,1.0
400,31.0,2,True,1.0,1.0
400,31.0,2,True,1.0,1.0
400,31.0,2,True,1.0,1.0
400,31.0,2,True,1.0,1.0
400,31.0,2,True,1.0,1.0
400,31.0,2,True,1.0,1.0
400,31.0,2,True,1.0,1.0
400,31.0,2,True,1.0,1.0
400,31.0,2,True,1.0,1.0
400,31.0,2,True,1.0,1.0
400,31.0,2,True,1.0,1.0
400,31.0,2,True,1.0,1.0
400,31.0,2,True,1.0,1.0
400,31.0,2,True,1.0,1.0
400,31.0,2,True,1.0,1.0
400,31.0,2,True,1.0,1.0
400,31.0,2,True,1.0,1.0
400,31.0,2,True,1.0,1.0
400,31.0,2,True,1.0,1.0
400,31.0,2,True,1.0,1.0
400,31.0,2,True,1.0,1.0
400,31.0,2,True,1.0,1.0
400,31.0,2,True,1.0,1.0
400,31.0,2,True,1.0,1.0
400,31.0,2,True,1.0,1.0
400,31.0,2,True,1.0,1.0
400,31.0,2,True,1.0,1.0
400,31.0,2,True,1.0,1.0
400,31.0,2,True,1.0,1.0
400,31.0,2,True,1.0,1.0
400,31.0,2,True,1.0,1.0
400,31.0,2,True,1.0,1.0
400,31.0,2,True,1.0,1.0
400,31.0,2,True,1.0,1.0
400,32.0,2,True,1.0,1.0
400,32.0,2,True,1.0,1.0
400,32.0,2,True,1.0,1.0
400,32.0,2,True,1.0,1.0
400,32.0,2,True,1.0,1.0
400,32.0,2,True,1.0,1.0
400,32.0,2,True,1.0,1.0
400,32.0,2,True,1.0,1.0
400,32.0,2,True,1.0,1.0
400,32.0,2,True,1.0,1.0
400,32.0,2,True,1.0,1.0
400,32.0,2,True,1.0,1.0
400,32.0,2,True,1.0,1.0
400,32.0,2,True,1.0,1.0
400,32.0,2,True,1.0,1.0
400,32.0,2,True,1.0,1.0
400,32.0,2,True,1.0,1.0
400,32.0,2,True,1.0,1.0
400,32.0,2,True,1.0,1.0
400,32.0,2,True,1.0,1.0
400,32.0,2,True,1.0,1.0
400,32.0,2,True,1.0,1.0
400,32.0,2,True,1.0,1.0
400,32.0,2,True,1.0,1.0
400,32.0,2,True,1.0,1.0
400,32.0,2,True,1.0,1.0
400,32.0,2,True,1.0,1.0
400,32.0,2,True,1.0,1.0
400,32.0,2,True,1.0,1.0
400,32.0,2,True,1.0,1.0
400,32.0,2,True,1.0,1.0
400,32.0,2,True,1.0,1.0
400,32.0,2,True,1.0,1.0
400,32.0,2,True,1.0,1.0
400,32.0,2,True,1.0,1.0
400,32.0,2,True,1.0,1.0
400,32.0,2,True,1.0,1.0
400,32.0,2,True,1.0,1.0
400,32.0,2,True,1.0,1.0
400,32.0,2,True,1.0,1.0
400,32.0,2,True,1.0,1.0
400,32.0,2,True,1.0,1.0
400,32.0,2,True,1.0,1.0
400,32.0,2,True,1.0,1.0
400,32.0,2,True,1.0,1.0
400,32.0,2,True,1.0,1.0
400,32.0,2,True,1.0,1.0
400,32.0,2,True,1.0,1.0
400,32.0,2,True,1.0,1.0
400,32.0,2,True,1.0,1.0
400,32.0,2,True,1.0,1.0
400,32.0,2,True,1.0,1.0
400,32.0,2,True,1.0,1.0
400,32.0,2,True,1.0,1.0
400,32.0,2,True,1.0,1.0
400,32.0,2,True,1.0,1.0
400,32.0,2,True,1.0,1.0
400,32.0,2,True,1.0,1.0
400,32.0,2,True,1.0,1.0
400,32.0,2,True,1.0,1.0
400,32.0,2,True,1.0,1.0
400,32.0,2,True,1.0,1.0
400,32.0,2,True,1.0,1.0
400,32.0,2,True,1.0,1.0
400,32.0,2,True,1.0,1.0
400,32.0,2,True,1.0,1.0
400,32.0,2,True,1.0,1.0
400,32.0,2,True,1.0,1.0
400,32.0,2,True,1.0,1.0
400,32.0,2,True,1.0,1.0
400,32.0,2,True,1.0,1.0
400,32.0,2,True,1.0,1.0
400,32.0,2,True,1.0,1.0
400,32.0,2,True,1.0,1.0
400,32.0,2,True,1.0,1.0
400,32.0,2,True,1.0,1.0
400,32.0,2,True,1.0,1.0
400,32.0,2,True,1.0,1.0
400,32.0,2,True,1.0,1.0
400,32.0,2,True,1.0,1.0
400,32.0,2,True,1.0,1.0
400,32.0,2,True,1.0,1.0
400,32.0,2,True,1.0,1.0
400,32.0,2,True,1.0,1.0
400,32.0,2,True,1.0,1.0
400,32.0,2,True,1.0,1.0
400,32.0,2,True,1.0,1.0
400,32.0,2,True,1.0,1.0
400,32.0,2,True,1.0,1.0
400,32.0,2,True,1.0,1.0
400,32.0,2,True,1.0,1.0
400,32.0,2,True,1.0,1.0
400,32.0,2,True,1.0,1.0
400,32.0,2,True,1.0,1.0
400,32.0,2,True,1.0,1.0
400,32.0,2,True,1.0,1.0
400,32.0,2,True,1.0,1.0
400,32.0,2,True,1.0,1.0
400,32.0,2,True,1.0,1.0
400,32.0,2,True,1.0,1.0
400,32.0,2,True,1.0,1.0
400,32.0,2,True,1.0,1.0
400,32.0,2,True,1.0,1.0
400,32.0,2,True,1.0,1.0
400,32.0,2,True,1.0,1.0
400,32.0,2,True,1.0,1.0
400,32.0,2,True,1.0,1.0
400,32.0,2,True,1.0,1.0
400,32.0,2,True,1.0,1.0
400,32.0,2,True,1.0,1.0
400,32.0,2,True,1.0,1.0
400,32.0,2,True,1.0,1.0
400,32.0,2,True,1.0,1.0
400,32.0,2,True,1.0,1.0
400,32.0,2,True,1.0,1.0
400,32.0,2,True,1.0,1.0
400,32.0,2,True,1.0,1.0
400,32.0,2,True,1.0,1.0
400,32.0,2,True,1.0,1.0
400,32.0,2,True,1.0,1.0
400,32.0,2,True,1.0,1.0
400,32.0,2,True,1.0,1.0
400,32.0,2,True,1.0,1.0
400,32.0,2,True,1.0,1.0
400,32.0,2,True,1.0,1.0
400,32.0,2,True,1.0,1.0
400,32.0,2,True,1.0,1.0
400,32.0,2,True,1.0,1.0
400,32.0,2,True,1.0,1.0
400,32.0,2,True,1.0,1.0
400,32.0,2,True,1.0,1.0
400,32.0,2,True,1.0,1.0
400,32.0,2,True,1.0,1.0
400,32.0,2,True,1.0,1.0
400,32.0,2,True,1.0,1.0
400,32.0,2,True,1.0,1.0
400,32.0,2,True,1.0,1.0
400,32.0,2,True,1.0,1.0
400,32.0,2,True,1.0,1.0
400,32.0,2,True,1.0,1.0
400,32.0,2,True,1.0,1.0
400,32.0,2,True,1.0,1.0
400,32.0,2,True,1.0,1.0
400,32.0,2,True,1.0,1.0
400,32.0,2,True,1.0,1.0
400,32.0,2,True,1.0,1.0
400,32.0,2,True,1.0,1.0
400,32.0,2,True,1.0,1.0
400,32.0,2,True,1.0,1.0
400,32.0,2,True,1.0,1.0
400,32.0,2,True,1.0,1.0
400,32.0,2,True,1.0,1.0
400,32.0,2,True,1.0,1.0
400,32.0,2,True,1.0,1.0
400,32.0,2,True,1.0,1.0
400,32.0,2,True,1.0,1.0
400,32.0,2,True,1.0,1.0
400,32.0,2,True,1.0,1.0
400,32.0,2,True,1.0,1.0
400,32.0,2,True,1.0,1.0
400,32.0,2,True,1.0,1.0
400,32.0,2,True,1.0,1.0
400,32.0,2,True,1.0,1.0
400,32.0,2,True,1.0,1.0
400,32.0,2,True,1.0,1.0
400,32.0,2,True,1.0,1.0
400,32.0,2,True,1.0,1.0
400,32.0,2,True,1.0,1.0
400,32.0,2,True,1.0,1.0
400,32.0,2,True,1.0,1.0
400,32.0,2,True,1.0,1.0
400,32.0,2,True,1.0,1.0
400,32.0,2,True,1.0,1.0
400,32.0,2,True,1.0,1.0
400,32.0,2,True,1.0,1.0
400,32.0,2,True,1.0,1.0
400,32.0,2,True,1.0,1.0
400,32.0,2,True,1.0,1.0
400,32.0,2,True,1.0,1.0
400,32.0,2,True,1.0,1.0
400,32.0,2,True,1.0,1.0
400,32.0,2,True,1.0,1.0
400,32.0,2,True,1.0,1.0
400,32.0,2,True,1.0,1.0
400,32.0,2,True,1.0,1.0
400,32.0,2,True,1.0,1.0
400,32.0,2,True,1.0,1.0
400,32.0,2,True,1.0,1.0
400,32.0,2,True,1.0,1.0
400,32.0,2,True,1.0,1.0
400,32.0,2,True,1.0,1.0
400,32.0,2,True,1.0,1.0
400,32.0,2,True,1.0,1.0
400,32.0,2,True,1.0,1.0
400,32.0,2,True,1.0,1.0
400,32.0,2,True,1.0,1.0
400,32.0,2,True,1.0,1.0
400,32.0,2,True,1.0,1.0
400,32.0,2,True,1.0,1.0
400,32.0,2,True,1.0,1.0
400,32.0,2,True,1.0,1.0
400,32.0,2,True,1.0,1.0
400,32.0,2,True,1.0,1.0
400,32.0,2,True,1.0,1.0
400,32.0,2,True,1.0,1.0
400,32.0,2,True,1.0,1.0
400,32.0,2,True,1.0,1.0
400,32.0,2,True,1.0,1.0
400,32.0,2,True,1.0,1.0
400,32.0,2,True,1.0,1.0
400,32.0,2,True,1.0,1.0
400,32.0,2,True,1.0,1.0
400,32.0,2,True,1.0,1.0
400,32.0,2,True,1.0,1.0
400,32.0,2,True,1.0,1.0
400,32.0,2,True,1.0,1.0
400,32.0,2,True,1.0,1.0
400,32.0,2,True,1.0,1.0
400,32.0,2,True,1.0,1.0
400,32.0,2,True,1.0,1.0
400,32.0,2,True,1.0,1.0
400,32.0,2,True,1.0,1.0
400,32.0,2,True,1.0,1.0
400,32.0,2,True,1.0,1.0
400,32.0,2,True,1.0,1.0
400,32.0,2,True,1.0,1.0
400,32.0,2,True,1.0,1.0
400,32.0,2,True,1.0,1.0
400,32.0,2,True,1.0,1.0
400,32.0,2,True,1.0,1.0
400,32.0,2,True,1.0,1.0
400,32.0,2,True,1.0,1.0
400,32.0,2,True,1.0,1.0
400,32.0,2,True,1.0,1.0
400,32.0,2,True,1.0,1.0
400,32.0,2,True,1.0,1.0
400,32.0,2,True,1.0,1.0
400,32.0,2,True,1.0,1.0
400,32.0,2,True,1.0,1.0
400,32.0,2,True,1.0,1.0
400,32.0,2,True,1.0,1.0
400,32.0,2,True,1.0,1.0
400,32.0,2,True,1.0,1.0
400,32.0,2,True,1.0,1.0
400,32.0,2,True,1.0,1.0
400,32.0,2,True,1.0,1.0
400,32.0,2,True,1.0,1.0
400,32.0,2,True,1.0,1.0
400,32.0,2,True,1.0,1.0
400,32.0,2,True,1.0,1.0
400,32.0,2,True,1.0,1.0
400,32.0,2,True,1.0,1.0
400,32.0,2,True,1.0,1.0
400,32.0,2,True,1.0,1.0
400,32.0,2,True,1.0,1.0
400,32.0,2,True,1.0,1.0
400,32.0,2,True,1.0,1.0
400,32.0,2,True,1.0,1.0
400,32.0,2,True,1.0,1.0
400,32.0,2,True,1.0,1.0
400,32.0,2,True,1.0,1.0
400,32.0,2,True,1.0,1.0
400,32.0,2,True,1.0,1.0
400,32.0,2,True,1.0,1.0
400,32.0,2,True,1.0,1.0
400,32.0,2,True,1.0,1.0
400,32.0,2,True,1.0,1.0
400,32.0,2,True,1.0,1.0
400,32.0,2,True,1.0,1.0
400,32.0,2,True,1.0,1.0
400,32.0,2,True,1.0,1.0
400,32.0,2,True,1.0,1.0
400,32.0,2,True,1.0,1.0
400,32.0,2,True,1.0,1.0
400,32.0,2,True,1.0,1.0
400,32.0,2,True,1.0,1.0
400,32.0,2,True,1.0,1.0
400,32.0,2,True,1.0,1.0
400,32.0,2,True,1.0,1.0
400,32.0,2,True,1.0,1.0
400,32.0,2,True,1.0,1.0
400,32.0,2,True,1.0,1.0
400,32.0,2,True,1.0,1.0
400,32.0,2,True,1.0,1.0
400,32.0,2,True,1.0,1.0
400,32.0,2,True,1.0,1.0
400,32.0,2,True,1.0,1.0
400,32.0,2,True,1.0,1.0
400,32.0,2,True,1.0,1.0
400,32.0,2,True,1.0,1.0
400,32.0,2,True,1.0,1.0
400,32.0,2,True,1.0,1.0
400,32.0,2,True,1.0,1.0
400,32.0,2,True,1.0,1.0
400,32.0,2,True,1.0,1.0
400,32.0,2,True,1.0,1.0
400,32.0,2,True,1.0,1.0
400,32.0,2,True,1.0,1.0
400,32.0,2,True,1.0,1.0
400,32.0,2,True,1.0,1.0
400,33.0,2,True,1.0,1.0
400,33.0,2,True,1.0,1.0
400,33.0,2,True,1.0,1.0
400,33.0,2,True,1.0,1.0
400,33.0,2,True,1.0,1.0
400,33.0,2,True,1.0,1.0
400,33.0,2,True,1.0,1.0
400,33.0,2,True,1.0,1.0
400,33.0,2,True,1.0,1.0
400,33.0,2,True,1.0,1.0
400,33.0,2,True,1.0,1.0
400,33.0,2,True,1.0,1.0
400,33.0,2,True,1.0,1.0
400,33.0,2,True,1.0,1.0
400,33.0,2,True,1.0,1.0
400,33.0,2,True,1.0,1.0
400,33.0,2,True,1.0,1.0
400,33.0,2,True,1.0,1.0
400,33.0,2,True,1.0,1.0
400,33.0,2,True,1.0,1.0
400,33.0,2,True,1.0,1.0
400,33.0,2,True,1.0,1.0
400,33.0,2,True,1.0,1.0
400,33.0,2,True,1.0,1.0
400,33.0,2,True,1.0,1.0
400,33.0,2,True,1.0,1.0
400,33.0,2,True,1.0,1.0
400,33.0,2,True,1.0,1.0
400,33.0,2,True,1.0,1.0
400,33.0,2,True,1.0,1.0
400,33.0,2,True,1.0,1.0
400,33.0,2,True,1.0,1.0
400,33.0,2,True,1.0,1.0
400,33.0,2,True,1.0,1.0
400,33.0,2,True,1.0,1.0
400,33.0,2,True,1.0,1.0
400,33.0,2,True,1.0,1.0
400,33.0,2,True,1.0,1.0
400,33.0,2,True,1.0,1.0
400,33.0,2,True,1.0,1.0
400,33.0,2,True,1.0,1.0
400,33.0,2,True,1.0,1.0
400,33.0,2,True,1.0,1.0
400,33.0,2,True,1.0,1.0
400,33.0,2,True,1.0,1.0
400,33.0,2,True,1.0,1.0
400,33.0,2,True,1.0,1.0
400,33.0,2,True,1.0,1.0
400,33.0,2,True,1.0,1.0
400,33.0,2,True,1.0,1.0
400,33.0,2,True,1.0,1.0
400,33.0,2,True,1.0,1.0
400,33.0,2,True,1.0,1.0
400,33.0,2,True,1.0,1.0
400,33.0,2,True,1.0,1.0
400,33.0,2,True,1.0,1.0
400,33.0,2,True,1.0,1.0
400,33.0,2,True,1.0,1.0
400,33.0,2,True,1.0,1.0
400,33.0,2,True,1.0,1.0
400,33.0,2,True,1.0,1.0
400,33.0,2,True,1.0,1.0
400,33.0,2,True,1.0,1.0
400,33.0,2,True,1.0,1.0
400,33.0,2,True,1.0,1.0
400,33.0,2,True,1.0,1.0
400,33.0,2,True,1.0,1.0
400,33.0,2,True,1.0,1.0
400,33.0,2,True,1.0,1.0
400,33.0,2,True,1.0,1.0
400,33.0,2,True,1.0,1.0
400,33.0,2,True,1.0,1.0
400,33.0,2,True,1.0,1.0
400,33.0,2,True,1.0,1.0
400,33.0,2,True,1.0,1.0
400,33.0,2,True,1.0,1.0
400,33.0,2,True,1.0,1.0
400,33.0,2,True,1.0,1.0
400,33.0,2,True,1.0,1.0
400,33.0,2,True,1.0,1.0
400,33.0,2,True,1.0,1.0
400,33.0,2,True,1.0,1.0
400,33.0,2,True,1.0,1.0
400,33.0,2,True,1.0,1.0
400,33.0,2,True,1.0,1.0
400,33.0,2,True,1.0,1.0
400,33.0,2,True,1.0,1.0
400,33.0,2,True,1.0,1.0
400,33.0,2,True,1.0,1.0
400,33.0,2,True,1.0,1.0
400,33.0,2,True,1.0,1.0
400,33.0,2,True,1.0,1.0
400,33.0,2,True,1.0,1.0
400,33.0,2,True,1.0,1.0
400,33.0,2,True,1.0,1.0
400,33.0,2,True,1.0,1.0
400,33.0,2,True,1.0,1.0
400,33.0,2,True,1.0,1.0
400,33.0,2,True,1.0,1.0
400,33.0,2,True,1.0,1.0
400,33.0,2,True,1.0,1.0
400,33.0,2,True,1.0,1.0
400,33.0,2,True,1.0,1.0
400,33.0,2,True,1.0,1.0
400,33.0,2,True,1.0,1.0
400,33.0,2,True,1.0,1.0
400,33.0,2,True,1.0,1.0
400,33.0,2,True,1.0,1.0
400,33.0,2,True,1.0,1.0
400,33.0,2,True,1.0,1.0
400,33.0,2,True,1.0,1.0
400,33.0,2,True,1.0,1.0
400,33.0,2,True,1.0,1.0
400,33.0,2,True,1.0,1.0
400,33.0,2,True,1.0,1.0
400,33.0,2,True,1.0,1.0
400,33.0,2,True,1.0,1.0
400,33.0,2,True,1.0,1.0
400,33.0,2,True,1.0,1.0
400,33.0,2,True,1.0,1.0
400,33.0,2,True,1.0,1.0
400,33.0,2,True,1.0,1.0
400,33.0,2,True,1.0,1.0
400,33.0,2,True,1.0,1.0
400,33.0,2,True,1.0,1.0
400,33.0,2,True,1.0,1.0
400,33.0,2,True,1.0,1.0
400,33.0,2,True,1.0,1.0
400,33.0,2,True,1.0,1.0
400,33.0,2,True,1.0,1.0
400,33.0,2,True,1.0,1.0
400,33.0,2,True,1.0,1.0
400,33.0,2,True,1.0,1.0
400,33.0,2,True,1.0,1.0
400,33.0,2,True,1.0,1.0
400,33.0,2,True,1.0,1.0
400,33.0,2,True,1.0,1.0
400,33.0,2,True,1.0,1.0
400,33.0,2,True,1.0,1.0
400,33.0,2,True,1.0,1.0
400,33.0,2,True,1.0,1.0
400,33.0,2,True,1.0,1.0
400,33.0,2,True,1.0,1.0
400,33.0,2,True,1.0,1.0
400,33.0,2,True,1.0,1.0
400,33.0,2,True,1.0,1.0
400,33.0,2,True,1.0,1.0
400,33.0,2,True,1.0,1.0
400,33.0,2,True,1.0,1.0
400,33.0,2,True,1.0,1.0
400,33.0,2,True,1.0,1.0
400,33.0,2,True,1.0,1.0
400,33.0,2,True,1.0,1.0
400,33.0,2,True,1.0,1.0
400,33.0,2,True,1.0,1.0
400,33.0,2,True,1.0,1.0
400,33.0,2,True,1.0,1.0
400,33.0,2,True,1.0,1.0
400,33.0,2,True,1.0,1.0
400,33.0,2,True,1.0,1.0
400,33.0,2,True,1.0,1.0
400,33.0,2,True,1.0,1.0
400,33.0,2,True,1.0,1.0
400,33.0,2,True,1.0,1.0
400,33.0,2,True,1.0,1.0
400,33.0,2,True,1.0,1.0
400,33.0,2,True,1.0,1.0
400,33.0,2,True,1.0,1.0
400,33.0,2,True,1.0,1.0
400,33.0,2,True,1.0,1.0
400,33.0,2,True,1.0,1.0
400,33.0,2,True,1.0,1.0
400,33.0,2,True,1.0,1.0
400,33.0,2,True,1.0,1.0
400,33.0,2,True,1.0,1.0
400,33.0,2,True,1.0,1.0
400,33.0,2,True,1.0,1.0
400,33.0,2,True,1.0,1.0
400,33.0,2,True,1.0,1.0
400,33.0,2,True,1.0,1.0
400,33.0,2,True,1.0,1.0
400,33.0,2,True,1.0,1.0
400,33.0,2,True,1.0,1.0
400,33.0,2,True,1.0,1.0
400,33.0,2,True,1.0,1.0
400,33.0,2,True,1.0,1.0
400,33.0,2,True,1.0,1.0
400,33.0,2,True,1.0,1.0
400,33.0,2,True,1.0,1.0
400,33.0,2,True,1.0,1.0
400,33.0,2,True,1.0,1.0
400,33.0,2,True,1.0,1.0
400,33.0,2,True,1.0,1.0
400,33.0,2,True,1.0,1.0
400,33.0,2,True,1.0,1.0
400,33.0,2,True,1.0,1.0
400,33.0,2,True,1.0,1.0
400,33.0,2,True,1.0,1.0
400,33.0,2,True,1.0,1.0
400,33.0,2,True,1.0,1.0
400,33.0,2,True,1.0,1.0
400,33.0,2,True,1.0,1.0
400,33.0,2,True,1.0,1.0
400,33.0,2,True,1.0,1.0
400,33.0,2,True,1.0,1.0
400,33.0,2,True,1.0,1.0
400,33.0,2,True,1.0,1.0
400,33.0,2,True,1.0,1.0
400,33.0,2,True,1.0,1.0
400,33.0,2,True,1.0,1.0
400,33.0,2,True,1.0,1.0
400,33.0,2,True,1.0,1.0
400,33.0,2,True,1.0,1.0
400,33.0,2,True,1.0,1.0
400,33.0,2,True,1.0,1.0
400,33.0,2,True,1.0,1.0
400,33.0,2,True,1.0,1.0
400,33.0,2,True,1.0,1.0
400,33.0,2,True,1.0,1.0
400,33.0,2,True,1.0,1.0
400,33.0,2,True,1.0,1.0
400,33.0,2,True,1.0,1.0
400,33.0,2,True,1.0,1.0
400,33.0,2,True,1.0,1.0
400,33.0,2,True,1.0,1.0
400,33.0,2,True,1.0,1.0
400,33.0,2,True,1.0,1.0
400,33.0,2,True,1.0,1.0
400,33.0,2,True,1.0,1.0
400,33.0,2,True,1.0,1.0
400,33.0,2,True,1.0,1.0
400,33.0,2,True,1.0,1.0
400,33.0,2,True,1.0,1.0
400,33.0,2,True,1.0,1.0
400,33.0,2,True,1.0,1.0
400,33.0,2,True,1.0,1.0
400,33.0,2,True,1.0,1.0
400,33.0,2,True,1.0,1.0
400,33.0,2,True,1.0,1.0
400,33.0,2,True,1.0,1.0
400,33.0,2,True,1.0,1.0
400,33.0,2,True,1.0,1.0
400,33.0,2,True,1.0,1.0
400,33.0,2,True,1.0,1.0
400,33.0,2,True,1.0,1.0
400,33.0,2,True,1.0,1.0
400,33.0,2,True,1.0,1.0
400,33.0,2,True,1.0,1.0
400,33.0,2,True,1.0,1.0
400,33.0,2,True,1.0,1.0
400,33.0,2,True,1.0,1.0
400,33.0,2,True,1.0,1.0
400,33.0,2,True,1.0,1.0
400,33.0,2,True,1.0,1.0
400,33.0,2,True,1.0,1.0
400,33.0,2,True,1.0,1.0
400,33.0,2,True,1.0,1.0
400,33.0,2,True,1.0,1.0
400,33.0,2,True,1.0,1.0
400,33.0,2,True,1.0,1.0
400,33.0,2,True,1.0,1.0
400,33.0,2,True,1.0,1.0
400,33.0,2,True,1.0,1.0
400,33.0,2,True,1.0,1.0
400,33.0,2,True,1.0,1.0
400,33.0,2,True,1.0,1.0
400,33.0,2,True,1.0,1.0
400,33.0,2,True,1.0,1.0
400,33.0,2,True,1.0,1.0
400,33.0,2,True,1.0,1.0
400,33.0,2,True,1.0,1.0
400,33.0,2,True,1.0,1.0
400,33.0,2,True,1.0,1.0
400,33.0,2,True,1.0,1.0
400,33.0,2,True,1.0,1.0
400,33.0,2,True,1.0,1.0
400,33.0,2,True,1.0,1.0
400,33.0,2,True,1.0,1.0
400,33.0,2,True,1.0,1.0
400,33.0,2,True,1.0,1.0
400,33.0,2,True,1.0,1.0
400,33.0,2,True,1.0,1.0
400,33.0,2,True,1.0,1.0
400,33.0,2,True,1.0,1.0
400,33.0,2,True,1.0,1.0
400,33.0,2,True,1.0,1.0
400,33.0,2,True,1.0,1.0
400,33.0,2,True,1.0,1.0
400,33.0,2,True,1.0,1.0
400,33.0,2,True,1.0,1.0
400,33.0,2,True,1.0,1.0
400,33.0,2,True,1.0,1.0
400,33.0,2,True,1.0,1.0
400,33.0,2,True,1.0,1.0
400,33.0,2,True,1.0,1.0
400,33.0,2,True,1.0,1.0
400,33.0,2,True,1.0,1.0
400,33.0,2,True,1.0,1.0
400,33.0,2,True,1.0,1.0
400,33.0,2,True,1.0,1.0
400,34.0,2,True,1.0,1.0
400,34.0,2,True,1.0,1.0
400,34.0,2,True,1.0,1.0
400,34.0,2,True,1.0,1.0
400,34.0,2,True,1.0,1.0
400,34.0,2,True,1.0,1.0
400,34.0,2,True,1.0,1.0
400,34.0,2,True,1.0,1.0
400,34.0,2,True,1.0,1.0
400,34.0,2,True,1.0,1.0
400,34.0,2,True,1.0,1.0
400,34.0,2,True,1.0,1.0
400,34.0,2,True,1.0,1.0
400,34.0,2,True,1.0,1.0
400,34.0,2,True,1.0,1.0
400,34.0,2,True,1.0,1.0
400,34.0,2,True,1.0,1.0
400,34.0,2,True,1.0,1.0
400,34.0,2,True,1.0,1.0
400,34.0,2,True,1.0,1.0
400,34.0,2,True,1.0,1.0
400,34.0,2,True,1.0,1.0
400,34.0,2,True,1.0,1.0
400,34.0,2,True,1.0,1.0
400,34.0,2,True,1.0,1.0
400,34.0,2,True,1.0,1.0
400,34.0,2,True,1.0,1.0
400,34.0,2,True,1.0,1.0
400,34.0,2,True,1.0,1.0
400,34.0,2,True,1.0,1.0
400,34.0,2,True,1.0,1.0
400,34.0,2,True,1.0,1.0
400,34.0,2,True,1.0,1.0
400,34.0,2,True,1.0,1.0
400,34.0,2,True,1.0,1.0
400,34.0,2,True,1.0,1.0
400,34.0,2,True,1.0,1.0
400,34.0,2,True,1.0,1.0
400,34.0,2,True,1.0,1.0
400,34.0,2,True,1.0,1.0
400,34.0,2,True,1.0,1.0
400,34.0,2,True,1.0,1.0
400,34.0,2,True,1.0,1.0
400,34.0,2,True,1.0,1.0
400,34.0,2,True,1.0,1.0
400,34.0,2,True,1.0,1.0
400,34.0,2,True,1.0,1.0
400,34.0,2,True,1.0,1.0
400,34.0,2,True,1.0,1.0
400,34.0,2,True,1.0,1.0
400,34.0,2,True,1.0,1.0
400,34.0,2,True,1.0,1.0
400,34.0,2,True,1.0,1.0
400,34.0,2,True,1.0,1.0
400,34.0,2,True,1.0,1.0
400,34.0,2,True,1.0,1.0
400,34.0,2,True,1.0,1.0
400,34.0,2,True,1.0,1.0
400,34.0,2,True,1.0,1.0
400,34.0,2,True,1.0,1.0
400,34.0,2,True,1.0,1.0
400,34.0,2,True,1.0,1.0
400,34.0,2,True,1.0,1.0
400,34.0,2,True,1.0,1.0
400,34.0,2,True,1.0,1.0
400,34.0,2,True,1.0,1.0
400,34.0,2,True,1.0,1.0
400,34.0,2,True,1.0,1.0
400,34.0,2,True,1.0,1.0
400,34.0,2,True,1.0,1.0
400,34.0,2,True,1.0,1.0
400,34.0,2,True,1.0,1.0
400,34.0,2,True,1.0,1.0
400,34.0,2,True,1.0,1.0
400,34.0,2,True,1.0,1.0
400,34.0,2,True,1.0,1.0
400,34.0,2,True,1.0,1.0
400,34.0,2,True,1.0,1.0
400,34.0,2,True,1.0,1.0
400,34.0,2,True,1.0,1.0
400,34.0,2,True,1.0,1.0
400,34.0,2,True,1.0,1.0
400,34.0,2,True,1.0,1.0
400,34.0,2,True,1.0,1.0
400,34.0,2,True,1.0,1.0
400,34.0,2,True,1.0,1.0
400,34.0,2,True,1.0,1.0
400,34.0,2,True,1.0,1.0
400,34.0,2,True,1.0,1.0
400,34.0,2,True,1.0,1.0
400,34.0,2,True,1.0,1.0
400,34.0,2,True,1.0,1.0
400,34.0,2,True,1.0,1.0
400,34.0,2,True,1.0,1.0
400,34.0,2,True,1.0,1.0
400,34.0,2,True,1.0,1.0
400,34.0,2,True,1.0,1.0
400,34.0,2,True,1.0,1.0
400,34.0,2,True,1.0,1.0
400,34.0,2,True,1.0,1.0
400,34.0,2,True,1.0,1.0
400,34.0,2,True,1.0,1.0
400,34.0,2,True,1.0,1.0
400,34.0,2,True,1.0,1.0
400,34.0,2,True,1.0,1.0
400,34.0,2,True,1.0,1.0
400,34.0,2,True,1.0,1.0
400,34.0,2,True,1.0,1.0
400,34.0,2,True,1.0,1.0
400,34.0,2,True,1.0,1.0
400,34.0,2,True,1.0,1.0
400,34.0,2,True,1.0,1.0
400,34.0,2,True,1.0,1.0
400,34.0,2,True,1.0,1.0
400,34.0,2,True,1.0,1.0
400,34.0,2,True,1.0,1.0
400,34.0,2,True,1.0,1.0
400,34.0,2,True,1.0,1.0
400,34.0,2,True,1.0,1.0
400,34.0,2,True,1.0,1.0
400,34.0,2,True,1.0,1.0
400,34.0,2,True,1.0,1.0
400,34.0,2,True,1.0,1.0
400,34.0,2,True,1.0,1.0
400,34.0,2,True,1.0,1.0
400,34.0,2,True,1.0,1.0
400,34.0,2,True,1.0,1.0
400,34.0,2,True,1.0,1.0
400,34.0,2,True,1.0,1.0
400,34.0,2,True,1.0,1.0
400,34.0,2,True,1.0,1.0
400,34.0,2,True,1.0,1.0
400,34.0,2,True,1.0,1.0
400,34.0,2,True,1.0,1.0
400,34.0,2,True,1.0,1.0
400,34.0,2,True,1.0,1.0
400,34.0,2,True,1.0,1.0
400,34.0,2,True,1.0,1.0
400,34.0,2,True,1.0,1.0
400,34.0,2,True,1.0,1.0
400,34.0,2,True,1.0,1.0
400,34.0,2,True,1.0,1.0
400,34.0,2,True,1.0,1.0
400,34.0,2,True,1.0,1.0
400,34.0,2,True,1.0,1.0
400,34.0,2,True,1.0,1.0
400,34.0,2,True,1.0,1.0
400,34.0,2,True,1.0,1.0
400,34.0,2,True,1.0,1.0
400,34.0,2,True,1.0,1.0
400,34.0,2,True,1.0,1.0
400,34.0,2,True,1.0,1.0
400,34.0,2,True,1.0,1.0
400,34.0,2,True,1.0,1.0
400,34.0,2,True,1.0,1.0
400,34.0,2,True,1.0,1.0
400,34.0,2,True,1.0,1.0
400,34.0,2,True,1.0,1.0
400,34.0,2,True,1.0,1.0
400,34.0,2,True,1.0,1.0
400,34.0,2,True,1.0,1.0
400,34.0,2,True,1.0,1.0
400,34.0,2,True,1.0,1.0
400,34.0,2,True,1.0,1.0
400,34.0,2,True,1.0,1.0
400,34.0,2,True,1.0,1.0
400,34.0,2,True,1.0,1.0
400,34.0,2,True,1.0,1.0
400,34.0,2,True,1.0,1.0
400,34.0,2,True,1.0,1.0
400,34.0,2,True,1.0,1.0
400,34.0,2,True,1.0,1.0
400,34.0,2,True,1.0,1.0
400,34.0,2,True,1.0,1.0
400,34.0,2,True,1.0,1.0
400,34.0,2,True,1.0,1.0
400,34.0,2,True,1.0,1.0
400,34.0,2,True,1.0,1.0
400,34.0,2,True,1.0,1.0
400,34.0,2,True,1.0,1.0
400,34.0,2,True,1.0,1.0
400,34.0,2,True,1.0,1.0
400,34.0,2,True,1.0,1.0
400,34.0,2,True,1.0,1.0
400,34.0,2,True,1.0,1.0
400,34.0,2,True,1.0,1.0
400,34.0,2,True,1.0,1.0
400,34.0,2,True,1.0,1.0
400,34.0,2,True,1.0,1.0
400,34.0,2,True,1.0,1.0
400,34.0,2,True,1.0,1.0
400,34.0,2,True,1.0,1.0
400,34.0,2,True,1.0,1.0
400,34.0,2,True,1.0,1.0
400,34.0,2,True,1.0,1.0
400,34.0,2,True,1.0,1.0
400,34.0,2,True,1.0,1.0
400,34.0,2,True,1.0,1.0
400,34.0,2,True,1.0,1.0
400,34.0,2,True,1.0,1.0
400,34.0,2,True,1.0,1.0
400,34.0,2,True,1.0,1.0
400,34.0,2,True,1.0,1.0
400,34.0,2,True,1.0,1.0
400,34.0,2,True,1.0,1.0
400,34.0,2,True,1.0,1.0
400,34.0,2,True,1.0,1.0
400,34.0,2,True,1.0,1.0
400,34.0,2,True,1.0,1.0
400,34.0,2,True,1.0,1.0
400,34.0,2,True,1.0,1.0
400,34.0,2,True,1.0,1.0
400,34.0,2,True,1.0,1.0
400,34.0,2,True,1.0,1.0
400,34.0,2,True,1.0,1.0
400,34.0,2,True,1.0,1.0
400,34.0,2,True,1.0,1.0
400,34.0,2,True,1.0,1.0
400,34.0,2,True,1.0,1.0
400,34.0,2,True,1.0,1.0
400,34.0,2,True,1.0,1.0
400,34.0,2,True,1.0,1.0
400,34.0,2,True,1.0,1.0
400,34.0,2,True,1.0,1.0
400,34.0,2,True,1.0,1.0
400,34.0,2,True,1.0,1.0
400,34.0,2,True,1.0,1.0
400,34.0,2,True,1.0,1.0
400,34.0,2,True,1.0,1.0
400,34.0,2,True,1.0,1.0
400,34.0,2,True,1.0,1.0
400,34.0,2,True,1.0,1.0
400,34.0,2,True,1.0,1.0
400,34.0,2,True,1.0,1.0
400,34.0,2,True,1.0,1.0
400,34.0,2,True,1.0,1.0
400,34.0,2,True,1.0,1.0
400,34.0,2,True,1.0,1.0
400,34.0,2,True,1.0,1.0
400,34.0,2,True,1.0,1.0
400,34.0,2,True,1.0,1.0
400,34.0,2,True,1.0,1.0
400,34.0,2,True,1.0,1.0
400,34.0,2,True,1.0,1.0
400,34.0,2,True,1.0,1.0
400,34.0,2,True,1.0,1.0
400,34.0,2,True,1.0,1.0
400,34.0,2,True,1.0,1.0
400,34.0,2,True,1.0,1.0
400,34.0,2,True,1.0,1.0
400,34.0,2,True,1.0,1.0
400,34.0,2,True,1.0,1.0
400,34.0,2,True,1.0,1.0
400,34.0,2,True,1.0,1.0
400,34.0,2,True,1.0,1.0
400,34.0,2,True,1.0,1.0
400,34.0,2,True,1.0,1.0
400,34.0,2,True,1.0,1.0
400,34.0,2,True,1.0,1.0
400,34.0,2,True,1.0,1.0
400,34.0,2,True,1.0,1.0
400,34.0,2,True,1.0,1.0
400,34.0,2,True,1.0,1.0
400,34.0,2,True,1.0,1.0
400,34.0,2,True,1.0,1.0
400,34.0,2,True,1.0,1.0
400,34.0,2,True,1.0,1.0
400,34.0,2,True,1.0,1.0
400,34.0,2,True,1.0,1.0
400,34.0,2,True,1.0,1.0
400,34.0,2,True,1.0,1.0
400,34.0,2,True,1.0,1.0
400,34.0,2,True,1.0,1.0
400,34.0,2,True,1.0,1.0
400,34.0,2,True,1.0,1.0
400,34.0,2,True,1.0,1.0
400,34.0,2,True,1.0,1.0
400,34.0,2,True,1.0,1.0
400,34.0,2,True,1.0,1.0
400,34.0,2,True,1.0,1.0
400,34.0,2,True,1.0,1.0
400,34.0,2,True,1.0,1.0
400,34.0,2,True,1.0,1.0
400,34.0,2,True,1.0,1.0
400,34.0,2,True,1.0,1.0
400,34.0,2,True,1.0,1.0
400,34.0,2,True,1.0,1.0
400,34.0,2,True,1.0,1.0
400,34.0,2,True,1.0,1.0
400,34.0,2,True,1.0,1.0
400,34.0,2,True,1.0,1.0
400,34.0,2,True,1.0,1.0
400,34.0,2,True,1.0,1.0
400,34.0,2,True,1.0,1.0
400,34.0,2,True,1.0,1.0
400,34.0,2,True,1.0,1.0
400,34.0,2,True,1.0,1.0
400,34.0,2,True,1.0,1.0
400,34.0,2,True,1.0,1.0
400,34.0,2,True,1.0,1.0
400,35.0,2,True,1.0,1.0
400,35.0,2,True,1.0,1.0
400,35.0,2,True,1.0,1.0
400,35.0,2,True,1.0,1.0
400,35.0,2,True,1.0,1.0
400,35.0,2,True,1.0,1.0
400,35.0,2,True,1.0,1.0
400,35.0,2,True,1.0,1.0
400,35.0,2,True,1.0,1.0
400,35.0,2,True,1.0,1.0
400,35.0,2,True,1.0,1.0
400,35.0,2,True,1.0,1.0
400,35.0,2,True,1.0,1.0
400,35.0,2,True,1.0,1.0
400,35.0,2,True,1.0,1.0
400,35.0,2,True,1.0,1.0
400,35.0,2,True,1.0,1.0
400,35.0,2,True,1.0,1.0
400,35.0,2,True,1.0,1.0
400,35.0,2,True,1.0,1.0
400,35.0,2,True,1.0,1.0
400,35.0,2,True,1.0,1.0
400,35.0,2,True,1.0,1.0
400,35.0,2,True,1.0,1.0
400,35.0,2,True,1.0,1.0
400,35.0,2,True,1.0,1.0
400,35.0,2,True,1.0,1.0
400,35.0,2,True,1.0,1.0
400,35.0,2,True,1.0,1.0
400,35.0,2,True,1.0,1.0
400,35.0,2,True,1.0,1.0
400,35.0,2,True,1.0,1.0
400,35.0,2,True,1.0,1.0
400,35.0,2,True,1.0,1.0
400,35.0,2,True,1.0,1.0
400,35.0,2,True,1.0,1.0
400,35.0,2,True,1.0,1.0
400,35.0,2,True,1.0,1.0
400,35.0,2,True,1.0,1.0
400,35.0,2,True,1.0,1.0
400,35.0,2,True,1.0,1.0
400,35.0,2,True,1.0,1.0
400,35.0,2,True,1.0,1.0
400,35.0,2,True,1.0,1.0
400,35.0,2,True,1.0,1.0
400,35.0,2,True,1.0,1.0
400,35.0,2,True,1.0,1.0
400,35.0,2,True,1.0,1.0
400,35.0,2,True,1.0,1.0
400,35.0,2,True,1.0,1.0
400,35.0,2,True,1.0,1.0
400,35.0,2,True,1.0,1.0
400,35.0,2,True,1.0,1.0
400,35.0,2,True,1.0,1.0
400,35.0,2,True,1.0,1.0
400,35.0,2,True,1.0,1.0
400,35.0,2,True,1.0,1.0
400,35.0,2,True,1.0,1.0
400,35.0,2,True,1.0,1.0
400,35.0,2,True,1.0,1.0
400,35.0,2,True,1.0,1.0
400,35.0,2,True,1.0,1.0
400,35.0,2,True,1.0,1.0
400,35.0,2,True,1.0,1.0
400,35.0,2,True,1.0,1.0
400,35.0,2,True,1.0,1.0
400,35.0,2,True,1.0,1.0
400,35.0,2,True,1.0,1.0
400,35.0,2,True,1.0,1.0
400,35.0,2,True,1.0,1.0
400,35.0,2,True,1.0,1.0
400,35.0,2,True,1.0,1.0
400,35.0,2,True,1.0,1.0
400,35.0,2,True,1.0,1.0
400,35.0,2,True,1.0,1.0
400,35.0,2,True,1.0,1.0
400,35.0,2,True,1.0,1.0
400,35.0,2,True,1.0,1.0
400,35.0,2,True,1.0,1.0
400,35.0,2,True,1.0,1.0
400,35.0,2,True,1.0,1.0
400,35.0,2,True,1.0,1.0
400,35.0,2,True,1.0,1.0
400,35.0,2,True,1.0,1.0
400,35.0,2,True,1.0,1.0
400,35.0,2,True,1.0,1.0
400,35.0,2,True,1.0,1.0
400,35.0,2,True,1.0,1.0
400,35.0,2,True,1.0,1.0
400,35.0,2,True,1.0,1.0
400,35.0,2,True,1.0,1.0
400,35.0,2,True,1.0,1.0
400,35.0,2,True,1.0,1.0
400,35.0,2,True,1.0,1.0
400,35.0,2,True,1.0,1.0
400,35.0,2,True,1.0,1.0
400,35.0,2,True,1.0,1.0
400,35.0,2,True,1.0,1.0
400,35.0,2,True,1.0,1.0
400,35.0,2,True,1.0,1.0
400,35.0,2,True,1.0,1.0
400,35.0,2,True,1.0,1.0
400,35.0,2,True,1.0,1.0
400,35.0,2,True,1.0,1.0
400,35.0,2,True,1.0,1.0
400,35.0,2,True,1.0,1.0
400,35.0,2,True,1.0,1.0
400,35.0,2,True,1.0,1.0
400,35.0,2,True,1.0,1.0
400,35.0,2,True,1.0,1.0
400,35.0,2,True,1.0,1.0
400,35.0,2,True,1.0,1.0
400,35.0,2,True,1.0,1.0
400,35.0,2,True,1.0,1.0
400,35.0,2,True,1.0,1.0
400,35.0,2,True,1.0,1.0
400,35.0,2,True,1.0,1.0
400,35.0,2,True,1.0,1.0
400,35.0,2,True,1.0,1.0
400,35.0,2,True,1.0,1.0
400,35.0,2,True,1.0,1.0
400,35.0,2,True,1.0,1.0
400,35.0,2,True,1.0,1.0
400,35.0,2,True,1.0,1.0
400,35.0,2,True,1.0,1.0
400,35.0,2,True,1.0,1.0
400,35.0,2,True,1.0,1.0
400,35.0,2,True,1.0,1.0
400,35.0,2,True,1.0,1.0
400,35.0,2,True,1.0,1.0
400,35.0,2,True,1.0,1.0
400,35.0,2,True,1.0,1.0
400,35.0,2,True,1.0,1.0
400,35.0,2,True,1.0,1.0
400,35.0,2,True,1.0,1.0
400,35.0,2,True,1.0,1.0
400,35.0,2,True,1.0,1.0
400,35.0,2,True,1.0,1.0
400,35.0,2,True,1.0,1.0
400,35.0,2,True,1.0,1.0
400,35.0,2,True,1.0,1.0
400,35.0,2,True,1.0,1.0
400,35.0,2,True,1.0,1.0
400,35.0,2,True,1.0,1.0
400,35.0,2,True,1.0,1.0
400,35.0,2,True,1.0,1.0
400,35.0,2,True,1.0,1.0
400,35.0,2,True,1.0,1.0
400,35.0,2,True,1.0,1.0
400,35.0,2,True,1.0,1.0
400,35.0,2,True,1.0,1.0
400,35.0,2,True,1.0,1.0
400,35.0,2,True,1.0,1.0
400,35.0,2,True,1.0,1.0
400,35.0,2,True,1.0,1.0
400,35.0,2,True,1.0,1.0
400,35.0,2,True,1.0,1.0
400,35.0,2,True,1.0,1.0
400,35.0,2,True,1.0,1.0
400,35.0,2,True,1.0,1.0
400,35.0,2,True,1.0,1.0
400,35.0,2,True,1.0,1.0
400,35.0,2,True,1.0,1.0
400,35.0,2,True,1.0,1.0
400,35.0,2,True,1.0,1.0
400,35.0,2,True,1.0,1.0
400,35.0,2,True,1.0,1.0
400,35.0,2,True,1.0,1.0
400,35.0,2,True,1.0,1.0
400,35.0,2,True,1.0,1.0
400,35.0,2,True,1.0,1.0
400,35.0,2,True,1.0,1.0
400,35.0,2,True,1.0,1.0
400,35.0,2,True,1.0,1.0
400,35.0,2,True,1.0,1.0
400,35.0,2,True,1.0,1.0
400,35.0,2,True,1.0,1.0
400,35.0,2,True,1.0,1.0
400,35.0,2,True,1.0,1.0
400,35.0,2,True,1.0,1.0
400,35.0,2,True,1.0,1.0
400,35.0,2,True,1.0,1.0
400,35.0,2,True,1.0,1.0
400,35.0,2,True,1.0,1.0
400,35.0,2,True,1.0,1.0
400,35.0,2,True,1.0,1.0
400,35.0,2,True,1.0,1.0
400,35.0,2,True,1.0,1.0
400,35.0,2,True,1.0,1.0
400,35.0,2,True,1.0,1.0
400,35.0,2,True,1.0,1.0
400,35.0,2,True,1.0,1.0
400,35.0,2,True,1.0,1.0
400,35.0,2,True,1.0,1.0
400,35.0,2,True,1.0,1.0
400,35.0,2,True,1.0,1.0
400,35.0,2,True,1.0,1.0
400,35.0,2,True,1.0,1.0
400,35.0,2,True,1.0,1.0
400,35.0,2,True,1.0,1.0
400,35.0,2,True,1.0,1.0
400,35.0,2,True,1.0,1.0
400,35.0,2,True,1.0,1.0
400,35.0,2,True,1.0,1.0
400,35.0,2,True,1.0,1.0
400,35.0,2,True,1.0,1.0
400,35.0,2,True,1.0,1.0
400,35.0,2,True,1.0,1.0
400,35.0,2,True,1.0,1.0
400,35.0,2,True,1.0,1.0
400,35.0,2,True,1.0,1.0
400,35.0,2,True,1.0,1.0
400,35.0,2,True,1.0,1.0
400,35.0,2,True,1.0,1.0
400,35.0,2,True,1.0,1.0
400,35.0,2,True,1.0,1.0
400,35.0,2,True,1.0,1.0
400,35.0,2,True,1.0,1.0
400,35.0,2,True,1.0,1.0
400,35.0,2,True,1.0,1.0
400,35.0,2,True,1.0,1.0
400,35.0,2,True,1.0,1.0
400,35.0,2,True,1.0,1.0
400,35.0,2,True,1.0,1.0
400,35.0,2,True,1.0,1.0
400,35.0,2,True,1.0,1.0
400,35.0,2,True,1.0,1.0
400,35.0,2,True,1.0,1.0
400,35.0,2,True,1.0,1.0
400,35.0,2,True,1.0,1.0
400,35.0,2,True,1.0,1.0
400,35.0,2,True,1.0,1.0
400,35.0,2,True,1.0,1.0
400,35.0,2,True,1.0,1.0
400,35.0,2,True,1.0,1.0
400,35.0,2,True,1.0,1.0
400,35.0,2,True,1.0,1.0
400,35.0,2,True,1.0,1.0
400,35.0,2,True,1.0,1.0
400,35.0,2,True,1.0,1.0
400,35.0,2,True,1.0,1.0
400,35.0,2,True,1.0,1.0
400,35.0,2,True,1.0,1.0
400,35.0,2,True,1.0,1.0
400,35.0,2,True,1.0,1.0
400,35.0,2,True,1.0,1.0
400,35.0,2,True,1.0,1.0
400,35.0,2,True,1.0,1.0
400,35.0,2,True,1.0,1.0
400,35.0,2,True,1.0,1.0
400,35.0,2,True,1.0,1.0
400,35.0,2,True,1.0,1.0
400,35.0,2,True,1.0,1.0
400,35.0,2,True,1.0,1.0
400,35.0,2,True,1.0,1.0
400,35.0,2,True,1.0,1.0
400,35.0,2,True,1.0,1.0
400,35.0,2,True,1.0,1.0
400,35.0,2,True,1.0,1.0
400,35.0,2,True,1.0,1.0
400,35.0,2,True,1.0,1.0
400,35.0,2,True,1.0,1.0
400,35.0,2,True,1.0,1.0
400,35.0,2,True,1.0,1.0
400,35.0,2,True,1.0,1.0
400,35.0,2,True,1.0,1.0
400,35.0,2,True,1.0,1.0
400,35.0,2,True,1.0,1.0
400,35.0,2,True,1.0,1.0
400,35.0,2,True,1.0,1.0
400,35.0,2,True,1.0,1.0
400,35.0,2,True,1.0,1.0
400,35.0,2,True,1.0,1.0
400,35.0,2,True,1.0,1.0
400,35.0,2,True,1.0,1.0
400,35.0,2,True,1.0,1.0
400,35.0,2,True,1.0,1.0
400,35.0,2,True,1.0,1.0
400,35.0,2,True,1.0,1.0
400,35.0,2,True,1.0,1.0
400,35.0,2,True,1.0,1.0
400,35.0,2,True,1.0,1.0
400,35.0,2,True,1.0,1.0
400,35.0,2,True,1.0,1.0
400,35.0,2,True,1.0,1.0
400,35.0,2,True,1.0,1.0
400,35.0,2,True,1.0,1.0
400,35.0,2,True,1.0,1.0
400,35.0,2,True,1.0,1.0
400,35.0,2,True,1.0,1.0
400,35.0,2,True,1.0,1.0
400,35.0,2,True,1.0,1.0
400,35.0,2,True,1.0,1.0
400,35.0,2,True,1.0,1.0
400,35.0,2,True,1.0,1.0
400,35.0,2,True,1.0,1.0
400,35.0,2,True,1.0,1.0
400,35.0,2,True,1.0,1.0
400,35.0,2,True,1.0,1.0
400,35.0,2,True,1.0,1.0
400,36.0,2,True,1.0,1.0
400,36.0,2,True,1.0,1.0
400,36.0,2,True,1.0,1.0
400,36.0,2,True,1.0,1.0
400,36.0,2,True,1.0,1.0
400,36.0,2,True,1.0,1.0
400,36.0,2,True,1.0,1.0
400,36.0,2,True,1.0,1.0
400,36.0,3,True,0.7407407407407407,1.0
400,36.0,2,True,1.0,1.0
400,36.0,2,True,1.0,1.0
400,36.0,2,True,1.0,1.0
400,36.0,2,True,1.0,1.0
400,36.0,2,True,1.0,1.0
400,36.0,2,True,1.0,1.0
400,36.0,2,True,1.0,1.0
400,36.0,2,True,1.0,1.0
400,36.0,2,True,1.0,1.0
400,36.0,2,True,1.0,1.0
400,36.0,2,True,1.0,1.0
400,36.0,2,True,1.0,1.0
400,36.0,2,True,1.0,1.0
400,36.0,2,True,1.0,1.0
400,36.0,2,True,1.0,1.0
400,36.0,2,True,1.0,1.0
400,36.0,2,True,1.0,1.0
400,36.0,2,True,1.0,1.0
400,36.0,2,True,1.0,1.0
400,36.0,2,True,1.0,1.0
400,36.0,2,True,1.0,1.0
400,36.0,2,True,1.0,1.0
400,36.0,2,True,1.0,1.0
400,36.0,2,True,1.0,1.0
400,36.0,2,True,1.0,1.0
400,36.0,2,True,1.0,1.0
400,36.0,2,True,1.0,1.0
400,36.0,2,True,1.0,1.0
400,36.0,2,True,1.0,1.0
400,36.0,2,True,1.0,1.0
400,36.0,2,True,1.0,1.0
400,36.0,2,True,1.0,1.0
400,36.0,2,True,1.0,1.0
400,36.0,2,True,1.0,1.0
400,36.0,2,True,1.0,1.0
400,36.0,2,True,1.0,1.0
400,36.0,2,True,1.0,1.0
400,36.0,2,True,1.0,1.0
400,36.0,2,True,1.0,1.0
400,36.0,2,True,1.0,1.0
400,36.0,2,True,1.0,1.0
400,36.0,2,True,1.0,1.0
400,36.0,2,True,1.0,1.0
400,36.0,2,True,1.0,1.0
400,36.0,2,True,1.0,1.0
400,36.0,2,True,1.0,1.0
400,36.0,2,True,1.0,1.0
400,36.0,2,True,1.0,1.0
400,36.0,2,True,1.0,1.0
400,36.0,2,True,1.0,1.0
400,36.0,2,True,1.0,1.0
400,36.0,2,True,1.0,1.0
400,36.0,2,True,1.0,1.0
400,36.0,2,True,1.0,1.0
400,36.0,2,True,1.0,1.0
400,36.0,2,True,1.0,1.0
400,36.0,2,True,1.0,1.0
400,36.0,2,True,1.0,1.0
400,36.0,2,True,1.0,1.0
400,36.0,2,True,1.0,1.0
400,36.0,2,True,1.0,1.0
400,36.0,2,True,1.0,1.0
400,36.0,2,True,1.0,1.0
400,36.0,2,True,1.0,1.0
400,36.0,2,True,1.0,1.0
400,36.0,2,True,1.0,1.0
400,36.0,2,True,1.0,1.0
400,36.0,3,True,0.9876543209876543,1.0
400,36.0,2,True,1.0,1.0
400,36.0,2,True,1.0,1.0
400,36.0,2,True,1.0,1.0
400,36.0,2,True,1.0,1.0
400,36.0,3,True,0.7901234567901234,1.0
400,36.0,2,True,1.0,1.0
400,36.0,2,True,1.0,1.0
400,36.0,2,True,1.0,1.0
400,36.0,3,True,0.9135802469135802,1.0
400,36.0,2,True,1.0,1.0
400,36.0,2,True,1.0,1.0
400,36.0,2,True,1.0,1.0
400,36.0,3,True,0.8888888888888888,1.0
400,36.0,2,True,1.0,1.0
400,36.0,2,True,1.0,1.0
400,36.0,2,True,1.0,1.0
400,36.0,2,True,1.0,1.0
400,36.0,2,True,1.0,1.0
400,36.0,2,True,1.0,1.0
400,36.0,2,True,1.0,1.0
400,36.0,2,True,1.0,1.0
400,36.0,2,True,1.0,1.0
400,36.0,3,True,0.8888888888888888,1.0
400,36.0,2,True,1.0,1.0
400,36.0,2,True,1.0,1.0
400,36.0,2,True,1.0,1.0
400,36.0,2,True,1.0,1.0
400,36.0,2,True,1.0,1.0
400,36.0,3,True,0.9876543209876543,1.0
400,36.0,2,True,1.0,1.0
400,36.0,2,True,1.0,1.0
400,36.0,2,True,1.0,1.0
400,36.0,2,True,1.0,1.0
400,36.0,2,True,1.0,1.0
400,36.0,2,True,1.0,1.0
400,36.0,2,True,1.0,1.0
400,36.0,2,True,1.0,1.0
400,36.0,2,True,1.0,1.0
400,36.0,2,True,1.0,1.0
400,36.0,3,True,0.9876543209876543,1.0
400,36.0,2,True,1.0,1.0
400,36.0,2,True,1.0,1.0
400,36.0,2,True,1.0,1.0
400,36.0,2,True,1.0,1.0
400,36.0,2,True,1.0,1.0
400,36.0,2,True,1.0,1.0
400,36.0,2,True,1.0,1.0
400,36.0,2,True,1.0,1.0
400,36.0,2,True,1.0,1.0
400,36.0,2,True,1.0,1.0
400,36.0,2,True,1.0,1.0
400,36.0,2,True,1.0,1.0
400,36.0,2,True,1.0,1.0
400,36.0,2,True,1.0,1.0
400,36.0,2,True,1.0,1.0
400,36.0,3,True,0.9012345679012346,1.0
400,36.0,2,True,1.0,1.0
400,36.0,2,True,1.0,1.0
400,36.0,2,True,1.0,1.0
400,36.0,2,True,1.0,1.0
400,36.0,2,True,1.0,1.0
400,36.0,2,True,1.0,1.0
400,36.0,2,True,1.0,1.0
400,36.0,2,True,1.0,1.0
400,36.0,2,True,1.0,1.0
400,36.0,2,True,1.0,1.0
400,36.0,2,True,1.0,1.0
400,36.0,2,True,1.0,1.0
400,36.0,2,True,1.0,1.0
400,36.0,2,True,1.0,1.0
400,36.0,2,True,1.0,1.0
400,36.0,2,True,1.0,1.0
400,36.0,2,True,1.0,1.0
400,36.0,2,True,1.0,1.0
400,36.0,2,True,1.0,1.0
400,36.0,2,True,1.0,1.0
400,36.0,3,True,0.8888888888888888,1.0
400,36.0,2,True,1.0,1.0
400,36.0,2,True,1.0,1.0
400,36.0,2,True,1.0,1.0
400,36.0,2,True,1.0,1.0
400,36.0,2,True,1.0,1.0
400,36.0,2,True,1.0,1.0
400,36.0,2,True,1.0,1.0
400,36.0,2,True,1.0,1.0
400,36.0,2,True,1.0,1.0
400,36.0,2,True,1.0,1.0
400,36.0,2,True,1.0,1.0
400,36.0,3,True,0.8271604938271605,1.0
400,36.0,3,True,0.8888888888888888,1.0
400,36.0,2,True,1.0,1.0
400,36.0,2,True,1.0,1.0
400,36.0,2,True,1.0,1.0
400,36.0,2,True,1.0,1.0
400,36.0,2,True,1.0,1.0
400,36.0,2,True,1.0,1.0
400,36.0,2,True,1.0,1.0
400,36.0,2,True,1.0,1.0
400,36.0,2,True,1.0,1.0
400,36.0,2,True,1.0,1.0
400,36.0,3,True,0.9135802469135802,1.0
400,36.0,2,True,1.0,1.0
400,36.0,2,True,1.0,1.0
400,36.0,2,True,1.0,1.0
400,36.0,2,True,1.0,1.0
400,36.0,2,True,1.0,1.0
400,36.0,2,True,1.0,1.0
400,36.0,2,True,1.0,1.0
400,36.0,2,True,1.0,1.0
400,36.0,2,True,1.0,1.0
400,36.0,2,True,1.0,1.0
400,36.0,2,True,1.0,1.0
400,36.0,2,True,1.0,1.0
400,36.0,2,True,1.0,1.0
400,36.0,2,True,1.0,1.0
400,36.0,2,True,1.0,1.0
400,36.0,2,True,1.0,1.0
400,36.0,2,True,1.0,1.0
400,36.0,2,True,1.0,1.0
400,36.0,2,True,1.0,1.0
400,36.0,2,True,1.0,1.0
400,36.0,2,True,1.0,1.0
400,36.0,2,True,1.0,1.0
400,36.0,2,True,1.0,1.0
400,36.0,2,True,1.0,1.0
400,36.0,2,True,1.0,1.0
400,36.0,2,True,1.0,1.0
400,36.0,2,True,1.0,1.0
400,36.0,2,True,1.0,1.0
400,36.0,2,True,1.0,1.0
400,36.0,2,True,1.0,1.0
400,36.0,2,True,1.0,1.0
400,36.0,2,True,1.0,1.0
400,36.0,2,True,1.0,1.0
400,36.0,2,True,1.0,1.0
400,36.0,2,True,1.0,1.0
400,36.0,2,True,1.0,1.0
400,36.0,2,True,1.0,1.0
400,36.0,2,True,1.0,1.0
400,36.0,2,True,1.0,1.0
400,36.0,2,True,1.0,1.0
400,36.0,2,True,1.0,1.0
400,36.0,2,True,1.0,1.0
400,36.0,2,True,1.0,1.0
400,36.0,2,True,1.0,1.0
400,36.0,2,True,1.0,1.0
400,36.0,2,True,1.0,1.0
400,36.0,2,True,1.0,1.0
400,36.0,2,True,1.0,1.0
400,36.0,2,True,1.0,1.0
400,36.0,2,True,1.0,1.0
400,36.0,2,True,1.0,1.0
400,36.0,2,True,1.0,1.0
400,36.0,2,True,1.0,1.0
400,36.0,3,True,0.8765432098765432,1.0
400,36.0,2,True,1.0,1.0
400,36.0,2,True,1.0,1.0
400,36.0,2,True,1.0,1.0
400,36.0,2,True,1.0,1.0
400,36.0,2,True,1.0,1.0
400,36.0,2,True,1.0,1.0
400,36.0,2,True,1.0,1.0
400,36.0,2,True,1.0,1.0
400,36.0,2,True,1.0,1.0
400,36.0,2,True,1.0,1.0
400,36.0,2,True,1.0,1.0
400,36.0,2,True,1.0,1.0
400,36.0,2,True,1.0,1.0
400,36.0,2,True,1.0,1.0
400,36.0,2,True,1.0,1.0
400,36.0,2,True,1.0,1.0
400,36.0,2,True,1.0,1.0
400,36.0,2,True,1.0,1.0
400,36.0,2,True,1.0,1.0
400,36.0,2,True,1.0,1.0
400,36.0,2,True,1.0,1.0
400,36.0,2,True,1.0,1.0
400,36.0,2,True,1.0,1.0
400,36.0,2,True,1.0,1.0
400,36.0,2,True,1.0,1.0
400,36.0,2,True,1.0,1.0
400,36.0,2,True,1.0,1.0
400,36.0,2,True,1.0,1.0
400,36.0,2,True,1.0,1.0
400,36.0,2,True,1.0,1.0
400,36.0,2,True,1.0,1.0
400,36.0,2,True,1.0,1.0
400,36.0,2,True,1.0,1.0
400,36.0,2,True,1.0,1.0
400,36.0,2,True,1.0,1.0
400,36.0,2,True,1.0,1.0
400,36.0,2,True,1.0,1.0
400,36.0,2,True,1.0,1.0
400,36.0,2,True,1.0,1.0
400,36.0,2,True,1.0,1.0
400,36.0,2,True,1.0,1.0
400,36.0,2,True,1.0,1.0
400,36.0,2,True,1.0,1.0
400,36.0,2,True,1.0,1.0
400,36.0,2,True,1.0,1.0
400,36.0,2,True,1.0,1.0
400,36.0,2,True,1.0,1.0
400,36.0,2,True,1.0,1.0
400,36.0,3,True,0.8888888888888888,1.0
400,36.0,2,True,1.0,1.0
400,36.0,2,True,1.0,1.0
400,36.0,2,True,1.0,1.0
400,36.0,2,True,1.0,1.0
400,36.0,2,True,1.0,1.0
400,36.0,2,True,1.0,1.0
400,36.0,2,True,1.0,1.0
400,36.0,2,True,1.0,1.0
400,36.0,2,True,1.0,1.0
400,36.0,2,True,1.0,1.0
400,36.0,2,True,1.0,1.0
400,36.0,2,True,1.0,1.0
400,36.0,2,True,1.0,1.0
400,36.0,2,True,1.0,1.0
400,36.0,3,True,0.9135802469135802,1.0
400,36.0,2,True,1.0,1.0
400,36.0,2,True,1.0,1.0
400,36.0,2,True,1.0,1.0
400,36.0,2,True,1.0,1.0
400,37.0,3,True,0.6296296296296297,1.0
400,37.0,2,True,1.0,1.0
400,37.0,2,True,1.0,1.0
400,37.0,3,True,0.9259259259259259,1.0
400,37.0,2,True,1.0,1.0
400,37.0,3,True,0.8395061728395061,1.0
400,37.0,3,True,0.8888888888888888,1.0
400,37.0,2,True,1.0,1.0
400,37.0,3,True,0.7407407407407407,1.0
400,37.0,3,True,0.6666666666666666,1.0
400,37.0,3,True,0.8518518518518519,1.0
400,37.0,3,True,0.6049382716049383,1.0
400,37.0,2,True,1.0,1.0
400,37.0,2,True,1.0,1.0
400,37.0,2,True,1.0,1.0
400,37.0,2,True,1.0,1.0
400,37.0,3,True,0.5925925925925926,1.0
400,37.0,3,True,0.8888888888888888,1.0
400,37.0,3,True,0.5308641975308642,1.0
400,37.0,2,True,1.0,1.0
400,37.0,3,True,0.7407407407407407,1.0
400,37.0,2,True,1.0,1.0
400,37.0,2,True,1.0,1.0
400,37.0,3,True,0.8888888888888888,1.0
400,37.0,2,True,1.0,1.0
400,37.0,3,True,0.691358024691358,1.0
400,37.0,2,True,1.0,1.0
400,37.0,3,True,0.4444444444444444,1.0
400,37.0,3,True,0.7037037037037037,1.0
400,37.0,3,True,0.6666666666666666,1.0
400,37.0,3,True,0.49382716049382713,1.0
400,37.0,3,True,0.8888888888888888,1.0
400,37.0,2,True,1.0,1.0
400,37.0,3,True,0.8888888888888888,1.0
400,37.0,2,True,1.0,1.0
400,37.0,2,True,1.0,1.0
400,37.0,3,True,0.8888888888888888,1.0
400,37.0,2,True,1.0,1.0
400,37.0,2,True,1.0,1.0
400,37.0,2,True,1.0,1.0
400,37.0,2,True,1.0,1.0
400,37.0,2,True,1.0,1.0
400,37.0,2,True,1.0,1.0
400,37.0,2,True,1.0,1.0
400,37.0,2,True,1.0,1.0
400,37.0,2,True,1.0,1.0
400,37.0,2,True,1.0,1.0
400,37.0,3,True,0.8765432098765432,1.0
400,37.0,2,True,1.0,1.0
400,37.0,2,True,1.0,1.0
400,37.0,2,True,1.0,1.0
400,37.0,3,True,0.8888888888888888,1.0
400,37.0,3,True,0.9876543209876543,1.0
400,37.0,2,True,1.0,1.0
400,37.0,2,True,1.0,1.0
400,37.0,3,True,0.9382716049382716,1.0
400,37.0,2,True,1.0,1.0
400,37.0,3,True,0.6666666666666666,1.0
400,37.0,3,True,0.8518518518518519,1.0
400,37.0,3,True,0.8888888888888888,1.0
400,37.0,3,True,0.8765432098765432,1.0
400,37.0,3,True,0.9876543209876543,1.0
400,37.0,2,True,1.0,1.0
400,37.0,2,True,1.0,1.0
400,37.0,3,True,0.8888888888888888,1.0
400,37.0,3,True,0.7407407407407407,1.0
400,37.0,3,True,0.8888888888888888,1.0
400,37.0,2,True,1.0,1.0
400,37.0,2,True,1.0,1.0
400,37.0,2,True,1.0,1.0
400,37.0,3,True,0.8888888888888888,1.0
400,37.0,3,True,0.7654320987654321,1.0
400,37.0,2,True,1.0,1.0
400,37.0,2,True,1.0,1.0
400,37.0,3,True,0.5925925925925926,1.0
400,37.0,3,True,0.8888888888888888,1.0
400,37.0,3,True,0.8888888888888888,1.0
400,37.0,3,True,0.5185185185185185,1.0
400,37.0,2,True,1.0,1.0
400,37.0,2,True,1.0,1.0
400,37.0,2,True,1.0,1.0
400,37.0,2,True,1.0,1.0
400,37.0,2,True,1.0,1.0
400,37.0,2,True,1.0,1.0
400,37.0,2,True,1.0,1.0
400,37.0,2,True,1.0,1.0
400,37.0,2,True,1.0,1.0
400,37.0,2,True,1.0,1.0
400,37.0,2,True,1.0,1.0
400,37.0,2,True,1.0,1.0
400,37.0,2,True,1.0,1.0
400,37.0,2,True,1.0,1.0
400,37.0,3,True,0.8888888888888888,1.0
400,37.0,3,True,0.9876543209876543,1.0
400,37.0,2,True,1.0,1.0
400,37.0,3,True,0.8024691358024691,1.0
400,37.0,3,True,0.8641975308641975,1.0
400,37.0,3,True,0.7654320987654321,1.0
400,37.0,2,True,1.0,1.0
400,37.0,3,True,0.8518518518518519,1.0
400,37.0,3,True,0.9753086419753086,1.0
400,37.0,3,True,0.8888888888888888,1.0
400,37.0,2,True,1.0,1.0
400,37.0,2,True,1.0,1.0
400,37.0,2,True,1.0,1.0
400,37.0,2,True,1.0,1.0
400,37.0,3,True,0.8148148148148148,1.0
400,37.0,3,True,0.8888888888888888,1.0
400,37.0,3,True,0.9382716049382716,1.0
400,37.0,3,True,0.9876543209876543,1.0
400,37.0,2,True,1.0,1.0
400,37.0,2,True,1.0,1.0
400,37.0,2,True,1.0,1.0
400,37.0,3,True,0.7160493827160493,1.0
400,37.0,2,True,1.0,1.0
400,37.0,2,True,1.0,1.0
400,37.0,2,True,1.0,1.0
400,37.0,2,True,1.0,1.0
400,37.0,3,True,0.8518518518518519,1.0
400,37.0,2,True,1.0,1.0
400,37.0,2,True,1.0,1.0
400,37.0,2,True,1.0,1.0
400,37.0,2,True,1.0,1.0
400,37.0,3,True,0.6666666666666666,1.0
400,37.0,2,True,1.0,1.0
400,37.0,3,True,0.4691358024691358,1.0
400,37.0,3,True,0.6666666666666666,1.0
400,37.0,2,True,1.0,1.0
400,37.0,2,True,1.0,1.0
400,37.0,2,True,1.0,1.0
400,37.0,2,True,1.0,1.0
400,37.0,3,True,0.8765432098765432,1.0
400,37.0,2,True,1.0,1.0
400,37.0,3,True,0.8765432098765432,1.0
400,37.0,3,True,0.8888888888888888,1.0
400,37.0,2,True,1.0,1.0
400,37.0,3,True,0.8888888888888888,1.0
400,37.0,2,True,1.0,1.0
400,37.0,2,True,1.0,1.0
400,37.0,2,True,1.0,1.0
400,37.0,3,True,0.9135802469135802,1.0
400,37.0,2,True,1.0,1.0
400,37.0,2,True,1.0,1.0
400,37.0,3,True,0.9135802469135802,1.0
400,37.0,2,True,1.0,1.0
400,37.0,2,True,1.0,1.0
400,37.0,2,True,1.0,1.0
400,37.0,2,True,1.0,1.0
400,37.0,3,True,0.9876543209876543,1.0
400,37.0,3,True,0.8888888888888888,1.0
400,37.0,2,True,1.0,1.0
400,37.0,2,True,1.0,1.0
400,37.0,2,True,1.0,1.0
400,37.0,2,True,1.0,1.0
400,37.0,2,True,1.0,1.0
400,37.0,3,True,0.9753086419753086,1.0
400,37.0,2,True,1.0,1.0
400,37.0,3,True,0.6666666666666666,1.0
400,37.0,2,True,1.0,1.0
400,37.0,2,True,1.0,1.0
400,37.0,3,True,0.9259259259259259,1.0
400,37.0,3,True,0.9753086419753086,1.0
400,37.0,3,True,0.5555555555555556,1.0
400,37.0,2,True,1.0,1.0
400,37.0,2,True,1.0,1.0
400,37.0,2,True,1.0,1.0
400,37.0,3,True,0.9259259259259259,1.0
400,37.0,2,True,1.0,1.0
400,37.0,3,True,0.8888888888888888,1.0
400,37.0,2,True,1.0,1.0
400,37.0,3,True,0.9012345679012346,1.0
400,37.0,2,True,1.0,1.0
400,37.0,3,True,0.8148148148148148,1.0
400,37.0,2,True,1.0,1.0
400,37.0,2,True,1.0,1.0
400,37.0,2,True,1.0,1.0
400,37.0,2,True,1.0,1.0
400,37.0,3,True,0.8641975308641975,1.0
400,37.0,3,True,0.5308641975308642,1.0
400,37.0,3,True,0.3333333333333333,1.0
400,37.0,3,True,0.9259259259259259,1.0
400,37.0,3,True,0.5925925925925926,1.0
400,37.0,2,True,1.0,1.0
400,37.0,2,True,1.0,1.0
400,37.0,2,True,1.0,1.0
400,37.0,2,True,1.0,1.0
400,37.0,2,True,1.0,1.0
400,37.0,2,True,1.0,1.0
400,37.0,3,True,0.5061728395061729,1.0
400,37.0,2,True,1.0,1.0
400,37.0,2,True,1.0,1.0
400,37.0,2,True,1.0,1.0
400,37.0,2,True,1.0,1.0
400,37.0,3,True,0.5061728395061729,1.0
400,37.0,2,True,1.0,1.0
400,37.0,2,True,1.0,1.0
400,37.0,2,True,1.0,1.0
400,37.0,3,True,0.9753086419753086,1.0
400,37.0,3,True,0.8888888888888888,1.0
400,37.0,2,True,1.0,1.0
400,37.0,2,True,1.0,1.0
400,37.0,3,True,0.7160493827160493,1.0
400,37.0,3,True,0.8888888888888888,1.0
400,37.0,2,True,1.0,1.0
400,37.0,2,True,1.0,1.0
400,37.0,3,True,0.7160493827160493,1.0
400,37.0,2,True,1.0,1.0
400,37.0,3,True,0.8888888888888888,1.0
400,37.0,2,True,1.0,1.0
400,37.0,3,True,0.8888888888888888,1.0
400,37.0,3,True,0.9506172839506173,1.0
400,37.0,2,True,1.0,1.0
400,37.0,3,True,0.9012345679012346,1.0
400,37.0,3,True,0.6790123456790124,1.0
400,37.0,3,True,0.9876543209876543,1.0
400,37.0,2,True,1.0,1.0
400,37.0,2,True,1.0,1.0
400,37.0,3,True,0.5555555555555556,1.0
400,37.0,3,True,0.6419753086419753,1.0
400,37.0,2,True,1.0,1.0
400,37.0,2,True,1.0,1.0
400,37.0,2,True,1.0,1.0
400,37.0,3,True,0.8888888888888888,1.0
400,37.0,2,True,1.0,1.0
400,37.0,3,True,0.691358024691358,1.0
400,37.0,2,True,1.0,1.0
400,37.0,2,True,1.0,1.0
400,37.0,2,True,1.0,1.0
400,37.0,2,True,1.0,1.0
400,37.0,2,True,1.0,1.0
400,37.0,2,True,1.0,1.0
400,37.0,2,True,1.0,1.0
400,37.0,2,True,1.0,1.0
400,37.0,2,True,1.0,1.0
400,37.0,2,True,1.0,1.0
400,37.0,3,True,0.9012345679012346,1.0
400,37.0,2,True,1.0,1.0
400,37.0,2,True,1.0,1.0
400,37.0,3,True,0.8395061728395061,1.0
400,37.0,3,True,0.6049382716049383,1.0
400,37.0,2,True,1.0,1.0
400,37.0,3,True,0.9135802469135802,1.0
400,37.0,2,True,1.0,1.0
400,37.0,2,True,1.0,1.0
400,37.0,3,True,0.9629629629629629,1.0
400,37.0,3,True,0.5185185185185185,1.0
400,37.0,2,True,1.0,1.0
400,37.0,2,True,1.0,1.0
400,37.0,2,True,1.0,1.0
400,37.0,2,True,1.0,1.0
400,37.0,3,True,0.7777777777777778,1.0
400,37.0,3,True,0.8641975308641975,1.0
400,37.0,2,True,1.0,1.0
400,37.0,3,True,0.5802469135802469,1.0
400,37.0,3,True,0.8148148148148148,1.0
400,37.0,3,True,0.691358024691358,1.0
400,37.0,3,True,0.5308641975308642,1.0
400,37.0,2,True,1.0,1.0
400,37.0,2,True,1.0,1.0
400,37.0,3,True,0.9876543209876543,1.0
400,37.0,2,True,1.0,1.0
400,37.0,3,True,0.9506172839506173,1.0
400,37.0,2,True,1.0,1.0
400,37.0,3,True,0.9753086419753086,1.0
400,37.0,2,True,1.0,1.0
400,37.0,2,True,1.0,1.0
400,37.0,3,True,0.48148148148148145,1.0
400,37.0,2,True,1.0,1.0
400,37.0,3,True,0.6419753086419753,1.0
400,37.0,2,True,1.0,1.0
400,37.0,3,True,0.5555555555555556,1.0
400,37.0,2,True,1.0,1.0
400,37.0,3,True,0.691358024691358,1.0
400,37.0,2,True,1.0,1.0
400,37.0,2,True,1.0,1.0
400,37.0,2,True,1.0,1.0
400,37.0,2,True,1.0,1.0
400,37.0,3,True,0.9506172839506173,1.0
400,37.0,2,True,1.0,1.0
400,37.0,3,True,0.9753086419753086,1.0
400,37.0,3,True,0.9135802469135802,1.0
400,37.0,3,True,0.5185185185185185,1.0
400,37.0,3,True,0.9259259259259259,1.0
400,37.0,2,True,1.0,1.0
400,37.0,2,True,1.0,1.0
400,37.0,2,True,1.0,1.0
400,37.0,3,True,0.8888888888888888,1.0
400,37.0,3,True,0.8888888888888888,1.0
400,37.0,2,True,1.0,1.0
400,37.0,2,True,1.0,1.0
400,37.0,3,True,0.7654320987654321,1.0
400,37.0,3,True,0.5308641975308642,1.0
400,37.0,3,True,0.7283950617283951,1.0
400,37.0,2,True,1.0,1.0
400,37.0,3,True,0.7654320987654321,1.0
400,37.0,3,True,0.8888888888888888,1.0
400,37.0,2,True,1.0,1.0
400,37.0,2,True,1.0,1.0
400,37.0,3,True,0.8888888888888888,1.0
400,37.0,2,True,1.0,1.0
400,38.0,3,True,0.3333333333333333,1.0
400,38.0,3,True,0.8765432098765432,1.0
400,38.0,3,True,0.25925925925925924,1.0
400,38.0,3,True,0.8888888888888888,1.0
400,38.0,3,True,0.3333333333333333,1.0
400,38.0,2,True,1.0,1.0
400,38.0,3,True,0.32098765432098764,1.0
400,38.0,3,True,0.30864197530864196,1.0
400,38.0,3,True,0.8888888888888888,1.0
400,38.0,3,True,0.345679012345679,1.0
400,38.0,3,True,0.3333333333333333,1.0
400,38.0,3,True,0.5555555555555556,1.0
400,38.0,3,True,0.3950617283950617,1.0
400,38.0,3,True,0.4567901234567901,1.0
400,38.0,3,True,0.5308641975308642,1.0
400,38.0,3,True,0.7530864197530864,1.0
400,38.0,2,True,1.0,1.0
400,38.0,3,True,0.6790123456790124,1.0
400,38.0,3,True,0.4691358024691358,1.0
400,38.0,3,True,0.8395061728395061,1.0
400,38.0,3,True,0.654320987654321,1.0
400,38.0,3,True,0.8888888888888888,1.0
400,38.0,3,True,0.5802469135802469,1.0
400,38.0,3,True,0.5432098765432098,1.0
400,38.0,3,True,0.5308641975308642,1.0
400,38.0,3,True,0.8641975308641975,1.0
400,38.0,3,True,0.3333333333333333,1.0
400,38.0,2,True,1.0,1.0
400,38.0,3,True,0.5555555555555556,1.0
400,38.0,3,True,0.7530864197530864,1.0
400,38.0,3,True,0.4444444444444444,1.0
400,38.0,3,True,0.3333333333333333,1.0
400,38.0,3,True,0.9382716049382716,1.0
400,38.0,3,True,0.8888888888888888,1.0
400,38.0,3,True,0.4074074074074074,1.0
400,38.0,3,True,0.5432098765432098,1.0
400,38.0,3,True,0.5432098765432098,1.0
400,38.0,3,True,0.345679012345679,1.0
400,38.0,3,True,0.2962962962962963,1.0
400,38.0,3,True,0.7160493827160493,1.0
400,38.0,3,True,0.5308641975308642,1.0
400,38.0,3,True,0.4074074074074074,1.0
400,38.0,3,True,0.345679012345679,1.0
400,38.0,3,True,0.8765432098765432,1.0
400,38.0,3,True,0.8888888888888888,1.0
400,38.0,3,True,0.37037037037037035,1.0
400,38.0,3,True,0.5185185185185185,1.0
400,38.0,3,True,0.37037037037037035,1.0
400,38.0,3,True,0.49382716049382713,1.0
400,38.0,3,True,0.5802469135802469,1.0
400,38.0,3,True,0.2222222222222222,1.0
400,38.0,3,True,0.35802469135802467,1.0
400,38.0,3,True,0.345679012345679,1.0
400,38.0,2,True,1.0,1.0
400,38.0,3,True,0.2962962962962963,1.0
400,38.0,3,True,0.49382716049382713,1.0
400,38.0,3,True,0.8888888888888888,1.0
400,38.0,3,True,0.7037037037037037,1.0
400,38.0,3,True,0.5555555555555556,1.0
400,38.0,3,True,0.32098765432098764,1.0
400,38.0,3,True,0.32098765432098764,1.0
400,38.0,3,True,0.8888888888888888,1.0
400,38.0,3,True,0.345679012345679,1.0
400,38.0,3,True,0.6666666666666666,1.0
400,38.0,3,True,0.41975308641975306,1.0
400,38.0,3,True,0.8148148148148148,1.0
400,38.0,3,True,0.38271604938271603,1.0
400,38.0,3,True,0.345679012345679,1.0
400,38.0,3,True,0.5802469135802469,1.0
400,38.0,3,True,0.345679012345679,1.0
400,38.0,3,True,0.3333333333333333,1.0
400,38.0,3,True,0.5308641975308642,1.0
400,38.0,3,True,0.691358024691358,1.0
400,38.0,3,True,0.8641975308641975,1.0
400,38.0,3,True,0.5308641975308642,1.0
400,38.0,3,True,0.7654320987654321,1.0
400,38.0,3,True,0.7777777777777778,1.0
400,38.0,3,True,0.8765432098765432,1.0
400,38.0,3,True,0.7530864197530864,1.0
400,38.0,3,True,0.8888888888888888,1.0
400,38.0,3,True,0.5061728395061729,1.0
400,38.0,3,True,0.7037037037037037,1.0
400,38.0,3,True,0.345679012345679,1.0
400,38.0,3,True,0.20987654320987653,1.0
400,38.0,2,True,1.0,1.0
400,38.0,3,True,0.3333333333333333,1.0
400,38.0,3,True,0.691358024691358,1.0
400,38.0,3,True,0.8765432098765432,1.0
400,38.0,3,True,0.9629629629629629,1.0
400,38.0,3,True,0.345679012345679,1.0
400,38.0,3,True,0.3333333333333333,1.0
400,38.0,3,True,0.5432098765432098,1.0
400,38.0,3,True,0.8765432098765432,1.0
400,38.0,3,True,0.4691358024691358,1.0
400,38.0,3,True,0.345679012345679,1.0
400,38.0,2,True,1.0,1.0
400,38.0,3,True,0.6049382716049383,1.0
400,38.0,2,True,1.0,1.0
400,38.0,3,True,0.6419753086419753,1.0
400,38.0,3,True,0.4691358024691358,1.0
400,38.0,2,True,1.0,1.0
400,38.0,3,True,0.7160493827160493,1.0
400,38.0,3,True,0.41975308641975306,1.0
400,38.0,2,True,1.0,1.0
400,38.0,3,True,0.8395061728395061,1.0
400,38.0,3,True,0.6419753086419753,1.0
400,38.0,3,True,0.5432098765432098,1.0
400,38.0,3,True,0.6790123456790124,1.0
400,38.0,3,True,0.3333333333333333,1.0
400,38.0,3,True,0.7037037037037037,1.0
400,38.0,3,True,0.691358024691358,1.0
400,38.0,3,True,0.4691358024691358,1.0
400,38.0,3,True,0.345679012345679,1.0
400,38.0,2,True,1.0,1.0
400,38.0,3,True,0.38271604938271603,1.0
400,38.0,3,True,0.4074074074074074,1.0
400,38.0,3,True,0.20987654320987653,1.0
400,38.0,3,True,0.35802469135802467,1.0
400,38.0,3,True,0.4074074074074074,1.0
400,38.0,3,True,0.43209876543209874,1.0
400,38.0,3,True,0.9876543209876543,1.0
400,38.0,3,True,0.4567901234567901,1.0
400,38.0,3,True,0.654320987654321,1.0
400,38.0,3,True,0.6666666666666666,1.0
400,38.0,3,True,0.3333333333333333,1.0
400,38.0,3,True,0.9506172839506173,1.0
400,38.0,3,True,0.4691358024691358,1.0
400,38.0,3,True,0.48148148148148145,1.0
400,38.0,3,True,0.8888888888888888,1.0
400,38.0,3,True,0.38271604938271603,1.0
400,38.0,3,True,0.5308641975308642,1.0
400,38.0,3,True,0.5432098765432098,1.0
400,38.0,3,True,0.9259259259259259,1.0
400,38.0,3,True,0.37037037037037035,1.0
400,38.0,3,True,0.3333333333333333,1.0
400,38.0,3,True,0.345679012345679,1.0
400,38.0,3,True,0.2962962962962963,1.0
400,38.0,3,True,0.5555555555555556,1.0
400,38.0,3,True,0.5061728395061729,1.0
400,38.0,3,True,0.5308641975308642,1.0
400,38.0,3,True,0.41975308641975306,1.0
400,38.0,3,True,0.5432098765432098,1.0
400,38.0,3,True,0.7530864197530864,1.0
400,38.0,3,True,0.32098765432098764,1.0
400,38.0,3,True,0.6666666666666666,1.0
400,38.0,3,True,0.2962962962962963,1.0
400,38.0,2,True,1.0,1.0
400,38.0,3,True,0.3950617283950617,1.0
400,38.0,3,True,0.345679012345679,1.0
400,38.0,3,True,0.3333333333333333,1.0
400,38.0,3,True,0.6419753086419753,1.0
400,38.0,3,True,0.3333333333333333,1.0
400,38.0,3,True,0.4444444444444444,1.0
400,38.0,3,True,0.5432098765432098,1.0
400,38.0,3,True,0.5555555555555556,1.0
400,38.0,3,True,0.6049382716049383,1.0
400,38.0,3,True,0.7037037037037037,1.0
400,38.0,3,True,0.37037037037037035,1.0
400,38.0,3,True,0.7160493827160493,1.0
400,38.0,3,True,0.6790123456790124,1.0
400,38.0,3,True,0.7037037037037037,1.0
400,38.0,3,True,0.654320987654321,1.0
400,38.0,3,True,0.654320987654321,1.0
400,38.0,3,True,0.8518518518518519,1.0
400,38.0,3,True,0.3333333333333333,1.0
400,38.0,3,True,0.7160493827160493,1.0
400,38.0,3,True,0.4691358024691358,1.0
400,38.0,3,True,0.6790123456790124,1.0
400,38.0,3,True,0.3333333333333333,1.0
400,38.0,3,True,0.3333333333333333,1.0
400,38.0,3,True,0.6666666666666666,1.0
400,38.0,3,True,0.6172839506172839,1.0
400,38.0,3,True,0.3950617283950617,1.0
400,38.0,3,True,0.6790123456790124,1.0
400,38.0,3,True,0.654320987654321,1.0
400,38.0,3,True,0.25925925925925924,1.0
400,38.0,3,True,0.4691358024691358,1.0
400,38.0,3,True,0.5802469135802469,1.0
400,38.0,3,True,0.8395061728395061,1.0
400,38.0,2,True,1.0,1.0
400,38.0,3,True,0.8888888888888888,1.0
400,38.0,3,True,0.3333333333333333,1.0
400,38.0,3,True,0.3333333333333333,1.0
400,38.0,3,True,0.37037037037037035,1.0
400,38.0,3,True,0.5679012345679012,1.0
400,38.0,3,True,0.691358024691358,1.0
400,38.0,3,True,0.5432098765432098,1.0
400,38.0,3,True,0.7530864197530864,1.0
400,38.0,3,True,0.7283950617283951,1.0
400,38.0,3,True,0.3333333333333333,1.0
400,38.0,3,True,0.6296296296296297,1.0
400,38.0,3,True,0.3333333333333333,1.0
400,38.0,3,True,0.5185185185185185,1.0
400,38.0,3,True,0.6049382716049383,1.0
400,38.0,3,True,0.4691358024691358,1.0
400,38.0,3,True,0.2839506172839506,1.0
400,38.0,3,True,0.691358024691358,1.0
400,38.0,3,True,0.5555555555555556,1.0
400,38.0,3,True,0.2962962962962963,1.0
400,38.0,3,True,0.43209876543209874,1.0
400,38.0,3,True,0.5679012345679012,1.0
400,38.0,3,True,0.6296296296296297,1.0
400,38.0,3,True,0.6790123456790124,1.0
400,38.0,3,True,0.7654320987654321,1.0
400,38.0,3,True,0.5679012345679012,1.0
400,38.0,3,True,0.3333333333333333,1.0
400,38.0,3,True,0.3333333333333333,1.0
400,38.0,3,True,0.8888888888888888,1.0
400,38.0,3,True,0.6172839506172839,1.0
400,38.0,3,True,0.43209876543209874,1.0
400,38.0,3,True,0.5308641975308642,1.0
400,38.0,3,True,0.30864197530864196,1.0
400,38.0,3,True,0.5925925925925926,1.0
400,38.0,3,True,0.3333333333333333,1.0
400,38.0,3,True,0.6790123456790124,1.0
400,38.0,3,True,0.41975308641975306,1.0
400,38.0,3,True,0.6296296296296297,1.0
400,38.0,3,True,0.3333333333333333,1.0
400,38.0,3,True,0.5802469135802469,1.0
400,38.0,3,True,0.7407407407407407,1.0
400,38.0,3,True,0.6666666666666666,1.0
400,38.0,3,True,0.8888888888888888,1.0
400,38.0,3,True,0.7037037037037037,1.0
400,38.0,3,True,0.8888888888888888,1.0
400,38.0,3,True,0.7160493827160493,1.0
400,38.0,3,True,0.3333333333333333,1.0
400,38.0,3,True,0.8888888888888888,1.0
400,38.0,3,True,0.4691358024691358,1.0
400,38.0,3,True,0.8888888888888888,1.0
400,38.0,3,True,0.6296296296296297,1.0
400,38.0,3,True,0.6666666666666666,1.0
400,38.0,3,True,0.3333333333333333,1.0
400,38.0,3,True,0.8765432098765432,1.0
400,38.0,3,True,0.8888888888888888,1.0
400,38.0,3,True,0.3333333333333333,1.0
400,38.0,3,True,0.3950617283950617,1.0
400,38.0,3,True,0.32098765432098764,1.0
400,38.0,3,True,0.3333333333333333,1.0
400,38.0,3,True,0.3333333333333333,1.0
400,38.0,3,True,0.6419753086419753,1.0
400,38.0,3,True,0.654320987654321,1.0
400,38.0,3,True,0.7407407407407407,1.0
400,38.0,3,True,0.5555555555555556,1.0
400,38.0,3,True,0.9012345679012346,1.0
400,38.0,3,True,0.9259259259259259,1.0
400,38.0,3,True,0.5555555555555556,1.0
400,38.0,3,True,0.8765432098765432,1.0
400,38.0,3,True,0.8888888888888888,1.0
400,38.0,3,True,0.6790123456790124,1.0
400,38.0,3,True,0.6049382716049383,1.0
400,38.0,3,True,0.7283950617283951,1.0
400,38.0,3,True,0.48148148148148145,1.0
400,38.0,3,True,0.43209876543209874,1.0
400,38.0,3,True,0.7777777777777778,1.0
400,38.0,3,True,0.38271604938271603,1.0
400,38.0,3,True,0.43209876543209874,1.0
400,38.0,2,True,1.0,1.0
400,38.0,3,True,0.345679012345679,1.0
400,38.0,3,True,0.3333333333333333,1.0
400,38.0,3,True,0.7654320987654321,1.0
400,38.0,3,True,0.3333333333333333,1.0
400,38.0,3,True,0.8888888888888888,1.0
400,38.0,3,True,0.6172839506172839,1.0
400,38.0,3,True,0.43209876543209874,1.0
400,38.0,3,True,0.8888888888888888,1.0
400,38.0,3,True,0.9876543209876543,1.0
400,38.0,3,True,0.9382716049382716,1.0
400,38.0,3,True,0.8888888888888888,1.0
400,38.0,3,True,0.8888888888888888,1.0
400,38.0,3,True,0.5061728395061729,1.0
400,38.0,3,True,0.9012345679012346,1.0
400,38.0,3,True,0.35802469135802467,1.0
400,38.0,3,True,0.654320987654321,1.0
400,38.0,3,True,0.3333333333333333,1.0
400,38.0,3,True,0.345679012345679,1.0
400,38.0,3,True,0.24691358024691357,1.0
400,38.0,2,True,1.0,1.0
400,38.0,3,True,0.8641975308641975,1.0
400,38.0,3,True,0.37037037037037035,1.0
400,38.0,3,True,0.5555555555555556,1.0
400,38.0,3,True,0.5925925925925926,1.0
400,38.0,3,True,0.5061728395061729,1.0
400,38.0,3,True,0.7777777777777778,1.0
400,38.0,3,True,0.8641975308641975,1.0
400,38.0,3,True,0.3333333333333333,1.0
400,38.0,3,True,0.3333333333333333,1.0
400,38.0,3,True,0.6666666666666666,1.0
400,38.0,3,True,0.8888888888888888,1.0
400,38.0,3,True,0.8518518518518519,1.0
400,38.0,3,True,0.8888888888888888,1.0
400,38.0,3,True,0.5925925925925926,1.0
400,38.0,2,True,1.0,1.0
400,38.0,3,True,0.8395061728395061,1.0
400,38.0,3,True,0.9753086419753086,1.0
400,38.0,3,True,0.7654320987654321,1.0
400,38.0,3,True,0.32098765432098764,1.0
400,38.0,3,True,0.5061728395061729,1.0
400,38.0,3,True,0.654320987654321,1.0
400,38.0,3,True,0.6419753086419753,1.0
400,38.0,3,True,0.7160493827160493,1.0
400,39.0,3,True,0.1728395061728395,1.0
400,39.0,3,True,0.32098765432098764,1.0
400,39.0,3,True,0.345679012345679,1.0
400,39.0,3,True,0.35802469135802467,1.0
400,39.0,3,True,0.12345679012345678,1.0
400,39.0,3,True,0.2222222222222222,1.0
400,39.0,3,True,0.3333333333333333,1.0
400,39.0,3,True,0.41975308641975306,1.0
400,39.0,3,True,0.2962962962962963,1.0
400,39.0,3,True,0.18518518518518517,1.0
400,39.0,3,True,0.32098765432098764,1.0
400,39.0,3,True,0.20987654320987653,1.0
400,39.0,3,True,0.2716049382716049,1.0
400,39.0,3,True,0.6419753086419753,1.0
400,39.0,3,True,0.37037037037037035,1.0
400,39.0,3,True,0.14814814814814814,1.0
400,39.0,3,True,0.18518518518518517,1.0
400,39.0,3,True,0.2716049382716049,1.0
400,39.0,3,True,0.30864197530864196,1.0
400,39.0,3,True,0.3333333333333333,1.0
400,39.0,3,True,0.5061728395061729,1.0
400,39.0,3,True,0.6049382716049383,1.0
400,39.0,3,True,0.2345679012345679,1.0
400,39.0,3,True,0.25925925925925924,1.0
400,39.0,3,True,0.2222222222222222,1.0
400,39.0,3,True,0.38271604938271603,1.0
400,39.0,3,True,0.3333333333333333,1.0
400,39.0,3,True,0.43209876543209874,1.0
400,39.0,3,True,0.3333333333333333,1.0
400,39.0,3,True,0.14814814814814814,1.0
400,39.0,3,True,0.5308641975308642,1.0
400,39.0,3,True,0.32098765432098764,1.0
400,39.0,3,True,0.25925925925925924,1.0
400,39.0,3,True,0.32098765432098764,1.0
400,39.0,3,True,0.32098765432098764,1.0
400,39.0,3,True,0.1728395061728395,1.0
400,39.0,3,True,0.25925925925925924,1.0
400,39.0,3,True,0.2345679012345679,1.0
400,39.0,3,True,0.2962962962962963,1.0
400,39.0,3,True,0.2839506172839506,1.0
400,39.0,3,True,0.3333333333333333,1.0
400,39.0,3,True,0.32098765432098764,1.0
400,39.0,3,True,0.1728395061728395,1.0
400,39.0,3,True,0.32098765432098764,1.0
400,39.0,3,True,0.2962962962962963,1.0
400,39.0,3,True,0.2716049382716049,1.0
400,39.0,3,True,0.3333333333333333,1.0
400,39.0,3,True,0.37037037037037035,1.0
400,39.0,3,True,0.345679012345679,1.0
400,39.0,3,True,0.30864197530864196,1.0
400,39.0,3,True,0.20987654320987653,1.0
400,39.0,3,True,0.345679012345679,1.0
400,39.0,3,True,0.3333333333333333,1.0
400,39.0,3,True,0.5061728395061729,1.0
400,39.0,3,True,0.3333333333333333,1.0
400,39.0,3,True,0.4567901234567901,1.0
400,39.0,3,True,0.49382716049382713,1.0
400,39.0,3,True,0.2222222222222222,1.0
400,39.0,3,True,0.345679012345679,1.0
400,39.0,3,True,0.5432098765432098,1.0
400,39.0,3,True,0.32098765432098764,1.0
400,39.0,3,True,0.41975308641975306,1.0
400,39.0,3,True,0.8024691358024691,1.0
400,39.0,3,True,0.41975308641975306,1.0
400,39.0,3,True,0.35802469135802467,1.0
400,39.0,3,True,0.3333333333333333,1.0
400,39.0,3,True,0.32098765432098764,1.0
400,39.0,3,True,0.18518518518518517,1.0
400,39.0,3,True,0.2839506172839506,1.0
400,39.0,3,True,0.2839506172839506,1.0
400,39.0,3,True,0.32098765432098764,1.0
400,39.0,3,True,0.1728395061728395,1.0
400,39.0,3,True,0.30864197530864196,1.0
400,39.0,3,True,0.2716049382716049,1.0
400,39.0,3,True,0.16049382716049382,1.0
400,39.0,3,True,0.1728395061728395,1.0
400,39.0,3,True,0.19753086419753085,1.0
400,39.0,3,True,0.49382716049382713,1.0
400,39.0,3,True,0.5185185185185185,1.0
400,39.0,3,True,0.32098765432098764,1.0
400,39.0,3,True,0.3333333333333333,1.0
400,39.0,3,True,0.3333333333333333,1.0
400,39.0,3,True,0.3333333333333333,1.0
400,39.0,3,True,0.3333333333333333,1.0
400,39.0,3,True,0.3333333333333333,1.0
400,39.0,3,True,0.3333333333333333,1.0
400,39.0,3,True,0.3333333333333333,1.0
400,39.0,3,True,0.19753086419753085,1.0
400,39.0,3,True,0.3333333333333333,1.0
400,39.0,3,True,0.30864197530864196,1.0
400,39.0,3,True,0.4074074074074074,1.0
400,39.0,3,True,0.32098765432098764,1.0
400,39.0,3,True,0.35802469135802467,1.0
400,39.0,3,True,0.2345679012345679,1.0
400,39.0,3,True,0.2345679012345679,1.0
400,39.0,3,True,0.30864197530864196,1.0
400,39.0,3,True,0.2839506172839506,1.0
400,39.0,3,True,0.3333333333333333,1.0
400,39.0,3,True,0.5185185185185185,1.0
400,39.0,3,True,0.2222222222222222,1.0
400,39.0,3,True,0.3333333333333333,1.0
400,39.0,3,True,0.3333333333333333,1.0
400,39.0,3,True,0.2345679012345679,1.0
400,39.0,3,True,0.14814814814814814,1.0
400,39.0,3,True,0.4444444444444444,1.0
400,39.0,3,True,0.6666666666666666,1.0
400,39.0,3,True,0.30864197530864196,1.0
400,39.0,3,True,0.25925925925925924,1.0
400,39.0,3,True,0.2716049382716049,1.0
400,39.0,3,True,0.2962962962962963,1.0
400,39.0,3,True,0.24691358024691357,1.0
400,39.0,3,True,0.2839506172839506,1.0
400,39.0,3,True,0.3333333333333333,1.0
400,39.0,3,True,0.3333333333333333,1.0
400,39.0,3,True,0.2962962962962963,1.0
400,39.0,3,True,0.3333333333333333,1.0
400,39.0,3,True,0.30864197530864196,1.0
400,39.0,3,True,0.30864197530864196,1.0
400,39.0,3,True,0.14814814814814814,1.0
400,39.0,3,True,0.5432098765432098,1.0
400,39.0,3,True,0.13580246913580246,1.0
400,39.0,3,True,0.2716049382716049,1.0
400,39.0,3,True,0.32098765432098764,1.0
400,39.0,3,True,0.6049382716049383,1.0
400,39.0,3,True,0.3333333333333333,1.0
400,39.0,3,True,0.19753086419753085,1.0
400,39.0,3,True,0.25925925925925924,1.0
400,39.0,3,True,0.4074074074074074,1.0
400,39.0,3,True,0.3333333333333333,1.0
400,39.0,3,True,0.654320987654321,1.0
400,39.0,3,True,0.2716049382716049,1.0
400,39.0,3,True,0.3333333333333333,1.0
400,39.0,3,True,0.3333333333333333,1.0
400,39.0,3,True,0.3333333333333333,1.0
400,39.0,3,True,0.3333333333333333,1.0
400,39.0,3,True,0.25925925925925924,1.0
400,39.0,3,True,0.16049382716049382,1.0
400,39.0,3,True,0.35802469135802467,1.0
400,39.0,3,True,0.32098765432098764,1.0
400,39.0,3,True,0.12345679012345678,1.0
400,39.0,3,True,0.16049382716049382,1.0
400,39.0,3,True,0.3950617283950617,1.0
400,39.0,3,True,0.2962962962962963,1.0
400,39.0,3,True,0.2222222222222222,1.0
400,39.0,3,True,0.2716049382716049,1.0
400,39.0,4,True,0.2222222222222222,1.0
400,39.0,3,True,0.3333333333333333,1.0
400,39.0,3,True,0.35802469135802467,1.0
400,39.0,3,True,0.2716049382716049,1.0
400,39.0,3,True,0.3333333333333333,1.0
400,39.0,3,True,0.3333333333333333,1.0
400,39.0,3,True,0.2716049382716049,1.0
400,39.0,3,True,0.345679012345679,1.0
400,39.0,3,True,0.3333333333333333,1.0
400,39.0,3,True,0.3333333333333333,1.0
400,39.0,3,True,0.18518518518518517,1.0
400,39.0,3,True,0.3950617283950617,1.0
400,39.0,3,True,0.5679012345679012,1.0
400,39.0,3,True,0.3333333333333333,1.0
400,39.0,3,True,0.32098765432098764,1.0
400,39.0,3,True,0.1728395061728395,1.0
400,39.0,3,True,0.6666666666666666,1.0
400,39.0,3,True,0.345679012345679,1.0
400,39.0,3,True,0.2962962962962963,1.0
400,39.0,3,True,0.345679012345679,1.0
400,39.0,3,True,0.37037037037037035,1.0
400,39.0,3,True,0.2839506172839506,1.0
400,39.0,3,True,0.3333333333333333,1.0
400,39.0,3,True,0.24691358024691357,1.0
400,39.0,3,True,0.13580246913580246,1.0
400,39.0,3,True,0.18518518518518517,1.0
400,39.0,3,True,0.30864197530864196,1.0
400,39.0,3,True,0.24691358024691357,1.0
400,39.0,3,True,0.3333333333333333,1.0
400,39.0,3,True,0.3333333333333333,1.0
400,39.0,3,True,0.3333333333333333,1.0
400,39.0,3,True,0.8888888888888888,1.0
400,39.0,3,True,0.2839506172839506,1.0
400,39.0,3,True,0.37037037037037035,1.0
400,39.0,3,True,0.32098765432098764,1.0
400,39.0,3,True,0.4074074074074074,1.0
400,39.0,3,True,0.3333333333333333,1.0
400,39.0,3,True,0.32098765432098764,1.0
400,39.0,3,True,0.3333333333333333,1.0
400,39.0,3,True,0.3333333333333333,1.0
400,39.0,3,True,0.2222222222222222,1.0
400,39.0,3,True,0.1728395061728395,1.0
400,39.0,3,True,0.32098765432098764,1.0
400,39.0,3,True,0.20987654320987653,1.0
400,39.0,3,True,0.30864197530864196,1.0
400,39.0,3,True,0.3333333333333333,1.0
400,39.0,3,True,0.16049382716049382,1.0
400,39.0,3,True,0.3333333333333333,1.0
400,39.0,3,True,0.30864197530864196,1.0
400,39.0,3,True,0.3333333333333333,1.0
400,39.0,3,True,0.20987654320987653,1.0
400,39.0,3,True,0.3333333333333333,1.0
400,39.0,3,True,0.3333333333333333,1.0
400,39.0,3,True,0.30864197530864196,1.0
400,39.0,3,True,0.4567901234567901,1.0
400,39.0,3,True,0.5185185185185185,1.0
400,39.0,3,True,0.16049382716049382,1.0
400,39.0,3,True,0.1728395061728395,1.0
400,39.0,3,True,0.4691358024691358,1.0
400,39.0,3,True,0.13580246913580246,1.0
400,39.0,3,True,0.3333333333333333,1.0
400,39.0,3,True,0.3950617283950617,1.0
400,39.0,3,True,0.2839506172839506,1.0
400,39.0,3,True,0.3333333333333333,1.0
400,39.0,3,True,0.3333333333333333,1.0
400,39.0,3,True,0.345679012345679,1.0
400,39.0,3,True,0.18518518518518517,1.0
400,39.0,3,True,0.2222222222222222,1.0
400,39.0,3,True,0.25925925925925924,1.0
400,39.0,3,True,0.24691358024691357,1.0
400,39.0,3,True,0.35802469135802467,1.0
400,39.0,3,True,0.13580246913580246,1.0
400,39.0,3,True,0.2962962962962963,1.0
400,39.0,3,True,0.3333333333333333,1.0
400,39.0,3,True,0.2839506172839506,1.0
400,39.0,3,True,0.3333333333333333,1.0
400,39.0,3,True,0.20987654320987653,1.0
400,39.0,3,True,0.43209876543209874,1.0
400,39.0,3,True,0.3333333333333333,1.0
400,39.0,3,True,0.4691358024691358,1.0
400,39.0,3,True,0.35802469135802467,1.0
400,39.0,3,True,0.5061728395061729,1.0
400,39.0,3,True,0.32098765432098764,1.0
400,39.0,3,True,0.2716049382716049,1.0
400,39.0,3,True,0.5308641975308642,1.0
400,39.0,3,True,0.19753086419753085,1.0
400,39.0,3,True,0.18518518518518517,1.0
400,39.0,3,True,0.3333333333333333,1.0
400,39.0,3,True,0.3950617283950617,1.0
400,39.0,3,True,0.6790123456790124,1.0
400,39.0,3,True,0.2962962962962963,1.0
400,39.0,3,True,0.30864197530864196,1.0
400,39.0,3,True,0.2962962962962963,1.0
400,39.0,3,True,0.3333333333333333,1.0
400,39.0,3,True,0.2962962962962963,1.0
400,39.0,3,True,0.2222222222222222,1.0
400,39.0,3,True,0.30864197530864196,1.0
400,39.0,3,True,0.30864197530864196,1.0
400,39.0,3,True,0.2345679012345679,1.0
400,39.0,3,True,0.14814814814814814,1.0
400,39.0,3,True,0.5432098765432098,1.0
400,39.0,3,True,0.3950617283950617,1.0
400,39.0,3,True,0.3333333333333333,1.0
400,39.0,3,True,0.32098765432098764,1.0
400,39.0,3,True,0.5185185185185185,1.0
400,39.0,3,True,0.3333333333333333,1.0
400,39.0,3,True,0.2839506172839506,1.0
400,39.0,3,True,0.6419753086419753,1.0
400,39.0,3,True,0.1728395061728395,1.0
400,39.0,3,True,0.32098765432098764,1.0
400,39.0,3,True,0.20987654320987653,1.0
400,39.0,3,True,0.3950617283950617,1.0
400,39.0,3,True,0.5679012345679012,1.0
400,39.0,3,True,0.2839506172839506,1.0
400,39.0,3,True,0.20987654320987653,1.0
400,39.0,3,True,0.6666666666666666,1.0
400,39.0,3,True,0.3333333333333333,1.0
400,39.0,3,True,0.2839506172839506,1.0
400,39.0,3,True,0.32098765432098764,1.0
400,39.0,3,True,0.2716049382716049,1.0
400,39.0,3,True,0.18518518518518517,1.0
400,39.0,3,True,0.2716049382716049,1.0
400,39.0,3,True,0.3333333333333333,1.0
400,39.0,3,True,0.3333333333333333,1.0
400,39.0,3,True,0.20987654320987653,1.0
400,39.0,3,True,0.3333333333333333,1.0
400,39.0,3,True,0.14814814814814814,1.0
400,39.0,3,True,0.43209876543209874,1.0
400,39.0,3,True,0.2716049382716049,1.0
400,39.0,3,True,0.3333333333333333,1.0
400,39.0,3,True,0.4074074074074074,1.0
400,39.0,3,True,0.2716049382716049,1.0
400,39.0,3,True,0.24691358024691357,1.0
400,39.0,3,True,0.3333333333333333,1.0
400,39.0,3,True,0.24691358024691357,1.0
400,39.0,3,True,0.13580246913580246,1.0
400,39.0,3,True,0.32098765432098764,1.0
400,39.0,3,True,0.25925925925925924,1.0
400,39.0,3,True,0.30864197530864196,1.0
400,39.0,3,True,0.1728395061728395,1.0
400,39.0,3,True,0.2839506172839506,1.0
400,39.0,3,True,0.16049382716049382,1.0
400,39.0,3,True,0.2222222222222222,1.0
400,39.0,3,True,0.25925925925925924,1.0
400,39.0,3,True,0.345679012345679,1.0
400,39.0,3,True,0.2345679012345679,1.0
400,39.0,3,True,0.345679012345679,1.0
400,39.0,3,True,0.345679012345679,1.0
400,39.0,3,True,0.2962962962962963,1.0
400,39.0,3,True,0.2716049382716049,1.0
400,39.0,3,True,0.3333333333333333,1.0
400,39.0,3,True,0.3333333333333333,1.0
400,39.0,3,True,0.32098765432098764,1.0
400,39.0,3,True,0.32098765432098764,1.0
400,39.0,3,True,0.3333333333333333,1.0
400,40.0,3,True,0.2345679012345679,1.0
400,40.0,3,True,0.25925925925925924,1.0
400,40.0,3,True,0.2345679012345679,1.0
400,40.0,3,True,0.2345679012345679,1.0
400,40.0,3,True,0.19753086419753085,1.0
400,40.0,3,True,0.1111111111111111,1.0
400,40.0,3,True,0.16049382716049382,1.0
400,40.0,3,True,0.20987654320987653,1.0
400,40.0,3,True,0.24691358024691357,1.0
400,40.0,3,True,0.13580246913580246,1.0
400,40.0,3,True,0.2222222222222222,1.0
400,40.0,3,True,0.1111111111111111,1.0
400,40.0,3,True,0.1728395061728395,1.0
400,40.0,3,True,0.2222222222222222,1.0
400,40.0,3,True,0.1728395061728395,1.0
400,40.0,3,True,0.3950617283950617,1.0
400,40.0,3,True,0.20987654320987653,1.0
400,40.0,3,True,0.2716049382716049,1.0
400,40.0,3,True,0.2222222222222222,1.0
400,40.0,3,True,0.19753086419753085,1.0
400,40.0,3,True,0.1111111111111111,1.0
400,40.0,4,True,0.1111111111111111,0.1111111111111111
400,40.0,3,True,0.14814814814814814,1.0
400,40.0,3,True,0.12345679012345678,1.0
400,40.0,3,True,0.12345679012345678,1.0
400,40.0,3,True,0.1111111111111111,1.0
400,40.0,3,True,0.3333333333333333,1.0
400,40.0,3,True,0.1111111111111111,1.0
400,40.0,3,True,0.3333333333333333,1.0
400,40.0,3,True,0.16049382716049382,1.0
400,40.0,3,True,0.12345679012345678,1.0
400,40.0,3,True,0.14814814814814814,1.0
400,40.0,3,True,0.13580246913580246,1.0
400,40.0,3,True,0.16049382716049382,1.0
400,40.0,9,True,0.14814814814814814,0.1111111111111111
400,40.0,3,True,0.25925925925925924,1.0
400,40.0,3,True,0.2839506172839506,1.0
400,40.0,3,True,0.1111111111111111,0.1111111111111111
400,40.0,3,True,0.20987654320987653,1.0
400,40.0,3,True,0.16049382716049382,1.0
400,40.0,3,True,0.13580246913580246,1.0
400,40.0,3,True,0.2345679012345679,1.0
400,40.0,3,True,0.2962962962962963,1.0
400,40.0,3,True,0.13580246913580246,1.0
400,40.0,3,True,0.30864197530864196,1.0
400,40.0,3,True,0.14814814814814814,1.0
400,40.0,3,True,0.14814814814814814,1.0
400,40.0,3,True,0.13580246913580246,1.0
400,40.0,3,True,0.2839506172839506,1.0
400,40.0,3,True,0.1111111111111111,1.0
400,40.0,3,True,0.14814814814814814,1.0
400,40.0,3,True,0.1111111111111111,1.0
400,40.0,4,True,0.12345679012345678,1.0
400,40.0,3,True,0.3333333333333333,1.0
400,40.0,3,True,0.18518518518518517,1.0
400,40.0,3,True,0.16049382716049382,1.0
400,40.0,3,True,0.25925925925925924,1.0
400,40.0,3,True,0.18518518518518517,1.0
400,40.0,3,True,0.16049382716049382,1.0
400,40.0,3,True,0.24691358024691357,1.0
400,40.0,3,True,0.30864197530864196,1.0
400,40.0,3,True,0.2222222222222222,1.0
400,40.0,3,True,0.2345679012345679,1.0
400,40.0,3,True,0.30864197530864196,1.0
400,40.0,3,True,0.19753086419753085,1.0
400,40.0,3,True,0.16049382716049382,1.0
400,40.0,3,True,0.12345679012345678,1.0
400,40.0,3,True,0.3333333333333333,1.0
400,40.0,3,True,0.1728395061728395,1.0
400,40.0,3,True,0.2222222222222222,1.0
400,40.0,3,True,0.2839506172839506,1.0
400,40.0,4,True,0.16049382716049382,1.0
400,40.0,3,True,0.14814814814814814,1.0
400,40.0,3,True,0.2222222222222222,1.0
400,40.0,3,True,0.32098765432098764,1.0
400,40.0,3,True,0.19753086419753085,1.0
400,40.0,3,True,0.1728395061728395,1.0
400,40.0,3,True,0.19753086419753085,1.0
400,40.0,3,True,0.2345679012345679,1.0
400,40.0,3,True,0.1111111111111111,1.0
400,40.0,3,True,0.13580246913580246,1.0
400,40.0,3,True,0.24691358024691357,1.0
400,40.0,3,True,0.2222222222222222,1.0
400,40.0,3,True,0.2345679012345679,1.0
400,40.0,3,True,0.1728395061728395,1.0
400,40.0,3,True,0.13580246913580246,1.0
400,40.0,3,True,0.24691358024691357,1.0
400,40.0,3,True,0.20987654320987653,1.0
400,40.0,3,True,0.12345679012345678,1.0
400,40.0,3,True,0.20987654320987653,1.0
400,40.0,3,True,0.13580246913580246,1.0
400,40.0,3,True,0.19753086419753085,1.0
400,40.0,3,True,0.1111111111111111,1.0
400,40.0,3,True,0.3333333333333333,1.0
400,40.0,3,True,0.1111111111111111,1.0
400,40.0,3,True,0.20987654320987653,1.0
400,40.0,3,True,0.13580246913580246,1.0
400,40.0,3,True,0.13580246913580246,1.0
400,40.0,3,True,0.18518518518518517,1.0
400,40.0,3,True,0.1728395061728395,1.0
400,40.0,3,True,0.2222222222222222,1.0
400,40.0,3,True,0.1111111111111111,1.0
400,40.0,3,True,0.1111111111111111,1.0
400,40.0,3,True,0.2839506172839506,1.0
400,40.0,3,True,0.1728395061728395,1.0
400,40.0,3,True,0.13580246913580246,1.0
400,40.0,3,True,0.13580246913580246,1.0
400,40.0,3,True,0.1111111111111111,1.0
400,40.0,4,True,0.1111111111111111,1.0
400,40.0,3,True,0.20987654320987653,1.0
400,40.0,4,True,0.13580246913580246,1.0
400,40.0,3,True,0.30864197530864196,1.0
400,40.0,3,True,0.18518518518518517,1.0
400,40.0,3,True,0.1111111111111111,1.0
400,40.0,3,True,0.25925925925925924,1.0
400,40.0,3,True,0.12345679012345678,1.0
400,40.0,3,True,0.12345679012345678,1.0
400,40.0,4,True,0.1111111111111111,1.0
400,40.0,3,True,0.12345679012345678,1.0
400,40.0,3,True,0.30864197530864196,1.0
400,40.0,3,True,0.20987654320987653,1.0
400,40.0,3,True,0.16049382716049382,1.0
400,40.0,4,True,0.1111111111111111,1.0
400,40.0,3,True,0.12345679012345678,1.0
400,40.0,3,True,0.13580246913580246,1.0
400,40.0,3,True,0.12345679012345678,1.0
400,40.0,3,True,0.12345679012345678,1.0
400,40.0,3,True,0.13580246913580246,1.0
400,40.0,3,True,0.13580246913580246,1.0
400,40.0,3,True,0.1728395061728395,1.0
400,40.0,3,True,0.16049382716049382,1.0
400,40.0,3,True,0.14814814814814814,1.0
400,40.0,3,True,0.18518518518518517,1.0
400,40.0,3,True,0.18518518518518517,1.0
400,40.0,3,True,0.30864197530864196,1.0
400,40.0,3,True,0.1728395061728395,1.0
400,40.0,3,True,0.2345679012345679,1.0
400,40.0,3,True,0.2839506172839506,1.0
400,40.0,3,True,0.12345679012345678,1.0
400,40.0,3,True,0.3333333333333333,1.0
400,40.0,3,True,0.18518518518518517,1.0
400,40.0,3,True,0.12345679012345678,1.0
400,40.0,3,True,0.1111111111111111,1.0
400,40.0,3,True,0.2222222222222222,1.0
400,40.0,3,True,0.14814814814814814,1.0
400,40.0,4,True,0.12345679012345678,0.1111111111111111
400,40.0,3,True,0.12345679012345678,1.0
400,40.0,3,True,0.16049382716049382,1.0
400,40.0,3,True,0.3333333333333333,1.0
400,40.0,3,True,0.24691358024691357,1.0
400,40.0,3,True,0.2345679012345679,1.0
400,40.0,3,True,0.3333333333333333,1.0
400,40.0,3,True,0.1728395061728395,1.0
400,40.0,3,True,0.24691358024691357,1.0
400,40.0,3,True,0.14814814814814814,1.0
400,40.0,3,True,0.12345679012345678,1.0
400,40.0,3,True,0.1111111111111111,1.0
400,40.0,3,True,0.24691358024691357,1.0
400,40.0,3,True,0.13580246913580246,1.0
400,40.0,3,True,0.2839506172839506,1.0
400,40.0,3,True,0.13580246913580246,1.0
400,40.0,5,True,0.1111111111111111,0.1111111111111111
400,40.0,3,True,0.2222222222222222,1.0
400,40.0,3,True,0.2716049382716049,1.0
400,40.0,3,True,0.16049382716049382,1.0
400,40.0,3,True,0.13580246913580246,1.0
400,40.0,4,True,0.16049382716049382,1.0
400,40.0,3,True,0.12345679012345678,1.0
400,40.0,3,True,0.14814814814814814,1.0
400,40.0,3,True,0.18518518518518517,1.0
400,40.0,3,True,0.1728395061728395,1.0
400,40.0,3,True,0.1111111111111111,1.0
400,40.0,3,True,0.1111111111111111,1.0
400,40.0,3,True,0.2839506172839506,1.0
400,40.0,4,True,0.1111111111111111,1.0
400,40.0,3,True,0.18518518518518517,1.0
400,40.0,3,True,0.2222222222222222,1.0
400,40.0,3,True,0.14814814814814814,1.0
400,40.0,3,True,0.1111111111111111,1.0
400,40.0,3,True,0.1728395061728395,1.0
400,40.0,3,True,0.2716049382716049,1.0
400,40.0,3,True,0.32098765432098764,1.0
400,40.0,4,True,0.18518518518518517,1.0
400,40.0,3,True,0.19753086419753085,1.0
400,40.0,3,True,0.2345679012345679,1.0
400,40.0,3,True,0.16049382716049382,1.0
400,40.0,3,True,0.16049382716049382,1.0
400,40.0,3,True,0.2222222222222222,1.0
400,40.0,3,True,0.14814814814814814,1.0
400,40.0,3,True,0.2839506172839506,1.0
400,40.0,3,True,0.1111111111111111,1.0
400,40.0,3,True,0.16049382716049382,1.0
400,40.0,3,True,0.1111111111111111,1.0
400,40.0,3,True,0.19753086419753085,1.0
400,40.0,3,True,0.13580246913580246,1.0
400,40.0,3,True,0.3950617283950617,1.0
400,40.0,3,True,0.2345679012345679,1.0
400,40.0,3,True,0.18518518518518517,1.0
400,40.0,3,True,0.25925925925925924,1.0
400,40.0,3,True,0.14814814814814814,1.0
400,40.0,4,True,0.13580246913580246,1.0
400,40.0,3,True,0.19753086419753085,1.0
400,40.0,3,True,0.1111111111111111,1.0
400,40.0,3,True,0.12345679012345678,1.0
400,40.0,3,True,0.16049382716049382,1.0
400,40.0,3,True,0.13580246913580246,1.0
400,40.0,3,True,0.20987654320987653,1.0
400,40.0,3,True,0.2716049382716049,1.0
400,40.0,3,True,0.1111111111111111,1.0
400,40.0,3,True,0.13580246913580246,1.0
400,40.0,3,True,0.12345679012345678,1.0
400,40.0,3,True,0.1111111111111111,1.0
400,40.0,4,True,0.12345679012345678,0.1111111111111111
400,40.0,4,True,0.1111111111111111,1.0
400,40.0,3,True,0.1728395061728395,1.0
400,40.0,3,True,0.16049382716049382,1.0
400,40.0,3,True,0.2716049382716049,1.0
400,40.0,3,True,0.20987654320987653,1.0
400,40.0,3,True,0.32098765432098764,1.0
400,40.0,3,True,0.18518518518518517,1.0
400,40.0,3,True,0.2962962962962963,1.0
400,40.0,3,True,0.24691358024691357,1.0
400,40.0,3,True,0.3333333333333333,1.0
400,40.0,3,True,0.13580246913580246,1.0
400,40.0,3,True,0.2345679012345679,1.0
400,40.0,3,True,0.18518518518518517,1.0
400,40.0,4,True,0.12345679012345678,1.0
400,40.0,3,True,0.18518518518518517,1.0
400,40.0,3,True,0.2716049382716049,1.0
400,40.0,3,True,0.2962962962962963,1.0
400,40.0,3,True,0.13580246913580246,1.0
400,40.0,3,True,0.13580246913580246,1.0
400,40.0,3,True,0.1111111111111111,1.0
400,40.0,3,True,0.24691358024691357,1.0
400,40.0,3,True,0.1111111111111111,1.0
400,40.0,3,True,0.25925925925925924,1.0
400,40.0,3,True,0.2222222222222222,1.0
400,40.0,3,True,0.12345679012345678,1.0
400,40.0,3,True,0.16049382716049382,1.0
400,40.0,3,True,0.2222222222222222,1.0
400,40.0,4,True,0.1111111111111111,1.0
400,40.0,3,True,0.25925925925925924,1.0
400,40.0,3,True,0.25925925925925924,1.0
400,40.0,3,True,0.20987654320987653,1.0
400,40.0,3,True,0.1728395061728395,1.0
400,40.0,3,True,0.24691358024691357,1.0
400,40.0,3,True,0.18518518518518517,1.0
400,40.0,3,True,0.2839506172839506,1.0
400,40.0,3,True,0.25925925925925924,1.0
400,40.0,3,True,0.3333333333333333,1.0
400,40.0,3,True,0.2222222222222222,1.0
400,40.0,3,True,0.24691358024691357,1.0
400,40.0,4,True,0.1111111111111111,1.0
400,40.0,4,True,0.1111111111111111,1.0
400,40.0,3,True,0.2222222222222222,1.0
400,40.0,3,True,0.2716049382716049,1.0
400,40.0,3,True,0.30864197530864196,1.0
400,40.0,4,True,0.1111111111111111,1.0
400,40.0,3,True,0.30864197530864196,1.0
400,40.0,3,True,0.1728395061728395,1.0
400,40.0,3,True,0.16049382716049382,1.0
400,40.0,3,True,0.1111111111111111,1.0
400,40.0,3,True,0.16049382716049382,1.0
400,40.0,3,True,0.32098765432098764,1.0
400,40.0,3,True,0.12345679012345678,1.0
400,40.0,3,True,0.14814814814814814,1.0
400,40.0,3,True,0.12345679012345678,1.0
400,40.0,3,True,0.20987654320987653,1.0
400,40.0,3,True,0.2345679012345679,1.0
400,40.0,3,True,0.19753086419753085,1.0
400,40.0,5,True,0.12345679012345678,1.0
400,40.0,3,True,0.16049382716049382,1.0
400,40.0,3,True,0.12345679012345678,1.0
400,40.0,3,True,0.13580246913580246,1.0
400,40.0,3,True,0.14814814814814814,1.0
400,40.0,3,True,0.1111111111111111,1.0
400,40.0,3,True,0.3333333333333333,1.0
400,40.0,4,True,0.12345679012345678,1.0
400,40.0,3,True,0.13580246913580246,1.0
400,40.0,3,True,0.12345679012345678,1.0
400,40.0,3,True,0.24691358024691357,1.0
400,40.0,3,True,0.13580246913580246,1.0
400,40.0,3,True,0.32098765432098764,1.0
400,40.0,3,True,0.32098765432098764,1.0
400,40.0,3,True,0.3333333333333333,1.0
400,40.0,4,True,0.13580246913580246,1.0
400,40.0,3,True,0.1728395061728395,1.0
400,40.0,3,True,0.1728395061728395,1.0
400,40.0,3,True,0.12345679012345678,1.0
400,40.0,5,True,0.13580246913580246,0.1111111111111111
400,40.0,3,True,0.2962962962962963,1.0
400,40.0,3,True,0.14814814814814814,1.0
400,40.0,3,True,0.20987654320987653,1.0
400,40.0,3,True,0.3333333333333333,1.0
400,40.0,3,True,0.13580246913580246,1.0
400,40.0,3,True,0.2222222222222222,1.0
400,40.0,3,True,0.16049382716049382,1.0
400,40.0,3,True,0.345679012345679,1.0
400,40.0,3,True,0.1728395061728395,1.0
400,40.0,3,True,0.32098765432098764,1.0
400,41.0,3,True,0.1111111111111111,0.1111111111111111
400,41.0,3,True,0.14814814814814814,1.0
400,41.0,4,True,0.1111111111111111,0.1111111111111111
400,41.0,4,True,0.12345679012345678,0.1111111111111111
400,41.0,3,True,0.16049382716049382,1.0
400,41.0,3,True,0.12345679012345678,1.0
400,41.0,4,True,0.14814814814814814,1.0
400,41.0,4,True,0.12345679012345678,1.0
400,41.0,4,True,0.1111111111111111,0.1111111111111111
400,41.0,4,True,0.1111111111111111,0.1111111111111111
400,41.0,4,True,0.12345679012345678,1.0
400,41.0,4,True,0.12345679012345678,1.0
400,41.0,3,True,0.1111111111111111,1.0
400,41.0,3,True,0.1111111111111111,1.0
400,41.0,4,True,0.1111111111111111,0.1111111111111111
400,41.0,3,True,0.12345679012345678,1.0
400,41.0,4,True,0.1111111111111111,1.0
400,41.0,3,True,0.1111111111111111,0.1111111111111111
400,41.0,5,True,0.1111111111111111,1.0
400,41.0,3,True,0.12345679012345678,0.1111111111111111
400,41.0,3,True,0.19753086419753085,1.0
400,41.0,4,True,0.1111111111111111,0.1111111111111111
400,41.0,3,True,0.13580246913580246,1.0
400,41.0,4,True,0.13580246913580246,1.0
400,41.0,4,True,0.1111111111111111,1.0
400,41.0,3,True,0.12345679012345678,1.0
400,41.0,3,True,0.19753086419753085,1.0
400,41.0,4,True,0.12345679012345678,1.0
400,41.0,4,True,0.1111111111111111,0.1111111111111111
400,41.0,3,True,0.1111111111111111,1.0
400,41.0,4,True,0.12345679012345678,1.0
400,41.0,4,True,0.1111111111111111,1.0
400,41.0,3,True,0.12345679012345678,1.0
400,41.0,4,True,0.1111111111111111,1.0
400,41.0,5,True,0.1111111111111111,0.1111111111111111
400,41.0,4,True,0.1111111111111111,0.1111111111111111
400,41.0,3,True,0.13580246913580246,1.0
400,41.0,4,True,0.1111111111111111,0.1111111111111111
400,41.0,4,True,0.13580246913580246,1.0
400,41.0,3,True,0.1111111111111111,1.0
400,41.0,3,True,0.13580246913580246,1.0
400,41.0,4,True,0.1111111111111111,1.0
400,41.0,4,True,0.12345679012345678,0.1111111111111111
400,41.0,4,True,0.1111111111111111,1.0
400,41.0,3,True,0.18518518518518517,1.0
400,41.0,3,True,0.1111111111111111,1.0
400,41.0,4,True,0.1111111111111111,1.0
400,41.0,4,True,0.13580246913580246,0.1111111111111111
400,41.0,5,True,0.1111111111111111,0.1111111111111111
400,41.0,3,True,0.1728395061728395,1.0
400,41.0,4,True,0.1111111111111111,1.0
400,41.0,4,True,0.12345679012345678,1.0
400,41.0,3,True,0.1111111111111111,0.1111111111111111
400,41.0,6,True,0.12345679012345678,0.1111111111111111
400,41.0,3,True,0.1111111111111111,0.1111111111111111
400,41.0,3,True,0.20987654320987653,1.0
400,41.0,3,True,0.1111111111111111,1.0
400,41.0,5,True,0.1111111111111111,1.0
400,41.0,4,True,0.1111111111111111,0.1111111111111111
400,41.0,4,True,0.1111111111111111,0.1111111111111111
400,41.0,3,True,0.1111111111111111,0.1111111111111111
400,41.0,3,True,0.1111111111111111,1.0
400,41.0,4,True,0.12345679012345678,0.1111111111111111
400,41.0,3,True,0.13580246913580246,1.0
400,41.0,3,True,0.1111111111111111,1.0
400,41.0,3,True,0.12345679012345678,0.1111111111111111
400,41.0,4,True,0.12345679012345678,0.1111111111111111
400,41.0,4,True,0.13580246913580246,1.0
400,41.0,4,True,0.12345679012345678,1.0
400,41.0,4,True,0.1111111111111111,1.0
400,41.0,4,True,0.12345679012345678,1.0
400,41.0,3,True,0.14814814814814814,1.0
400,41.0,4,True,0.1111111111111111,1.0
400,41.0,3,True,0.1111111111111111,1.0
400,41.0,4,True,0.18518518518518517,1.0
400,41.0,4,True,0.1111111111111111,0.1111111111111111
400,41.0,3,True,0.12345679012345678,1.0
400,41.0,4,True,0.14814814814814814,1.0
400,41.0,3,True,0.19753086419753085,1.0
400,41.0,3,True,0.1728395061728395,1.0
400,41.0,3,True,0.14814814814814814,1.0
400,41.0,4,True,0.1111111111111111,0.1111111111111111
400,41.0,3,True,0.1111111111111111,0.1111111111111111
400,41.0,4,True,0.1111111111111111,1.0
400,41.0,4,True,0.14814814814814814,1.0
400,41.0,5,True,0.1111111111111111,1.0
400,41.0,3,True,0.12345679012345678,1.0
400,41.0,3,True,0.1111111111111111,0.1111111111111111
400,41.0,4,True,0.12345679012345678,1.0
400,41.0,3,True,0.1111111111111111,0.1111111111111111
400,41.0,4,True,0.1111111111111111,0.1111111111111111
400,41.0,4,True,0.1111111111111111,1.0
400,41.0,3,True,0.1111111111111111,1.0
400,41.0,4,True,0.1111111111111111,0.1111111111111111
400,41.0,3,True,0.1111111111111111,1.0
400,41.0,4,True,0.1111111111111111,1.0
400,41.0,4,True,0.16049382716049382,1.0
400,41.0,5,True,0.12345679012345678,0.1111111111111111
400,41.0,4,True,0.12345679012345678,1.0
400,41.0,4,True,0.12345679012345678,1.0
400,41.0,4,True,0.12345679012345678,1.0
400,41.0,5,True,0.12345679012345678,1.0
400,41.0,4,True,0.1111111111111111,1.0
400,41.0,5,True,0.1111111111111111,0.1111111111111111
400,41.0,4,True,0.1111111111111111,1.0
400,41.0,4,True,0.1111111111111111,1.0
400,41.0,3,True,0.12345679012345678,0.1111111111111111
400,41.0,4,True,0.12345679012345678,1.0
400,41.0,5,True,0.1111111111111111,0.1111111111111111
400,41.0,5,True,0.1111111111111111,0.1111111111111111
400,41.0,4,True,0.1111111111111111,1.0
400,41.0,3,True,0.1111111111111111,0.1111111111111111
400,41.0,3,True,0.13580246913580246,1.0
400,41.0,6,True,0.12345679012345678,0.1111111111111111
400,41.0,4,True,0.13580246913580246,1.0
400,41.0,4,True,0.1111111111111111,0.1111111111111111
400,41.0,4,True,0.13580246913580246,1.0
400,41.0,5,True,0.16049382716049382,1.0
400,41.0,3,True,0.12345679012345678,0.1111111111111111
400,41.0,4,True,0.1111111111111111,0.1111111111111111
400,41.0,4,True,0.1111111111111111,0.1111111111111111
400,41.0,3,True,0.1111111111111111,1.0
400,41.0,5,True,0.1111111111111111,0.1111111111111111
400,41.0,3,True,0.12345679012345678,0.1111111111111111
400,41.0,3,True,0.12345679012345678,1.0
400,41.0,4,True,0.1111111111111111,1.0
400,41.0,4,True,0.14814814814814814,1.0
400,41.0,4,True,0.1111111111111111,1.0
400,41.0,3,True,0.1728395061728395,1.0
400,41.0,5,True,0.12345679012345678,0.1111111111111111
400,41.0,4,True,0.12345679012345678,1.0
400,41.0,4,True,0.1111111111111111,1.0
400,41.0,3,True,0.18518518518518517,1.0
400,41.0,4,True,0.13580246913580246,0.1111111111111111
400,41.0,5,True,0.1111111111111111,0.1111111111111111
400,41.0,5,True,0.1111111111111111,1.0
400,41.0,6,True,0.12345679012345678,0.1111111111111111
400,41.0,3,True,0.12345679012345678,1.0
400,41.0,3,True,0.1111111111111111,1.0
400,41.0,4,True,0.1111111111111111,1.0
400,41.0,3,True,0.1111111111111111,0.1111111111111111
400,41.0,3,True,0.13580246913580246,1.0
400,41.0,4,True,0.1111111111111111,1.0
400,41.0,3,True,0.12345679012345678,0.1111111111111111
400,41.0,3,True,0.12345679012345678,1.0
400,41.0,3,True,0.12345679012345678,1.0
400,41.0,3,True,0.12345679012345678,0.1111111111111111
400,41.0,3,True,0.1111111111111111,0.1111111111111111
400,41.0,3,True,0.1111111111111111,1.0
400,41.0,3,True,0.1111111111111111,0.1111111111111111
400,41.0,3,True,0.13580246913580246,1.0
400,41.0,4,True,0.12345679012345678,0.1111111111111111
400,41.0,4,True,0.1111111111111111,0.1111111111111111
400,41.0,3,True,0.1111111111111111,0.1111111111111111
400,41.0,4,True,0.1111111111111111,1.0
400,41.0,4,True,0.1111111111111111,1.0
400,41.0,3,True,0.12345679012345678,1.0
400,41.0,5,True,0.1111111111111111,0.1111111111111111
400,41.0,3,True,0.1111111111111111,1.0
400,41.0,3,True,0.1111111111111111,1.0
400,41.0,3,True,0.13580246913580246,1.0
400,41.0,3,True,0.14814814814814814,1.0
400,41.0,5,True,0.1111111111111111,0.1111111111111111
400,41.0,3,True,0.18518518518518517,1.0
400,41.0,4,True,0.1111111111111111,0.1111111111111111
400,41.0,4,True,0.1111111111111111,1.0
400,41.0,4,True,0.12345679012345678,0.1111111111111111
400,41.0,3,True,0.14814814814814814,1.0
400,41.0,3,True,0.12345679012345678,1.0
400,41.0,4,True,0.1111111111111111,1.0
400,41.0,3,True,0.16049382716049382,1.0
400,41.0,4,True,0.1111111111111111,1.0
400,41.0,4,True,0.12345679012345678,1.0
400,41.0,3,True,0.14814814814814814,1.0
400,41.0,3,True,0.12345679012345678,1.0
400,41.0,3,True,0.1111111111111111,1.0
400,41.0,4,True,0.1111111111111111,0.1111111111111111
400,41.0,3,True,0.12345679012345678,1.0
400,41.0,3,True,0.12345679012345678,1.0
400,41.0,4,True,0.1111111111111111,0.1111111111111111
400,41.0,3,True,0.12345679012345678,1.0
400,41.0,5,True,0.1111111111111111,0.1111111111111111
400,41.0,3,True,0.12345679012345678,0.1111111111111111
400,41.0,4,True,0.12345679012345678,1.0
400,41.0,3,True,0.25925925925925924,1.0
400,41.0,3,True,0.14814814814814814,1.0
400,41.0,3,True,0.1111111111111111,0.1111111111111111
400,41.0,4,True,0.1111111111111111,1.0
400,41.0,3,True,0.12345679012345678,1.0
400,41.0,3,True,0.1111111111111111,0.1111111111111111
400,41.0,3,True,0.1111111111111111,1.0
400,41.0,4,True,0.1111111111111111,1.0
400,41.0,3,True,0.1111111111111111,1.0
400,41.0,3,True,0.12345679012345678,1.0
400,41.0,4,True,0.1728395061728395,1.0
400,41.0,3,True,0.1111111111111111,0.1111111111111111
400,41.0,5,True,0.12345679012345678,1.0
400,41.0,5,True,0.1111111111111111,0.1111111111111111
400,41.0,3,True,0.2222222222222222,1.0
400,41.0,5,True,0.1111111111111111,1.0
400,41.0,4,True,0.12345679012345678,1.0
400,41.0,3,True,0.1111111111111111,0.1111111111111111
400,41.0,4,True,0.12345679012345678,1.0
400,41.0,3,True,0.13580246913580246,1.0
400,41.0,5,True,0.1111111111111111,1.0
400,41.0,4,True,0.1111111111111111,0.1111111111111111
400,41.0,3,True,0.1111111111111111,1.0
400,41.0,4,True,0.14814814814814814,0.1111111111111111
400,41.0,3,True,0.14814814814814814,1.0
400,41.0,3,True,0.1111111111111111,1.0
400,41.0,3,True,0.1111111111111111,0.1111111111111111
400,41.0,4,True,0.12345679012345678,1.0
400,41.0,3,True,0.13580246913580246,0.1111111111111111
400,41.0,3,True,0.12345679012345678,0.1111111111111111
400,41.0,3,True,0.14814814814814814,1.0
400,41.0,3,True,0.14814814814814814,1.0
400,41.0,3,True,0.12345679012345678,1.0
400,41.0,4,True,0.1111111111111111,1.0
400,41.0,4,True,0.1111111111111111,0.1111111111111111
400,41.0,4,True,0.1111111111111111,1.0
400,41.0,3,True,0.13580246913580246,1.0
400,41.0,3,True,0.2345679012345679,1.0
400,41.0,4,True,0.12345679012345678,1.0
400,41.0,3,True,0.1111111111111111,0.1111111111111111
400,41.0,3,True,0.12345679012345678,1.0
400,41.0,5,True,0.12345679012345678,0.1111111111111111
400,41.0,4,True,0.1111111111111111,0.1111111111111111
400,41.0,3,True,0.1111111111111111,0.1111111111111111
400,41.0,4,True,0.12345679012345678,1.0
400,41.0,3,True,0.14814814814814814,1.0
400,41.0,5,True,0.1111111111111111,0.1111111111111111
400,41.0,3,True,0.1111111111111111,0.1111111111111111
400,41.0,3,True,0.1111111111111111,1.0
400,41.0,4,True,0.14814814814814814,1.0
400,41.0,4,True,0.1111111111111111,0.1111111111111111
400,41.0,5,True,0.1111111111111111,1.0
400,41.0,4,True,0.1111111111111111,1.0
400,41.0,3,True,0.16049382716049382,1.0
400,41.0,3,True,0.1111111111111111,1.0
400,41.0,4,True,0.13580246913580246,1.0
400,41.0,3,True,0.1111111111111111,1.0
400,41.0,3,True,0.12345679012345678,1.0
400,41.0,3,True,0.12345679012345678,1.0
400,41.0,4,True,0.1111111111111111,0.1111111111111111
400,41.0,5,True,0.12345679012345678,0.1111111111111111
400,41.0,4,True,0.1111111111111111,1.0
400,41.0,5,True,0.1111111111111111,1.0
400,41.0,4,True,0.12345679012345678,1.0
400,41.0,4,True,0.1111111111111111,1.0
400,41.0,4,True,0.1111111111111111,0.1111111111111111
400,41.0,4,True,0.1111111111111111,1.0
400,41.0,4,True,0.1111111111111111,1.0
400,41.0,3,True,0.12345679012345678,1.0
400,41.0,4,True,0.12345679012345678,0.1111111111111111
400,41.0,4,True,0.1111111111111111,0.1111111111111111
400,41.0,4,True,0.1111111111111111,0.1111111111111111
400,41.0,3,True,0.1111111111111111,0.1111111111111111
400,41.0,3,True,0.1728395061728395,1.0
400,41.0,3,True,0.1111111111111111,0.1111111111111111
400,41.0,3,True,0.16049382716049382,1.0
400,41.0,3,True,0.1111111111111111,1.0
400,41.0,4,True,0.13580246913580246,1.0
400,41.0,4,True,0.12345679012345678,1.0
400,41.0,3,True,0.16049382716049382,1.0
400,41.0,3,True,0.14814814814814814,1.0
400,41.0,3,True,0.1111111111111111,1.0
400,41.0,3,True,0.13580246913580246,1.0
400,41.0,3,True,0.1111111111111111,0.1111111111111111
400,41.0,4,True,0.12345679012345678,1.0
400,41.0,3,True,0.12345679012345678,1.0
400,41.0,3,True,0.1111111111111111,0.1111111111111111
400,41.0,4,True,0.13580246913580246,1.0
400,41.0,3,True,0.13580246913580246,1.0
400,41.0,4,True,0.1111111111111111,1.0
400,41.0,4,True,0.12345679012345678,0.1111111111111111
400,41.0,5,True,0.12345679012345678,0.1111111111111111
400,41.0,3,True,0.16049382716049382,1.0
400,41.0,4,True,0.1111111111111111,0.1111111111111111
400,41.0,3,True,0.14814814814814814,1.0
400,41.0,4,True,0.13580246913580246,1.0
400,41.0,3,True,0.20987654320987653,1.0
400,41.0,4,True,0.13580246913580246,1.0
400,41.0,4,True,0.12345679012345678,1.0
400,41.0,3,True,0.12345679012345678,0.1111111111111111
400,41.0,3,True,0.12345679012345678,1.0
400,41.0,4,True,0.12345679012345678,1.0
400,41.0,4,True,0.1111111111111111,1.0
400,41.0,4,True,0.1111111111111111,1.0
400,41.0,4,True,0.12345679012345678,0.1111111111111111
400,41.0,4,True,0.12345679012345678,1.0
400,41.0,3,True,0.13580246913580246,1.0
400,41.0,3,True,0.2222222222222222,1.0
400,41.0,3,True,0.18518518518518517,1.0
400,41.0,4,True,0.1728395061728395,1.0
400,41.0,4,True,0.1111111111111111,1.0
400,41.0,3,True,0.1111111111111111,0.1111111111111111
400,41.0,3,True,0.12345679012345678,0.1111111111111111
400,41.0,4,True,0.1111111111111111,1.0
400,41.0,3,True,0.19753086419753085,1.0
400,41.0,4,True,0.1111111111111111,1.0
400,42.0,4,True,0.1111111111111111,0.1111111111111111
400,42.0,5,True,0.1111111111111111,1.0
400,42.0,4,True,0.12345679012345678,0.1111111111111111
400,42.0,3,True,0.12345679012345678,0.1111111111111111
400,42.0,4,True,0.1111111111111111,1.0
400,42.0,4,True,0.1111111111111111,0.1111111111111111
400,42.0,3,True,0.1111111111111111,0.1111111111111111
400,42.0,3,True,0.1111111111111111,0.1111111111111111
400,42.0,3,True,0.1111111111111111,0.1111111111111111
400,42.0,4,True,0.1111111111111111,0.1111111111111111
400,42.0,3,True,0.1111111111111111,0.1111111111111111
400,42.0,3,True,0.1111111111111111,1.0
400,42.0,3,True,0.1111111111111111,0.1111111111111111
400,42.0,4,True,0.12345679012345678,1.0
400,42.0,5,True,0.1111111111111111,1.0
400,42.0,2,True,0.1111111111111111,0.1111111111111111
400,42.0,4,True,0.1111111111111111,0.1111111111111111
400,42.0,5,True,0.1111111111111111,0.1111111111111111
400,42.0,4,True,0.1111111111111111,0.1111111111111111
400,42.0,3,True,0.1111111111111111,0.1111111111111111
400,42.0,3,True,0.1111111111111111,0.1111111111111111
400,42.0,5,True,0.1111111111111111,1.0
400,42.0,3,True,0.1111111111111111,0.1111111111111111
400,42.0,4,True,0.12345679012345678,1.0
400,42.0,2,True,0.1111111111111111,0.1111111111111111
400,42.0,3,True,0.12345679012345678,0.1111111111111111
400,42.0,3,True,0.1111111111111111,0.1111111111111111
400,42.0,3,True,0.1111111111111111,0.1111111111111111
400,42.0,3,True,0.12345679012345678,0.1111111111111111
400,42.0,4,True,0.1111111111111111,0.1111111111111111
400,42.0,3,True,0.1111111111111111,0.1111111111111111
400,42.0,4,True,0.12345679012345678,0.1111111111111111
400,42.0,3,True,0.1111111111111111,0.1111111111111111
400,42.0,3,True,0.1111111111111111,0.1111111111111111
400,42.0,3,True,0.1111111111111111,0.1111111111111111
400,42.0,4,True,0.12345679012345678,0.1111111111111111
400,42.0,3,True,0.1111111111111111,1.0
400,42.0,3,True,0.1111111111111111,0.1111111111111111
400,42.0,3,True,0.1111111111111111,0.1111111111111111
400,42.0,4,True,0.1111111111111111,0.1111111111111111
400,42.0,3,True,0.12345679012345678,0.1111111111111111
400,42.0,4,True,0.1111111111111111,0.1111111111111111
400,42.0,3,True,0.1111111111111111,0.1111111111111111
400,42.0,3,True,0.1111111111111111,1.0
400,42.0,3,True,0.1111111111111111,0.1111111111111111
400,42.0,4,True,0.1111111111111111,0.1111111111111111
400,42.0,3,True,0.1111111111111111,0.1111111111111111
400,42.0,3,True,0.12345679012345678,0.1111111111111111
400,42.0,3,True,0.12345679012345678,0.1111111111111111
400,42.0,5,True,0.1111111111111111,0.1111111111111111
400,42.0,3,True,0.1111111111111111,0.1111111111111111
400,42.0,3,True,0.1111111111111111,0.1111111111111111
400,42.0,3,True,0.1111111111111111,0.1111111111111111
400,42.0,4,True,0.12345679012345678,1.0
400,42.0,3,True,0.1111111111111111,0.1111111111111111
400,42.0,3,True,0.1111111111111111,0.1111111111111111
400,42.0,4,True,0.1111111111111111,0.1111111111111111
400,42.0,3,True,0.1111111111111111,0.1111111111111111
400,42.0,3,True,0.1111111111111111,0.1111111111111111
400,42.0,4,True,0.1111111111111111,1.0
400,42.0,3,True,0.1111111111111111,0.1111111111111111
400,42.0,3,True,0.1111111111111111,0.1111111111111111
400,42.0,4,True,0.12345679012345678,0.1111111111111111
400,42.0,3,True,0.1111111111111111,0.1111111111111111
400,42.0,4,True,0.1111111111111111,0.1111111111111111
400,42.0,3,True,0.1111111111111111,0.1111111111111111
400,42.0,3,True,0.1111111111111111,0.1111111111111111
400,42.0,4,True,0.1111111111111111,1.0
400,42.0,3,True,0.1111111111111111,1.0
400,42.0,4,True,0.12345679012345678,1.0
400,42.0,5,True,0.12345679012345678,0.1111111111111111
400,42.0,3,True,0.12345679012345678,0.1111111111111111
400,42.0,4,True,0.1111111111111111,0.1111111111111111
400,42.0,4,True,0.13580246913580246,1.0
400,42.0,4,True,0.1111111111111111,0.1111111111111111
400,42.0,3,True,0.12345679012345678,0.1111111111111111
400,42.0,4,True,0.1111111111111111,0.1111111111111111
400,42.0,4,True,0.1111111111111111,0.1111111111111111
400,42.0,3,True,0.12345679012345678,1.0
400,42.0,3,True,0.12345679012345678,0.1111111111111111
400,42.0,3,True,0.1111111111111111,0.1111111111111111
400,42.0,4,True,0.1111111111111111,0.1111111111111111
400,42.0,4,True,0.1111111111111111,0.1111111111111111
400,42.0,4,True,0.1111111111111111,0.1111111111111111
400,42.0,4,True,0.1111111111111111,0.1111111111111111
400,42.0,4,True,0.1111111111111111,0.1111111111111111
400,42.0,4,True,0.1111111111111111,0.1111111111111111
400,42.0,3,True,0.1111111111111111,0.1111111111111111
400,42.0,3,True,0.1111111111111111,0.1111111111111111
400,42.0,3,True,0.1111111111111111,0.1111111111111111
400,42.0,3,True,0.1111111111111111,0.1111111111111111
400,42.0,4,True,0.1111111111111111,1.0
400,42.0,2,True,0.1111111111111111,0.1111111111111111
400,42.0,3,True,0.1111111111111111,0.1111111111111111
400,42.0,3,True,0.1111111111111111,0.1111111111111111
400,42.0,3,True,0.1111111111111111,0.1111111111111111
400,42.0,3,True,0.12345679012345678,0.1111111111111111
400,42.0,4,True,0.12345679012345678,0.1111111111111111
400,42.0,3,True,0.12345679012345678,0.1111111111111111
400,42.0,4,True,0.12345679012345678,0.1111111111111111
400,42.0,3,True,0.09876543209876543,0.1111111111111111
400,42.0,5,True,0.1111111111111111,1.0
400,42.0,4,True,0.12345679012345678,0.1111111111111111
400,42.0,4,True,0.1111111111111111,0.1111111111111111
400,42.0,3,True,0.1111111111111111,0.1111111111111111
400,42.0,4,True,0.1111111111111111,0.1111111111111111
400,42.0,4,True,0.1111111111111111,0.1111111111111111
400,42.0,4,True,0.12345679012345678,0.1111111111111111
400,42.0,4,True,0.1111111111111111,0.1111111111111111
400,42.0,3,True,0.1111111111111111,0.1111111111111111
400,42.0,3,True,0.1111111111111111,1.0
400,42.0,3,True,0.1111111111111111,0.1111111111111111
400,42.0,3,True,0.1111111111111111,0.1111111111111111
400,42.0,3,True,0.1111111111111111,0.1111111111111111
400,42.0,4,True,0.1111111111111111,0.1111111111111111
400,42.0,3,True,0.1111111111111111,0.1111111111111111
400,42.0,4,True,0.13580246913580246,0.1111111111111111
400,42.0,3,True,0.12345679012345678,0.1111111111111111
400,42.0,4,True,0.1111111111111111,1.0
400,42.0,3,True,0.1111111111111111,0.1111111111111111
400,42.0,3,True,0.1111111111111111,0.1111111111111111
400,42.0,4,True,0.12345679012345678,0.1111111111111111
400,42.0,4,True,0.1111111111111111,0.1111111111111111
400,42.0,4,True,0.1111111111111111,0.1111111111111111
400,42.0,3,True,0.16049382716049382,1.0
400,42.0,4,True,0.1111111111111111,0.1111111111111111
400,42.0,3,True,0.1111111111111111,0.1111111111111111
400,42.0,3,True,0.1111111111111111,0.1111111111111111
400,42.0,4,True,0.13580246913580246,0.1111111111111111
400,42.0,3,True,0.1111111111111111,0.1111111111111111
400,42.0,3,True,0.1111111111111111,0.1111111111111111
400,42.0,3,True,0.1111111111111111,0.1111111111111111
400,42.0,3,True,0.1111111111111111,0.1111111111111111
400,42.0,4,True,0.1111111111111111,0.1111111111111111
400,42.0,4,True,0.1111111111111111,0.1111111111111111
400,42.0,4,True,0.13580246913580246,0.1111111111111111
400,42.0,3,True,0.1111111111111111,0.1111111111111111
400,42.0,3,True,0.1111111111111111,0.1111111111111111
400,42.0,3,True,0.1111111111111111,0.1111111111111111
400,42.0,4,True,0.12345679012345678,0.1111111111111111
400,42.0,5,True,0.1111111111111111,0.1111111111111111
400,42.0,4,True,0.14814814814814814,1.0
400,42.0,4,True,0.1111111111111111,0.1111111111111111
400,42.0,4,True,0.1111111111111111,0.1111111111111111
400,42.0,3,True,0.1111111111111111,0.1111111111111111
400,42.0,3,True,0.1111111111111111,0.1111111111111111
400,42.0,3,True,0.1111111111111111,0.1111111111111111
400,42.0,3,True,0.1111111111111111,0.1111111111111111
400,42.0,3,True,0.1111111111111111,0.1111111111111111
400,42.0,3,True,0.1111111111111111,0.1111111111111111
400,42.0,3,True,0.1111111111111111,0.1111111111111111
400,42.0,4,True,0.1111111111111111,0.1111111111111111
400,42.0,3,True,0.12345679012345678,1.0
400,42.0,3,True,0.1111111111111111,0.1111111111111111
400,42.0,4,True,0.1111111111111111,0.1111111111111111
400,42.0,3,True,0.1111111111111111,0.1111111111111111
400,42.0,5,True,0.1111111111111111,0.1111111111111111
400,42.0,4,True,0.1111111111111111,0.1111111111111111
400,42.0,4,True,0.1111111111111111,0.1111111111111111
400,42.0,3,True,0.1111111111111111,0.1111111111111111
400,42.0,4,True,0.13580246913580246,0.1111111111111111
400,42.0,3,True,0.1111111111111111,0.1111111111111111
400,42.0,4,True,0.1111111111111111,0.1111111111111111
400,42.0,3,True,0.1111111111111111,0.1111111111111111
400,42.0,3,True,0.1111111111111111,0.1111111111111111
400,42.0,3,True,0.12345679012345678,0.1111111111111111
400,42.0,4,True,0.1111111111111111,0.1111111111111111
400,42.0,3,True,0.1111111111111111,0.1111111111111111
400,42.0,4,True,0.1111111111111111,0.1111111111111111
400,42.0,3,True,0.12345679012345678,0.1111111111111111
400,42.0,4,True,0.1111111111111111,0.1111111111111111
400,42.0,4,True,0.1111111111111111,1.0
400,42.0,5,True,0.1111111111111111,0.1111111111111111
400,42.0,3,True,0.09876543209876543,0.1111111111111111
400,42.0,4,True,0.1111111111111111,0.1111111111111111
400,42.0,3,True,0.1111111111111111,0.1111111111111111
400,42.0,5,True,0.1111111111111111,1.0
400,42.0,4,True,0.12345679012345678,0.1111111111111111
400,42.0,3,True,0.1111111111111111,0.1111111111111111
400,42.0,3,True,0.1111111111111111,0.1111111111111111
400,42.0,3,True,0.13580246913580246,0.1111111111111111
400,42.0,3,True,0.1111111111111111,0.1111111111111111
400,42.0,3,True,0.1111111111111111,0.1111111111111111
400,42.0,3,True,0.1111111111111111,0.1111111111111111
400,42.0,4,True,0.1111111111111111,0.1111111111111111
400,42.0,4,True,0.1111111111111111,0.1111111111111111
400,42.0,4,True,0.1111111111111111,0.1111111111111111
400,42.0,3,True,0.1111111111111111,0.1111111111111111
400,42.0,3,True,0.1111111111111111,0.1111111111111111
400,42.0,4,True,0.1111111111111111,1.0
400,42.0,3,True,0.1111111111111111,0.1111111111111111
400,42.0,3,True,0.1111111111111111,0.1111111111111111
400,42.0,3,True,0.1111111111111111,0.1111111111111111
400,42.0,5,True,0.1111111111111111,0.1111111111111111
400,42.0,3,True,0.1111111111111111,0.1111111111111111
400,42.0,3,True,0.1111111111111111,0.1111111111111111
400,42.0,5,True,0.12345679012345678,0.1111111111111111
400,42.0,3,True,0.13580246913580246,0.1111111111111111
400,42.0,3,True,0.1111111111111111,0.1111111111111111
400,42.0,5,True,0.1111111111111111,1.0
400,42.0,3,True,0.1111111111111111,0.1111111111111111
400,42.0,3,True,0.1111111111111111,1.0
400,42.0,4,True,0.12345679012345678,0.1111111111111111
400,42.0,3,True,0.1111111111111111,0.1111111111111111
400,42.0,4,True,0.12345679012345678,1.0
400,42.0,4,True,0.1111111111111111,0.1111111111111111
400,42.0,4,True,0.12345679012345678,0.1111111111111111
400,42.0,4,True,0.12345679012345678,0.1111111111111111
400,42.0,3,True,0.1111111111111111,0.1111111111111111
400,42.0,4,True,0.1111111111111111,1.0
400,42.0,3,True,0.12345679012345678,0.1111111111111111
400,42.0,4,True,0.1111111111111111,0.1111111111111111
400,42.0,4,True,0.14814814814814814,1.0
400,42.0,3,True,0.1111111111111111,0.1111111111111111
400,42.0,3,True,0.1111111111111111,0.1111111111111111
400,42.0,3,True,0.12345679012345678,0.1111111111111111
400,42.0,3,True,0.1111111111111111,0.1111111111111111
400,42.0,2,True,0.1111111111111111,0.1111111111111111
400,42.0,4,True,0.1111111111111111,1.0
400,42.0,3,True,0.1111111111111111,0.1111111111111111
400,42.0,3,True,0.1111111111111111,0.1111111111111111
400,42.0,3,True,0.1111111111111111,0.1111111111111111
400,42.0,3,True,0.1111111111111111,0.1111111111111111
400,42.0,3,True,0.1111111111111111,0.1111111111111111
400,42.0,4,True,0.1111111111111111,0.1111111111111111
400,42.0,3,True,0.12345679012345678,0.1111111111111111
400,42.0,4,True,0.13580246913580246,0.1111111111111111
400,42.0,3,True,0.1111111111111111,0.1111111111111111
400,42.0,3,True,0.1111111111111111,0.1111111111111111
400,42.0,4,True,0.1111111111111111,0.1111111111111111
400,42.0,3,True,0.1111111111111111,0.1111111111111111
400,42.0,4,True,0.1111111111111111,0.1111111111111111
400,42.0,3,True,0.1111111111111111,0.1111111111111111
400,42.0,3,True,0.1111111111111111,0.1111111111111111
400,42.0,3,True,0.12345679012345678,0.1111111111111111
400,42.0,4,True,0.13580246913580246,0.1111111111111111
400,42.0,4,True,0.1111111111111111,0.1111111111111111
400,42.0,4,True,0.1111111111111111,0.1111111111111111
400,42.0,3,True,0.1111111111111111,0.1111111111111111
400,42.0,4,True,0.1111111111111111,1.0
400,42.0,3,True,0.1111111111111111,0.1111111111111111
400,42.0,2,True,0.1111111111111111,0.1111111111111111
400,42.0,4,True,0.1111111111111111,0.1111111111111111
400,42.0,4,True,0.1111111111111111,0.1111111111111111
400,42.0,5,True,0.1111111111111111,0.1111111111111111
400,42.0,3,True,0.1111111111111111,0.1111111111111111
400,42.0,3,True,0.1111111111111111,0.1111111111111111
400,42.0,3,True,0.1111111111111111,1.0
400,42.0,4,True,0.12345679012345678,0.1111111111111111
400,42.0,3,True,0.1111111111111111,0.1111111111111111
400,42.0,3,True,0.1111111111111111,0.1111111111111111
400,42.0,3,True,0.12345679012345678,0.1111111111111111
400,42.0,3,True,0.1111111111111111,0.1111111111111111
400,42.0,3,True,0.1111111111111111,1.0
400,42.0,4,True,0.12345679012345678,0.1111111111111111
400,42.0,4,True,0.1111111111111111,0.1111111111111111
400,42.0,3,True,0.1111111111111111,0.1111111111111111
400,42.0,3,True,0.12345679012345678,0.1111111111111111
400,42.0,3,True,0.1111111111111111,0.1111111111111111
400,42.0,3,True,0.1111111111111111,0.1111111111111111
400,42.0,4,True,0.1111111111111111,0.1111111111111111
400,42.0,4,True,0.1111111111111111,0.1111111111111111
400,42.0,5,True,0.1111111111111111,0.1111111111111111
400,42.0,3,True,0.1111111111111111,0.1111111111111111
400,42.0,4,True,0.1111111111111111,0.1111111111111111
400,42.0,3,True,0.1111111111111111,0.1111111111111111
400,42.0,3,True,0.1111111111111111,0.1111111111111111
400,42.0,3,True,0.12345679012345678,0.1111111111111111
400,42.0,4,True,0.13580246913580246,0.1111111111111111
400,42.0,4,True,0.1111111111111111,0.1111111111111111
400,42.0,3,True,0.1111111111111111,0.1111111111111111
400,42.0,3,True,0.1111111111111111,0.1111111111111111
400,42.0,4,True,0.12345679012345678,0.1111111111111111
400,42.0,3,True,0.1111111111111111,0.1111111111111111
400,42.0,4,True,0.12345679012345678,1.0
400,42.0,5,True,0.12345679012345678,0.1111111111111111
400,42.0,3,True,0.1111111111111111,0.1111111111111111
400,42.0,4,True,0.1111111111111111,0.1111111111111111
400,42.0,4,True,0.1111111111111111,1.0
400,42.0,5,True,0.1111111111111111,0.1111111111111111
400,42.0,4,True,0.14814814814814814,1.0
400,42.0,4,True,0.1111111111111111,0.1111111111111111
400,42.0,4,True,0.1111111111111111,0.1111111111111111
400,42.0,4,True,0.1111111111111111,0.1111111111111111
400,42.0,3,True,0.1111111111111111,0.1111111111111111
400,42.0,4,True,0.1111111111111111,0.1111111111111111
400,42.0,3,True,0.1111111111111111,0.1111111111111111
400,42.0,4,True,0.1111111111111111,1.0
400,42.0,3,True,0.1111111111111111,0.1111111111111111
400,42.0,3,True,0.1111111111111111,0.1111111111111111
400,42.0,4,True,0.1111111111111111,0.1111111111111111
400,42.0,3,True,0.1111111111111111,0.1111111111111111
400,42.0,4,True,0.12345679012345678,1.0
400,42.0,4,True,0.14814814814814814,0.1111111111111111
400,42.0,3,True,0.1111111111111111,1.0
400,42.0,4,True,0.1111111111111111,0.1111111111111111
400,42.0,3,True,0.1111111111111111,0.1111111111111111
400,42.0,4,True,0.1111111111111111,0.1111111111111111
400,42.0,3,True,0.1111111111111111,0.1111111111111111
400,42.0,3,True,0.1111111111111111,0.1111111111111111
