config,dataset,M,img_dim,sigma,target,initial_overlap,cleaned_overlap,exact,recon_corr_initial,recon_corr_cleaned
MNIST M=200 (baseline),mnist,200,784,0.0,176,1.0,1.0,1,0.9999999999997304,0.9999999999997304
MNIST M=200 (baseline),mnist,200,784,0.0,180,1.0,1.0,1,0.9999999999998158,0.9999999999998158
MNIST M=200 (baseline),mnist,200,784,0.0,124,1.0,1.0,1,0.9999999999995648,0.9999999999995648
MNIST M=200 (baseline),mnist,200,784,0.0,196,1.0,1.0,1,0.9999999999996384,0.9999999999996384
MNIST M=200 (baseline),mnist,200,784,0.0,126,1.0,1.0,1,0.9999999999995511,0.9999999999995511
MNIST M=200 (baseline),mnist,200,784,0.0,115,1.0,1.0,1,0.9999999999997005,0.9999999999997005
MNIST M=200 (baseline),mnist,200,784,0.0,50,1.0,1.0,1,0.9999999999997936,0.9999999999997936
MNIST M=200 (baseline),mnist,200,784,0.0,191,1.0,1.0,1,0.9999999999998099,0.9999999999998099
MNIST M=200 (baseline),mnist,200,784,0.0,116,1.0,1.0,1,0.9999999999992986,0.9999999999992986
MNIST M=200 (baseline),mnist,200,784,0.0,86,1.0,1.0,1,0.9999999999996984,0.9999999999996984
MNIST M=200 (baseline),mnist,200,784,0.0,50,1.0,1.0,1,0.9999999999997936,0.9999999999997936
MNIST M=200 (baseline),mnist,200,784,0.0,43,1.0,1.0,1,0.9999999999995451,0.9999999999995451
MNIST M=200 (baseline),mnist,200,784,0.0,22,1.0,1.0,1,0.9999999999993711,0.9999999999993711
MNIST M=200 (baseline),mnist,200,784,0.0,112,1.0,1.0,1,0.9999999999997434,0.9999999999997434
MNIST M=200 (baseline),mnist,200,784,0.0,31,1.0,1.0,1,0.9999999999996771,0.9999999999996771
MNIST M=200 (baseline),mnist,200,784,0.0,104,1.0,1.0,1,0.9999999999998244,0.9999999999998244
MNIST M=200 (baseline),mnist,200,784,0.0,144,1.0,1.0,1,0.9999999999996532,0.9999999999996532
MNIST M=200 (baseline),mnist,200,784,0.0,187,1.0,1.0,1,0.9999999999998213,0.9999999999998213
MNIST M=200 (baseline),mnist,200,784,0.0,40,1.0,1.0,1,0.9999999999996495,0.9999999999996495
MNIST M=200 (baseline),mnist,200,784,0.0,131,1.0,1.0,1,0.9999999999991631,0.9999999999991631
MNIST M=200 (baseline),mnist,200,784,0.0,120,1.0,1.0,1,0.9999999999998189,0.9999999999998189
MNIST M=200 (baseline),mnist,200,784,0.0,148,1.0,1.0,1,0.9999999999998176,0.9999999999998176
MNIST M=200 (baseline),mnist,200,784,0.0,84,1.0,1.0,1,0.9999999999997679,0.9999999999997679
MNIST M=200 (baseline),mnist,200,784,0.0,96,1.0,1.0,1,0.9999999999997086,0.9999999999997086
MNIST M=200 (baseline),mnist,200,784,0.0,153,1.0,1.0,1,0.9999999999997058,0.9999999999997058
MNIST M=200 (baseline),mnist,200,784,0.0,101,1.0,1.0,1,0.9999999999996589,0.9999999999996589
MNIST M=200 (baseline),mnist,200,784,0.0,138,1.0,1.0,1,0.9999999999996116,0.9999999999996116
MNIST M=200 (baseline),mnist,200,784,0.0,138,1.0,1.0,1,0.9999999999996116,0.9999999999996116
MNIST M=200 (baseline),mnist,200,784,0.0,137,1.0,1.0,1,0.999999999999713,0.999999999999713
MNIST M=200 (baseline),mnist,200,784,0.0,20,1.0,1.0,1,0.9999999999997392,0.9999999999997392
MNIST M=200 (baseline),mnist,200,784,0.0,188,1.0,1.0,1,0.9999999999997674,0.9999999999997674
MNIST M=200 (baseline),mnist,200,784,0.0,10,1.0,1.0,1,0.9999999999995114,0.9999999999995114
MNIST M=200 (baseline),mnist,200,784,0.0,148,1.0,1.0,1,0.9999999999998176,0.9999999999998176
MNIST M=200 (baseline),mnist,200,784,0.0,166,1.0,1.0,1,0.9999999999996254,0.9999999999996254
MNIST M=200 (baseline),mnist,200,784,0.0,128,1.0,1.0,1,0.9999999999998124,0.9999999999998124
MNIST M=200 (baseline),mnist,200,784,0.0,187,1.0,1.0,1,0.9999999999998213,0.9999999999998213
MNIST M=200 (baseline),mnist,200,784,0.0,149,1.0,1.0,1,0.9999999999998174,0.9999999999998174
MNIST M=200 (baseline),mnist,200,784,0.0,63,1.0,1.0,1,0.9999999999996736,0.9999999999996736
MNIST M=200 (baseline),mnist,200,784,0.0,44,1.0,1.0,1,0.9999999999996018,0.9999999999996018
MNIST M=200 (baseline),mnist,200,784,0.0,53,1.0,1.0,1,0.9999999999996297,0.9999999999996297
MNIST M=200 (baseline),mnist,200,784,0.1,83,0.9866666666666667,1.0,1,0.9926061581502148,0.9999999999997398
MNIST M=200 (baseline),mnist,200,784,0.1,194,0.98,1.0,1,0.990667882384633,0.9999999999995247
MNIST M=200 (baseline),mnist,200,784,0.1,195,0.9466666666666667,1.0,1,0.9768248087819776,0.9999999999993987
MNIST M=200 (baseline),mnist,200,784,0.1,177,0.9333333333333333,1.0,1,0.986182056637001,0.9999999999998018
MNIST M=200 (baseline),mnist,200,784,0.1,89,0.9666666666666667,1.0,1,0.989300609691506,0.9999999999995456
MNIST M=200 (baseline),mnist,200,784,0.1,80,0.9066666666666666,1.0,1,0.9820845993107182,0.9999999999996727
MNIST M=200 (baseline),mnist,200,784,0.1,63,0.9866666666666667,1.0,1,0.9950508014047885,0.9999999999996736
MNIST M=200 (baseline),mnist,200,784,0.1,77,0.96,1.0,1,0.9869875367713347,0.9999999999993895
MNIST M=200 (baseline),mnist,200,784,0.1,65,0.9933333333333333,1.0,1,0.9974658284281903,0.9999999999995558
MNIST M=200 (baseline),mnist,200,784,0.1,135,0.9733333333333334,1.0,1,0.992521363276013,0.9999999999997367
MNIST M=200 (baseline),mnist,200,784,0.1,28,0.9733333333333334,1.0,1,0.9835652451103645,0.9999999999992477
MNIST M=200 (baseline),mnist,200,784,0.1,93,0.98,1.0,1,0.9886278077436386,0.9999999999995731
MNIST M=200 (baseline),mnist,200,784,0.1,103,0.98,1.0,1,0.9950510261347864,0.9999999999995699
MNIST M=200 (baseline),mnist,200,784,0.1,154,0.9733333333333334,1.0,1,0.9836689579628621,0.9999999999995212
MNIST M=200 (baseline),mnist,200,784,0.1,130,0.98,1.0,1,0.9932789845251697,0.9999999999995617
MNIST M=200 (baseline),mnist,200,784,0.1,91,0.9733333333333334,1.0,1,0.9871846418351965,0.9999999999996921
MNIST M=200 (baseline),mnist,200,784,0.1,24,0.9866666666666667,1.0,1,0.9908469645443871,0.9999999999996522
MNIST M=200 (baseline),mnist,200,784,0.1,39,0.98,1.0,1,0.9959052053401932,0.9999999999996565
MNIST M=200 (baseline),mnist,200,784,0.1,133,0.9933333333333333,1.0,1,0.9953254633085831,0.99999999999941
MNIST M=200 (baseline),mnist,200,784,0.1,86,0.9733333333333334,1.0,1,0.9877618840108963,0.9999999999996984
MNIST M=200 (baseline),mnist,200,784,0.1,73,0.96,1.0,1,0.9925075210377687,0.9999999999998277
MNIST M=200 (baseline),mnist,200,784,0.1,84,0.98,1.0,1,0.995655066362532,0.9999999999997679
MNIST M=200 (baseline),mnist,200,784,0.1,168,0.9933333333333333,1.0,1,0.997633779557688,0.9999999999997097
MNIST M=200 (baseline),mnist,200,784,0.1,136,0.98,1.0,1,0.9969818702394896,0.9999999999998208
MNIST M=200 (baseline),mnist,200,784,0.1,134,0.96,1.0,1,0.9904827850861013,0.9999999999996783
MNIST M=200 (baseline),mnist,200,784,0.1,18,0.9866666666666667,1.0,1,0.9976032494396396,0.9999999999997524
MNIST M=200 (baseline),mnist,200,784,0.1,113,0.9666666666666667,1.0,1,0.9883432854509671,0.999999999999749
MNIST M=200 (baseline),mnist,200,784,0.1,62,0.9866666666666667,1.0,1,0.9965427046027351,0.9999999999997672
MNIST M=200 (baseline),mnist,200,784,0.1,17,0.9933333333333333,1.0,1,0.9977119344119583,0.9999999999996478
MNIST M=200 (baseline),mnist,200,784,0.1,140,0.9733333333333334,1.0,1,0.989836555166832,0.9999999999997126
MNIST M=200 (baseline),mnist,200,784,0.1,2,0.96,1.0,1,0.9932440654395316,0.999999999999697
MNIST M=200 (baseline),mnist,200,784,0.1,57,0.9533333333333334,1.0,1,0.9748646399072894,0.9999999999993916
MNIST M=200 (baseline),mnist,200,784,0.1,27,0.96,1.0,1,0.988502006979174,0.9999999999997238
MNIST M=200 (baseline),mnist,200,784,0.1,81,0.9733333333333334,1.0,1,0.9936682488866219,0.9999999999997923
MNIST M=200 (baseline),mnist,200,784,0.1,59,0.9533333333333334,1.0,1,0.9838641923364042,0.9999999999995207
MNIST M=200 (baseline),mnist,200,784,0.1,39,0.9733333333333334,1.0,1,0.9949511265717839,0.9999999999996565
MNIST M=200 (baseline),mnist,200,784,0.1,132,0.98,1.0,1,0.993465376351627,0.9999999999997027
MNIST M=200 (baseline),mnist,200,784,0.1,164,0.9666666666666667,1.0,1,0.9767742751754471,0.999999999998828
MNIST M=200 (baseline),mnist,200,784,0.1,127,0.98,1.0,1,0.9899370576904364,0.999999999999577
MNIST M=200 (baseline),mnist,200,784,0.1,125,0.98,1.0,1,0.9900735843186437,0.9999999999995418
MNIST M=200 (baseline),mnist,200,784,0.2,177,0.6866666666666666,1.0,1,0.9424118302690003,0.9999999999998018
MNIST M=200 (baseline),mnist,200,784,0.2,192,0.8,1.0,1,0.917992825667839,0.9999999999995847
MNIST M=200 (baseline),mnist,200,784,0.2,184,0.84,1.0,1,0.9388354956968328,0.99999999999967
MNIST M=200 (baseline),mnist,200,784,0.2,59,0.7133333333333334,1.0,1,0.9597300745605024,0.9999999999995207
MNIST M=200 (baseline),mnist,200,784,0.2,107,0.76,1.0,1,0.9149136327785597,0.9999999999996344
MNIST M=200 (baseline),mnist,200,784,0.2,154,0.9133333333333333,1.0,1,0.9186180430742257,0.9999999999995212
MNIST M=200 (baseline),mnist,200,784,0.2,182,0.7733333333333333,1.0,1,0.9222044688958674,0.9999999999995861
MNIST M=200 (baseline),mnist,200,784,0.2,24,0.7933333333333333,1.0,1,0.8863795091936447,0.9999999999996522
MNIST M=200 (baseline),mnist,200,784,0.2,174,0.6666666666666666,1.0,1,0.9252765242754063,0.9999999999997291
MNIST M=200 (baseline),mnist,200,784,0.2,45,0.8066666666666666,1.0,1,0.9432137080644016,0.9999999999997923
MNIST M=200 (baseline),mnist,200,784,0.2,42,0.7266666666666667,1.0,1,0.9049200638383352,0.9999999999995491
MNIST M=200 (baseline),mnist,200,784,0.2,56,0.72,1.0,1,0.8942093485482158,0.9999999999993835
MNIST M=200 (baseline),mnist,200,784,0.2,107,0.7733333333333333,1.0,1,0.8848747240889728,0.9999999999996344
MNIST M=200 (baseline),mnist,200,784,0.2,70,0.74,1.0,1,0.9178322412876436,0.999999999999617
MNIST M=200 (baseline),mnist,200,784,0.2,7,0.8,1.0,1,0.940294517152498,0.9999999999998489
MNIST M=200 (baseline),mnist,200,784,0.2,96,0.8333333333333334,1.0,1,0.954157367608404,0.9999999999997086
MNIST M=200 (baseline),mnist,200,784,0.2,1,0.7733333333333333,1.0,1,0.8883248727992346,0.999999999999604
MNIST M=200 (baseline),mnist,200,784,0.2,158,0.7266666666666667,1.0,1,0.9267566309095767,0.999999999999646
MNIST M=200 (baseline),mnist,200,784,0.2,153,0.72,1.0,1,0.8502432849395789,0.9999999999997058
MNIST M=200 (baseline),mnist,200,784,0.2,2,0.7,1.0,1,0.927508159408231,0.999999999999697
MNIST M=200 (baseline),mnist,200,784,0.2,45,0.8066666666666666,1.0,1,0.9575184081054776,0.9999999999997923
MNIST M=200 (baseline),mnist,200,784,0.2,61,0.8866666666666667,1.0,1,0.942280371287429,0.9999999999996619
MNIST M=200 (baseline),mnist,200,784,0.2,180,0.74,1.0,1,0.9456963545603643,0.9999999999998158
MNIST M=200 (baseline),mnist,200,784,0.2,123,0.72,1.0,1,0.9399092014768486,0.9999999999998547
MNIST M=200 (baseline),mnist,200,784,0.2,169,0.72,1.0,1,0.9120308426455704,0.9999999999998078
MNIST M=200 (baseline),mnist,200,784,0.2,187,0.7533333333333333,1.0,1,0.9404617707589952,0.9999999999998213
MNIST M=200 (baseline),mnist,200,784,0.2,61,0.8,1.0,1,0.9478062671689687,0.9999999999996619
MNIST M=200 (baseline),mnist,200,784,0.2,4,0.68,1.0,1,0.9228206060343885,0.9999999999997857
MNIST M=200 (baseline),mnist,200,784,0.2,173,0.8266666666666667,1.0,1,0.8951214958228718,0.9999999999994288
MNIST M=200 (baseline),mnist,200,784,0.2,182,0.7333333333333333,1.0,1,0.8872306105633978,0.9999999999995861
MNIST M=200 (baseline),mnist,200,784,0.2,122,0.78,1.0,1,0.9416713537982718,0.999999999999757
MNIST M=200 (baseline),mnist,200,784,0.2,32,0.7,1.0,1,0.9230243038449369,0.9999999999998349
MNIST M=200 (baseline),mnist,200,784,0.2,41,0.7866666666666666,1.0,1,0.9086432533672069,0.9999999999997513
MNIST M=200 (baseline),mnist,200,784,0.2,199,0.7866666666666666,1.0,1,0.9608483344530393,0.9999999999996606
MNIST M=200 (baseline),mnist,200,784,0.2,182,0.7533333333333333,1.0,1,0.9043537878216096,0.9999999999995861
MNIST M=200 (baseline),mnist,200,784,0.2,57,0.6666666666666666,1.0,1,0.8622242444857597,0.9999999999993916
MNIST M=200 (baseline),mnist,200,784,0.2,137,0.7333333333333333,1.0,1,0.9141650802447557,0.999999999999713
MNIST M=200 (baseline),mnist,200,784,0.2,14,0.7533333333333333,1.0,1,0.9366989835751994,0.9999999999997486
MNIST M=200 (baseline),mnist,200,784,0.2,94,0.76,1.0,1,0.93370452889168,0.9999999999995589
MNIST M=200 (baseline),mnist,200,784,0.2,152,0.7333333333333333,1.0,1,0.9446860866286806,0.9999999999998265
MNIST M=200 (baseline),mnist,200,784,0.3,91,0.4,1.0,1,0.6931197019230189,0.9999999999996921
MNIST M=200 (baseline),mnist,200,784,0.3,89,0.5533333333333333,1.0,1,0.7707622206623636,0.9999999999995456
MNIST M=200 (baseline),mnist,200,784,0.3,25,0.46,1.0,1,0.8114961635210372,0.9999999999998251
MNIST M=200 (baseline),mnist,200,784,0.3,160,0.6266666666666667,1.0,1,0.9069464252481333,0.9999999999997242
MNIST M=200 (baseline),mnist,200,784,0.3,183,0.64,1.0,1,0.8995724872598301,0.9999999999996643
MNIST M=200 (baseline),mnist,200,784,0.3,25,0.6,1.0,1,0.9243281701344293,0.9999999999998251
MNIST M=200 (baseline),mnist,200,784,0.3,156,0.46,1.0,1,0.7834677686581132,0.9999999999995716
MNIST M=200 (baseline),mnist,200,784,0.3,148,0.5,1.0,1,0.8471367335125212,0.9999999999998176
MNIST M=200 (baseline),mnist,200,784,0.3,45,0.5066666666666667,1.0,1,0.8153632006527037,0.9999999999997923
MNIST M=200 (baseline),mnist,200,784,0.3,44,0.48,1.0,1,0.7546743603196772,0.9999999999996018
MNIST M=200 (baseline),mnist,200,784,0.3,54,0.54,1.0,1,0.8698270308318704,0.9999999999997466
MNIST M=200 (baseline),mnist,200,784,0.3,63,0.56,1.0,1,0.8154049837195742,0.9999999999996736
MNIST M=200 (baseline),mnist,200,784,0.3,167,0.5733333333333334,1.0,1,0.7316137799124676,0.9999999999995375
MNIST M=200 (baseline),mnist,200,784,0.3,146,0.62,1.0,1,0.7735129876128474,0.9999999999997532
MNIST M=200 (baseline),mnist,200,784,0.3,68,0.6533333333333333,1.0,1,0.7484891766757847,0.9999999999992965
MNIST M=200 (baseline),mnist,200,784,0.3,149,0.44666666666666666,1.0,1,0.7145070405209737,0.9999999999998174
MNIST M=200 (baseline),mnist,200,784,0.3,90,0.5866666666666667,1.0,1,0.825642755275785,0.9999999999993794
MNIST M=200 (baseline),mnist,200,784,0.3,165,0.52,1.0,1,0.7388909058457404,0.9999999999998149
MNIST M=200 (baseline),mnist,200,784,0.3,170,0.6533333333333333,1.0,1,0.9225582513145215,0.9999999999997601
MNIST M=200 (baseline),mnist,200,784,0.3,44,0.44,1.0,1,0.5931346164366333,0.9999999999996018
MNIST M=200 (baseline),mnist,200,784,0.3,176,0.41333333333333333,1.0,1,0.8014268071694857,0.9999999999997304
MNIST M=200 (baseline),mnist,200,784,0.3,197,0.46,1.0,1,0.7433340480599769,0.9999999999994842
MNIST M=200 (baseline),mnist,200,784,0.3,133,0.44,0.2,0,0.6077992990791811,0.33428598188024194
MNIST M=200 (baseline),mnist,200,784,0.3,128,0.6533333333333333,1.0,1,0.8838762549152837,0.9999999999998124
MNIST M=200 (baseline),mnist,200,784,0.3,44,0.68,1.0,1,0.8088596023297724,0.9999999999996018
MNIST M=200 (baseline),mnist,200,784,0.3,156,0.6066666666666667,1.0,1,0.8218244847219269,0.9999999999995716
MNIST M=200 (baseline),mnist,200,784,0.3,79,0.58,1.0,1,0.6819523830026331,0.9999999999990684
MNIST M=200 (baseline),mnist,200,784,0.3,34,0.6133333333333333,1.0,1,0.8846137717213559,0.9999999999996939
MNIST M=200 (baseline),mnist,200,784,0.3,87,0.5333333333333333,1.0,1,0.6981389332736041,0.9999999999997549
MNIST M=200 (baseline),mnist,200,784,0.3,127,0.46,1.0,1,0.6203230989924701,0.999999999999577
MNIST M=200 (baseline),mnist,200,784,0.3,31,0.56,1.0,1,0.8283886259256422,0.9999999999996771
MNIST M=200 (baseline),mnist,200,784,0.3,14,0.54,1.0,1,0.791403648043315,0.9999999999997486
MNIST M=200 (baseline),mnist,200,784,0.3,168,0.64,1.0,1,0.8976994578979139,0.9999999999997097
MNIST M=200 (baseline),mnist,200,784,0.3,133,0.58,1.0,1,0.6336665212170534,0.99999999999941
MNIST M=200 (baseline),mnist,200,784,0.3,25,0.5266666666666666,1.0,1,0.8453647170821984,0.9999999999998251
MNIST M=200 (baseline),mnist,200,784,0.3,194,0.5533333333333333,1.0,1,0.7415621720095761,0.9999999999995247
MNIST M=200 (baseline),mnist,200,784,0.3,1,0.46,1.0,1,0.7019751729959157,0.999999999999604
MNIST M=200 (baseline),mnist,200,784,0.3,129,0.54,1.0,1,0.8579858930187936,0.9999999999997303
MNIST M=200 (baseline),mnist,200,784,0.3,64,0.54,1.0,1,0.7373501253532525,0.9999999999996709
MNIST M=200 (baseline),mnist,200,784,0.3,57,0.49333333333333335,1.0,1,0.7297855060612644,0.9999999999993916
MNIST M=200 (baseline),mnist,200,784,0.4,89,0.48,1.0,1,0.7154404051309956,0.9999999999995456
MNIST M=200 (baseline),mnist,200,784,0.4,130,0.36,0.19333333333333333,0,0.590842543033539,0.28492063669784906
MNIST M=200 (baseline),mnist,200,784,0.4,137,0.44,1.0,1,0.6038625824828633,0.999999999999713
MNIST M=200 (baseline),mnist,200,784,0.4,81,0.48,1.0,1,0.7120358483985739,0.9999999999997923
MNIST M=200 (baseline),mnist,200,784,0.4,8,0.44666666666666666,1.0,1,0.6525416549615554,0.9999999999996491
MNIST M=200 (baseline),mnist,200,784,0.4,24,0.43333333333333335,1.0,1,0.7254648363072788,0.9999999999996522
MNIST M=200 (baseline),mnist,200,784,0.4,76,0.4533333333333333,1.0,1,0.7491568499227796,0.9999999999998106
MNIST M=200 (baseline),mnist,200,784,0.4,87,0.5,1.0,1,0.5910791658672294,0.9999999999997549
MNIST M=200 (baseline),mnist,200,784,0.4,37,0.5266666666666666,1.0,1,0.44522830753606324,0.9999999999996518
MNIST M=200 (baseline),mnist,200,784,0.4,1,0.41333333333333333,1.0,1,0.6889794527520646,0.999999999999604
MNIST M=200 (baseline),mnist,200,784,0.4,83,0.4866666666666667,1.0,1,0.7319929596699527,0.9999999999997398
MNIST M=200 (baseline),mnist,200,784,0.4,5,0.5533333333333333,1.0,1,0.7954131056755515,0.9999999999996532
MNIST M=200 (baseline),mnist,200,784,0.4,88,0.3933333333333333,1.0,1,0.7019014042274073,0.9999999999997368
MNIST M=200 (baseline),mnist,200,784,0.4,129,0.4,1.0,1,0.7845288650185309,0.9999999999997303
MNIST M=200 (baseline),mnist,200,784,0.4,102,0.5133333333333333,0.2866666666666667,0,0.7668633085506744,0.3315507652889786
MNIST M=200 (baseline),mnist,200,784,0.4,15,0.4,1.0,1,0.7390033754842573,0.9999999999998384
MNIST M=200 (baseline),mnist,200,784,0.4,96,0.4266666666666667,1.0,1,0.5780736549095414,0.9999999999997086
MNIST M=200 (baseline),mnist,200,784,0.4,177,0.46,1.0,1,0.7901622497237356,0.9999999999998018
MNIST M=200 (baseline),mnist,200,784,0.4,114,0.35333333333333333,0.21333333333333335,0,0.6947764765481096,0.4308413246405662
MNIST M=200 (baseline),mnist,200,784,0.4,104,0.48,1.0,1,0.7292267667141229,0.9999999999998244
MNIST M=200 (baseline),mnist,200,784,0.4,192,0.43333333333333335,1.0,1,0.6218723417882814,0.9999999999995847
MNIST M=200 (baseline),mnist,200,784,0.4,52,0.6866666666666666,1.0,1,0.6751546052994809,0.9999999999991129
MNIST M=200 (baseline),mnist,200,784,0.4,156,0.43333333333333335,1.0,1,0.6787865629587511,0.9999999999995716
MNIST M=200 (baseline),mnist,200,784,0.4,121,0.54,1.0,1,0.7932192402312568,0.9999999999995056
MNIST M=200 (baseline),mnist,200,784,0.4,199,0.38666666666666666,1.0,1,0.551313652103735,0.9999999999996606
MNIST M=200 (baseline),mnist,200,784,0.4,93,0.5333333333333333,1.0,1,0.6786423853611587,0.9999999999995731
MNIST M=200 (baseline),mnist,200,784,0.4,174,0.5066666666666667,1.0,1,0.746637686774293,0.9999999999997291
MNIST M=200 (baseline),mnist,200,784,0.4,3,0.4533333333333333,1.0,1,0.6742768472232722,0.9999999999996283
MNIST M=200 (baseline),mnist,200,784,0.4,177,0.36666666666666664,0.22,0,0.7632742171867344,0.3859948461224699
MNIST M=200 (baseline),mnist,200,784,0.4,166,0.3933333333333333,1.0,1,0.618807673826424,0.9999999999996254
MNIST M=200 (baseline),mnist,200,784,0.4,68,0.5,1.0,1,0.6475473859420143,0.9999999999992965
MNIST M=200 (baseline),mnist,200,784,0.4,183,0.5133333333333333,1.0,1,0.7245281342307347,0.9999999999996643
MNIST M=200 (baseline),mnist,200,784,0.4,93,0.4666666666666667,1.0,1,0.6407760937704791,0.9999999999995731
MNIST M=200 (baseline),mnist,200,784,0.4,16,0.4866666666666667,1.0,1,0.7313498674782907,0.9999999999995982
MNIST M=200 (baseline),mnist,200,784,0.4,7,0.4666666666666667,1.0,1,0.8340791848490918,0.9999999999998489
MNIST M=200 (baseline),mnist,200,784,0.4,100,0.43333333333333335,0.21333333333333335,0,0.8025902337547012,0.32592879805683383
MNIST M=200 (baseline),mnist,200,784,0.4,78,0.47333333333333333,1.0,1,0.7111343366566717,0.999999999999482
MNIST M=200 (baseline),mnist,200,784,0.4,26,0.43333333333333335,1.0,1,0.5255211426949641,0.9999999999992656
MNIST M=200 (baseline),mnist,200,784,0.4,186,0.35333333333333333,0.17333333333333334,0,0.7504194721801454,0.2062963314011723
MNIST M=200 (baseline),mnist,200,784,0.4,147,0.5,1.0,1,0.7593155427916647,0.9999999999997408
MNIST M=200 (baseline),mnist,200,784,0.5,102,0.38,0.24,0,0.6833084394878882,0.3911249169035685
MNIST M=200 (baseline),mnist,200,784,0.5,157,0.34,0.15333333333333332,0,0.6032750615789225,0.4494797060494519
MNIST M=200 (baseline),mnist,200,784,0.5,57,0.32666666666666666,0.25333333333333335,0,0.6037217822749689,0.23282221221031185
MNIST M=200 (baseline),mnist,200,784,0.5,128,0.44,1.0,1,0.7684248435293682,0.9999999999998124
MNIST M=200 (baseline),mnist,200,784,0.5,160,0.3333333333333333,0.22666666666666666,0,0.6385136554047216,0.2521822719792969
MNIST M=200 (baseline),mnist,200,784,0.5,167,0.38,1.0,1,0.4318246963658566,0.9999999999995375
MNIST M=200 (baseline),mnist,200,784,0.5,175,0.47333333333333333,1.0,1,0.7023731879244871,0.9999999999994457
MNIST M=200 (baseline),mnist,200,784,0.5,194,0.37333333333333335,0.20666666666666667,0,0.5198005467785559,-0.018145680334281444
MNIST M=200 (baseline),mnist,200,784,0.5,156,0.4066666666666667,1.0,1,0.6419107773206443,0.9999999999995716
MNIST M=200 (baseline),mnist,200,784,0.5,62,0.25333333333333335,0.21333333333333335,0,0.5161284776042974,0.22326683689024157
MNIST M=200 (baseline),mnist,200,784,0.5,91,0.44666666666666666,1.0,1,0.5951517019620409,0.9999999999996921
MNIST M=200 (baseline),mnist,200,784,0.5,139,0.5,1.0,1,0.680711462023925,0.999999999999624
MNIST M=200 (baseline),mnist,200,784,0.5,130,0.2733333333333333,0.22666666666666666,0,0.38726809927296696,0.2717166543253835
MNIST M=200 (baseline),mnist,200,784,0.5,165,0.32666666666666666,0.2,0,0.39345579268578806,0.22534459911138954
MNIST M=200 (baseline),mnist,200,784,0.5,4,0.4266666666666667,0.2,0,0.7876430267127061,0.1592480549301122
MNIST M=200 (baseline),mnist,200,784,0.5,107,0.42,1.0,1,0.5716877670556127,0.9999999999996344
MNIST M=200 (baseline),mnist,200,784,0.5,77,0.44666666666666666,1.0,1,0.5670497032315049,0.9999999999993895
MNIST M=200 (baseline),mnist,200,784,0.5,139,0.37333333333333335,0.20666666666666667,0,0.5899061007105367,0.37017444944051386
MNIST M=200 (baseline),mnist,200,784,0.5,183,0.38,0.17333333333333334,0,0.7563319856244288,0.31567977409747244
MNIST M=200 (baseline),mnist,200,784,0.5,163,0.28,0.18666666666666668,0,0.5405099670612976,0.22650109852306188
MNIST M=200 (baseline),mnist,200,784,0.5,135,0.36,1.0,1,0.7578571987033689,0.9999999999997367
MNIST M=200 (baseline),mnist,200,784,0.5,34,0.42,1.0,1,0.7699054478550159,0.9999999999996939
MNIST M=200 (baseline),mnist,200,784,0.5,50,0.32666666666666666,0.23333333333333334,0,0.6222691689182351,0.23300343662354592
MNIST M=200 (baseline),mnist,200,784,0.5,23,0.36,0.24,0,0.6435968109079887,0.42980794897837954
MNIST M=200 (baseline),mnist,200,784,0.5,64,0.35333333333333333,1.0,1,0.6976736522981778,0.9999999999996709
MNIST M=200 (baseline),mnist,200,784,0.5,149,0.37333333333333335,0.24666666666666667,0,0.6325069354906331,0.13819320467203694
MNIST M=200 (baseline),mnist,200,784,0.5,97,0.43333333333333335,1.0,1,0.632488217181714,0.9999999999997867
MNIST M=200 (baseline),mnist,200,784,0.5,19,0.46,1.0,1,0.7977750244477974,0.9999999999998499
MNIST M=200 (baseline),mnist,200,784,0.5,43,0.4866666666666667,1.0,1,0.6492213082078301,0.9999999999995451
MNIST M=200 (baseline),mnist,200,784,0.5,9,0.3933333333333333,0.24,0,0.6703037362870957,0.21065111844768997
MNIST M=200 (baseline),mnist,200,784,0.5,142,0.3466666666666667,0.23333333333333334,0,0.7171918973068693,0.40499104935979807
MNIST M=200 (baseline),mnist,200,784,0.5,103,0.38666666666666666,1.0,1,0.6646587149585568,0.9999999999995699
MNIST M=200 (baseline),mnist,200,784,0.5,56,0.48,1.0,1,0.5982226568494108,0.9999999999993835
MNIST M=200 (baseline),mnist,200,784,0.5,6,0.36666666666666664,0.2,0,0.6640887807427087,0.42620961737470076
MNIST M=200 (baseline),mnist,200,784,0.5,22,0.30666666666666664,0.17333333333333334,0,0.6620119298729472,0.4994485258070428
MNIST M=200 (baseline),mnist,200,784,0.5,12,0.38,1.0,1,0.6054497476108253,0.9999999999997279
MNIST M=200 (baseline),mnist,200,784,0.5,93,0.32,0.22,0,0.5147048533250165,0.27679060910448755
MNIST M=200 (baseline),mnist,200,784,0.5,144,0.4533333333333333,1.0,1,0.7148793897509519,0.9999999999996532
MNIST M=200 (baseline),mnist,200,784,0.5,71,0.32666666666666666,0.20666666666666667,0,0.6488568609436322,0.17504096135101244
MNIST M=200 (baseline),mnist,200,784,0.5,178,0.3333333333333333,0.17333333333333334,0,0.7079011902825766,0.1426531284652248
MNIST M=200 (baseline),mnist,200,784,0.6,169,0.35333333333333333,1.0,1,0.7691693494937525,0.9999999999998078
MNIST M=200 (baseline),mnist,200,784,0.6,194,0.28,0.23333333333333334,0,0.42627084750633853,0.3558681028928828
MNIST M=200 (baseline),mnist,200,784,0.6,0,0.38666666666666666,1.0,1,0.5041575799335805,0.9999999999997998
MNIST M=200 (baseline),mnist,200,784,0.6,178,0.32,0.16666666666666666,0,0.584740026416505,0.2134890353533222
MNIST M=200 (baseline),mnist,200,784,0.6,74,0.36,0.25333333333333335,0,0.6154744029590323,0.09266673786051541
MNIST M=200 (baseline),mnist,200,784,0.6,27,0.24666666666666667,0.22,0,0.5851468815726366,0.12256392044718606
MNIST M=200 (baseline),mnist,200,784,0.6,195,0.3466666666666667,0.24,0,0.5632970106435605,0.06617962749827397
MNIST M=200 (baseline),mnist,200,784,0.6,90,0.32666666666666666,0.18,0,0.6252953505690388,0.17297220457204995
MNIST M=200 (baseline),mnist,200,784,0.6,148,0.3,0.15333333333333332,0,0.5748879651660724,0.3118605965228606
MNIST M=200 (baseline),mnist,200,784,0.6,135,0.31333333333333335,0.22666666666666666,0,0.6663748465306135,0.40639870221344093
MNIST M=200 (baseline),mnist,200,784,0.6,72,0.3466666666666667,0.21333333333333335,0,0.7010436393083731,0.27435819227733077
MNIST M=200 (baseline),mnist,200,784,0.6,70,0.31333333333333335,0.20666666666666667,0,0.6321906603574785,0.284030045737992
MNIST M=200 (baseline),mnist,200,784,0.6,120,0.2866666666666667,0.18666666666666668,0,0.54816067753759,0.34614482799911633
MNIST M=200 (baseline),mnist,200,784,0.6,169,0.2866666666666667,0.14,0,0.7492372670470918,0.36100196821775954
MNIST M=200 (baseline),mnist,200,784,0.6,161,0.30666666666666664,0.23333333333333334,0,0.6019463589345003,0.5994213285830162
MNIST M=200 (baseline),mnist,200,784,0.6,18,0.32666666666666666,0.19333333333333333,0,0.47341068207653725,0.05204764459360867
MNIST M=200 (baseline),mnist,200,784,0.6,156,0.24666666666666667,0.2,0,0.5601145400654799,0.1454181083189316
MNIST M=200 (baseline),mnist,200,784,0.6,44,0.31333333333333335,0.19333333333333333,0,0.570467010424743,0.013942673948819236
MNIST M=200 (baseline),mnist,200,784,0.6,33,0.32666666666666666,0.24,0,0.7456926839028467,0.2597863508724004
MNIST M=200 (baseline),mnist,200,784,0.6,63,0.30666666666666664,0.18666666666666668,0,0.4733096280626492,0.3131723575693735
MNIST M=200 (baseline),mnist,200,784,0.6,101,0.2866666666666667,0.17333333333333334,0,0.3960438389784782,0.15893994902931924
MNIST M=200 (baseline),mnist,200,784,0.6,5,0.32666666666666666,0.24,0,0.6637869089601215,0.307339185231271
MNIST M=200 (baseline),mnist,200,784,0.6,65,0.46,1.0,1,0.6724006886471621,0.9999999999995558
MNIST M=200 (baseline),mnist,200,784,0.6,16,0.3933333333333333,1.0,1,0.4699146633048259,0.9999999999995982
MNIST M=200 (baseline),mnist,200,784,0.6,193,0.31333333333333335,0.18666666666666668,0,0.575321382591664,0.5531220220149231
MNIST M=200 (baseline),mnist,200,784,0.6,198,0.44666666666666666,1.0,1,0.5414262435247973,0.9999999999994229
MNIST M=200 (baseline),mnist,200,784,0.6,104,0.44,1.0,1,0.63434189537115,0.9999999999998244
MNIST M=200 (baseline),mnist,200,784,0.6,164,0.30666666666666664,0.2,0,0.40513523396770634,0.15230968715455875
MNIST M=200 (baseline),mnist,200,784,0.6,172,0.2866666666666667,0.24,0,0.6064662802129651,0.20385269288065658
MNIST M=200 (baseline),mnist,200,784,0.6,109,0.19333333333333333,0.18,0,0.5514297016388559,0.34039616599949524
MNIST M=200 (baseline),mnist,200,784,0.6,185,0.3333333333333333,0.32666666666666666,0,0.6466978805997827,0.1885288309467794
MNIST M=200 (baseline),mnist,200,784,0.6,102,0.35333333333333333,0.24,0,0.6576175611545845,0.3300634225883163
MNIST M=200 (baseline),mnist,200,784,0.6,66,0.24,0.18666666666666668,0,0.5610404347924196,-0.08904199497235471
MNIST M=200 (baseline),mnist,200,784,0.6,95,0.19333333333333333,0.2,0,0.5669860886452056,0.5174345803550267
MNIST M=200 (baseline),mnist,200,784,0.6,138,0.31333333333333335,0.18666666666666668,0,0.6840325766119357,0.42248556223141776
MNIST M=200 (baseline),mnist,200,784,0.6,101,0.32,0.20666666666666667,0,0.4684301907750809,0.35515486868493945
MNIST M=200 (baseline),mnist,200,784,0.6,2,0.32666666666666666,0.24666666666666667,0,0.7467904890575077,0.3148270003861602
MNIST M=200 (baseline),mnist,200,784,0.6,103,0.28,0.22,0,0.583774563879546,0.07504332565666984
MNIST M=200 (baseline),mnist,200,784,0.6,142,0.35333333333333333,1.0,1,0.5437635303412339,0.9999999999997814
MNIST M=200 (baseline),mnist,200,784,0.6,186,0.47333333333333333,1.0,1,0.8056161928185123,0.9999999999997016
MNIST M=200 (baseline),mnist,200,784,0.8,141,0.3466666666666667,0.20666666666666667,0,0.728601572482676,0.44952116667608827
MNIST M=200 (baseline),mnist,200,784,0.8,12,0.34,0.22666666666666666,0,0.5611911668991235,0.35961965118064576
MNIST M=200 (baseline),mnist,200,784,0.8,73,0.2733333333333333,0.22666666666666666,0,0.5605862334754542,0.258935582571811
MNIST M=200 (baseline),mnist,200,784,0.8,147,0.29333333333333333,0.14666666666666667,0,0.557489608651628,0.22000040517233727
MNIST M=200 (baseline),mnist,200,784,0.8,84,0.2733333333333333,0.21333333333333335,0,0.3295442478245873,0.017691572598249918
MNIST M=200 (baseline),mnist,200,784,0.8,186,0.38666666666666666,1.0,1,0.6420186131321708,0.9999999999997016
MNIST M=200 (baseline),mnist,200,784,0.8,59,0.34,0.15333333333333332,0,0.6550112122318383,0.5328892269319206
MNIST M=200 (baseline),mnist,200,784,0.8,26,0.28,0.25333333333333335,0,0.3430814798912558,0.0411201193548958
MNIST M=200 (baseline),mnist,200,784,0.8,86,0.36,0.28,0,0.5922747349813394,0.33258076220192145
MNIST M=200 (baseline),mnist,200,784,0.8,149,0.3333333333333333,0.21333333333333335,0,0.5115923583500456,0.2352023464583076
MNIST M=200 (baseline),mnist,200,784,0.8,167,0.24666666666666667,0.22666666666666666,0,0.4051012411685705,0.22095541522041853
MNIST M=200 (baseline),mnist,200,784,0.8,102,0.36,0.18666666666666668,0,0.5451090014542278,0.3073815435098238
MNIST M=200 (baseline),mnist,200,784,0.8,133,0.2866666666666667,0.24,0,0.49211051773101366,0.25978633631481324
MNIST M=200 (baseline),mnist,200,784,0.8,126,0.2866666666666667,0.26,0,0.5096046461662147,0.411797195940576
MNIST M=200 (baseline),mnist,200,784,0.8,177,0.24,0.22,0,0.6205428818792608,0.33304125026172265
MNIST M=200 (baseline),mnist,200,784,0.8,28,0.2866666666666667,0.22666666666666666,0,0.43813081986148084,0.2339079725649662
MNIST M=200 (baseline),mnist,200,784,0.8,144,0.32,0.22,0,0.4106900455850741,0.19288239323856718
MNIST M=200 (baseline),mnist,200,784,0.8,197,0.31333333333333335,0.22666666666666666,0,0.6442690995930872,0.33089061256038227
MNIST M=200 (baseline),mnist,200,784,0.8,108,0.3333333333333333,0.22,0,0.4471500762045634,0.35288821154038724
MNIST M=200 (baseline),mnist,200,784,0.8,33,0.43333333333333335,1.0,1,0.4801818998282871,0.9999999999995361
MNIST M=200 (baseline),mnist,200,784,0.8,92,0.24,0.17333333333333334,0,0.4684218268234397,0.5266226941504851
MNIST M=200 (baseline),mnist,200,784,0.8,156,0.36,0.2733333333333333,0,0.4051013368831502,0.33299901372954893
MNIST M=200 (baseline),mnist,200,784,0.8,147,0.20666666666666667,0.21333333333333335,0,0.6337764616508373,0.4236886492473488
MNIST M=200 (baseline),mnist,200,784,0.8,43,0.37333333333333335,0.24,0,0.4765450073597826,0.23376449714328545
MNIST M=200 (baseline),mnist,200,784,0.8,113,0.29333333333333333,0.3,0,0.5916396707814725,0.23406097973322926
MNIST M=200 (baseline),mnist,200,784,0.8,108,0.28,0.24666666666666667,0,0.5427024314700877,0.2937113087428901
MNIST M=200 (baseline),mnist,200,784,0.8,56,0.32666666666666666,0.21333333333333335,0,0.34292525408394386,0.02506033445933773
MNIST M=200 (baseline),mnist,200,784,0.8,50,0.26,0.26,0,0.4432864593660575,0.3432243778944607
MNIST M=200 (baseline),mnist,200,784,0.8,27,0.2866666666666667,0.19333333333333333,0,0.4292867033512949,0.08965830441422049
MNIST M=200 (baseline),mnist,200,784,0.8,103,0.2866666666666667,0.24,0,0.6232166566949363,0.2169373946085349
MNIST M=200 (baseline),mnist,200,784,0.8,48,0.22,0.22,0,0.5289006657080806,0.4582084016943131
MNIST M=200 (baseline),mnist,200,784,0.8,131,0.22666666666666666,0.22666666666666666,0,0.2572168609452027,0.19690390727451312
MNIST M=200 (baseline),mnist,200,784,0.8,92,0.3,0.2,0,0.5230816457399614,0.38219405140578777
MNIST M=200 (baseline),mnist,200,784,0.8,155,0.22666666666666666,0.20666666666666667,0,0.6134224037924677,0.3972698072399484
MNIST M=200 (baseline),mnist,200,784,0.8,155,0.2,0.16666666666666666,0,0.7423737480615669,0.22788856905255575
MNIST M=200 (baseline),mnist,200,784,0.8,93,0.2866666666666667,0.2,0,0.5675264508881855,0.18264509147825186
MNIST M=200 (baseline),mnist,200,784,0.8,40,0.32666666666666666,0.15333333333333332,0,0.3167965203881824,0.24922005114569792
MNIST M=200 (baseline),mnist,200,784,0.8,83,0.36,0.22,0,0.6884387114891456,0.6080300583880611
MNIST M=200 (baseline),mnist,200,784,0.8,170,0.3,0.24,0,0.57196523263894,0.15036504861055225
MNIST M=200 (baseline),mnist,200,784,0.8,76,0.24666666666666667,0.16,0,0.48879772975280616,0.20465746435850604
MNIST M=200 (baseline),mnist,200,784,1.0,154,0.30666666666666664,0.22,0,0.527123044789275,0.593614123835801
MNIST M=200 (baseline),mnist,200,784,1.0,14,0.2866666666666667,0.14,0,0.4438521824637847,0.36022937277609607
MNIST M=200 (baseline),mnist,200,784,1.0,197,0.25333333333333335,0.22666666666666666,0,0.4163158055547187,0.33089061256038227
MNIST M=200 (baseline),mnist,200,784,1.0,38,0.31333333333333335,0.19333333333333333,0,0.5878875288677778,0.6626686737446518
MNIST M=200 (baseline),mnist,200,784,1.0,128,0.36666666666666664,0.26666666666666666,0,0.8012477505027858,0.5985528642922096
MNIST M=200 (baseline),mnist,200,784,1.0,59,0.35333333333333333,0.22,0,0.5998667029406681,0.3256964960821434
MNIST M=200 (baseline),mnist,200,784,1.0,29,0.2733333333333333,0.22666666666666666,0,0.4764316480854477,0.37331805793419
MNIST M=200 (baseline),mnist,200,784,1.0,48,0.22,0.24,0,0.42138375275070156,0.3358689857986463
MNIST M=200 (baseline),mnist,200,784,1.0,138,0.24,0.22,0,0.5183374557045162,0.3113050951407932
MNIST M=200 (baseline),mnist,200,784,1.0,167,0.2733333333333333,0.23333333333333334,0,0.40193593877907086,0.08644454101483552
MNIST M=200 (baseline),mnist,200,784,1.0,88,0.28,0.2866666666666667,0,0.48825255540747375,0.4130224462435197
MNIST M=200 (baseline),mnist,200,784,1.0,18,0.41333333333333333,1.0,1,0.40431843424752323,0.9999999999997524
MNIST M=200 (baseline),mnist,200,784,1.0,187,0.22666666666666666,0.18,0,0.6383270451644545,0.24910464665942383
MNIST M=200 (baseline),mnist,200,784,1.0,42,0.18,0.26,0,0.5011550778210669,0.09305033091201992
MNIST M=200 (baseline),mnist,200,784,1.0,23,0.26666666666666666,0.20666666666666667,0,0.49625283832563805,0.35129351100368644
MNIST M=200 (baseline),mnist,200,784,1.0,134,0.28,0.24666666666666667,0,0.4903260973846379,0.2728213314930777
MNIST M=200 (baseline),mnist,200,784,1.0,160,0.25333333333333335,0.23333333333333334,0,0.4361936023826719,0.33443200908141396
MNIST M=200 (baseline),mnist,200,784,1.0,101,0.24,0.2,0,0.44070880415021857,0.256007206970243
MNIST M=200 (baseline),mnist,200,784,1.0,93,0.2866666666666667,0.17333333333333334,0,0.35668711034759604,0.2569212109621237
MNIST M=200 (baseline),mnist,200,784,1.0,96,0.17333333333333334,0.20666666666666667,0,0.36824107954307966,0.26212663598317076
MNIST M=200 (baseline),mnist,200,784,1.0,106,0.30666666666666664,0.22,0,0.6148301176436551,0.29981983076947133
MNIST M=200 (baseline),mnist,200,784,1.0,102,0.26666666666666666,0.22666666666666666,0,0.48832202507757544,0.4250833615853232
MNIST M=200 (baseline),mnist,200,784,1.0,174,0.18666666666666668,0.16666666666666666,0,0.3650668460149612,-0.02185174956237712
MNIST M=200 (baseline),mnist,200,784,1.0,48,0.26666666666666666,0.19333333333333333,0,0.5807514922581981,0.2888090076100647
MNIST M=200 (baseline),mnist,200,784,1.0,158,0.21333333333333335,0.20666666666666667,0,0.38040989203626446,0.11996411848157935
MNIST M=200 (baseline),mnist,200,784,1.0,142,0.30666666666666664,0.23333333333333334,0,0.26797026113563754,0.14373686823204362
MNIST M=200 (baseline),mnist,200,784,1.0,167,0.30666666666666664,0.24,0,0.38575912083681,0.14154769082023852
MNIST M=200 (baseline),mnist,200,784,1.0,188,0.36666666666666664,1.0,1,0.6212650811326841,0.9999999999997674
MNIST M=200 (baseline),mnist,200,784,1.0,119,0.28,0.16,0,0.3199819092735048,0.021242673269846836
MNIST M=200 (baseline),mnist,200,784,1.0,137,0.28,0.23333333333333334,0,0.6030425638610565,0.28674446714950425
MNIST M=200 (baseline),mnist,200,784,1.0,150,0.24,0.25333333333333335,0,0.6394172959109129,0.4235023813757595
MNIST M=200 (baseline),mnist,200,784,1.0,161,0.26,0.23333333333333334,0,0.4834904563941249,0.4535381128972054
MNIST M=200 (baseline),mnist,200,784,1.0,21,0.36666666666666664,1.0,1,0.6282051556873085,0.9999999999997748
MNIST M=200 (baseline),mnist,200,784,1.0,7,0.30666666666666664,0.18666666666666668,0,0.5599792682355035,0.3009178215972688
MNIST M=200 (baseline),mnist,200,784,1.0,67,0.22,0.18666666666666668,0,0.5315545586229217,0.3305493270880472
MNIST M=200 (baseline),mnist,200,784,1.0,87,0.30666666666666664,0.22,0,0.5170253583491001,0.4568091195331466
MNIST M=200 (baseline),mnist,200,784,1.0,101,0.2866666666666667,0.24666666666666667,0,0.44796121285061585,0.08164571881228848
MNIST M=200 (baseline),mnist,200,784,1.0,184,0.24666666666666667,0.22666666666666666,0,0.5023552710725491,0.31686726010759414
MNIST M=200 (baseline),mnist,200,784,1.0,134,0.36666666666666664,0.21333333333333335,0,0.5543946253622517,0.2556724711666182
MNIST M=200 (baseline),mnist,200,784,1.0,34,0.28,0.20666666666666667,0,0.42316167043979214,0.32321494313656784
MNIST M=500 (capacity test),mnist,500,784,0.0,440,1.0,1.0,1,0.9999999999983685,0.9999999999983685
MNIST M=500 (capacity test),mnist,500,784,0.0,450,1.0,1.0,1,0.9999999999974757,0.9999999999974757
MNIST M=500 (capacity test),mnist,500,784,0.0,311,1.0,1.0,1,0.9999999999984982,0.9999999999984982
MNIST M=500 (capacity test),mnist,500,784,0.0,491,1.0,1.0,1,0.9999999999979572,0.9999999999979572
MNIST M=500 (capacity test),mnist,500,784,0.0,317,1.0,1.0,1,0.9999999999987564,0.9999999999987564
MNIST M=500 (capacity test),mnist,500,784,0.0,289,1.0,1.0,1,0.9999999999980278,0.9999999999980278
MNIST M=500 (capacity test),mnist,500,784,0.0,125,1.0,1.0,1,0.9999999999976588,0.9999999999976588
MNIST M=500 (capacity test),mnist,500,784,0.0,477,1.0,1.0,1,0.999999999998636,0.999999999998636
MNIST M=500 (capacity test),mnist,500,784,0.0,290,1.0,1.0,1,0.9999999999972056,0.9999999999972056
MNIST M=500 (capacity test),mnist,500,784,0.0,215,1.0,1.0,1,0.9999999999983942,0.9999999999983942
MNIST M=500 (capacity test),mnist,500,784,0.0,127,1.0,1.0,1,0.9999999999941149,0.9999999999941149
MNIST M=500 (capacity test),mnist,500,784,0.0,108,1.0,1.0,1,0.9999999999983051,0.9999999999983051
MNIST M=500 (capacity test),mnist,500,784,0.0,57,1.0,1.0,1,0.9999999999992802,0.9999999999992802
MNIST M=500 (capacity test),mnist,500,784,0.0,282,1.0,1.0,1,0.999999999997529,0.999999999997529
MNIST M=500 (capacity test),mnist,500,784,0.0,78,1.0,1.0,1,0.9999999999981478,0.9999999999981478
MNIST M=500 (capacity test),mnist,500,784,0.0,261,1.0,1.0,1,0.9999999999969693,0.9999999999969693
MNIST M=500 (capacity test),mnist,500,784,0.0,361,1.0,1.0,1,0.99999999999769,0.99999999999769
MNIST M=500 (capacity test),mnist,500,784,0.0,469,1.0,1.0,1,0.9999999999981036,0.9999999999981036
MNIST M=500 (capacity test),mnist,500,784,0.0,100,1.0,1.0,1,0.9999999999971365,0.9999999999971365
MNIST M=500 (capacity test),mnist,500,784,0.0,327,1.0,1.0,1,0.999999999997456,0.999999999997456
MNIST M=500 (capacity test),mnist,500,784,0.0,302,1.0,1.0,1,0.9999999999944882,0.9999999999944882
MNIST M=500 (capacity test),mnist,500,784,0.0,370,1.0,1.0,1,0.9999999999962986,0.9999999999962986
MNIST M=500 (capacity test),mnist,500,784,0.0,210,1.0,1.0,1,0.9999999999981742,0.9999999999981742
MNIST M=500 (capacity test),mnist,500,784,0.0,241,1.0,1.0,1,0.9999999999969766,0.9999999999969766
MNIST M=500 (capacity test),mnist,500,784,0.0,383,1.0,1.0,1,0.9999999999962559,0.9999999999962559
MNIST M=500 (capacity test),mnist,500,784,0.0,253,1.0,1.0,1,0.9999999999978926,0.9999999999978926
MNIST M=500 (capacity test),mnist,500,784,0.0,345,1.0,1.0,1,0.999999999996488,0.999999999996488
MNIST M=500 (capacity test),mnist,500,784,0.0,345,1.0,1.0,1,0.999999999996488,0.999999999996488
MNIST M=500 (capacity test),mnist,500,784,0.0,342,1.0,1.0,1,0.9999999999972666,0.9999999999972666
MNIST M=500 (capacity test),mnist,500,784,0.0,50,1.0,1.0,1,0.9999999999976981,0.9999999999976981
MNIST M=500 (capacity test),mnist,500,784,0.0,470,1.0,1.0,1,0.9999999999979361,0.9999999999979361
MNIST M=500 (capacity test),mnist,500,784,0.0,26,1.0,1.0,1,0.9999999999930035,0.9999999999930035
MNIST M=500 (capacity test),mnist,500,784,0.0,371,1.0,1.0,1,0.9999999999981682,0.9999999999981682
MNIST M=500 (capacity test),mnist,500,784,0.0,417,1.0,1.0,1,0.9999999999977679,0.9999999999977679
MNIST M=500 (capacity test),mnist,500,784,0.0,322,1.0,1.0,1,0.9999999999979168,0.9999999999979168
MNIST M=500 (capacity test),mnist,500,784,0.0,467,1.0,1.0,1,0.999999999996011,0.999999999996011
MNIST M=500 (capacity test),mnist,500,784,0.0,374,1.0,1.0,1,0.9999999999979622,0.9999999999979622
MNIST M=500 (capacity test),mnist,500,784,0.0,159,1.0,1.0,1,0.9999999999977975,0.9999999999977975
MNIST M=500 (capacity test),mnist,500,784,0.0,112,1.0,1.0,1,0.9999999999956128,0.9999999999956128
MNIST M=500 (capacity test),mnist,500,784,0.0,133,1.0,1.0,1,0.9999999999966966,0.9999999999966966
MNIST M=500 (capacity test),mnist,500,784,0.1,209,0.24,0.14666666666666667,0,0.3017856927272838,0.24593080309192072
MNIST M=500 (capacity test),mnist,500,784,0.1,485,0.28,0.21333333333333335,0,0.35027446810820967,0.3476617746733358
MNIST M=500 (capacity test),mnist,500,784,0.1,489,0.20666666666666667,0.16666666666666666,0,0.311188020084701,0.3161242679023317
MNIST M=500 (capacity test),mnist,500,784,0.1,442,0.20666666666666667,0.22,0,0.587541459876645,0.2892488705526637
MNIST M=500 (capacity test),mnist,500,784,0.1,222,0.24,0.24,0,0.4940848094629092,0.4482497648568927
MNIST M=500 (capacity test),mnist,500,784,0.1,200,0.3,0.20666666666666667,0,0.01245762511497374,0.16672521441615099
MNIST M=500 (capacity test),mnist,500,784,0.1,158,0.36666666666666664,1.0,1,0.4264864273033834,0.9999999999961934
MNIST M=500 (capacity test),mnist,500,784,0.1,194,0.16666666666666666,0.2,0,0.3395525084340133,0.2833168254647317
MNIST M=500 (capacity test),mnist,500,784,0.1,163,0.22,0.17333333333333334,0,0.0872493201330996,0.2019553542205365
MNIST M=500 (capacity test),mnist,500,784,0.1,339,0.29333333333333333,0.18,0,0.5092794756710679,0.32783184469051696
MNIST M=500 (capacity test),mnist,500,784,0.1,71,0.2866666666666667,0.17333333333333334,0,0.20645066387797367,0.23825300517864595
MNIST M=500 (capacity test),mnist,500,784,0.1,234,0.22,0.18666666666666668,0,0.502185755028744,0.10977014020375392
MNIST M=500 (capacity test),mnist,500,784,0.1,257,0.2733333333333333,0.21333333333333335,0,0.42591151600111354,0.1023459511943031
MNIST M=500 (capacity test),mnist,500,784,0.1,387,0.26,0.24,0,0.34920061366635574,0.3124727667638681
MNIST M=500 (capacity test),mnist,500,784,0.1,327,0.28,0.18666666666666668,0,0.29948868744167834,0.6701584505198429
MNIST M=500 (capacity test),mnist,500,784,0.1,228,0.3,0.2,0,0.41172097330206997,0.2641493347687969
MNIST M=500 (capacity test),mnist,500,784,0.1,60,0.29333333333333333,0.24,0,0.468494361511528,0.35737226228982205
MNIST M=500 (capacity test),mnist,500,784,0.1,98,0.22666666666666666,0.19333333333333333,0,0.40947225320377073,0.9425599786862341
MNIST M=500 (capacity test),mnist,500,784,0.1,332,0.22,0.16,0,0.32143670213923936,0.1395801658922627
MNIST M=500 (capacity test),mnist,500,784,0.1,217,0.26,0.2,0,0.33258543216223047,0.5376139229725263
MNIST M=500 (capacity test),mnist,500,784,0.1,183,0.22666666666666666,0.18,0,0.5575291675698715,0.4547396370164926
MNIST M=500 (capacity test),mnist,500,784,0.1,210,0.36666666666666664,1.0,1,0.4281908729701958,0.9999999999981742
MNIST M=500 (capacity test),mnist,500,784,0.1,420,0.28,0.24,0,0.45064109509737915,0.3509403210755252
MNIST M=500 (capacity test),mnist,500,784,0.1,340,0.28,0.22,0,0.491925444807784,0.3662995553952765
MNIST M=500 (capacity test),mnist,500,784,0.1,335,0.26,0.32,0,0.08743567082579637,0.08409223347860252
MNIST M=500 (capacity test),mnist,500,784,0.1,45,0.2866666666666667,0.25333333333333335,0,0.48850671504340215,0.4351246686711031
MNIST M=500 (capacity test),mnist,500,784,0.1,284,0.24666666666666667,0.21333333333333335,0,0.2991205687578383,0.3244127660179399
MNIST M=500 (capacity test),mnist,500,784,0.1,155,0.24,0.2,0,0.356216098660293,0.29903202653411315
MNIST M=500 (capacity test),mnist,500,784,0.1,42,0.28,0.20666666666666667,0,0.641179158525404,0.28793036342734085
MNIST M=500 (capacity test),mnist,500,784,0.1,351,0.22,0.22,0,0.3732599050446977,0.3947463263983599
MNIST M=500 (capacity test),mnist,500,784,0.1,7,0.21333333333333335,0.17333333333333334,0,0.3427359860640353,0.21660080009910088
MNIST M=500 (capacity test),mnist,500,784,0.1,144,0.2733333333333333,0.12666666666666668,0,0.5075538561138019,0.35062196037524734
MNIST M=500 (capacity test),mnist,500,784,0.1,69,0.35333333333333333,1.0,1,0.49237748591854913,0.9999999999980768
MNIST M=500 (capacity test),mnist,500,784,0.1,203,0.30666666666666664,0.22666666666666666,0,0.3530815981126496,0.14242543996529256
MNIST M=500 (capacity test),mnist,500,784,0.1,148,0.20666666666666667,0.24,0,0.15903509659013695,0.26949391127789
MNIST M=500 (capacity test),mnist,500,784,0.1,97,0.2866666666666667,0.23333333333333334,0,0.5270978766376432,0.18522024612698704
MNIST M=500 (capacity test),mnist,500,784,0.1,332,0.32,0.22,0,0.32569380784463314,0.2633158858784911
MNIST M=500 (capacity test),mnist,500,784,0.1,410,0.34,0.28,0,0.39016527436063436,0.3776222833498462
MNIST M=500 (capacity test),mnist,500,784,0.1,319,0.28,0.16,0,0.38140004597394217,0.4559429233994847
MNIST M=500 (capacity test),mnist,500,784,0.1,313,0.30666666666666664,0.16666666666666666,0,0.44804835368595053,0.4055996638929758
MNIST M=500 (capacity test),mnist,500,784,0.2,443,0.26,0.22666666666666666,0,0.1804543621835598,0.24311227895394977
MNIST M=500 (capacity test),mnist,500,784,0.2,480,0.16666666666666666,0.24666666666666667,0,0.4783869563022798,0.3454252981052522
MNIST M=500 (capacity test),mnist,500,784,0.2,462,0.18666666666666668,0.11333333333333333,0,0.43373583220719497,0.05482088916214881
MNIST M=500 (capacity test),mnist,500,784,0.2,149,0.25333333333333335,0.22,0,0.3123728235996193,0.15272005036662795
MNIST M=500 (capacity test),mnist,500,784,0.2,269,0.20666666666666667,0.19333333333333333,0,0.3033363477953292,0.4393662412506671
MNIST M=500 (capacity test),mnist,500,784,0.2,385,0.18666666666666668,0.22666666666666666,0,0.1436837927271714,0.11322643981531758
MNIST M=500 (capacity test),mnist,500,784,0.2,456,0.24666666666666667,0.22,0,0.3153979416716087,0.49135258700162354
MNIST M=500 (capacity test),mnist,500,784,0.2,61,0.3466666666666667,0.23333333333333334,0,0.37963230715242985,0.24963209475106754
MNIST M=500 (capacity test),mnist,500,784,0.2,435,0.22,0.24,0,0.38330106794600344,0.21151615318233413
MNIST M=500 (capacity test),mnist,500,784,0.2,114,0.32,0.18666666666666668,0,0.6723538397862404,0.3877693494189409
MNIST M=500 (capacity test),mnist,500,784,0.2,106,0.20666666666666667,0.24,0,0.1482662486145025,0.2988355742240049
MNIST M=500 (capacity test),mnist,500,784,0.2,141,0.24,0.20666666666666667,0,0.3087365667958592,0.12976606829420043
MNIST M=500 (capacity test),mnist,500,784,0.2,268,0.23333333333333334,0.25333333333333335,0,0.3016543126790612,0.19575518785407744
MNIST M=500 (capacity test),mnist,500,784,0.2,175,0.26,0.23333333333333334,0,0.19261981936881867,0.03051661197906159
MNIST M=500 (capacity test),mnist,500,784,0.2,17,0.17333333333333334,0.22,0,0.23349834216216722,0.3455214242067112
MNIST M=500 (capacity test),mnist,500,784,0.2,240,0.26666666666666666,0.21333333333333335,0,0.33661668797308003,0.016680743116424365
MNIST M=500 (capacity test),mnist,500,784,0.2,4,0.2733333333333333,0.21333333333333335,0,0.16362968274768735,0.2394492227161653
MNIST M=500 (capacity test),mnist,500,784,0.2,395,0.24,0.23333333333333334,0,0.5171174680795867,0.15902251316970864
MNIST M=500 (capacity test),mnist,500,784,0.2,383,0.23333333333333334,0.18,0,0.24246157059440226,0.0028309832646798714
MNIST M=500 (capacity test),mnist,500,784,0.2,7,0.26,0.22,0,0.3881666403671947,0.1936200085184184
MNIST M=500 (capacity test),mnist,500,784,0.2,114,0.20666666666666667,0.19333333333333333,0,0.4447845663983573,0.22259660477192522
MNIST M=500 (capacity test),mnist,500,784,0.2,153,0.26666666666666666,0.26666666666666666,0,0.1591376694746298,0.12450193240452419
MNIST M=500 (capacity test),mnist,500,784,0.2,450,0.28,0.18666666666666668,0,0.183550920243829,0.2677346942312056
MNIST M=500 (capacity test),mnist,500,784,0.2,309,0.21333333333333335,0.22,0,0.37452528388595585,0.20231474261270274
MNIST M=500 (capacity test),mnist,500,784,0.2,422,0.22666666666666666,0.24,0,0.3943409693134765,0.19782277838964074
MNIST M=500 (capacity test),mnist,500,784,0.2,469,0.11333333333333333,0.16666666666666666,0,0.13510497874298014,0.5450071179661744
MNIST M=500 (capacity test),mnist,500,784,0.2,153,0.18666666666666668,0.17333333333333334,0,0.1867541755296414,0.12769643758502716
MNIST M=500 (capacity test),mnist,500,784,0.2,11,0.41333333333333333,1.0,1,0.2998778428948545,0.9999999999977084
MNIST M=500 (capacity test),mnist,500,784,0.2,432,0.16666666666666666,0.26,0,-0.021206111666923932,0.25781324909822584
MNIST M=500 (capacity test),mnist,500,784,0.2,456,0.17333333333333334,0.21333333333333335,0,0.21779765526770808,0.14202953411964966
MNIST M=500 (capacity test),mnist,500,784,0.2,306,0.24666666666666667,0.18666666666666668,0,0.1417060036092862,0.020239268096145364
MNIST M=500 (capacity test),mnist,500,784,0.2,81,0.2733333333333333,0.17333333333333334,0,0.16439389581742925,0.3432248510656203
MNIST M=500 (capacity test),mnist,500,784,0.2,103,0.28,0.2,0,0.29849762664912577,0.09728990236895854
MNIST M=500 (capacity test),mnist,500,784,0.2,499,0.19333333333333333,0.24,0,0.5490160941355481,0.31356737636543563
MNIST M=500 (capacity test),mnist,500,784,0.2,456,0.20666666666666667,0.2,0,0.2648078445740987,0.1786303722677037
MNIST M=500 (capacity test),mnist,500,784,0.2,144,0.2733333333333333,0.21333333333333335,0,0.35602098188569736,0.15771204810630535
MNIST M=500 (capacity test),mnist,500,784,0.2,344,0.16666666666666666,0.16666666666666666,0,0.25841459687659707,0.5533587661939191
MNIST M=500 (capacity test),mnist,500,784,0.2,36,0.22,0.20666666666666667,0,0.33732698349999757,0.36958249271995786
MNIST M=500 (capacity test),mnist,500,784,0.2,235,0.25333333333333335,0.20666666666666667,0,0.4126485340092078,0.16790675320547252
MNIST M=500 (capacity test),mnist,500,784,0.2,380,0.26,0.16,0,0.34536593637281443,0.09192758750579387
MNIST M=500 (capacity test),mnist,500,784,0.3,228,0.15333333333333332,0.19333333333333333,0,0.2368167500659878,0.2485726074705004
MNIST M=500 (capacity test),mnist,500,784,0.3,223,0.30666666666666664,0.2,0,0.41919604567429747,0.7754832897047746
MNIST M=500 (capacity test),mnist,500,784,0.3,64,0.24,0.26,0,0.3168276390251672,0.4260486693017467
MNIST M=500 (capacity test),mnist,500,784,0.3,401,0.23333333333333334,0.24,0,0.46117698759958986,0.22393911247275372
MNIST M=500 (capacity test),mnist,500,784,0.3,459,0.24,0.19333333333333333,0,0.20268316596388844,0.12822282484840627
MNIST M=500 (capacity test),mnist,500,784,0.3,64,0.18666666666666668,0.16666666666666666,0,0.4590644924564896,0.42448197172584334
MNIST M=500 (capacity test),mnist,500,784,0.3,391,0.19333333333333333,0.24,0,0.3237824545161704,0.302974000353198
MNIST M=500 (capacity test),mnist,500,784,0.3,372,0.20666666666666667,0.14666666666666667,0,0.22147458586367477,0.2939761949282318
MNIST M=500 (capacity test),mnist,500,784,0.3,112,0.21333333333333335,0.22666666666666666,0,0.5445836539401716,0.8084843753271459
MNIST M=500 (capacity test),mnist,500,784,0.3,110,0.2,0.25333333333333335,0,0.3086970616633323,0.05463771124936941
MNIST M=500 (capacity test),mnist,500,784,0.3,136,0.18666666666666668,0.16666666666666666,0,0.22158793886832104,0.5062004586768207
MNIST M=500 (capacity test),mnist,500,784,0.3,159,0.26,0.2,0,0.19495230833755425,0.5581462212749138
MNIST M=500 (capacity test),mnist,500,784,0.3,419,0.18,0.19333333333333333,0,0.33751891639915027,0.1107023446224592
MNIST M=500 (capacity test),mnist,500,784,0.3,365,0.22666666666666666,0.19333333333333333,0,0.19662769538895622,0.22190925520578791
MNIST M=500 (capacity test),mnist,500,784,0.3,170,0.18666666666666668,0.21333333333333335,0,0.2985523666655235,0.3576256123627299
MNIST M=500 (capacity test),mnist,500,784,0.3,373,0.14666666666666667,0.19333333333333333,0,0.6353023773133017,0.1719183790123926
MNIST M=500 (capacity test),mnist,500,784,0.3,225,0.18666666666666668,0.25333333333333335,0,0.31149605412638354,0.3394931558313319
MNIST M=500 (capacity test),mnist,500,784,0.3,414,0.18666666666666668,0.15333333333333332,0,0.2739752948508096,0.380305090586621
MNIST M=500 (capacity test),mnist,500,784,0.3,426,0.21333333333333335,0.21333333333333335,0,0.5222605960340031,0.21596389183151593
MNIST M=500 (capacity test),mnist,500,784,0.3,111,0.16,0.13333333333333333,0,0.376542841214027,0.33174025246385547
MNIST M=500 (capacity test),mnist,500,784,0.3,442,0.23333333333333334,0.16,0,0.4894220375826712,0.37699104592540816
MNIST M=500 (capacity test),mnist,500,784,0.3,493,0.16666666666666666,0.16,0,0.399783861865349,0.1570960254798084
MNIST M=500 (capacity test),mnist,500,784,0.3,333,0.24,0.22666666666666666,0,0.23699552880128533,0.4125556405135858
MNIST M=500 (capacity test),mnist,500,784,0.3,322,0.24666666666666667,0.18,0,0.2593255500121167,0.12811406603935205
MNIST M=500 (capacity test),mnist,500,784,0.3,110,0.20666666666666667,0.15333333333333332,0,-0.07066458279752609,0.08961626662441133
MNIST M=500 (capacity test),mnist,500,784,0.3,392,0.13333333333333333,0.22666666666666666,0,0.029262236626251794,0.5741761906025012
MNIST M=500 (capacity test),mnist,500,784,0.3,199,0.20666666666666667,0.18666666666666668,0,0.27717160175722505,0.3742870792994702
MNIST M=500 (capacity test),mnist,500,784,0.3,87,0.26,0.28,0,0.5129381013638006,0.12661268005455503
MNIST M=500 (capacity test),mnist,500,784,0.3,218,0.21333333333333335,0.19333333333333333,0,0.21273980997228886,0.10201899337675517
MNIST M=500 (capacity test),mnist,500,784,0.3,319,0.16666666666666666,0.22,0,0.3649077202658733,0.4251585581421395
MNIST M=500 (capacity test),mnist,500,784,0.3,79,0.24,0.21333333333333335,0,0.22916312071805447,0.211098650719488
MNIST M=500 (capacity test),mnist,500,784,0.3,36,0.15333333333333332,0.14,0,0.44119183905311105,0.3690825178002313
MNIST M=500 (capacity test),mnist,500,784,0.3,420,0.28,0.20666666666666667,0,0.45270681700388743,0.16009513208453494
MNIST M=500 (capacity test),mnist,500,784,0.3,332,0.22666666666666666,0.18666666666666668,0,0.1632748538295932,0.13156786577750465
MNIST M=500 (capacity test),mnist,500,784,0.3,63,0.23333333333333334,0.18,0,0.4010598148865042,0.42611457564444916
MNIST M=500 (capacity test),mnist,500,784,0.3,485,0.22666666666666666,0.23333333333333334,0,0.36484661974297516,0.26333037213936794
MNIST M=500 (capacity test),mnist,500,784,0.3,3,0.17333333333333334,0.2,0,0.4313398491983301,0.3548149036446889
MNIST M=500 (capacity test),mnist,500,784,0.3,324,0.23333333333333334,0.18666666666666668,0,0.5035047229056245,0.37584371958576507
MNIST M=500 (capacity test),mnist,500,784,0.3,162,0.07333333333333333,0.18666666666666668,0,0.3715140909996869,0.07639504350279153
MNIST M=500 (capacity test),mnist,500,784,0.3,144,0.21333333333333335,0.19333333333333333,0,-0.038226457005865175,0.5126912974787841
MNIST M=500 (capacity test),mnist,500,784,0.4,222,0.18666666666666668,0.24,0,0.4726807331296186,0.4482497648568927
MNIST M=500 (capacity test),mnist,500,784,0.4,325,0.24666666666666667,0.18,0,0.2236701568327405,0.2803314920938316
MNIST M=500 (capacity test),mnist,500,784,0.4,344,0.14666666666666667,0.18,0,0.22781208416044293,0.28101628233482717
MNIST M=500 (capacity test),mnist,500,784,0.4,203,0.22,0.18666666666666668,0,0.3781933967740902,0.25047204041412807
MNIST M=500 (capacity test),mnist,500,784,0.4,21,0.22,0.17333333333333334,0,0.3795914146982825,0.3510956972655648
MNIST M=500 (capacity test),mnist,500,784,0.4,62,0.26666666666666666,0.22666666666666666,0,0.4596657667805043,0.3669257708163754
MNIST M=500 (capacity test),mnist,500,784,0.4,191,0.18666666666666668,0.20666666666666667,0,0.439539760381694,0.2370599874962735
MNIST M=500 (capacity test),mnist,500,784,0.4,219,0.20666666666666667,0.24,0,0.3510250304463923,0.3178967953798018
MNIST M=500 (capacity test),mnist,500,784,0.4,94,0.2,0.22,0,0.28117269566477177,0.07972583123482689
MNIST M=500 (capacity test),mnist,500,784,0.4,4,0.25333333333333335,0.25333333333333335,0,0.07740696996826826,0.026126701172002872
MNIST M=500 (capacity test),mnist,500,784,0.4,209,0.24,0.19333333333333333,0,0.13368037258433743,0.1623367548012999
MNIST M=500 (capacity test),mnist,500,784,0.4,14,0.17333333333333334,0.22,0,0.2685677904656309,0.2790537015937092
MNIST M=500 (capacity test),mnist,500,784,0.4,221,0.2866666666666667,0.2,0,0.2698804114649795,0.9199800842106636
MNIST M=500 (capacity test),mnist,500,784,0.4,323,0.17333333333333334,0.22,0,0.24388430973751102,0.2019033834349357
MNIST M=500 (capacity test),mnist,500,784,0.4,255,0.15333333333333332,0.22,0,0.4018689743483178,0.15218065306822612
MNIST M=500 (capacity test),mnist,500,784,0.4,38,0.2,0.18,0,0.07754293754544984,0.18442752837901888
MNIST M=500 (capacity test),mnist,500,784,0.4,240,0.20666666666666667,0.22,0,0.360841285480539,0.26331721552142834
MNIST M=500 (capacity test),mnist,500,784,0.4,442,0.26,0.22666666666666666,0,0.4136395109340091,0.2899029099530937
MNIST M=500 (capacity test),mnist,500,784,0.4,286,0.14,0.13333333333333333,0,0.15759670729758507,0.4127915790033363
MNIST M=500 (capacity test),mnist,500,784,0.4,260,0.17333333333333334,0.2,0,0.06263394099374431,0.22914024778209396
MNIST M=500 (capacity test),mnist,500,784,0.4,481,0.25333333333333335,0.26666666666666666,0,0.5728721640606077,0.4508893148904769
MNIST M=500 (capacity test),mnist,500,784,0.4,132,0.22666666666666666,0.2,0,0.17354093330284007,0.2430657927158875
MNIST M=500 (capacity test),mnist,500,784,0.4,391,0.13333333333333333,0.22666666666666666,0,0.2704529477737061,0.3768144901199083
MNIST M=500 (capacity test),mnist,500,784,0.4,304,0.20666666666666667,0.18,0,0.316710743078901,0.3097698785217524
MNIST M=500 (capacity test),mnist,500,784,0.4,498,0.16666666666666666,0.18,0,0.30133086266734405,0.4289113287106839
MNIST M=500 (capacity test),mnist,500,784,0.4,233,0.22,0.22,0,0.14322722674976582,0.41337791940206936
MNIST M=500 (capacity test),mnist,500,784,0.4,435,0.26,0.22,0,0.45393158969580993,0.3438180205797532
MNIST M=500 (capacity test),mnist,500,784,0.4,8,0.17333333333333334,0.14666666666666667,0,0.3689351137740352,0.7979150275421288
MNIST M=500 (capacity test),mnist,500,784,0.4,443,0.18666666666666668,0.24,0,0.3453766756530408,0.3489970784359206
MNIST M=500 (capacity test),mnist,500,784,0.4,416,0.24666666666666667,0.18666666666666668,0,-0.019066899651158337,0.16587128089585165
MNIST M=500 (capacity test),mnist,500,784,0.4,171,0.16,0.18666666666666668,0,0.6321311493838365,0.580455284847469
MNIST M=500 (capacity test),mnist,500,784,0.4,459,0.20666666666666667,0.25333333333333335,0,0.22932326745233494,0.14913650345822207
MNIST M=500 (capacity test),mnist,500,784,0.4,232,0.2733333333333333,0.22,0,0.14197621799669488,0.5124665009422966
MNIST M=500 (capacity test),mnist,500,784,0.4,41,0.25333333333333335,0.25333333333333335,0,0.21917447988818325,0.1754810822566274
MNIST M=500 (capacity test),mnist,500,784,0.4,18,0.23333333333333334,0.19333333333333333,0,0.39189605873379174,0.11986457212907725
MNIST M=500 (capacity test),mnist,500,784,0.4,250,0.2,0.23333333333333334,0,0.16801370562231197,0.507154106598807
MNIST M=500 (capacity test),mnist,500,784,0.4,195,0.30666666666666664,0.24,0,0.41958084838270704,0.26634406576350217
MNIST M=500 (capacity test),mnist,500,784,0.4,65,0.18,0.18666666666666668,0,0.2852213117211231,0.22912113648964594
MNIST M=500 (capacity test),mnist,500,784,0.4,467,0.18,0.25333333333333335,0,0.3456624209789069,0.17070433134509247
MNIST M=500 (capacity test),mnist,500,784,0.4,367,0.21333333333333335,0.22666666666666666,0,0.21529843752750163,0.17110101489225732
MNIST M=500 (capacity test),mnist,500,784,0.5,255,0.26,0.22,0,0.3879936006711557,0.12304139535866117
MNIST M=500 (capacity test),mnist,500,784,0.5,394,0.17333333333333334,0.2,0,0.30686259344244404,0.31702352153373575
MNIST M=500 (capacity test),mnist,500,784,0.5,144,0.18666666666666668,0.2,0,0.485344994050636,0.527463768370701
MNIST M=500 (capacity test),mnist,500,784,0.5,321,0.26666666666666666,0.2,0,0.001705682625854235,0.06474766587774368
MNIST M=500 (capacity test),mnist,500,784,0.5,400,0.2,0.18666666666666668,0,0.4825843765485315,0.3701945799365807
MNIST M=500 (capacity test),mnist,500,784,0.5,418,0.29333333333333333,0.22666666666666666,0,0.32717196274581967,0.34657140197566494
MNIST M=500 (capacity test),mnist,500,784,0.5,439,0.22666666666666666,0.16666666666666666,0,0.46416531108183573,0.3738308989100241
MNIST M=500 (capacity test),mnist,500,784,0.5,485,0.19333333333333333,0.22,0,0.2074014020190438,0.2493618548688563
MNIST M=500 (capacity test),mnist,500,784,0.5,392,0.12666666666666668,0.24,0,0.4311742525722017,0.4980613301936028
MNIST M=500 (capacity test),mnist,500,784,0.5,156,0.15333333333333332,0.23333333333333334,0,0.5804652131148634,0.6528356759348031
MNIST M=500 (capacity test),mnist,500,784,0.5,229,0.26666666666666666,0.20666666666666667,0,0.3098156131614439,0.2723210176532807
MNIST M=500 (capacity test),mnist,500,784,0.5,349,0.21333333333333335,0.16666666666666666,0,0.1558537539236254,0.06299254797444047
MNIST M=500 (capacity test),mnist,500,784,0.5,325,0.22,0.14,0,0.5758924525966799,0.2302819909278554
MNIST M=500 (capacity test),mnist,500,784,0.5,412,0.32,1.0,1,0.06760752296950508,0.999999999997088
MNIST M=500 (capacity test),mnist,500,784,0.5,11,0.19333333333333333,0.2,0,0.2152199071625644,0.8770167600598501
MNIST M=500 (capacity test),mnist,500,784,0.5,268,0.16,0.23333333333333334,0,0.2966015578333683,0.23602158720595137
MNIST M=500 (capacity test),mnist,500,784,0.5,193,0.17333333333333334,0.16666666666666666,0,0.42461130870484404,0.4214908815220135
MNIST M=500 (capacity test),mnist,500,784,0.5,347,0.24666666666666667,0.2,0,0.4104617205704116,0.6864801975801879
MNIST M=500 (capacity test),mnist,500,784,0.5,458,0.3,0.17333333333333334,0,0.3175094114022583,0.5139738915606641
MNIST M=500 (capacity test),mnist,500,784,0.5,408,0.18,0.22666666666666666,0,0.1621772360541036,0.5796281912667839
MNIST M=500 (capacity test),mnist,500,784,0.5,339,0.16666666666666666,0.16666666666666666,0,0.2159453559361232,0.4462216086067592
MNIST M=500 (capacity test),mnist,500,784,0.5,86,0.17333333333333334,0.21333333333333335,0,0.32654569407170453,0.7138572758292805
MNIST M=500 (capacity test),mnist,500,784,0.5,125,0.17333333333333334,0.17333333333333334,0,0.17317101370148444,0.09392426297776281
MNIST M=500 (capacity test),mnist,500,784,0.5,58,0.24,0.24,0,-0.13005136151150787,0.03971163088678051
MNIST M=500 (capacity test),mnist,500,784,0.5,161,0.2,0.22666666666666666,0,-0.011203874183123304,0.7193547046706127
MNIST M=500 (capacity test),mnist,500,784,0.5,374,0.25333333333333335,0.2,0,0.3992180656406682,0.2317315570504155
MNIST M=500 (capacity test),mnist,500,784,0.5,244,0.18666666666666668,0.21333333333333335,0,0.04337964145739872,0.19203632773551782
MNIST M=500 (capacity test),mnist,500,784,0.5,49,0.22666666666666666,0.22,0,0.33949952534991185,0.17925173504158626
MNIST M=500 (capacity test),mnist,500,784,0.5,108,0.16,0.18666666666666668,0,0.3718649481795273,0.19562250088066988
MNIST M=500 (capacity test),mnist,500,784,0.5,24,0.17333333333333334,0.19333333333333333,0,0.31883057345620286,0.21072566342324844
MNIST M=500 (capacity test),mnist,500,784,0.5,357,0.18666666666666668,0.19333333333333333,0,-0.11521914389309577,0.16662267882020762
MNIST M=500 (capacity test),mnist,500,784,0.5,258,0.12666666666666668,0.23333333333333334,0,0.3593242246080785,0.38016874882778534
MNIST M=500 (capacity test),mnist,500,784,0.5,141,0.19333333333333333,0.17333333333333334,0,0.34558086599470966,0.13638703524991627
MNIST M=500 (capacity test),mnist,500,784,0.5,17,0.22,0.25333333333333335,0,0.33763237466999746,0.4470622775963234
MNIST M=500 (capacity test),mnist,500,784,0.5,56,0.22666666666666666,0.19333333333333333,0,0.28771451194430914,0.2415620406098155
MNIST M=500 (capacity test),mnist,500,784,0.5,32,0.22666666666666666,0.22,0,0.3050642163673541,0.3068781223047195
MNIST M=500 (capacity test),mnist,500,784,0.5,233,0.18,0.18,0,0.36723086131896127,0.3489043818131332
MNIST M=500 (capacity test),mnist,500,784,0.5,361,0.2,0.25333333333333335,0,0.3450309229671397,0.44594429784634615
MNIST M=500 (capacity test),mnist,500,784,0.5,178,0.23333333333333334,0.22666666666666666,0,0.14480846192865515,0.07215336400864013
MNIST M=500 (capacity test),mnist,500,784,0.5,446,0.20666666666666667,0.18666666666666668,0,0.41906776346087377,0.2884591052711622
MNIST M=500 (capacity test),mnist,500,784,0.6,423,0.22666666666666666,0.22666666666666666,0,0.3564628335020728,0.4948156029035024
MNIST M=500 (capacity test),mnist,500,784,0.6,485,0.2,0.24666666666666667,0,0.36146315071255086,0.23668110828390884
MNIST M=500 (capacity test),mnist,500,784,0.6,0,0.18666666666666668,0.24,0,0.2716233516556015,0.14893163092676515
MNIST M=500 (capacity test),mnist,500,784,0.6,446,0.16666666666666666,0.26,0,0.3632254243413892,0.3104506597389047
MNIST M=500 (capacity test),mnist,500,784,0.6,185,0.18666666666666668,0.2,0,0.013560258847929517,0.1354476962877542
MNIST M=500 (capacity test),mnist,500,784,0.6,67,0.21333333333333335,0.22,0,0.11288936325611075,0.051415078521207344
MNIST M=500 (capacity test),mnist,500,784,0.6,488,0.19333333333333333,0.2,0,0.39179878854330585,0.7253760870622019
MNIST M=500 (capacity test),mnist,500,784,0.6,226,0.2,0.2733333333333333,0,0.3285725270156273,0.8889158578876698
MNIST M=500 (capacity test),mnist,500,784,0.6,372,0.14666666666666667,0.19333333333333333,0,0.445346727041749,0.34895841056931287
MNIST M=500 (capacity test),mnist,500,784,0.6,339,0.22666666666666666,0.22666666666666666,0,0.33996146470312355,0.2679288021113975
MNIST M=500 (capacity test),mnist,500,784,0.6,180,0.22666666666666666,0.18,0,0.2571522531156397,0.4003228602765325
MNIST M=500 (capacity test),mnist,500,784,0.6,176,0.2,0.15333333333333332,0,0.3226938103141879,0.14965578435840646
MNIST M=500 (capacity test),mnist,500,784,0.6,301,0.19333333333333333,0.19333333333333333,0,-0.03814482626216301,0.15441677193677283
MNIST M=500 (capacity test),mnist,500,784,0.6,422,0.17333333333333334,0.17333333333333334,0,0.10730041156303799,0.2474395811081035
MNIST M=500 (capacity test),mnist,500,784,0.6,404,0.22,0.24,0,0.19384223763607136,0.27412941258229084
MNIST M=500 (capacity test),mnist,500,784,0.6,45,0.17333333333333334,0.22,0,0.31021034234503336,0.37899857828883926
MNIST M=500 (capacity test),mnist,500,784,0.6,392,0.28,0.2,0,0.4313411567824619,0.18095096822374185
MNIST M=500 (capacity test),mnist,500,784,0.6,111,0.2,0.23333333333333334,0,0.29671892624765306,0.39235216331463174
MNIST M=500 (capacity test),mnist,500,784,0.6,84,0.23333333333333334,0.23333333333333334,0,0.30857351772683406,0.4875784237397432
MNIST M=500 (capacity test),mnist,500,784,0.6,159,0.22,0.25333333333333335,0,0.18004628881099458,0.2071044300543244
MNIST M=500 (capacity test),mnist,500,784,0.6,253,0.19333333333333333,0.22,0,0.11590313817856969,0.13359305662494605
MNIST M=500 (capacity test),mnist,500,784,0.6,14,0.20666666666666667,0.19333333333333333,0,0.3684265960641193,0.1417146151317172
MNIST M=500 (capacity test),mnist,500,784,0.6,162,0.14,0.26,0,0.25096406809263966,0.12606318663001315
MNIST M=500 (capacity test),mnist,500,784,0.6,41,0.24,0.24,0,0.21421579013190278,0.19098101124470565
MNIST M=500 (capacity test),mnist,500,784,0.6,484,0.11333333333333333,0.16666666666666666,0,0.20525899580764456,0.21731446118999037
MNIST M=500 (capacity test),mnist,500,784,0.6,495,0.21333333333333335,0.23333333333333334,0,0.45842589577756054,0.06464042199799715
MNIST M=500 (capacity test),mnist,500,784,0.6,261,0.13333333333333333,0.18666666666666668,0,0.46783589264470943,0.25008320114730426
MNIST M=500 (capacity test),mnist,500,784,0.6,411,0.22,0.22666666666666666,0,0.26152269827486624,0.3129986848382254
MNIST M=500 (capacity test),mnist,500,784,0.6,431,0.19333333333333333,0.22,0,0.0571842780752238,0.24799806940147903
MNIST M=500 (capacity test),mnist,500,784,0.6,274,0.18666666666666668,0.24,0,0.5082068079628687,0.19891245163669577
MNIST M=500 (capacity test),mnist,500,784,0.6,463,0.18,0.25333333333333335,0,0.22471304234445102,0.2578549821043793
MNIST M=500 (capacity test),mnist,500,784,0.6,257,0.23333333333333334,0.18,0,0.33273091930104964,0.09869840531720608
MNIST M=500 (capacity test),mnist,500,784,0.6,166,0.20666666666666667,0.20666666666666667,0,0.30192541682818436,0.23281615817746265
MNIST M=500 (capacity test),mnist,500,784,0.6,238,0.2,0.21333333333333335,0,0.42392319403035345,0.3993753778016282
MNIST M=500 (capacity test),mnist,500,784,0.6,347,0.22,0.24666666666666667,0,0.4204583748628922,0.1915612789501182
MNIST M=500 (capacity test),mnist,500,784,0.6,252,0.22,0.20666666666666667,0,0.48125396721802527,0.319960284997495
MNIST M=500 (capacity test),mnist,500,784,0.6,5,0.23333333333333334,0.22666666666666666,0,0.49605542694180593,0.1938256616803818
MNIST M=500 (capacity test),mnist,500,784,0.6,259,0.3,0.23333333333333334,0,0.04943152456115005,0.14018729097649704
MNIST M=500 (capacity test),mnist,500,784,0.6,356,0.22,0.18666666666666668,0,0.37710322770289495,0.18570759084743568
MNIST M=500 (capacity test),mnist,500,784,0.6,467,0.24,0.20666666666666667,0,0.40992230374025224,0.202688065134971
MNIST M=500 (capacity test),mnist,500,784,0.8,353,0.16666666666666666,0.18666666666666668,0,0.40422493428867123,0.7272628181432319
MNIST M=500 (capacity test),mnist,500,784,0.8,32,0.24,0.16666666666666666,0,0.16173000638092053,0.23154119452134134
MNIST M=500 (capacity test),mnist,500,784,0.8,184,0.18,0.22666666666666666,0,0.025924800869259457,0.1839036433797047
MNIST M=500 (capacity test),mnist,500,784,0.8,368,0.19333333333333333,0.22,0,0.4571494356879039,0.35122733705205017
MNIST M=500 (capacity test),mnist,500,784,0.8,210,0.18,0.19333333333333333,0,0.4067526790778638,0.304822191654605
MNIST M=500 (capacity test),mnist,500,784,0.8,465,0.23333333333333334,0.19333333333333333,0,0.2810657012032755,0.11481554543286475
MNIST M=500 (capacity test),mnist,500,784,0.8,147,0.19333333333333333,0.22666666666666666,0,0.3684048276272112,0.38219177873668064
MNIST M=500 (capacity test),mnist,500,784,0.8,65,0.16666666666666666,0.15333333333333332,0,0.1524018965241562,0.3163737292805635
MNIST M=500 (capacity test),mnist,500,784,0.8,216,0.26,0.23333333333333334,0,0.3660985307905607,0.24409674840994725
MNIST M=500 (capacity test),mnist,500,784,0.8,372,0.15333333333333332,0.2,0,0.10501943834794958,0.3102015775773857
MNIST M=500 (capacity test),mnist,500,784,0.8,417,0.18666666666666668,0.26,0,0.44897619188830257,0.25030738520846735
MNIST M=500 (capacity test),mnist,500,784,0.8,257,0.16666666666666666,0.18666666666666668,0,0.0782098469481541,0.36282451802468696
MNIST M=500 (capacity test),mnist,500,784,0.8,333,0.1,0.18666666666666668,0,0.4239544790124272,0.45341122164652914
MNIST M=500 (capacity test),mnist,500,784,0.8,317,0.22666666666666666,0.21333333333333335,0,0.4935015458830146,0.12875215326391032
MNIST M=500 (capacity test),mnist,500,784,0.8,444,0.22666666666666666,0.24,0,0.48839092331252126,0.3138871037830733
MNIST M=500 (capacity test),mnist,500,784,0.8,70,0.24,0.21333333333333335,0,0.5290804049346634,0.5847050783537511
MNIST M=500 (capacity test),mnist,500,784,0.8,360,0.16666666666666666,0.25333333333333335,0,0.3364382509580813,0.23755501933308854
MNIST M=500 (capacity test),mnist,500,784,0.8,492,0.18666666666666668,0.2,0,0.2546266617588325,0.8854441201419282
MNIST M=500 (capacity test),mnist,500,784,0.8,271,0.17333333333333334,0.2,0,0.326495161862624,0.2855339393343752
MNIST M=500 (capacity test),mnist,500,784,0.8,84,0.22,0.19333333333333333,0,0.5280977552448328,0.1992865177727214
MNIST M=500 (capacity test),mnist,500,784,0.8,231,0.15333333333333332,0.19333333333333333,0,0.2438985510410566,0.3097757998596332
MNIST M=500 (capacity test),mnist,500,784,0.8,391,0.18666666666666668,0.24,0,0.40636033497154844,0.5412642012185428
MNIST M=500 (capacity test),mnist,500,784,0.8,367,0.21333333333333335,0.25333333333333335,0,0.27107905573961827,0.4664264104780764
MNIST M=500 (capacity test),mnist,500,784,0.8,108,0.19333333333333333,0.2,0,0.5036343182912707,0.18685740783591942
MNIST M=500 (capacity test),mnist,500,784,0.8,282,0.18666666666666668,0.22,0,0.49858836011734203,0.5552082710691478
MNIST M=500 (capacity test),mnist,500,784,0.8,270,0.18,0.18,0,0.5391776734440134,0.351474731984452
MNIST M=500 (capacity test),mnist,500,784,0.8,141,0.2,0.23333333333333334,0,0.29661142543195557,0.37893599478245577
MNIST M=500 (capacity test),mnist,500,784,0.8,125,0.21333333333333335,0.24,0,0.00436213364974225,0.0718136948038387
MNIST M=500 (capacity test),mnist,500,784,0.8,69,0.2733333333333333,0.22,0,0.43241873144080506,0.14364517882164088
MNIST M=500 (capacity test),mnist,500,784,0.8,259,0.26,0.22,0,0.534718320676712,0.6811647829611565
MNIST M=500 (capacity test),mnist,500,784,0.8,121,0.16666666666666666,0.2,0,0.40341150685349214,0.27272173483336354
MNIST M=500 (capacity test),mnist,500,784,0.8,329,0.26,0.2,0,0.40415151273330513,0.16303739758816246
MNIST M=500 (capacity test),mnist,500,784,0.8,232,0.22666666666666666,0.18,0,0.33516164338717824,0.2278878779775441
MNIST M=500 (capacity test),mnist,500,784,0.8,389,0.18666666666666668,0.22666666666666666,0,0.43045395438647666,0.3507320787474814
MNIST M=500 (capacity test),mnist,500,784,0.8,387,0.15333333333333332,0.21333333333333335,0,0.029847905260647133,0.2551565512812638
MNIST M=500 (capacity test),mnist,500,784,0.8,234,0.22666666666666666,0.21333333333333335,0,0.10225696915302952,0.10127886816714156
MNIST M=500 (capacity test),mnist,500,784,0.8,101,0.16666666666666666,0.15333333333333332,0,0.21715101151437274,0.25653460811672646
MNIST M=500 (capacity test),mnist,500,784,0.8,207,0.22,0.21333333333333335,0,0.337036411669602,0.39614514642441206
MNIST M=500 (capacity test),mnist,500,784,0.8,425,0.20666666666666667,0.21333333333333335,0,0.5430370399045508,0.39557554836855807
MNIST M=500 (capacity test),mnist,500,784,0.8,190,0.20666666666666667,0.22,0,0.03672821094199267,0.1409220998375821
MNIST M=500 (capacity test),mnist,500,784,1.0,387,0.18666666666666668,0.19333333333333333,0,0.17198782294018836,0.18483281945769
MNIST M=500 (capacity test),mnist,500,784,1.0,36,0.24,0.26666666666666666,0,0.4382574029552769,0.3247843595781013
MNIST M=500 (capacity test),mnist,500,784,1.0,494,0.21333333333333335,0.26,0,0.25286298406412155,0.190588785698787
MNIST M=500 (capacity test),mnist,500,784,1.0,95,0.14666666666666667,0.15333333333333332,0,0.1288518128924771,0.31513128888857705
MNIST M=500 (capacity test),mnist,500,784,1.0,320,0.16666666666666666,0.18,0,0.31424949323411566,0.24352847531070293
MNIST M=500 (capacity test),mnist,500,784,1.0,147,0.16,0.17333333333333334,0,0.37060005357095943,0.37423298696349083
MNIST M=500 (capacity test),mnist,500,784,1.0,74,0.19333333333333333,0.17333333333333334,0,0.017449497320067637,0.11403203696910946
MNIST M=500 (capacity test),mnist,500,784,1.0,121,0.20666666666666667,0.23333333333333334,0,0.5054750641379846,0.24449705882837652
MNIST M=500 (capacity test),mnist,500,784,1.0,346,0.20666666666666667,0.18666666666666668,0,0.32148696711261737,0.25641883405694965
MNIST M=500 (capacity test),mnist,500,784,1.0,418,0.20666666666666667,0.23333333333333334,0,0.7083546466023896,0.20345229460928113
MNIST M=500 (capacity test),mnist,500,784,1.0,222,0.19333333333333333,0.18666666666666668,0,0.4465664674662784,0.4708632779354615
MNIST M=500 (capacity test),mnist,500,784,1.0,47,0.15333333333333332,0.21333333333333335,0,0.36559208604673393,0.38607777514206554
MNIST M=500 (capacity test),mnist,500,784,1.0,468,0.16,0.16666666666666666,0,0.39120903741927454,0.08549358712693628
MNIST M=500 (capacity test),mnist,500,784,1.0,105,0.18666666666666668,0.23333333333333334,0,0.2512684939332531,0.09668526349248087
MNIST M=500 (capacity test),mnist,500,784,1.0,58,0.21333333333333335,0.28,0,0.06918431369104806,0.2801361806586126
MNIST M=500 (capacity test),mnist,500,784,1.0,335,0.15333333333333332,0.21333333333333335,0,0.1556621133238843,0.07103424346008089
MNIST M=500 (capacity test),mnist,500,784,1.0,400,0.19333333333333333,0.19333333333333333,0,0.3179433813283784,0.12425829833675953
MNIST M=500 (capacity test),mnist,500,784,1.0,254,0.12,0.16666666666666666,0,0.3335226189178186,0.11585256503302374
MNIST M=500 (capacity test),mnist,500,784,1.0,233,0.26666666666666666,0.25333333333333335,0,0.44084718220620195,0.31491366615891997
MNIST M=500 (capacity test),mnist,500,784,1.0,241,0.2866666666666667,0.2,0,0.4895195470239739,0.8340457736633177
MNIST M=500 (capacity test),mnist,500,784,1.0,265,0.25333333333333335,0.22,0,0.05687768612075139,0.18959717213040014
MNIST M=500 (capacity test),mnist,500,784,1.0,255,0.20666666666666667,0.22,0,0.04701340616687379,0.12304139535866117
MNIST M=500 (capacity test),mnist,500,784,1.0,436,0.20666666666666667,0.22666666666666666,0,0.18649112242293614,0.303489874720302
MNIST M=500 (capacity test),mnist,500,784,1.0,121,0.19333333333333333,0.19333333333333333,0,0.06916732825250531,0.28840995912006456
MNIST M=500 (capacity test),mnist,500,784,1.0,395,0.21333333333333335,0.18,0,0.507609651897269,0.15086261280854754
MNIST M=500 (capacity test),mnist,500,784,1.0,356,0.22,0.15333333333333332,0,0.17066074551420995,0.24880771664383866
MNIST M=500 (capacity test),mnist,500,784,1.0,417,0.16,0.24,0,0.5209654924745941,0.19535333259485863
MNIST M=500 (capacity test),mnist,500,784,1.0,471,0.08,0.17333333333333334,0,0.4664116790573777,-0.004712495080292736
MNIST M=500 (capacity test),mnist,500,784,1.0,297,0.17333333333333334,0.20666666666666667,0,0.399233340844959,0.3664033530558293
MNIST M=500 (capacity test),mnist,500,784,1.0,344,0.17333333333333334,0.18666666666666668,0,0.29083275902836836,0.3378379020180016
MNIST M=500 (capacity test),mnist,500,784,1.0,376,0.18666666666666668,0.21333333333333335,0,0.22774288466523793,0.9048460321889791
MNIST M=500 (capacity test),mnist,500,784,1.0,402,0.24,0.21333333333333335,0,-0.12933131733719852,0.23434531871503012
MNIST M=500 (capacity test),mnist,500,784,1.0,52,0.19333333333333333,0.2,0,0.566166198777263,0.40842563878423105
MNIST M=500 (capacity test),mnist,500,784,1.0,18,0.14,0.22,0,0.37513355139464594,0.4030191271985519
MNIST M=500 (capacity test),mnist,500,784,1.0,169,0.15333333333333332,0.23333333333333334,0,0.2980772094103464,0.19499114749621632
MNIST M=500 (capacity test),mnist,500,784,1.0,218,0.18,0.20666666666666667,0,-0.13827018152759177,0.10200840154110112
MNIST M=500 (capacity test),mnist,500,784,1.0,254,0.16,0.26666666666666666,0,0.13775352439504265,0.20508386523457373
MNIST M=500 (capacity test),mnist,500,784,1.0,461,0.24666666666666667,0.25333333333333335,0,0.05052105370248879,0.09127267605421453
MNIST M=500 (capacity test),mnist,500,784,1.0,337,0.17333333333333334,0.19333333333333333,0,0.6232883920119744,0.6211585054223082
MNIST M=500 (capacity test),mnist,500,784,1.0,86,0.18,0.19333333333333333,0,0.43092396928711485,0.5959286769800988
MNIST M=800 (capacity test),mnist,800,784,0.0,704,0.8866666666666667,1.0,1,0.8014622329114515,0.9999999999433523
MNIST M=800 (capacity test),mnist,800,784,0.0,721,0.9066666666666666,1.0,1,0.8721349790656348,0.9999999999455956
MNIST M=800 (capacity test),mnist,800,784,0.0,497,0.88,1.0,1,0.7093161295754228,0.9999999999339982
MNIST M=800 (capacity test),mnist,800,784,0.0,787,0.9533333333333334,1.0,1,0.8640109438385924,0.9999999999579053
MNIST M=800 (capacity test),mnist,800,784,0.0,507,0.98,1.0,1,0.9335458826798242,0.9999999999001297
MNIST M=800 (capacity test),mnist,800,784,0.0,463,1.0,1.0,1,0.999999999947003,0.999999999947003
MNIST M=800 (capacity test),mnist,800,784,0.0,200,0.9666666666666667,1.0,1,0.9393668220391586,0.999999999963152
MNIST M=800 (capacity test),mnist,800,784,0.0,764,0.92,1.0,1,0.6914374129881086,0.9999999999153436
MNIST M=800 (capacity test),mnist,800,784,0.0,464,0.9733333333333334,1.0,1,0.8455103147214957,0.9999999999413599
MNIST M=800 (capacity test),mnist,800,784,0.0,345,0.9666666666666667,1.0,1,0.9302855523512139,0.9999999999625601
MNIST M=800 (capacity test),mnist,800,784,0.0,203,0.7866666666666666,1.0,1,0.575684819132544,0.9999999999236541
MNIST M=800 (capacity test),mnist,800,784,0.0,173,0.9466666666666667,1.0,1,0.8661184508548085,0.9999999999166634
MNIST M=800 (capacity test),mnist,800,784,0.0,91,1.0,1.0,1,0.9999999999782121,0.9999999999782121
MNIST M=800 (capacity test),mnist,800,784,0.0,451,0.9933333333333333,1.0,1,0.980859876059792,0.9999999999502086
MNIST M=800 (capacity test),mnist,800,784,0.0,125,0.8266666666666667,1.0,1,0.6049710742780452,0.9999999998936842
MNIST M=800 (capacity test),mnist,800,784,0.0,417,0.78,1.0,1,0.6710187459346628,0.9999999999656605
MNIST M=800 (capacity test),mnist,800,784,0.0,578,0.9933333333333333,1.0,1,0.9900018752712415,0.9999999999753995
MNIST M=800 (capacity test),mnist,800,784,0.0,751,0.9866666666666667,1.0,1,0.9561104544617874,0.9999999999510139
MNIST M=800 (capacity test),mnist,800,784,0.0,160,0.9333333333333333,1.0,1,0.7809609664347624,0.9999999999415761
MNIST M=800 (capacity test),mnist,800,784,0.0,524,1.0,1.0,1,0.9999999999440629,0.9999999999440629
MNIST M=800 (capacity test),mnist,800,784,0.0,483,0.9533333333333334,1.0,1,0.8503126194148939,0.9999999999730007
MNIST M=800 (capacity test),mnist,800,784,0.0,592,0.96,1.0,1,0.8245456841377766,0.9999999997529821
MNIST M=800 (capacity test),mnist,800,784,0.0,336,0.9533333333333334,1.0,1,0.9048213392845704,0.9999999999528423
MNIST M=800 (capacity test),mnist,800,784,0.0,386,1.0,1.0,1,0.9999999999464136,0.9999999999464136
MNIST M=800 (capacity test),mnist,800,784,0.0,613,1.0,1.0,1,0.9999999999703821,0.9999999999703821
MNIST M=800 (capacity test),mnist,800,784,0.0,405,1.0,1.0,1,0.9999999999389809,0.9999999999389809
MNIST M=800 (capacity test),mnist,800,784,0.0,553,1.0,1.0,1,0.9999999999764525,0.9999999999764525
MNIST M=800 (capacity test),mnist,800,784,0.0,552,0.8466666666666667,1.0,1,0.7760654949560569,0.9999999999568303
MNIST M=800 (capacity test),mnist,800,784,0.0,548,0.94,1.0,1,0.7870396040229042,0.9999999999286872
MNIST M=800 (capacity test),mnist,800,784,0.0,81,0.8066666666666666,1.0,1,0.5762784827512124,0.9999999999056076
MNIST M=800 (capacity test),mnist,800,784,0.0,752,0.7133333333333334,1.0,1,0.6258901137306353,0.9999999999012867
MNIST M=800 (capacity test),mnist,800,784,0.0,43,0.76,1.0,1,0.592748902325309,0.9999999999187805
MNIST M=800 (capacity test),mnist,800,784,0.0,595,0.7666666666666667,1.0,1,0.7154191519522249,0.9999999998654541
MNIST M=800 (capacity test),mnist,800,784,0.0,667,0.9933333333333333,1.0,1,0.9843685557960685,0.9999999999601034
MNIST M=800 (capacity test),mnist,800,784,0.0,515,1.0,1.0,1,0.9999999999053071,0.9999999999053071
MNIST M=800 (capacity test),mnist,800,784,0.0,748,0.9866666666666667,1.0,1,0.9736856607569251,0.9999999999610321
MNIST M=800 (capacity test),mnist,800,784,0.0,598,0.98,1.0,1,0.9446629275134588,0.9999999999463748
MNIST M=800 (capacity test),mnist,800,784,0.0,254,1.0,1.0,1,0.999999999935028,0.999999999935028
MNIST M=800 (capacity test),mnist,800,784,0.0,179,0.9733333333333334,1.0,1,0.9158931432517131,0.999999999932206
MNIST M=800 (capacity test),mnist,800,784,0.0,214,0.9933333333333333,1.0,1,0.9815031161196989,0.9999999999458896
MNIST M=800 (capacity test),mnist,800,784,0.1,335,0.22,0.22,0,0.4439782618277033,0.42210595917290655
MNIST M=800 (capacity test),mnist,800,784,0.1,777,0.2,0.25333333333333335,0,0.4856229036536262,0.2768101964874055
MNIST M=800 (capacity test),mnist,800,784,0.1,783,0.18666666666666668,0.20666666666666667,0,0.3623271337906688,0.129168217031064
MNIST M=800 (capacity test),mnist,800,784,0.1,708,0.3,0.22666666666666666,0,0.19477281634131757,0.37348655043513534
MNIST M=800 (capacity test),mnist,800,784,0.1,356,0.25333333333333335,0.2,0,-0.08356177204789508,0.5113223895317379
MNIST M=800 (capacity test),mnist,800,784,0.1,321,0.2733333333333333,0.22,0,0.03585712108980673,0.18658096400076365
MNIST M=800 (capacity test),mnist,800,784,0.1,253,0.21333333333333335,0.19333333333333333,0,0.041348295426106706,0.330566218018609
MNIST M=800 (capacity test),mnist,800,784,0.1,310,0.2866666666666667,0.23333333333333334,0,0.4586388255727434,0.30630510685042783
MNIST M=800 (capacity test),mnist,800,784,0.1,261,0.25333333333333335,0.24,0,0.12777842255364888,0.34519288294666856
MNIST M=800 (capacity test),mnist,800,784,0.1,543,0.26,0.20666666666666667,0,0.4556930255697287,0.2283131252650975
MNIST M=800 (capacity test),mnist,800,784,0.1,114,0.23333333333333334,0.20666666666666667,0,0.20268531221281036,0.22725342780776359
MNIST M=800 (capacity test),mnist,800,784,0.1,374,0.21333333333333335,0.28,0,0.16858472480807762,0.33336844331178245
MNIST M=800 (capacity test),mnist,800,784,0.1,412,0.25333333333333335,0.24,0,-0.28910543417040585,0.5313535172479128
MNIST M=800 (capacity test),mnist,800,784,0.1,619,0.21333333333333335,0.20666666666666667,0,0.16153230034746807,0.5881343740403329
MNIST M=800 (capacity test),mnist,800,784,0.1,523,0.20666666666666667,0.22,0,0.21868335547988282,0.25736617627228325
MNIST M=800 (capacity test),mnist,800,784,0.1,365,0.22,0.21333333333333335,0,0.2984831980719877,0.3170000106651526
MNIST M=800 (capacity test),mnist,800,784,0.1,97,0.25333333333333335,0.16,0,0.05797982762703617,0.283881642348508
MNIST M=800 (capacity test),mnist,800,784,0.1,157,0.22,0.18666666666666668,0,-0.06056428231599645,0.5118707776084458
MNIST M=800 (capacity test),mnist,800,784,0.1,532,0.24666666666666667,0.18,0,0.33070106689831563,0.43000690158436455
MNIST M=800 (capacity test),mnist,800,784,0.1,347,0.17333333333333334,0.23333333333333334,0,0.3839087872241973,0.34819055923620074
MNIST M=800 (capacity test),mnist,800,784,0.1,293,0.22666666666666666,0.21333333333333335,0,0.41127034131289336,0.3506159180866879
MNIST M=800 (capacity test),mnist,800,784,0.1,336,0.17333333333333334,0.26,0,0.06019252057063893,0.14732526168046892
MNIST M=800 (capacity test),mnist,800,784,0.1,672,0.22,0.16666666666666666,0,0.02103090808639041,0.3506762292428598
MNIST M=800 (capacity test),mnist,800,784,0.1,545,0.22,0.18,0,0.3285252288287492,0.2480630194466312
MNIST M=800 (capacity test),mnist,800,784,0.1,536,0.26,0.28,0,0.026533994775590736,0.17827878702196504
MNIST M=800 (capacity test),mnist,800,784,0.1,73,0.20666666666666667,0.18,0,0.04624191856298036,0.663559534305835
MNIST M=800 (capacity test),mnist,800,784,0.1,455,0.34,1.0,1,-0.12890020711847675,0.999999999942807
MNIST M=800 (capacity test),mnist,800,784,0.1,249,0.22,0.18,0,0.48528312691148956,0.1669990126589534
MNIST M=800 (capacity test),mnist,800,784,0.1,68,0.2,0.16666666666666666,0,0.3235548809349947,0.1009319022397521
MNIST M=800 (capacity test),mnist,800,784,0.1,562,0.2866666666666667,0.28,0,0.20225922261782425,0.17080862732080845
MNIST M=800 (capacity test),mnist,800,784,0.1,11,0.22,0.23333333333333334,0,0.22839502046132854,0.31992011853859653
MNIST M=800 (capacity test),mnist,800,784,0.1,230,0.2,0.2,0,0.37193768860307574,0.1481729745938548
MNIST M=800 (capacity test),mnist,800,784,0.1,110,0.18666666666666668,0.16666666666666666,0,-0.05461639557676255,0.2867197954860051
MNIST M=800 (capacity test),mnist,800,784,0.1,325,0.19333333333333333,0.22666666666666666,0,-0.02140623907556699,0.4833602275445806
MNIST M=800 (capacity test),mnist,800,784,0.1,237,0.17333333333333334,0.16666666666666666,0,0.29138491699978664,0.5097281204507412
MNIST M=800 (capacity test),mnist,800,784,0.1,156,0.20666666666666667,0.23333333333333334,0,0.2060367383703841,0.13474145824635123
MNIST M=800 (capacity test),mnist,800,784,0.1,531,0.15333333333333332,0.18,0,0.5752734955680078,0.3110897940364535
MNIST M=800 (capacity test),mnist,800,784,0.1,656,0.26,0.21333333333333335,0,0.3624997056846993,0.4981949978321121
MNIST M=800 (capacity test),mnist,800,784,0.1,511,0.21333333333333335,0.16,0,0.22227666849397804,0.43781687784951545
MNIST M=800 (capacity test),mnist,800,784,0.1,501,0.18,0.22,0,0.6132385797607003,0.1389827122332813
MNIST M=800 (capacity test),mnist,800,784,0.2,709,0.21333333333333335,0.19333333333333333,0,0.025406125120651095,0.25557729325981493
MNIST M=800 (capacity test),mnist,800,784,0.2,769,0.2,0.24,0,0.06905181961561101,0.3152480270401226
MNIST M=800 (capacity test),mnist,800,784,0.2,739,0.2,0.14666666666666667,0,0.23397912491279535,0.3722234714422031
MNIST M=800 (capacity test),mnist,800,784,0.2,239,0.17333333333333334,0.26666666666666666,0,0.6040794975030107,0.25393550508033674
MNIST M=800 (capacity test),mnist,800,784,0.2,431,0.22666666666666666,0.24,0,0.2329181448803311,0.19889117297733694
MNIST M=800 (capacity test),mnist,800,784,0.2,617,0.22,0.21333333333333335,0,0.38521405390791175,0.3233071368871135
MNIST M=800 (capacity test),mnist,800,784,0.2,731,0.22666666666666666,0.26,0,0.0031408797882500343,0.07518735692476375
MNIST M=800 (capacity test),mnist,800,784,0.2,99,0.22,0.16,0,0.35344396295342173,0.21453019459838663
MNIST M=800 (capacity test),mnist,800,784,0.2,697,0.14,0.20666666666666667,0,0.24351621402491905,0.25251842539925395
MNIST M=800 (capacity test),mnist,800,784,0.2,183,0.18666666666666668,0.22666666666666666,0,0.4998227566168063,0.32539698308561776
MNIST M=800 (capacity test),mnist,800,784,0.2,170,0.24666666666666667,0.2,0,0.457082588962975,0.3488037666262464
MNIST M=800 (capacity test),mnist,800,784,0.2,226,0.25333333333333335,0.19333333333333333,0,0.5688994593463097,0.28044690167997205
MNIST M=800 (capacity test),mnist,800,784,0.2,430,0.2,0.2733333333333333,0,0.1630558599514411,0.6912775993389496
MNIST M=800 (capacity test),mnist,800,784,0.2,280,0.2,0.24666666666666667,0,0.43028648183027907,0.5052553169740053
MNIST M=800 (capacity test),mnist,800,784,0.2,28,0.20666666666666667,0.25333333333333335,0,0.16740915017882815,0.34588693581137514
MNIST M=800 (capacity test),mnist,800,784,0.2,384,0.23333333333333334,0.21333333333333335,0,0.01539854413801149,0.37676989422346735
MNIST M=800 (capacity test),mnist,800,784,0.2,7,0.18,0.25333333333333335,0,0.15228490854932616,0.3632062654023835
MNIST M=800 (capacity test),mnist,800,784,0.2,632,0.18,0.20666666666666667,0,0.18532652885075274,0.2611356788113347
MNIST M=800 (capacity test),mnist,800,784,0.2,614,0.18,0.2,0,-0.03223212225386693,0.11172126088664733
MNIST M=800 (capacity test),mnist,800,784,0.2,11,0.18666666666666668,0.16666666666666666,0,0.42006122977441435,0.4943230599882865
MNIST M=800 (capacity test),mnist,800,784,0.2,183,0.22,0.26666666666666666,0,-0.14038139634369826,0.2042423242691233
MNIST M=800 (capacity test),mnist,800,784,0.2,245,0.17333333333333334,0.19333333333333333,0,-0.009684756447637078,0.3542510143744043
MNIST M=800 (capacity test),mnist,800,784,0.2,720,0.26,0.22666666666666666,0,0.2123242406470916,0.2356011860079512
MNIST M=800 (capacity test),mnist,800,784,0.2,495,0.20666666666666667,0.14666666666666667,0,0.28236534156873166,0.5687034054252456
MNIST M=800 (capacity test),mnist,800,784,0.2,676,0.16666666666666666,0.16666666666666666,0,0.2801542896754686,0.30607775632493367
MNIST M=800 (capacity test),mnist,800,784,0.2,751,0.2866666666666667,0.23333333333333334,0,0.15494036648997583,0.3224003241002101
MNIST M=800 (capacity test),mnist,800,784,0.2,245,0.22,0.19333333333333333,0,0.2311196906374497,0.011564502043112605
MNIST M=800 (capacity test),mnist,800,784,0.2,17,0.21333333333333335,0.22,0,0.2603993203633475,0.18213698478034507
MNIST M=800 (capacity test),mnist,800,784,0.2,692,0.22666666666666666,0.26,0,0.2554143352630097,0.20552886815593824
MNIST M=800 (capacity test),mnist,800,784,0.2,730,0.22,0.16666666666666666,0,0.10792996366136623,0.3264480779728299
MNIST M=800 (capacity test),mnist,800,784,0.2,490,0.25333333333333335,0.21333333333333335,0,0.24226518263333932,0.2625329886805955
MNIST M=800 (capacity test),mnist,800,784,0.2,130,0.20666666666666667,0.23333333333333334,0,0.287083233052158,0.2909287921890688
MNIST M=800 (capacity test),mnist,800,784,0.2,164,0.19333333333333333,0.21333333333333335,0,0.16237575410694366,0.261801309569491
MNIST M=800 (capacity test),mnist,800,784,0.2,799,0.16,0.21333333333333335,0,0.18371210055091597,0.23928949416808268
MNIST M=800 (capacity test),mnist,800,784,0.2,730,0.20666666666666667,0.19333333333333333,0,0.1438467475643949,0.2773696058320437
MNIST M=800 (capacity test),mnist,800,784,0.2,231,0.19333333333333333,0.24666666666666667,0,0.19322399564629017,0.18497430677665214
MNIST M=800 (capacity test),mnist,800,784,0.2,551,0.17333333333333334,0.22666666666666666,0,0.18672625639483525,0.15396254887722577
MNIST M=800 (capacity test),mnist,800,784,0.2,57,0.18,0.16666666666666666,0,-0.06352058192957014,0.2830026966920188
MNIST M=800 (capacity test),mnist,800,784,0.2,377,0.26666666666666666,0.23333333333333334,0,0.08311721460433245,0.34571325612097575
MNIST M=800 (capacity test),mnist,800,784,0.2,609,0.17333333333333334,0.20666666666666667,0,0.0776477989880672,0.23222711249356792
MNIST M=800 (capacity test),mnist,800,784,0.3,365,0.18666666666666668,0.25333333333333335,0,0.07791620538037308,0.1694294015251272
MNIST M=800 (capacity test),mnist,800,784,0.3,358,0.19333333333333333,0.2,0,0.1653428806752183,0.18792966910866907
MNIST M=800 (capacity test),mnist,800,784,0.3,102,0.19333333333333333,0.24666666666666667,0,0.14236553934563617,0.2995622902803326
MNIST M=800 (capacity test),mnist,800,784,0.3,642,0.22,0.15333333333333332,0,0.32572147453796946,0.2898583532715494
MNIST M=800 (capacity test),mnist,800,784,0.3,735,0.14666666666666667,0.22666666666666666,0,-0.15600377200032522,0.5089500467162628
MNIST M=800 (capacity test),mnist,800,784,0.3,103,0.18666666666666668,0.32,0,0.01620889135073256,0.3063318326732417
MNIST M=800 (capacity test),mnist,800,784,0.3,626,0.19333333333333333,0.18,0,0.17630546622931784,0.45115877661150333
MNIST M=800 (capacity test),mnist,800,784,0.3,595,0.22,0.2733333333333333,0,0.01363383667687167,0.32726344352400655
MNIST M=800 (capacity test),mnist,800,784,0.3,180,0.16666666666666666,0.21333333333333335,0,0.10625565048604145,0.16596129775270796
MNIST M=800 (capacity test),mnist,800,784,0.3,176,0.17333333333333334,0.22666666666666666,0,0.1388705648436561,0.24832770715167898
MNIST M=800 (capacity test),mnist,800,784,0.3,217,0.17333333333333334,0.23333333333333334,0,-0.019697865581333636,0.42822943411091613
MNIST M=800 (capacity test),mnist,800,784,0.3,254,0.2733333333333333,0.24,0,0.20181460035912654,0.28632015380740855
MNIST M=800 (capacity test),mnist,800,784,0.3,671,0.14,0.1,0,0.19372280420305985,0.09557160916968387
MNIST M=800 (capacity test),mnist,800,784,0.3,584,0.19333333333333333,0.21333333333333335,0,0.32587824163763995,0.03372548633703402
MNIST M=800 (capacity test),mnist,800,784,0.3,273,0.24,0.22,0,0.0008723951377404684,0.2977698748456682
MNIST M=800 (capacity test),mnist,800,784,0.3,597,0.22,0.21333333333333335,0,0.35345663028555546,0.23798946107227392
MNIST M=800 (capacity test),mnist,800,784,0.3,361,0.16666666666666666,0.24,0,0.2527983088480615,0.14693820810038477
MNIST M=800 (capacity test),mnist,800,784,0.3,662,0.21333333333333335,0.2,0,0.3434750381405655,0.4089340256699431
MNIST M=800 (capacity test),mnist,800,784,0.3,682,0.22666666666666666,0.22666666666666666,0,0.38843054695265156,0.4898486881810005
MNIST M=800 (capacity test),mnist,800,784,0.3,177,0.21333333333333335,0.21333333333333335,0,0.403112370996706,0.3344280451031231
MNIST M=800 (capacity test),mnist,800,784,0.3,707,0.19333333333333333,0.17333333333333334,0,0.17435413729071278,0.049003084693741726
MNIST M=800 (capacity test),mnist,800,784,0.3,789,0.18666666666666668,0.16666666666666666,0,0.09620893217564819,0.09069267689341884
MNIST M=800 (capacity test),mnist,800,784,0.3,533,0.23333333333333334,0.26,0,0.3442275762781527,0.45261495845343286
MNIST M=800 (capacity test),mnist,800,784,0.3,515,0.26666666666666666,0.16666666666666666,0,0.33398225731647885,0.1895615176514254
MNIST M=800 (capacity test),mnist,800,784,0.3,176,0.14666666666666667,0.22666666666666666,0,-0.09194801213782962,0.24832770715167898
MNIST M=800 (capacity test),mnist,800,784,0.3,627,0.22666666666666666,0.22666666666666666,0,0.2564849845656856,0.5542896935169436
MNIST M=800 (capacity test),mnist,800,784,0.3,318,0.18,0.23333333333333334,0,0.19709582266201492,0.3861415705419865
MNIST M=800 (capacity test),mnist,800,784,0.3,139,0.2,0.20666666666666667,0,-0.04780145052633938,0.32511219493344695
MNIST M=800 (capacity test),mnist,800,784,0.3,349,0.22,0.22,0,0.32159176518689825,0.2757260961315358
MNIST M=800 (capacity test),mnist,800,784,0.3,511,0.23333333333333334,0.24666666666666667,0,0.34532071486175503,0.5721031728652128
MNIST M=800 (capacity test),mnist,800,784,0.3,126,0.24,0.2,0,0.16355649047360601,0.2975754347235858
MNIST M=800 (capacity test),mnist,800,784,0.3,58,0.17333333333333334,0.18666666666666668,0,0.36676371184739176,0.17597741249830154
MNIST M=800 (capacity test),mnist,800,784,0.3,672,0.19333333333333333,0.22666666666666666,0,0.36893238020275204,0.3520892719055235
MNIST M=800 (capacity test),mnist,800,784,0.3,532,0.20666666666666667,0.18,0,0.11615972562841136,0.43000690158436455
MNIST M=800 (capacity test),mnist,800,784,0.3,102,0.21333333333333335,0.24666666666666667,0,0.20517640160279163,0.2995622902803326
MNIST M=800 (capacity test),mnist,800,784,0.3,776,0.22,0.24,0,0.3991766946346367,0.25569931519946637
MNIST M=800 (capacity test),mnist,800,784,0.3,5,0.26,0.24666666666666667,0,0.2656890483289518,0.1182341236531225
MNIST M=800 (capacity test),mnist,800,784,0.3,519,0.17333333333333334,0.24,0,0.052700472448415484,0.5084057022676246
MNIST M=800 (capacity test),mnist,800,784,0.3,259,0.16666666666666666,0.15333333333333332,0,0.01650249937753911,0.34583126732430136
MNIST M=800 (capacity test),mnist,800,784,0.3,230,0.2,0.22666666666666666,0,0.2167705859910815,0.09777432943366482
MNIST M=800 (capacity test),mnist,800,784,0.4,356,0.14666666666666667,0.17333333333333334,0,0.2637010640882469,0.48517925717531596
MNIST M=800 (capacity test),mnist,800,784,0.4,521,0.22666666666666666,0.20666666666666667,0,-0.3467469260588983,0.2905450131410314
MNIST M=800 (capacity test),mnist,800,784,0.4,551,0.14666666666666667,0.2,0,0.4073759934192521,0.33545346874896903
MNIST M=800 (capacity test),mnist,800,784,0.4,325,0.17333333333333334,0.14,0,0.05239418452306413,0.21106323732116453
MNIST M=800 (capacity test),mnist,800,784,0.4,34,0.21333333333333335,0.22,0,0.1975576621337673,0.11940205743783101
MNIST M=800 (capacity test),mnist,800,784,0.4,99,0.14,0.16,0,0.3471545002099745,0.2188703311011623
MNIST M=800 (capacity test),mnist,800,784,0.4,306,0.18666666666666668,0.18666666666666668,0,0.3680164075007056,0.37262708039452325
MNIST M=800 (capacity test),mnist,800,784,0.4,351,0.18,0.18,0,0.37769926299894085,0.34431530028251844
MNIST M=800 (capacity test),mnist,800,784,0.4,150,0.17333333333333334,0.15333333333333332,0,0.17194298180173598,0.36997825879555024
MNIST M=800 (capacity test),mnist,800,784,0.4,7,0.18,0.25333333333333335,0,0.43526782376338735,0.3632062654023835
MNIST M=800 (capacity test),mnist,800,784,0.4,334,0.17333333333333334,0.24,0,0.22475158222443034,0.362957839066059
MNIST M=800 (capacity test),mnist,800,784,0.4,23,0.21333333333333335,0.2866666666666667,0,0.2946651983244216,0.38684340571727244
MNIST M=800 (capacity test),mnist,800,784,0.4,354,0.2,0.18666666666666668,0,0.021746687824972532,0.4624840438861111
MNIST M=800 (capacity test),mnist,800,784,0.4,516,0.14,0.20666666666666667,0,0.2020949813369178,0.19146136988373286
MNIST M=800 (capacity test),mnist,800,784,0.4,408,0.22666666666666666,0.22,0,0.34269165225209935,0.3387620999392742
MNIST M=800 (capacity test),mnist,800,784,0.4,61,0.26,0.25333333333333335,0,0.45053759033117885,0.11338121676740798
MNIST M=800 (capacity test),mnist,800,784,0.4,384,0.18,0.21333333333333335,0,0.243583731906948,0.37676989422346735
MNIST M=800 (capacity test),mnist,800,784,0.4,708,0.14,0.16,0,0.20109197851587776,0.3067094377641971
MNIST M=800 (capacity test),mnist,800,784,0.4,458,0.17333333333333334,0.23333333333333334,0,0.11336303055872018,0.19921052997959232
MNIST M=800 (capacity test),mnist,800,784,0.4,416,0.16,0.22,0,0.15810199469571704,0.3412738272014888
MNIST M=800 (capacity test),mnist,800,784,0.4,771,0.14666666666666667,0.16,0,0.36049707016051447,0.22059287518933476
MNIST M=800 (capacity test),mnist,800,784,0.4,211,0.23333333333333334,0.24,0,0.3067938897445723,0.36846343738299747
MNIST M=800 (capacity test),mnist,800,784,0.4,626,0.20666666666666667,0.22,0,0.10231011505144041,0.1379895653575378
MNIST M=800 (capacity test),mnist,800,784,0.4,486,0.22,0.18,0,0.3776507207659353,0.3160066914854966
MNIST M=800 (capacity test),mnist,800,784,0.4,797,0.21333333333333335,0.23333333333333334,0,0.1063088732895472,0.509399964599042
MNIST M=800 (capacity test),mnist,800,784,0.4,372,0.19333333333333333,0.18666666666666668,0,-0.05802394180967498,0.020201085707098655
MNIST M=800 (capacity test),mnist,800,784,0.4,696,0.23333333333333334,0.20666666666666667,0,0.6135245021174245,0.5849750936905269
MNIST M=800 (capacity test),mnist,800,784,0.4,13,0.18,0.15333333333333332,0,0.1337760924874917,0.16647957649919648
MNIST M=800 (capacity test),mnist,800,784,0.4,709,0.2,0.22666666666666666,0,0.1711995374330158,0.3698361840714813
MNIST M=800 (capacity test),mnist,800,784,0.4,667,0.19333333333333333,0.17333333333333334,0,0.23482660251428922,0.17283529740324755
MNIST M=800 (capacity test),mnist,800,784,0.4,274,0.2,0.2,0,0.3594402248592584,0.27714044546363586
MNIST M=800 (capacity test),mnist,800,784,0.4,735,0.19333333333333333,0.21333333333333335,0,0.36971640154040075,0.43846684227237953
MNIST M=800 (capacity test),mnist,800,784,0.4,372,0.16,0.24666666666666667,0,0.025256719120562585,0.572867557118443
MNIST M=800 (capacity test),mnist,800,784,0.4,66,0.26666666666666666,0.23333333333333334,0,0.31740235481577195,0.49119712680867494
MNIST M=800 (capacity test),mnist,800,784,0.4,29,0.19333333333333333,0.22666666666666666,0,0.3350990082165854,0.3109089692379637
MNIST M=800 (capacity test),mnist,800,784,0.4,400,0.16,0.2,0,-0.0012336825338010197,0.371839669274388
MNIST M=800 (capacity test),mnist,800,784,0.4,312,0.23333333333333334,0.24666666666666667,0,0.3280142936934156,0.24688439163252796
MNIST M=800 (capacity test),mnist,800,784,0.4,104,0.21333333333333335,0.22,0,0.23384389027893843,0.1908714811877011
MNIST M=800 (capacity test),mnist,800,784,0.4,747,0.18666666666666668,0.20666666666666667,0,0.23869121074615776,0.37050310276825416
MNIST M=800 (capacity test),mnist,800,784,0.4,588,0.18,0.2,0,0.2825727975408319,0.45331264019666095
MNIST M=800 (capacity test),mnist,800,784,0.5,409,0.2,0.28,0,0.047775554359930895,0.2995499389850309
MNIST M=800 (capacity test),mnist,800,784,0.5,631,0.18666666666666668,0.19333333333333333,0,0.4367653915853766,0.15889416499134312
MNIST M=800 (capacity test),mnist,800,784,0.5,230,0.18666666666666668,0.16666666666666666,0,0.3580582015221111,0.2087244578098203
MNIST M=800 (capacity test),mnist,800,784,0.5,514,0.24,0.18666666666666668,0,0.14745508798852716,0.33317486082104913
MNIST M=800 (capacity test),mnist,800,784,0.5,640,0.19333333333333333,0.18,0,0.40846097871649106,0.2010027224466617
MNIST M=800 (capacity test),mnist,800,784,0.5,669,0.21333333333333335,0.18666666666666668,0,0.3161276733166647,0.24632595013780886
MNIST M=800 (capacity test),mnist,800,784,0.5,702,0.19333333333333333,0.22,0,0.14463914133760444,0.28655906085110117
MNIST M=800 (capacity test),mnist,800,784,0.5,776,0.16666666666666666,0.17333333333333334,0,0.10931239768949501,0.11490354229996612
MNIST M=800 (capacity test),mnist,800,784,0.5,627,0.16666666666666666,0.23333333333333334,0,0.2466086307349495,0.2787348325977383
MNIST M=800 (capacity test),mnist,800,784,0.5,249,0.19333333333333333,0.24666666666666667,0,0.3937010678629866,0.20374335128672327
MNIST M=800 (capacity test),mnist,800,784,0.5,366,0.16666666666666666,0.16,0,0.14664109676175086,0.4191951078531995
MNIST M=800 (capacity test),mnist,800,784,0.5,558,0.17333333333333334,0.12666666666666668,0,0.04279510718547177,0.2832500148673706
MNIST M=800 (capacity test),mnist,800,784,0.5,520,0.17333333333333334,0.16666666666666666,0,0.14298695408949838,0.17946435635184527
MNIST M=800 (capacity test),mnist,800,784,0.5,660,0.2,0.26,0,0.5275389544775575,0.25935140944571744
MNIST M=800 (capacity test),mnist,800,784,0.5,19,0.16,0.20666666666666667,0,0.19989093806696911,0.12494151228072871
MNIST M=800 (capacity test),mnist,800,784,0.5,429,0.16666666666666666,0.22666666666666666,0,0.2816691648240228,0.1887997936442471
MNIST M=800 (capacity test),mnist,800,784,0.5,309,0.19333333333333333,0.2,0,0.41407826569721984,0.33564919100994284
MNIST M=800 (capacity test),mnist,800,784,0.5,556,0.20666666666666667,0.20666666666666667,0,0.20968615776813254,0.31394057603348785
MNIST M=800 (capacity test),mnist,800,784,0.5,732,0.16,0.22666666666666666,0,0.4108925674952137,0.5647190292234623
MNIST M=800 (capacity test),mnist,800,784,0.5,653,0.2,0.16,0,0.08607822242581227,0.22440534491459968
MNIST M=800 (capacity test),mnist,800,784,0.5,542,0.21333333333333335,0.13333333333333333,0,-0.04185691325297323,0.29548115282519044
MNIST M=800 (capacity test),mnist,800,784,0.5,138,0.19333333333333333,0.18666666666666668,0,0.13250790247278513,0.329163779088779
MNIST M=800 (capacity test),mnist,800,784,0.5,200,0.18666666666666668,0.18,0,0.32701676184457323,0.1994204726892574
MNIST M=800 (capacity test),mnist,800,784,0.5,94,0.21333333333333335,0.20666666666666667,0,0.3789841293209579,0.2212222524197797
MNIST M=800 (capacity test),mnist,800,784,0.5,258,0.12666666666666668,0.12666666666666668,0,0.13902065552019102,0.34870179969811327
MNIST M=800 (capacity test),mnist,800,784,0.5,598,0.18666666666666668,0.26,0,0.09612746692123933,0.1919499640668624
MNIST M=800 (capacity test),mnist,800,784,0.5,391,0.16,0.19333333333333333,0,0.37561961100824387,0.30971363202910884
MNIST M=800 (capacity test),mnist,800,784,0.5,79,0.14666666666666667,0.18666666666666668,0,0.08799460925525733,0.3280317891264891
MNIST M=800 (capacity test),mnist,800,784,0.5,173,0.18,0.22,0,0.4147391644702258,0.5553990011914357
MNIST M=800 (capacity test),mnist,800,784,0.5,39,0.18666666666666668,0.21333333333333335,0,0.057212543882301375,0.37950178489032876
MNIST M=800 (capacity test),mnist,800,784,0.5,571,0.15333333333333332,0.18666666666666668,0,0.27315203285535766,0.3320175217926426
MNIST M=800 (capacity test),mnist,800,784,0.5,413,0.21333333333333335,0.17333333333333334,0,0.226320791908257,0.13122478533753154
MNIST M=800 (capacity test),mnist,800,784,0.5,227,0.18666666666666668,0.24666666666666667,0,0.2917993498143693,0.2662136560440138
MNIST M=800 (capacity test),mnist,800,784,0.5,27,0.14,0.17333333333333334,0,0.07151769105221244,0.06264575090262886
MNIST M=800 (capacity test),mnist,800,784,0.5,90,0.17333333333333334,0.16666666666666666,0,0.31003361144896885,0.3706818624378504
MNIST M=800 (capacity test),mnist,800,784,0.5,51,0.21333333333333335,0.26666666666666666,0,0.2550130054303861,0.4940489537461077
MNIST M=800 (capacity test),mnist,800,784,0.5,374,0.20666666666666667,0.23333333333333334,0,0.29859878439443066,0.2127962342466153
MNIST M=800 (capacity test),mnist,800,784,0.5,578,0.22666666666666666,0.16666666666666666,0,0.11621521985436972,0.2652906560382157
MNIST M=800 (capacity test),mnist,800,784,0.5,285,0.19333333333333333,0.3,0,0.3005503984444859,0.2932324881935444
MNIST M=800 (capacity test),mnist,800,784,0.5,714,0.21333333333333335,0.17333333333333334,0,0.10659067683992648,0.29006925314870763
MNIST M=800 (capacity test),mnist,800,784,0.6,678,0.12666666666666668,0.21333333333333335,0,0.29118343809607733,0.3506158336194246
MNIST M=800 (capacity test),mnist,800,784,0.6,777,0.17333333333333334,0.2,0,0.09662481174850511,0.2780107170644085
MNIST M=800 (capacity test),mnist,800,784,0.6,1,0.22666666666666666,0.2,0,0.21376884230325027,0.16659334013757704
MNIST M=800 (capacity test),mnist,800,784,0.6,713,0.24666666666666667,0.2,0,0.24110491889577293,0.15740990281957185
MNIST M=800 (capacity test),mnist,800,784,0.6,297,0.16,0.2,0,-0.19215461864586447,0.08716971532236525
MNIST M=800 (capacity test),mnist,800,784,0.6,108,0.14,0.18,0,-0.45325820624120294,0.3388109597218772
MNIST M=800 (capacity test),mnist,800,784,0.6,782,0.19333333333333333,0.25333333333333335,0,0.3589125141444857,0.22186561893494106
MNIST M=800 (capacity test),mnist,800,784,0.6,361,0.14666666666666667,0.21333333333333335,0,-0.17544697378150212,0.2548176344686879
MNIST M=800 (capacity test),mnist,800,784,0.6,595,0.2,0.26,0,0.21860104865614025,0.410398364442878
MNIST M=800 (capacity test),mnist,800,784,0.6,542,0.2,0.23333333333333334,0,0.2433393491804365,0.32184089948233147
MNIST M=800 (capacity test),mnist,800,784,0.6,288,0.20666666666666667,0.22666666666666666,0,0.16451162085609347,0.32574243864528646
MNIST M=800 (capacity test),mnist,800,784,0.6,282,0.17333333333333334,0.19333333333333333,0,0.05062507707538381,0.3991471863383901
MNIST M=800 (capacity test),mnist,800,784,0.6,482,0.20666666666666667,0.22666666666666666,0,0.3725032871684222,0.1943081754273933
MNIST M=800 (capacity test),mnist,800,784,0.6,676,0.14666666666666667,0.13333333333333333,0,0.19845310010142714,0.2533423598552621
MNIST M=800 (capacity test),mnist,800,784,0.6,646,0.18,0.2,0,0.44559590509479696,0.5444089930587005
MNIST M=800 (capacity test),mnist,800,784,0.6,72,0.16666666666666666,0.21333333333333335,0,0.33449984917468456,0.3320010352809243
MNIST M=800 (capacity test),mnist,800,784,0.6,627,0.14666666666666667,0.2,0,0.29368392848471625,0.40548979975895516
MNIST M=800 (capacity test),mnist,800,784,0.6,179,0.19333333333333333,0.18666666666666668,0,0.07514336871839201,0.2358248065919811
MNIST M=800 (capacity test),mnist,800,784,0.6,135,0.24,0.20666666666666667,0,0.26034045848505183,0.09558287610416259
MNIST M=800 (capacity test),mnist,800,784,0.6,255,0.17333333333333334,0.22666666666666666,0,0.2959903267244374,0.4441935478005792
MNIST M=800 (capacity test),mnist,800,784,0.6,405,0.19333333333333333,0.22,0,0.18246040769982955,0.14181343839540733
MNIST M=800 (capacity test),mnist,800,784,0.6,23,0.15333333333333332,0.22,0,-0.00904732714137155,0.18799883511207385
MNIST M=800 (capacity test),mnist,800,784,0.6,260,0.17333333333333334,0.26666666666666666,0,0.42881721615594476,0.730953512227306
MNIST M=800 (capacity test),mnist,800,784,0.6,66,0.13333333333333333,0.21333333333333335,0,0.37361952755047567,0.23737835692491602
MNIST M=800 (capacity test),mnist,800,784,0.6,775,0.23333333333333334,0.22666666666666666,0,0.3383558060140167,0.3244927598780118
MNIST M=800 (capacity test),mnist,800,784,0.6,792,0.24666666666666667,0.2,0,0.23648852594993866,0.1098691515517868
MNIST M=800 (capacity test),mnist,800,784,0.6,418,0.13333333333333333,0.18666666666666668,0,0.04797018531080289,0.6353126267923151
MNIST M=800 (capacity test),mnist,800,784,0.6,658,0.18666666666666668,0.20666666666666667,0,0.2681061451761479,0.3086115132593238
MNIST M=800 (capacity test),mnist,800,784,0.6,690,0.14666666666666667,0.17333333333333334,0,0.008654413143089306,0.19480402162303542
MNIST M=800 (capacity test),mnist,800,784,0.6,439,0.21333333333333335,0.23333333333333334,0,0.30835854147039055,0.3142078888998616
MNIST M=800 (capacity test),mnist,800,784,0.6,741,0.18,0.2,0,0.21717492238720926,0.38219598743021
MNIST M=800 (capacity test),mnist,800,784,0.6,411,0.22666666666666666,0.25333333333333335,0,0.37609941869699115,0.626779641202709
MNIST M=800 (capacity test),mnist,800,784,0.6,266,0.17333333333333334,0.12,0,-0.04346171009345958,0.5342930948319607
MNIST M=800 (capacity test),mnist,800,784,0.6,382,0.08666666666666667,0.14666666666666667,0,0.14124257919015923,0.7437203371171325
MNIST M=800 (capacity test),mnist,800,784,0.6,555,0.21333333333333335,0.16666666666666666,0,0.2430207083913381,0.6751269893958778
MNIST M=800 (capacity test),mnist,800,784,0.6,404,0.20666666666666667,0.21333333333333335,0,0.25405782707628477,0.24207726303241853
MNIST M=800 (capacity test),mnist,800,784,0.6,9,0.18,0.23333333333333334,0,0.07369059486554393,0.2529726691101441
MNIST M=800 (capacity test),mnist,800,784,0.6,415,0.15333333333333332,0.21333333333333335,0,0.23088804083049486,0.030334952905349682
MNIST M=800 (capacity test),mnist,800,784,0.6,571,0.18666666666666668,0.28,0,0.23602031691033143,0.38248718697415274
MNIST M=800 (capacity test),mnist,800,784,0.6,747,0.22,0.20666666666666667,0,0.13030062649691115,0.3746702338076946
MNIST M=800 (capacity test),mnist,800,784,0.8,565,0.15333333333333332,0.17333333333333334,0,-0.31794442512288484,0.09362275497970539
MNIST M=800 (capacity test),mnist,800,784,0.8,51,0.12666666666666668,0.21333333333333335,0,0.21430066005412124,0.19280925776209912
MNIST M=800 (capacity test),mnist,800,784,0.8,295,0.17333333333333334,0.21333333333333335,0,-0.052236326120913626,0.2954872042182591
MNIST M=800 (capacity test),mnist,800,784,0.8,589,0.21333333333333335,0.24,0,0.4458078090587656,0.12204236649126522
MNIST M=800 (capacity test),mnist,800,784,0.8,336,0.2,0.22666666666666666,0,0.027361014071357468,-0.011971386752716367
MNIST M=800 (capacity test),mnist,800,784,0.8,744,0.13333333333333333,0.26666666666666666,0,0.22734542652192946,0.17064096311700705
MNIST M=800 (capacity test),mnist,800,784,0.8,236,0.2,0.24,0,0.12510168795772214,0.3358872716731943
MNIST M=800 (capacity test),mnist,800,784,0.8,104,0.2,0.22666666666666666,0,0.3922162992925985,0.3819242108515449
MNIST M=800 (capacity test),mnist,800,784,0.8,346,0.19333333333333333,0.18666666666666668,0,-0.16674789694514144,0.45257684788760993
MNIST M=800 (capacity test),mnist,800,784,0.8,596,0.24,0.13333333333333333,0,0.13893816629258152,0.26489764718195297
MNIST M=800 (capacity test),mnist,800,784,0.8,668,0.13333333333333333,0.18666666666666668,0,0.35604045515905985,0.2031507277833187
MNIST M=800 (capacity test),mnist,800,784,0.8,411,0.09333333333333334,0.2,0,0.016305420529098807,0.28177977746105626
MNIST M=800 (capacity test),mnist,800,784,0.8,534,0.15333333333333332,0.26,0,0.2995087044867698,0.1871332994142993
MNIST M=800 (capacity test),mnist,800,784,0.8,507,0.18666666666666668,0.16666666666666666,0,0.1126645806004495,0.3915063762777327
MNIST M=800 (capacity test),mnist,800,784,0.8,711,0.22666666666666666,0.2,0,0.22287595449885308,0.3963400138473016
MNIST M=800 (capacity test),mnist,800,784,0.8,113,0.18,0.25333333333333335,0,0.3644754427117536,0.43092456354339737
MNIST M=800 (capacity test),mnist,800,784,0.8,577,0.18,0.24666666666666667,0,0.0082179067492785,0.12972499563759846
MNIST M=800 (capacity test),mnist,800,784,0.8,788,0.17333333333333334,0.28,0,0.3055506777048054,0.3199036707261607
MNIST M=800 (capacity test),mnist,800,784,0.8,434,0.15333333333333332,0.17333333333333334,0,0.550806317493517,0.21378412389775478
MNIST M=800 (capacity test),mnist,800,784,0.8,135,0.26,0.22666666666666666,0,0.18829296037137674,0.10487655704116441
MNIST M=800 (capacity test),mnist,800,784,0.8,371,0.12,0.24,0,0.11408205837300658,0.309054459325591
MNIST M=800 (capacity test),mnist,800,784,0.8,626,0.19333333333333333,0.25333333333333335,0,0.47903047361563716,0.15514160267034977
MNIST M=800 (capacity test),mnist,800,784,0.8,588,0.22666666666666666,0.22666666666666666,0,0.2582087537724872,0.44168689093832
MNIST M=800 (capacity test),mnist,800,784,0.8,174,0.20666666666666667,0.22666666666666666,0,-0.009843017131393223,0.1410842573505895
MNIST M=800 (capacity test),mnist,800,784,0.8,452,0.15333333333333332,0.22666666666666666,0,-0.23147417939282927,0.25137941338493575
MNIST M=800 (capacity test),mnist,800,784,0.8,433,0.12,0.14666666666666667,0,0.1322810359848303,0.4331745220267206
MNIST M=800 (capacity test),mnist,800,784,0.8,225,0.1,0.21333333333333335,0,0.09360786734388966,0.30504332228315545
MNIST M=800 (capacity test),mnist,800,784,0.8,201,0.2,0.18666666666666668,0,0.09697411217342215,0.24371717442779803
MNIST M=800 (capacity test),mnist,800,784,0.8,111,0.23333333333333334,0.22666666666666666,0,0.163053213807604,0.32736920252713403
MNIST M=800 (capacity test),mnist,800,784,0.8,414,0.16666666666666666,0.21333333333333335,0,0.2993638046075215,0.11394971461148061
MNIST M=800 (capacity test),mnist,800,784,0.8,193,0.17333333333333334,0.16666666666666666,0,0.35480425466892307,0.5637060363864341
MNIST M=800 (capacity test),mnist,800,784,0.8,527,0.17333333333333334,0.15333333333333332,0,0.30781483042582275,0.307944752713358
MNIST M=800 (capacity test),mnist,800,784,0.8,371,0.18,0.16,0,0.20858013000571504,0.22857486143790132
MNIST M=800 (capacity test),mnist,800,784,0.8,623,0.17333333333333334,0.18666666666666668,0,0.4809037394493518,0.4959901533789443
MNIST M=800 (capacity test),mnist,800,784,0.8,620,0.21333333333333335,0.16,0,-0.05551456846822215,0.378710464095719
MNIST M=800 (capacity test),mnist,800,784,0.8,374,0.17333333333333334,0.15333333333333332,0,0.32948000865587423,0.20258143075514246
MNIST M=800 (capacity test),mnist,800,784,0.8,163,0.19333333333333333,0.21333333333333335,0,0.19943467330201703,0.2438983345712262
MNIST M=800 (capacity test),mnist,800,784,0.8,332,0.18666666666666668,0.22666666666666666,0,-0.0005064851703102094,0.18891748494702618
MNIST M=800 (capacity test),mnist,800,784,0.8,680,0.19333333333333333,0.26,0,0.2173002492757018,0.25169501401797195
MNIST M=800 (capacity test),mnist,800,784,0.8,304,0.18,0.22,0,0.11794870969126404,0.20935361389341678
MNIST M=800 (capacity test),mnist,800,784,1.0,619,0.18666666666666668,0.24,0,0.11677656850838077,0.41011683957866546
MNIST M=800 (capacity test),mnist,800,784,1.0,58,0.2,0.16666666666666666,0,0.3480760117151155,0.47547127418455504
MNIST M=800 (capacity test),mnist,800,784,1.0,791,0.16,0.2733333333333333,0,-0.04744669871701191,0.24895779216499206
MNIST M=800 (capacity test),mnist,800,784,1.0,153,0.16,0.17333333333333334,0,-0.025700628876383854,0.3096694672758547
MNIST M=800 (capacity test),mnist,800,784,1.0,513,0.18,0.24666666666666667,0,-0.04922612980575038,0.1143435797714453
MNIST M=800 (capacity test),mnist,800,784,1.0,236,0.20666666666666667,0.18,0,0.03567278717206112,0.26475785909782373
MNIST M=800 (capacity test),mnist,800,784,1.0,118,0.14666666666666667,0.26666666666666666,0,0.38016268239799544,0.20757744282866966
MNIST M=800 (capacity test),mnist,800,784,1.0,194,0.16666666666666666,0.21333333333333335,0,0.26236891843888566,0.34296210675210187
MNIST M=800 (capacity test),mnist,800,784,1.0,555,0.16666666666666666,0.16666666666666666,0,0.4283867117710233,0.6751269893958778
MNIST M=800 (capacity test),mnist,800,784,1.0,669,0.24,0.23333333333333334,0,0.32171125589076727,0.21790347076542094
MNIST M=800 (capacity test),mnist,800,784,1.0,355,0.17333333333333334,0.19333333333333333,0,0.20245649116535275,0.4697573689680954
MNIST M=800 (capacity test),mnist,800,784,1.0,75,0.18,0.16,0,0.295641700429522,0.5539322476191645
MNIST M=800 (capacity test),mnist,800,784,1.0,750,0.18,0.2,0,-0.15490823144289342,0.25709796944559055
MNIST M=800 (capacity test),mnist,800,784,1.0,169,0.2,0.22666666666666666,0,0.09278944674260287,0.428253689957419
MNIST M=800 (capacity test),mnist,800,784,1.0,94,0.23333333333333334,0.14,0,0.1505844594539227,0.4087341094428424
MNIST M=800 (capacity test),mnist,800,784,1.0,537,0.16666666666666666,0.2733333333333333,0,0.15533546314748667,0.3857233851304047
MNIST M=800 (capacity test),mnist,800,784,1.0,640,0.14666666666666667,0.19333333333333333,0,0.11828439464156498,0.4042457480742793
MNIST M=800 (capacity test),mnist,800,784,1.0,406,0.14666666666666667,0.2,0,-0.18530163947123643,0.42470714074144744
MNIST M=800 (capacity test),mnist,800,784,1.0,373,0.18,0.21333333333333335,0,0.4858696661793193,0.29702354730413516
MNIST M=800 (capacity test),mnist,800,784,1.0,386,0.16666666666666666,0.18,0,-0.0937672073618429,0.1872909045763258
MNIST M=800 (capacity test),mnist,800,784,1.0,424,0.22666666666666666,0.25333333333333335,0,0.06934017866433803,0.2284121312511377
MNIST M=800 (capacity test),mnist,800,784,1.0,409,0.21333333333333335,0.28,0,-0.0067134964298577815,0.47177191909930327
MNIST M=800 (capacity test),mnist,800,784,1.0,698,0.16666666666666666,0.21333333333333335,0,-0.03918028418628135,0.20669926371584652
MNIST M=800 (capacity test),mnist,800,784,1.0,194,0.15333333333333332,0.20666666666666667,0,0.2679725317886932,0.19340513127526188
MNIST M=800 (capacity test),mnist,800,784,1.0,632,0.12,0.20666666666666667,0,0.1451390502759649,0.09728134507654795
MNIST M=800 (capacity test),mnist,800,784,1.0,570,0.20666666666666667,0.26,0,-0.1553166517640564,0.0726187671782227
MNIST M=800 (capacity test),mnist,800,784,1.0,668,0.15333333333333332,0.22666666666666666,0,0.3305818055621078,0.4602741963496296
MNIST M=800 (capacity test),mnist,800,784,1.0,755,0.17333333333333334,0.16,0,0.3635277520563715,0.18699919226276365
MNIST M=800 (capacity test),mnist,800,784,1.0,476,0.15333333333333332,0.2,0,-0.0018322924111333796,0.41471374015169626
MNIST M=800 (capacity test),mnist,800,784,1.0,551,0.18666666666666668,0.23333333333333334,0,0.02418205559142222,0.17547620516651466
MNIST M=800 (capacity test),mnist,800,784,1.0,603,0.20666666666666667,0.19333333333333333,0,0.3151286630974787,0.23762566221034462
MNIST M=800 (capacity test),mnist,800,784,1.0,644,0.2,0.20666666666666667,0,0.19643757583622692,0.11245466933709623
MNIST M=800 (capacity test),mnist,800,784,1.0,84,0.15333333333333332,0.18,0,-0.05101675980229037,0.49962045614642625
MNIST M=800 (capacity test),mnist,800,784,1.0,29,0.16666666666666666,0.20666666666666667,0,0.19095190524589462,0.30528117386940995
MNIST M=800 (capacity test),mnist,800,784,1.0,271,0.19333333333333333,0.22666666666666666,0,-0.06033742609422479,0.29862156432476233
MNIST M=800 (capacity test),mnist,800,784,1.0,348,0.24666666666666667,0.22,0,0.12230770398536525,0.1880042847112861
MNIST M=800 (capacity test),mnist,800,784,1.0,407,0.14666666666666667,0.21333333333333335,0,0.09834055036153308,0.31990927456301255
MNIST M=800 (capacity test),mnist,800,784,1.0,738,0.10666666666666667,0.25333333333333335,0,0.2579901137655638,0.4258794639023159
MNIST M=800 (capacity test),mnist,800,784,1.0,539,0.10666666666666667,0.2,0,0.14992373261399264,-0.2235533952730452
MNIST M=800 (capacity test),mnist,800,784,1.0,137,0.16,0.16666666666666666,0,0.26627371620662066,0.11916851719796803
"Fashion-MNIST M=200 (diff. dataset, same dims)",fashion_mnist,200,784,0.0,176,1.0,1.0,1,0.9999999999996988,0.9999999999996988
"Fashion-MNIST M=200 (diff. dataset, same dims)",fashion_mnist,200,784,0.0,180,1.0,1.0,1,0.999999999999896,0.999999999999896
"Fashion-MNIST M=200 (diff. dataset, same dims)",fashion_mnist,200,784,0.0,124,1.0,1.0,1,0.9999999999993945,0.9999999999993945
"Fashion-MNIST M=200 (diff. dataset, same dims)",fashion_mnist,200,784,0.0,196,1.0,1.0,1,0.9999999999998842,0.9999999999998842
"Fashion-MNIST M=200 (diff. dataset, same dims)",fashion_mnist,200,784,0.0,126,1.0,1.0,1,0.9999999999996737,0.9999999999996737
"Fashion-MNIST M=200 (diff. dataset, same dims)",fashion_mnist,200,784,0.0,115,1.0,1.0,1,0.9999999999995287,0.9999999999995287
"Fashion-MNIST M=200 (diff. dataset, same dims)",fashion_mnist,200,784,0.0,50,1.0,1.0,1,0.9999999999998259,0.9999999999998259
"Fashion-MNIST M=200 (diff. dataset, same dims)",fashion_mnist,200,784,0.0,191,1.0,1.0,1,0.9999999999992972,0.9999999999992972
"Fashion-MNIST M=200 (diff. dataset, same dims)",fashion_mnist,200,784,0.0,116,1.0,1.0,1,0.999999999999679,0.999999999999679
"Fashion-MNIST M=200 (diff. dataset, same dims)",fashion_mnist,200,784,0.0,86,1.0,1.0,1,0.9999999999991485,0.9999999999991485
"Fashion-MNIST M=200 (diff. dataset, same dims)",fashion_mnist,200,784,0.0,50,1.0,1.0,1,0.9999999999998259,0.9999999999998259
"Fashion-MNIST M=200 (diff. dataset, same dims)",fashion_mnist,200,784,0.0,43,1.0,1.0,1,0.9999999999990241,0.9999999999990241
"Fashion-MNIST M=200 (diff. dataset, same dims)",fashion_mnist,200,784,0.0,22,1.0,1.0,1,0.9999999999985866,0.9999999999985866
"Fashion-MNIST M=200 (diff. dataset, same dims)",fashion_mnist,200,784,0.0,112,1.0,1.0,1,0.9999999999997903,0.9999999999997903
"Fashion-MNIST M=200 (diff. dataset, same dims)",fashion_mnist,200,784,0.0,31,1.0,1.0,1,0.9999999999998094,0.9999999999998094
"Fashion-MNIST M=200 (diff. dataset, same dims)",fashion_mnist,200,784,0.0,104,1.0,1.0,1,0.9999999999997231,0.9999999999997231
"Fashion-MNIST M=200 (diff. dataset, same dims)",fashion_mnist,200,784,0.0,144,1.0,1.0,1,0.9999999999990625,0.9999999999990625
"Fashion-MNIST M=200 (diff. dataset, same dims)",fashion_mnist,200,784,0.0,187,1.0,1.0,1,0.9999999999989995,0.9999999999989995
"Fashion-MNIST M=200 (diff. dataset, same dims)",fashion_mnist,200,784,0.0,40,1.0,1.0,1,0.9999999999986782,0.9999999999986782
"Fashion-MNIST M=200 (diff. dataset, same dims)",fashion_mnist,200,784,0.0,131,1.0,1.0,1,0.9999999999997485,0.9999999999997485
"Fashion-MNIST M=200 (diff. dataset, same dims)",fashion_mnist,200,784,0.0,120,1.0,1.0,1,0.9999999999996072,0.9999999999996072
"Fashion-MNIST M=200 (diff. dataset, same dims)",fashion_mnist,200,784,0.0,148,1.0,1.0,1,0.9999999999992497,0.9999999999992497
"Fashion-MNIST M=200 (diff. dataset, same dims)",fashion_mnist,200,784,0.0,84,1.0,1.0,1,0.9999999999998191,0.9999999999998191
"Fashion-MNIST M=200 (diff. dataset, same dims)",fashion_mnist,200,784,0.0,96,1.0,1.0,1,0.9999999999998882,0.9999999999998882
"Fashion-MNIST M=200 (diff. dataset, same dims)",fashion_mnist,200,784,0.0,153,1.0,1.0,1,0.9999999999998529,0.9999999999998529
"Fashion-MNIST M=200 (diff. dataset, same dims)",fashion_mnist,200,784,0.0,101,1.0,1.0,1,0.9999999999992989,0.9999999999992989
"Fashion-MNIST M=200 (diff. dataset, same dims)",fashion_mnist,200,784,0.0,138,1.0,1.0,1,0.9999999999997219,0.9999999999997219
"Fashion-MNIST M=200 (diff. dataset, same dims)",fashion_mnist,200,784,0.0,138,1.0,1.0,1,0.9999999999997219,0.9999999999997219
"Fashion-MNIST M=200 (diff. dataset, same dims)",fashion_mnist,200,784,0.0,137,1.0,1.0,1,0.9999999999999303,0.9999999999999303
"Fashion-MNIST M=200 (diff. dataset, same dims)",fashion_mnist,200,784,0.0,20,1.0,1.0,1,0.9999999999992109,0.9999999999992109
"Fashion-MNIST M=200 (diff. dataset, same dims)",fashion_mnist,200,784,0.0,188,1.0,1.0,1,0.9999999999997324,0.9999999999997324
"Fashion-MNIST M=200 (diff. dataset, same dims)",fashion_mnist,200,784,0.0,10,1.0,1.0,1,0.9999999999991942,0.9999999999991942
"Fashion-MNIST M=200 (diff. dataset, same dims)",fashion_mnist,200,784,0.0,148,1.0,1.0,1,0.9999999999992497,0.9999999999992497
"Fashion-MNIST M=200 (diff. dataset, same dims)",fashion_mnist,200,784,0.0,166,1.0,1.0,1,0.999999999999745,0.999999999999745
"Fashion-MNIST M=200 (diff. dataset, same dims)",fashion_mnist,200,784,0.0,128,1.0,1.0,1,0.9999999999998193,0.9999999999998193
"Fashion-MNIST M=200 (diff. dataset, same dims)",fashion_mnist,200,784,0.0,187,1.0,1.0,1,0.9999999999989995,0.9999999999989995
"Fashion-MNIST M=200 (diff. dataset, same dims)",fashion_mnist,200,784,0.0,149,1.0,1.0,1,0.9999999999998888,0.9999999999998888
"Fashion-MNIST M=200 (diff. dataset, same dims)",fashion_mnist,200,784,0.0,63,1.0,1.0,1,0.9999999999988392,0.9999999999988392
"Fashion-MNIST M=200 (diff. dataset, same dims)",fashion_mnist,200,784,0.0,44,1.0,1.0,1,0.9999999999995164,0.9999999999995164
"Fashion-MNIST M=200 (diff. dataset, same dims)",fashion_mnist,200,784,0.0,53,1.0,1.0,1,0.9999999999996955,0.9999999999996955
"Fashion-MNIST M=200 (diff. dataset, same dims)",fashion_mnist,200,784,0.1,83,0.9333333333333333,1.0,1,0.9826469415351308,0.9999999999998118
"Fashion-MNIST M=200 (diff. dataset, same dims)",fashion_mnist,200,784,0.1,194,0.96,1.0,1,0.9912796435537523,0.9999999999997421
"Fashion-MNIST M=200 (diff. dataset, same dims)",fashion_mnist,200,784,0.1,195,0.9866666666666667,1.0,1,0.9964839368706198,0.9999999999990471
"Fashion-MNIST M=200 (diff. dataset, same dims)",fashion_mnist,200,784,0.1,177,0.98,1.0,1,0.9968783010483525,0.999999999999855
"Fashion-MNIST M=200 (diff. dataset, same dims)",fashion_mnist,200,784,0.1,89,0.94,1.0,1,0.9896826887807656,0.999999999999775
"Fashion-MNIST M=200 (diff. dataset, same dims)",fashion_mnist,200,784,0.1,80,0.9533333333333334,1.0,1,0.9902998544795987,0.9999999999994796
"Fashion-MNIST M=200 (diff. dataset, same dims)",fashion_mnist,200,784,0.1,63,0.9133333333333333,1.0,1,0.9029544805210143,0.9999999999988392
"Fashion-MNIST M=200 (diff. dataset, same dims)",fashion_mnist,200,784,0.1,77,0.9666666666666667,1.0,1,0.9915203079852736,0.999999999999683
"Fashion-MNIST M=200 (diff. dataset, same dims)",fashion_mnist,200,784,0.1,65,0.9066666666666666,1.0,1,0.9859324355366909,0.9999999999997929
"Fashion-MNIST M=200 (diff. dataset, same dims)",fashion_mnist,200,784,0.1,135,0.9733333333333334,1.0,1,0.9922690234982393,0.9999999999994554
"Fashion-MNIST M=200 (diff. dataset, same dims)",fashion_mnist,200,784,0.1,28,0.9266666666666666,1.0,1,0.9790515504581452,0.9999999999996902
"Fashion-MNIST M=200 (diff. dataset, same dims)",fashion_mnist,200,784,0.1,93,0.9133333333333333,1.0,1,0.9798264865674936,0.99999999999985
"Fashion-MNIST M=200 (diff. dataset, same dims)",fashion_mnist,200,784,0.1,103,0.96,1.0,1,0.9959933167271259,0.9999999999995788
"Fashion-MNIST M=200 (diff. dataset, same dims)",fashion_mnist,200,784,0.1,154,0.9133333333333333,1.0,1,0.9886202573751719,0.9999999999996735
"Fashion-MNIST M=200 (diff. dataset, same dims)",fashion_mnist,200,784,0.1,130,0.9866666666666667,1.0,1,0.9976678547838218,0.9999999999998029
"Fashion-MNIST M=200 (diff. dataset, same dims)",fashion_mnist,200,784,0.1,91,0.9733333333333334,1.0,1,0.9944737046376897,0.9999999999995406
"Fashion-MNIST M=200 (diff. dataset, same dims)",fashion_mnist,200,784,0.1,24,1.0,1.0,1,0.9999999999997201,0.9999999999997201
"Fashion-MNIST M=200 (diff. dataset, same dims)",fashion_mnist,200,784,0.1,39,0.96,1.0,1,0.9879071969958323,0.9999999999995639
"Fashion-MNIST M=200 (diff. dataset, same dims)",fashion_mnist,200,784,0.1,133,0.9666666666666667,1.0,1,0.9929827644974165,0.9999999999998435
"Fashion-MNIST M=200 (diff. dataset, same dims)",fashion_mnist,200,784,0.1,86,0.9866666666666667,1.0,1,0.979175172189044,0.9999999999991485
"Fashion-MNIST M=200 (diff. dataset, same dims)",fashion_mnist,200,784,0.1,73,0.9733333333333334,1.0,1,0.9954972893055591,0.9999999999998274
"Fashion-MNIST M=200 (diff. dataset, same dims)",fashion_mnist,200,784,0.1,84,0.96,1.0,1,0.9937721531022649,0.9999999999998191
"Fashion-MNIST M=200 (diff. dataset, same dims)",fashion_mnist,200,784,0.1,168,0.9933333333333333,1.0,1,0.997970860576455,0.9999999999995222
"Fashion-MNIST M=200 (diff. dataset, same dims)",fashion_mnist,200,784,0.1,136,0.9866666666666667,1.0,1,0.994621293095894,0.999999999999826
"Fashion-MNIST M=200 (diff. dataset, same dims)",fashion_mnist,200,784,0.1,134,0.9733333333333334,1.0,1,0.9916667572712943,0.9999999999996952
"Fashion-MNIST M=200 (diff. dataset, same dims)",fashion_mnist,200,784,0.1,18,0.9733333333333334,1.0,1,0.995361457972319,0.9999999999997928
"Fashion-MNIST M=200 (diff. dataset, same dims)",fashion_mnist,200,784,0.1,113,0.9733333333333334,1.0,1,0.9953918499023997,0.9999999999997738
"Fashion-MNIST M=200 (diff. dataset, same dims)",fashion_mnist,200,784,0.1,62,0.9866666666666667,1.0,1,0.9942128409743265,0.9999999999996322
"Fashion-MNIST M=200 (diff. dataset, same dims)",fashion_mnist,200,784,0.1,17,0.9933333333333333,1.0,1,0.9969215558125797,0.9999999999990098
"Fashion-MNIST M=200 (diff. dataset, same dims)",fashion_mnist,200,784,0.1,140,0.9466666666666667,1.0,1,0.9946583409462904,0.9999999999998571
"Fashion-MNIST M=200 (diff. dataset, same dims)",fashion_mnist,200,784,0.1,2,0.9333333333333333,1.0,1,0.9127258406007679,0.9999999999960859
"Fashion-MNIST M=200 (diff. dataset, same dims)",fashion_mnist,200,784,0.1,57,0.96,1.0,1,0.9909991606199765,0.9999999999996046
"Fashion-MNIST M=200 (diff. dataset, same dims)",fashion_mnist,200,784,0.1,27,0.92,1.0,1,0.9910328363316604,0.9999999999998945
"Fashion-MNIST M=200 (diff. dataset, same dims)",fashion_mnist,200,784,0.1,81,0.9666666666666667,1.0,1,0.996439088662996,0.9999999999997633
"Fashion-MNIST M=200 (diff. dataset, same dims)",fashion_mnist,200,784,0.1,59,0.98,1.0,1,0.9975092501823017,0.999999999999782
"Fashion-MNIST M=200 (diff. dataset, same dims)",fashion_mnist,200,784,0.1,39,0.9733333333333334,1.0,1,0.9898354515874802,0.9999999999995639
"Fashion-MNIST M=200 (diff. dataset, same dims)",fashion_mnist,200,784,0.1,132,0.9466666666666667,1.0,1,0.9755470740139539,0.9999999999990549
"Fashion-MNIST M=200 (diff. dataset, same dims)",fashion_mnist,200,784,0.1,164,0.9866666666666667,1.0,1,0.9957814319195429,0.9999999999997113
"Fashion-MNIST M=200 (diff. dataset, same dims)",fashion_mnist,200,784,0.1,127,0.9333333333333333,1.0,1,0.9901771030361762,0.9999999999998036
"Fashion-MNIST M=200 (diff. dataset, same dims)",fashion_mnist,200,784,0.1,125,0.94,1.0,1,0.9807109954817941,0.9999999999996126
"Fashion-MNIST M=200 (diff. dataset, same dims)",fashion_mnist,200,784,0.2,177,0.8533333333333334,1.0,1,0.9801356214282647,0.999999999999855
"Fashion-MNIST M=200 (diff. dataset, same dims)",fashion_mnist,200,784,0.2,192,0.7333333333333333,1.0,1,0.9599121587701371,0.9999999999997757
"Fashion-MNIST M=200 (diff. dataset, same dims)",fashion_mnist,200,784,0.2,184,0.8666666666666667,1.0,1,0.9847923933461141,0.9999999999998476
"Fashion-MNIST M=200 (diff. dataset, same dims)",fashion_mnist,200,784,0.2,59,0.8133333333333334,1.0,1,0.9513465719387681,0.999999999999782
"Fashion-MNIST M=200 (diff. dataset, same dims)",fashion_mnist,200,784,0.2,107,0.8066666666666666,1.0,1,0.958964357291394,0.9999999999998359
"Fashion-MNIST M=200 (diff. dataset, same dims)",fashion_mnist,200,784,0.2,154,0.6733333333333333,1.0,1,0.9115826765855136,0.9999999999996735
"Fashion-MNIST M=200 (diff. dataset, same dims)",fashion_mnist,200,784,0.2,182,0.7266666666666667,1.0,1,0.8904881833553387,0.9999999999996737
"Fashion-MNIST M=200 (diff. dataset, same dims)",fashion_mnist,200,784,0.2,24,0.8133333333333334,1.0,1,0.9650586842553935,0.9999999999997201
"Fashion-MNIST M=200 (diff. dataset, same dims)",fashion_mnist,200,784,0.2,174,0.7266666666666667,1.0,1,0.9232906577582269,0.9999999999996795
"Fashion-MNIST M=200 (diff. dataset, same dims)",fashion_mnist,200,784,0.2,45,0.7933333333333333,1.0,1,0.974641615397318,0.9999999999999212
"Fashion-MNIST M=200 (diff. dataset, same dims)",fashion_mnist,200,784,0.2,42,0.8,1.0,1,0.9691262068888896,0.999999999999871
"Fashion-MNIST M=200 (diff. dataset, same dims)",fashion_mnist,200,784,0.2,56,0.74,1.0,1,0.9016185470599342,0.9999999999995691
"Fashion-MNIST M=200 (diff. dataset, same dims)",fashion_mnist,200,784,0.2,107,0.7133333333333334,1.0,1,0.9722940385865739,0.9999999999998359
"Fashion-MNIST M=200 (diff. dataset, same dims)",fashion_mnist,200,784,0.2,70,0.7466666666666667,1.0,1,0.8437696422767118,0.9999999999971216
"Fashion-MNIST M=200 (diff. dataset, same dims)",fashion_mnist,200,784,0.2,7,0.6666666666666666,1.0,1,0.9380996595699782,0.9999999999998568
"Fashion-MNIST M=200 (diff. dataset, same dims)",fashion_mnist,200,784,0.2,96,0.76,1.0,1,0.961208721051901,0.9999999999998882
"Fashion-MNIST M=200 (diff. dataset, same dims)",fashion_mnist,200,784,0.2,1,0.7133333333333334,1.0,1,0.9348865128736726,0.999999999999809
"Fashion-MNIST M=200 (diff. dataset, same dims)",fashion_mnist,200,784,0.2,158,0.82,1.0,1,0.877881196175494,0.999999999998479
"Fashion-MNIST M=200 (diff. dataset, same dims)",fashion_mnist,200,784,0.2,153,0.7666666666666667,1.0,1,0.9652184822156216,0.9999999999998529
"Fashion-MNIST M=200 (diff. dataset, same dims)",fashion_mnist,200,784,0.2,2,0.7733333333333333,1.0,1,0.25063091959953754,0.9999999999960859
"Fashion-MNIST M=200 (diff. dataset, same dims)",fashion_mnist,200,784,0.2,45,0.7533333333333333,1.0,1,0.9759349993900097,0.9999999999999212
"Fashion-MNIST M=200 (diff. dataset, same dims)",fashion_mnist,200,784,0.2,61,0.7266666666666667,1.0,1,0.8980507946353303,0.9999999999997604
"Fashion-MNIST M=200 (diff. dataset, same dims)",fashion_mnist,200,784,0.2,180,0.7266666666666667,1.0,1,0.9361649833021193,0.999999999999896
"Fashion-MNIST M=200 (diff. dataset, same dims)",fashion_mnist,200,784,0.2,123,0.66,1.0,1,0.8461379716176279,0.9999999999990672
"Fashion-MNIST M=200 (diff. dataset, same dims)",fashion_mnist,200,784,0.2,169,0.6733333333333333,1.0,1,0.9283714646211968,0.9999999999996103
"Fashion-MNIST M=200 (diff. dataset, same dims)",fashion_mnist,200,784,0.2,187,0.7666666666666667,1.0,1,0.7848317122669813,0.9999999999989995
"Fashion-MNIST M=200 (diff. dataset, same dims)",fashion_mnist,200,784,0.2,61,0.7466666666666667,1.0,1,0.958845152942648,0.9999999999997604
"Fashion-MNIST M=200 (diff. dataset, same dims)",fashion_mnist,200,784,0.2,4,0.78,1.0,1,0.960119570539033,0.9999999999997888
"Fashion-MNIST M=200 (diff. dataset, same dims)",fashion_mnist,200,784,0.2,173,0.7866666666666666,1.0,1,0.6952679789197361,0.99999999999802
"Fashion-MNIST M=200 (diff. dataset, same dims)",fashion_mnist,200,784,0.2,182,0.7466666666666667,1.0,1,0.9357885276979863,0.9999999999996737
"Fashion-MNIST M=200 (diff. dataset, same dims)",fashion_mnist,200,784,0.2,122,0.7466666666666667,1.0,1,0.9699372089815134,0.9999999999997854
"Fashion-MNIST M=200 (diff. dataset, same dims)",fashion_mnist,200,784,0.2,32,0.7133333333333334,1.0,1,0.9553797968404348,0.9999999999998794
"Fashion-MNIST M=200 (diff. dataset, same dims)",fashion_mnist,200,784,0.2,41,0.8333333333333334,1.0,1,0.8287559330267195,0.9999999999987161
"Fashion-MNIST M=200 (diff. dataset, same dims)",fashion_mnist,200,784,0.2,199,0.7133333333333334,1.0,1,0.7021947235729117,0.9999999999979042
"Fashion-MNIST M=200 (diff. dataset, same dims)",fashion_mnist,200,784,0.2,182,0.6266666666666667,1.0,1,0.9074042964121043,0.9999999999996737
"Fashion-MNIST M=200 (diff. dataset, same dims)",fashion_mnist,200,784,0.2,57,0.78,1.0,1,0.9535104241200036,0.9999999999996046
"Fashion-MNIST M=200 (diff. dataset, same dims)",fashion_mnist,200,784,0.2,137,0.7066666666666667,1.0,1,0.9632158259413973,0.9999999999999303
"Fashion-MNIST M=200 (diff. dataset, same dims)",fashion_mnist,200,784,0.2,14,0.7266666666666667,1.0,1,0.9459587694617779,0.999999999999815
"Fashion-MNIST M=200 (diff. dataset, same dims)",fashion_mnist,200,784,0.2,94,0.6066666666666667,1.0,1,0.8889784033226957,0.9999999999996182
"Fashion-MNIST M=200 (diff. dataset, same dims)",fashion_mnist,200,784,0.2,152,0.6,1.0,1,0.9199815259121712,0.9999999999997636
"Fashion-MNIST M=200 (diff. dataset, same dims)",fashion_mnist,200,784,0.3,91,0.52,1.0,1,0.8901154867703908,0.9999999999995406
"Fashion-MNIST M=200 (diff. dataset, same dims)",fashion_mnist,200,784,0.3,89,0.6066666666666667,1.0,1,0.7330431554059922,0.999999999999775
"Fashion-MNIST M=200 (diff. dataset, same dims)",fashion_mnist,200,784,0.3,25,0.38666666666666666,1.0,1,0.6214903479208317,0.9999999999997673
"Fashion-MNIST M=200 (diff. dataset, same dims)",fashion_mnist,200,784,0.3,160,0.5266666666666666,1.0,1,0.7245435685576681,0.9999999999996445
"Fashion-MNIST M=200 (diff. dataset, same dims)",fashion_mnist,200,784,0.3,183,0.4866666666666667,1.0,1,0.8068385323959744,0.9999999999998234
"Fashion-MNIST M=200 (diff. dataset, same dims)",fashion_mnist,200,784,0.3,25,0.56,1.0,1,0.7806226441552607,0.9999999999997673
"Fashion-MNIST M=200 (diff. dataset, same dims)",fashion_mnist,200,784,0.3,156,0.49333333333333335,1.0,1,0.49106754012014825,0.9999999999996064
"Fashion-MNIST M=200 (diff. dataset, same dims)",fashion_mnist,200,784,0.3,148,0.6,1.0,1,0.7871270696243106,0.9999999999992497
"Fashion-MNIST M=200 (diff. dataset, same dims)",fashion_mnist,200,784,0.3,45,0.5266666666666666,1.0,1,0.8345793695324231,0.9999999999999212
"Fashion-MNIST M=200 (diff. dataset, same dims)",fashion_mnist,200,784,0.3,44,0.5,1.0,1,0.7851517091959119,0.9999999999995164
"Fashion-MNIST M=200 (diff. dataset, same dims)",fashion_mnist,200,784,0.3,54,0.62,1.0,1,0.7480930775117647,0.999999999999614
"Fashion-MNIST M=200 (diff. dataset, same dims)",fashion_mnist,200,784,0.3,63,0.49333333333333335,1.0,1,0.8627938185648835,0.9999999999988392
"Fashion-MNIST M=200 (diff. dataset, same dims)",fashion_mnist,200,784,0.3,167,0.46,1.0,1,0.6820182316797366,0.9999999999993706
"Fashion-MNIST M=200 (diff. dataset, same dims)",fashion_mnist,200,784,0.3,146,0.47333333333333333,1.0,1,0.7601692734492583,0.9999999999996183
"Fashion-MNIST M=200 (diff. dataset, same dims)",fashion_mnist,200,784,0.3,68,0.5066666666666667,1.0,1,0.9107034313099777,0.999999999999851
"Fashion-MNIST M=200 (diff. dataset, same dims)",fashion_mnist,200,784,0.3,149,0.5333333333333333,1.0,1,0.8990179414194831,0.9999999999998888
"Fashion-MNIST M=200 (diff. dataset, same dims)",fashion_mnist,200,784,0.3,90,0.58,1.0,1,0.7879347972230942,0.9999999999997519
"Fashion-MNIST M=200 (diff. dataset, same dims)",fashion_mnist,200,784,0.3,165,0.6733333333333333,1.0,1,0.7963946299393132,0.9999999999998136
"Fashion-MNIST M=200 (diff. dataset, same dims)",fashion_mnist,200,784,0.3,170,0.7,1.0,1,0.8647983777261624,0.999999999999861
"Fashion-MNIST M=200 (diff. dataset, same dims)",fashion_mnist,200,784,0.3,44,0.44666666666666666,1.0,1,0.6988322910488177,0.9999999999995164
"Fashion-MNIST M=200 (diff. dataset, same dims)",fashion_mnist,200,784,0.3,176,0.58,1.0,1,0.8389220338730683,0.9999999999996988
"Fashion-MNIST M=200 (diff. dataset, same dims)",fashion_mnist,200,784,0.3,197,0.68,1.0,1,0.8279964839697905,0.9999999999996404
"Fashion-MNIST M=200 (diff. dataset, same dims)",fashion_mnist,200,784,0.3,133,0.6733333333333333,1.0,1,0.9372505164488667,0.9999999999998435
"Fashion-MNIST M=200 (diff. dataset, same dims)",fashion_mnist,200,784,0.3,128,0.4,1.0,1,0.6339596240957783,0.9999999999998193
"Fashion-MNIST M=200 (diff. dataset, same dims)",fashion_mnist,200,784,0.3,44,0.5866666666666667,1.0,1,0.790141619576118,0.9999999999995164
"Fashion-MNIST M=200 (diff. dataset, same dims)",fashion_mnist,200,784,0.3,156,0.7466666666666667,1.0,1,0.8828681985140795,0.9999999999996064
"Fashion-MNIST M=200 (diff. dataset, same dims)",fashion_mnist,200,784,0.3,79,0.4533333333333333,1.0,1,0.8683289345756374,0.9999999999998518
"Fashion-MNIST M=200 (diff. dataset, same dims)",fashion_mnist,200,784,0.3,34,0.5133333333333333,1.0,1,0.8996225250352159,0.9999999999996378
"Fashion-MNIST M=200 (diff. dataset, same dims)",fashion_mnist,200,784,0.3,87,0.5266666666666666,1.0,1,0.8554588569063183,0.9999999999998282
"Fashion-MNIST M=200 (diff. dataset, same dims)",fashion_mnist,200,784,0.3,127,0.6133333333333333,1.0,1,0.8535612789048725,0.9999999999998036
"Fashion-MNIST M=200 (diff. dataset, same dims)",fashion_mnist,200,784,0.3,31,0.5266666666666666,1.0,1,0.8092174591437314,0.9999999999998094
"Fashion-MNIST M=200 (diff. dataset, same dims)",fashion_mnist,200,784,0.3,14,0.66,1.0,1,0.847217115246522,0.999999999999815
"Fashion-MNIST M=200 (diff. dataset, same dims)",fashion_mnist,200,784,0.3,168,0.6266666666666667,1.0,1,0.9117554516251714,0.9999999999995222
"Fashion-MNIST M=200 (diff. dataset, same dims)",fashion_mnist,200,784,0.3,133,0.6266666666666667,1.0,1,0.9311397362385332,0.9999999999998435
"Fashion-MNIST M=200 (diff. dataset, same dims)",fashion_mnist,200,784,0.3,25,0.6,1.0,1,0.8554402154165011,0.9999999999997673
"Fashion-MNIST M=200 (diff. dataset, same dims)",fashion_mnist,200,784,0.3,194,0.64,1.0,1,0.906002192716139,0.9999999999997421
"Fashion-MNIST M=200 (diff. dataset, same dims)",fashion_mnist,200,784,0.3,1,0.6066666666666667,1.0,1,0.8691560311004303,0.999999999999809
"Fashion-MNIST M=200 (diff. dataset, same dims)",fashion_mnist,200,784,0.3,129,0.5066666666666667,1.0,1,0.8619556377579658,0.999999999999821
"Fashion-MNIST M=200 (diff. dataset, same dims)",fashion_mnist,200,784,0.3,64,0.5333333333333333,1.0,1,0.5633461717197926,0.9999999999988893
"Fashion-MNIST M=200 (diff. dataset, same dims)",fashion_mnist,200,784,0.3,57,0.5733333333333334,1.0,1,0.8413349819793395,0.9999999999996046
"Fashion-MNIST M=200 (diff. dataset, same dims)",fashion_mnist,200,784,0.4,89,0.49333333333333335,1.0,1,0.8200709416133541,0.999999999999775
"Fashion-MNIST M=200 (diff. dataset, same dims)",fashion_mnist,200,784,0.4,130,0.4533333333333333,1.0,1,0.8873489501526222,0.9999999999998029
"Fashion-MNIST M=200 (diff. dataset, same dims)",fashion_mnist,200,784,0.4,137,0.52,1.0,1,0.8678678396030517,0.9999999999999303
"Fashion-MNIST M=200 (diff. dataset, same dims)",fashion_mnist,200,784,0.4,81,0.42,1.0,1,0.6936433609754586,0.9999999999997633
"Fashion-MNIST M=200 (diff. dataset, same dims)",fashion_mnist,200,784,0.4,8,0.36,0.25333333333333335,0,0.3865827340958736,0.22779896207016248
"Fashion-MNIST M=200 (diff. dataset, same dims)",fashion_mnist,200,784,0.4,24,0.46,1.0,1,0.7480201854951656,0.9999999999997201
"Fashion-MNIST M=200 (diff. dataset, same dims)",fashion_mnist,200,784,0.4,76,0.5733333333333334,1.0,1,0.9177861683454568,0.9999999999998056
"Fashion-MNIST M=200 (diff. dataset, same dims)",fashion_mnist,200,784,0.4,87,0.4866666666666667,1.0,1,0.8737987021432672,0.9999999999998282
"Fashion-MNIST M=200 (diff. dataset, same dims)",fashion_mnist,200,784,0.4,37,0.3933333333333333,1.0,1,0.6826446956660339,0.9999999999985651
"Fashion-MNIST M=200 (diff. dataset, same dims)",fashion_mnist,200,784,0.4,1,0.5066666666666667,1.0,1,0.8101987657810131,0.999999999999809
"Fashion-MNIST M=200 (diff. dataset, same dims)",fashion_mnist,200,784,0.4,83,0.3933333333333333,1.0,1,0.8084568491051138,0.9999999999998118
"Fashion-MNIST M=200 (diff. dataset, same dims)",fashion_mnist,200,784,0.4,5,0.47333333333333333,1.0,1,0.831816026732395,0.9999999999994769
"Fashion-MNIST M=200 (diff. dataset, same dims)",fashion_mnist,200,784,0.4,88,0.41333333333333333,1.0,1,0.7097915813022918,0.9999999999994451
"Fashion-MNIST M=200 (diff. dataset, same dims)",fashion_mnist,200,784,0.4,129,0.47333333333333333,1.0,1,0.8518368681863325,0.999999999999821
"Fashion-MNIST M=200 (diff. dataset, same dims)",fashion_mnist,200,784,0.4,102,0.46,1.0,1,0.5277811833073737,0.9999999999995176
"Fashion-MNIST M=200 (diff. dataset, same dims)",fashion_mnist,200,784,0.4,15,0.4066666666666667,0.2733333333333333,0,0.8094817150180356,0.38554326532378047
"Fashion-MNIST M=200 (diff. dataset, same dims)",fashion_mnist,200,784,0.4,96,0.48,1.0,1,0.9462604092334055,0.9999999999998882
"Fashion-MNIST M=200 (diff. dataset, same dims)",fashion_mnist,200,784,0.4,177,0.5666666666666667,1.0,1,0.7999170102870492,0.999999999999855
"Fashion-MNIST M=200 (diff. dataset, same dims)",fashion_mnist,200,784,0.4,114,0.4866666666666667,1.0,1,0.8083454589189265,0.9999999999993874
"Fashion-MNIST M=200 (diff. dataset, same dims)",fashion_mnist,200,784,0.4,104,0.38,0.18,0,0.8255720117958336,0.38289688227040014
"Fashion-MNIST M=200 (diff. dataset, same dims)",fashion_mnist,200,784,0.4,192,0.43333333333333335,1.0,1,0.821356573406099,0.9999999999997757
"Fashion-MNIST M=200 (diff. dataset, same dims)",fashion_mnist,200,784,0.4,52,0.42,1.0,1,0.7457048894175808,0.9999999999990931
"Fashion-MNIST M=200 (diff. dataset, same dims)",fashion_mnist,200,784,0.4,156,0.4533333333333333,1.0,1,0.4607740745646841,0.9999999999996064
"Fashion-MNIST M=200 (diff. dataset, same dims)",fashion_mnist,200,784,0.4,121,0.5,1.0,1,0.782233380498227,0.9999999999991454
"Fashion-MNIST M=200 (diff. dataset, same dims)",fashion_mnist,200,784,0.4,199,0.42,1.0,1,0.34691405428123623,0.9999999999979042
"Fashion-MNIST M=200 (diff. dataset, same dims)",fashion_mnist,200,784,0.4,93,0.38666666666666666,1.0,1,0.7689448228625638,0.99999999999985
"Fashion-MNIST M=200 (diff. dataset, same dims)",fashion_mnist,200,784,0.4,174,0.44666666666666666,1.0,1,0.8054959951806935,0.9999999999996795
"Fashion-MNIST M=200 (diff. dataset, same dims)",fashion_mnist,200,784,0.4,3,0.38666666666666666,1.0,1,0.9285445737448988,0.999999999999844
"Fashion-MNIST M=200 (diff. dataset, same dims)",fashion_mnist,200,784,0.4,177,0.49333333333333335,1.0,1,0.8343537202978539,0.999999999999855
"Fashion-MNIST M=200 (diff. dataset, same dims)",fashion_mnist,200,784,0.4,166,0.41333333333333333,1.0,1,0.7218186105121258,0.999999999999745
"Fashion-MNIST M=200 (diff. dataset, same dims)",fashion_mnist,200,784,0.4,68,0.46,1.0,1,0.9043397105806513,0.999999999999851
"Fashion-MNIST M=200 (diff. dataset, same dims)",fashion_mnist,200,784,0.4,183,0.41333333333333333,1.0,1,0.8765738615952948,0.9999999999998234
"Fashion-MNIST M=200 (diff. dataset, same dims)",fashion_mnist,200,784,0.4,93,0.34,0.20666666666666667,0,0.825369590576792,0.5611145360113398
"Fashion-MNIST M=200 (diff. dataset, same dims)",fashion_mnist,200,784,0.4,16,0.38,1.0,1,0.624306456674219,0.9999999999997231
"Fashion-MNIST M=200 (diff. dataset, same dims)",fashion_mnist,200,784,0.4,7,0.5,1.0,1,0.7736865641387617,0.9999999999998568
"Fashion-MNIST M=200 (diff. dataset, same dims)",fashion_mnist,200,784,0.4,100,0.41333333333333333,0.2,0,0.6958487049769846,0.5002400716535735
"Fashion-MNIST M=200 (diff. dataset, same dims)",fashion_mnist,200,784,0.4,78,0.4,1.0,1,0.8785661502637906,0.9999999999996617
"Fashion-MNIST M=200 (diff. dataset, same dims)",fashion_mnist,200,784,0.4,26,0.44,1.0,1,0.7962229493414321,0.9999999999997498
"Fashion-MNIST M=200 (diff. dataset, same dims)",fashion_mnist,200,784,0.4,186,0.47333333333333333,1.0,1,0.8017887119610982,0.9999999999998409
"Fashion-MNIST M=200 (diff. dataset, same dims)",fashion_mnist,200,784,0.4,147,0.48,1.0,1,0.8792804405412624,0.9999999999996754
"Fashion-MNIST M=200 (diff. dataset, same dims)",fashion_mnist,200,784,0.5,102,0.38666666666666666,1.0,1,0.5505927385076884,0.9999999999995176
"Fashion-MNIST M=200 (diff. dataset, same dims)",fashion_mnist,200,784,0.5,157,0.26,0.21333333333333335,0,0.5732230345886274,0.33304652763989095
"Fashion-MNIST M=200 (diff. dataset, same dims)",fashion_mnist,200,784,0.5,57,0.3,0.26,0,0.5711822205524425,0.11198459476713442
"Fashion-MNIST M=200 (diff. dataset, same dims)",fashion_mnist,200,784,0.5,128,0.41333333333333333,0.20666666666666667,0,0.48896144238830713,0.02553919440410317
"Fashion-MNIST M=200 (diff. dataset, same dims)",fashion_mnist,200,784,0.5,160,0.3,0.28,0,0.7226330519379799,0.256215883386012
"Fashion-MNIST M=200 (diff. dataset, same dims)",fashion_mnist,200,784,0.5,167,0.4266666666666667,1.0,1,0.5158236458240402,0.9999999999993706
"Fashion-MNIST M=200 (diff. dataset, same dims)",fashion_mnist,200,784,0.5,175,0.4266666666666667,1.0,1,0.726883465045452,0.9999999999994581
"Fashion-MNIST M=200 (diff. dataset, same dims)",fashion_mnist,200,784,0.5,194,0.37333333333333335,1.0,1,0.8082352865050645,0.9999999999997421
"Fashion-MNIST M=200 (diff. dataset, same dims)",fashion_mnist,200,784,0.5,156,0.20666666666666667,0.20666666666666667,0,0.6006314425532315,0.02906883995801694
"Fashion-MNIST M=200 (diff. dataset, same dims)",fashion_mnist,200,784,0.5,62,0.38,0.21333333333333335,0,0.7279810422344685,0.009326616153539483
"Fashion-MNIST M=200 (diff. dataset, same dims)",fashion_mnist,200,784,0.5,91,0.4,0.21333333333333335,0,0.8493074150428874,0.2172835158936148
"Fashion-MNIST M=200 (diff. dataset, same dims)",fashion_mnist,200,784,0.5,139,0.38,0.23333333333333334,0,0.8006947284948683,0.2157297336200315
"Fashion-MNIST M=200 (diff. dataset, same dims)",fashion_mnist,200,784,0.5,130,0.34,0.20666666666666667,0,0.7452219966858478,0.12538292079364005
"Fashion-MNIST M=200 (diff. dataset, same dims)",fashion_mnist,200,784,0.5,165,0.28,0.18,0,0.6673273443205282,0.1430584891980436
"Fashion-MNIST M=200 (diff. dataset, same dims)",fashion_mnist,200,784,0.5,4,0.4266666666666667,1.0,1,0.8481003854462829,0.9999999999997888
"Fashion-MNIST M=200 (diff. dataset, same dims)",fashion_mnist,200,784,0.5,107,0.44,1.0,1,0.8759875391224948,0.9999999999998359
"Fashion-MNIST M=200 (diff. dataset, same dims)",fashion_mnist,200,784,0.5,77,0.44666666666666666,1.0,1,0.7734047058654431,0.999999999999683
"Fashion-MNIST M=200 (diff. dataset, same dims)",fashion_mnist,200,784,0.5,139,0.28,0.21333333333333335,0,0.8724468447468163,0.5203079198474364
"Fashion-MNIST M=200 (diff. dataset, same dims)",fashion_mnist,200,784,0.5,183,0.36666666666666664,1.0,1,0.1958392238030954,0.9999999999998234
"Fashion-MNIST M=200 (diff. dataset, same dims)",fashion_mnist,200,784,0.5,163,0.3466666666666667,1.0,1,0.33928366237316554,0.9999999999991157
"Fashion-MNIST M=200 (diff. dataset, same dims)",fashion_mnist,200,784,0.5,135,0.30666666666666664,0.21333333333333335,0,0.5054340959814909,0.25590756280650556
"Fashion-MNIST M=200 (diff. dataset, same dims)",fashion_mnist,200,784,0.5,34,0.43333333333333335,1.0,1,0.8240183646747504,0.9999999999996378
"Fashion-MNIST M=200 (diff. dataset, same dims)",fashion_mnist,200,784,0.5,50,0.48,1.0,1,0.680102526398856,0.9999999999998259
"Fashion-MNIST M=200 (diff. dataset, same dims)",fashion_mnist,200,784,0.5,23,0.4266666666666667,1.0,1,0.858966285489302,0.9999999999998564
"Fashion-MNIST M=200 (diff. dataset, same dims)",fashion_mnist,200,784,0.5,64,0.26666666666666666,0.18666666666666668,0,0.4400059903948765,0.45451029583786895
"Fashion-MNIST M=200 (diff. dataset, same dims)",fashion_mnist,200,784,0.5,149,0.42,0.23333333333333334,0,0.9129534397934677,0.5683005793493326
"Fashion-MNIST M=200 (diff. dataset, same dims)",fashion_mnist,200,784,0.5,97,0.26,0.22666666666666666,0,0.7714025730683982,0.7451198474416216
"Fashion-MNIST M=200 (diff. dataset, same dims)",fashion_mnist,200,784,0.5,19,0.5266666666666666,1.0,1,0.8017003429031674,0.9999999999997734
"Fashion-MNIST M=200 (diff. dataset, same dims)",fashion_mnist,200,784,0.5,43,0.4,1.0,1,0.5690931865888486,0.9999999999990241
"Fashion-MNIST M=200 (diff. dataset, same dims)",fashion_mnist,200,784,0.5,9,0.34,0.2733333333333333,0,0.6651292001546069,0.6928896113524786
"Fashion-MNIST M=200 (diff. dataset, same dims)",fashion_mnist,200,784,0.5,142,0.47333333333333333,1.0,1,0.8193350696615985,0.9999999999991149
"Fashion-MNIST M=200 (diff. dataset, same dims)",fashion_mnist,200,784,0.5,103,0.48,1.0,1,0.8805375270795832,0.9999999999995788
"Fashion-MNIST M=200 (diff. dataset, same dims)",fashion_mnist,200,784,0.5,56,0.34,0.22666666666666666,0,0.745041881735225,0.5149026082321158
"Fashion-MNIST M=200 (diff. dataset, same dims)",fashion_mnist,200,784,0.5,6,0.35333333333333333,0.17333333333333334,0,0.7883402690289338,0.5043169607794591
"Fashion-MNIST M=200 (diff. dataset, same dims)",fashion_mnist,200,784,0.5,22,0.3933333333333333,1.0,1,0.5541623199383459,0.9999999999985866
"Fashion-MNIST M=200 (diff. dataset, same dims)",fashion_mnist,200,784,0.5,12,0.4533333333333333,1.0,1,0.8059008521122479,0.9999999999999077
"Fashion-MNIST M=200 (diff. dataset, same dims)",fashion_mnist,200,784,0.5,93,0.32,0.18666666666666668,0,0.6843696317744843,0.15227035245361525
"Fashion-MNIST M=200 (diff. dataset, same dims)",fashion_mnist,200,784,0.5,144,0.32666666666666666,0.20666666666666667,0,0.6266256175397599,0.13115457461312785
"Fashion-MNIST M=200 (diff. dataset, same dims)",fashion_mnist,200,784,0.5,71,0.42,1.0,1,0.8082317186795565,0.9999999999997276
"Fashion-MNIST M=200 (diff. dataset, same dims)",fashion_mnist,200,784,0.5,178,0.25333333333333335,0.2,0,0.6544773882684938,0.154872308140733
"Fashion-MNIST M=200 (diff. dataset, same dims)",fashion_mnist,200,784,0.6,169,0.25333333333333335,0.23333333333333334,0,0.7630761104218264,0.04333722767186486
"Fashion-MNIST M=200 (diff. dataset, same dims)",fashion_mnist,200,784,0.6,194,0.48,1.0,1,0.8769671135550532,0.9999999999997421
"Fashion-MNIST M=200 (diff. dataset, same dims)",fashion_mnist,200,784,0.6,0,0.3466666666666667,0.24666666666666667,0,0.8210825510607753,0.5721514011910603
"Fashion-MNIST M=200 (diff. dataset, same dims)",fashion_mnist,200,784,0.6,178,0.17333333333333334,0.16666666666666666,0,0.4200230632846623,0.11820821208680582
"Fashion-MNIST M=200 (diff. dataset, same dims)",fashion_mnist,200,784,0.6,74,0.41333333333333333,1.0,1,0.8251856536867372,0.9999999999998656
"Fashion-MNIST M=200 (diff. dataset, same dims)",fashion_mnist,200,784,0.6,27,0.3933333333333333,1.0,1,0.8273207585561356,0.9999999999998945
"Fashion-MNIST M=200 (diff. dataset, same dims)",fashion_mnist,200,784,0.6,195,0.43333333333333335,1.0,1,0.5130548128244643,0.9999999999990471
"Fashion-MNIST M=200 (diff. dataset, same dims)",fashion_mnist,200,784,0.6,90,0.26666666666666666,0.2,0,0.681708355676286,0.41359814193925604
"Fashion-MNIST M=200 (diff. dataset, same dims)",fashion_mnist,200,784,0.6,148,0.36666666666666664,1.0,1,0.37436391466782093,0.9999999999992497
"Fashion-MNIST M=200 (diff. dataset, same dims)",fashion_mnist,200,784,0.6,135,0.3,0.18666666666666668,0,0.5971686849694573,0.25850478531662396
"Fashion-MNIST M=200 (diff. dataset, same dims)",fashion_mnist,200,784,0.6,72,0.2733333333333333,0.18,0,0.22412317809392882,0.19643678762073585
"Fashion-MNIST M=200 (diff. dataset, same dims)",fashion_mnist,200,784,0.6,70,0.30666666666666664,0.16666666666666666,0,0.2681066639603781,0.12257520978980002
"Fashion-MNIST M=200 (diff. dataset, same dims)",fashion_mnist,200,784,0.6,120,0.35333333333333333,0.16666666666666666,0,0.12221076008360668,0.171665187964106
"Fashion-MNIST M=200 (diff. dataset, same dims)",fashion_mnist,200,784,0.6,169,0.3,0.25333333333333335,0,0.5925081091622315,0.14040604056214667
"Fashion-MNIST M=200 (diff. dataset, same dims)",fashion_mnist,200,784,0.6,161,0.26666666666666666,0.20666666666666667,0,0.676024739382655,0.6223686389350175
"Fashion-MNIST M=200 (diff. dataset, same dims)",fashion_mnist,200,784,0.6,18,0.35333333333333333,0.18,0,0.5434076153179332,0.5803830515412387
"Fashion-MNIST M=200 (diff. dataset, same dims)",fashion_mnist,200,784,0.6,156,0.26,0.22666666666666666,0,0.6792364086585521,-0.06840409585273409
"Fashion-MNIST M=200 (diff. dataset, same dims)",fashion_mnist,200,784,0.6,44,0.3333333333333333,1.0,1,0.6273894429764791,0.9999999999995164
"Fashion-MNIST M=200 (diff. dataset, same dims)",fashion_mnist,200,784,0.6,33,0.3333333333333333,0.19333333333333333,0,0.717045588377008,0.25376471376682813
"Fashion-MNIST M=200 (diff. dataset, same dims)",fashion_mnist,200,784,0.6,63,0.26666666666666666,0.17333333333333334,0,0.714574935711106,0.5488281713825736
"Fashion-MNIST M=200 (diff. dataset, same dims)",fashion_mnist,200,784,0.6,101,0.3933333333333333,1.0,1,0.3810219846880739,0.9999999999992989
"Fashion-MNIST M=200 (diff. dataset, same dims)",fashion_mnist,200,784,0.6,5,0.4,1.0,1,0.6791972816501971,0.9999999999994769
"Fashion-MNIST M=200 (diff. dataset, same dims)",fashion_mnist,200,784,0.6,65,0.24666666666666667,0.22,0,0.7195567476429987,0.22196456724203628
"Fashion-MNIST M=200 (diff. dataset, same dims)",fashion_mnist,200,784,0.6,16,0.34,0.18,0,0.07176470539827248,0.03252376494392999
"Fashion-MNIST M=200 (diff. dataset, same dims)",fashion_mnist,200,784,0.6,193,0.4533333333333333,1.0,1,0.8526648092387635,0.999999999999774
"Fashion-MNIST M=200 (diff. dataset, same dims)",fashion_mnist,200,784,0.6,198,0.3466666666666667,0.22,0,0.6758958233808877,0.020266415317161307
"Fashion-MNIST M=200 (diff. dataset, same dims)",fashion_mnist,200,784,0.6,104,0.16,0.19333333333333333,0,0.6633536277458286,0.7999289932854735
"Fashion-MNIST M=200 (diff. dataset, same dims)",fashion_mnist,200,784,0.6,164,0.38666666666666666,0.18,0,0.38965080902049887,0.09537322587819483
"Fashion-MNIST M=200 (diff. dataset, same dims)",fashion_mnist,200,784,0.6,172,0.3466666666666667,0.22,0,0.6174101877372636,0.5086074730935249
"Fashion-MNIST M=200 (diff. dataset, same dims)",fashion_mnist,200,784,0.6,109,0.26,0.16666666666666666,0,0.7469016868639409,0.23286719107150583
"Fashion-MNIST M=200 (diff. dataset, same dims)",fashion_mnist,200,784,0.6,185,0.25333333333333335,0.18666666666666668,0,0.7280724153928776,0.41128814906953076
"Fashion-MNIST M=200 (diff. dataset, same dims)",fashion_mnist,200,784,0.6,102,0.42,1.0,1,0.6344933692211632,0.9999999999995176
"Fashion-MNIST M=200 (diff. dataset, same dims)",fashion_mnist,200,784,0.6,66,0.28,0.25333333333333335,0,0.8402106828577448,0.6921304420411066
"Fashion-MNIST M=200 (diff. dataset, same dims)",fashion_mnist,200,784,0.6,95,0.4,1.0,1,0.51317921285601,0.999999999999131
"Fashion-MNIST M=200 (diff. dataset, same dims)",fashion_mnist,200,784,0.6,138,0.38666666666666666,0.16,0,0.671608620911858,0.6200678474256041
"Fashion-MNIST M=200 (diff. dataset, same dims)",fashion_mnist,200,784,0.6,101,0.32666666666666666,0.21333333333333335,0,0.512904903696348,-0.038824591405570714
"Fashion-MNIST M=200 (diff. dataset, same dims)",fashion_mnist,200,784,0.6,2,0.43333333333333335,1.0,1,0.6533185939749356,0.9999999999960859
"Fashion-MNIST M=200 (diff. dataset, same dims)",fashion_mnist,200,784,0.6,103,0.2866666666666667,0.24,0,0.8199880173211797,0.5946977699650666
"Fashion-MNIST M=200 (diff. dataset, same dims)",fashion_mnist,200,784,0.6,142,0.4,1.0,1,0.5990906152075169,0.9999999999991149
"Fashion-MNIST M=200 (diff. dataset, same dims)",fashion_mnist,200,784,0.6,186,0.28,0.20666666666666667,0,0.7003562779518799,0.906479358285348
"Fashion-MNIST M=200 (diff. dataset, same dims)",fashion_mnist,200,784,0.8,141,0.30666666666666664,0.18,0,0.3495852131736427,0.36984758374503046
"Fashion-MNIST M=200 (diff. dataset, same dims)",fashion_mnist,200,784,0.8,12,0.19333333333333333,0.22,0,0.6073116368084874,0.43038982765838174
"Fashion-MNIST M=200 (diff. dataset, same dims)",fashion_mnist,200,784,0.8,73,0.34,0.18666666666666668,0,0.659885885065313,0.13332918622418732
"Fashion-MNIST M=200 (diff. dataset, same dims)",fashion_mnist,200,784,0.8,147,0.35333333333333333,0.18,0,0.5818968667661204,0.2537214907389767
"Fashion-MNIST M=200 (diff. dataset, same dims)",fashion_mnist,200,784,0.8,84,0.26,0.18666666666666668,0,0.8134859814399633,0.781709895113533
"Fashion-MNIST M=200 (diff. dataset, same dims)",fashion_mnist,200,784,0.8,186,0.16666666666666666,0.2,0,0.7715361148388058,0.6878482088827167
"Fashion-MNIST M=200 (diff. dataset, same dims)",fashion_mnist,200,784,0.8,59,0.29333333333333333,0.32,0,0.7116688461827398,0.6618631077687783
"Fashion-MNIST M=200 (diff. dataset, same dims)",fashion_mnist,200,784,0.8,26,0.24,0.20666666666666667,0,0.4190768392003059,0.16422226565300543
"Fashion-MNIST M=200 (diff. dataset, same dims)",fashion_mnist,200,784,0.8,86,0.26,0.16,0,-0.011654624642910264,0.018690745701864808
"Fashion-MNIST M=200 (diff. dataset, same dims)",fashion_mnist,200,784,0.8,149,0.2733333333333333,0.2,0,0.8566519201125288,0.4427680535978026
"Fashion-MNIST M=200 (diff. dataset, same dims)",fashion_mnist,200,784,0.8,167,0.24666666666666667,0.2866666666666667,0,0.30876935443329073,0.36929496825283203
"Fashion-MNIST M=200 (diff. dataset, same dims)",fashion_mnist,200,784,0.8,102,0.24666666666666667,0.24,0,0.4558845826311875,0.39682801563175923
"Fashion-MNIST M=200 (diff. dataset, same dims)",fashion_mnist,200,784,0.8,133,0.35333333333333333,1.0,1,0.8643767260029944,0.9999999999998435
"Fashion-MNIST M=200 (diff. dataset, same dims)",fashion_mnist,200,784,0.8,126,0.4,1.0,1,0.42460717034294576,0.9999999999996737
"Fashion-MNIST M=200 (diff. dataset, same dims)",fashion_mnist,200,784,0.8,177,0.4,1.0,1,0.8843109898556395,0.999999999999855
"Fashion-MNIST M=200 (diff. dataset, same dims)",fashion_mnist,200,784,0.8,28,0.26,0.18,0,0.7721227986533181,0.708438641735198
"Fashion-MNIST M=200 (diff. dataset, same dims)",fashion_mnist,200,784,0.8,144,0.32666666666666666,0.20666666666666667,0,0.5178219847881094,0.251829041364622
"Fashion-MNIST M=200 (diff. dataset, same dims)",fashion_mnist,200,784,0.8,197,0.29333333333333333,0.18666666666666668,0,0.5814359768570505,0.29162884557018126
"Fashion-MNIST M=200 (diff. dataset, same dims)",fashion_mnist,200,784,0.8,108,0.31333333333333335,0.26,0,0.8029576454322679,0.3858944948426955
"Fashion-MNIST M=200 (diff. dataset, same dims)",fashion_mnist,200,784,0.8,33,0.35333333333333333,0.24666666666666667,0,0.7627151535609348,0.5839718335562926
"Fashion-MNIST M=200 (diff. dataset, same dims)",fashion_mnist,200,784,0.8,92,0.28,0.19333333333333333,0,0.4539615532238576,0.38339478233110696
"Fashion-MNIST M=200 (diff. dataset, same dims)",fashion_mnist,200,784,0.8,156,0.48,1.0,1,0.8616681409747181,0.9999999999996064
"Fashion-MNIST M=200 (diff. dataset, same dims)",fashion_mnist,200,784,0.8,147,0.25333333333333335,0.20666666666666667,0,0.5369157143965899,0.357182570139222
"Fashion-MNIST M=200 (diff. dataset, same dims)",fashion_mnist,200,784,0.8,43,0.23333333333333334,0.18,0,0.5474059387353476,0.11217205830893262
"Fashion-MNIST M=200 (diff. dataset, same dims)",fashion_mnist,200,784,0.8,113,0.29333333333333333,0.22,0,0.503308315946969,0.11520218956968951
"Fashion-MNIST M=200 (diff. dataset, same dims)",fashion_mnist,200,784,0.8,108,0.26666666666666666,0.2,0,0.8705174504968923,0.10560336740818688
"Fashion-MNIST M=200 (diff. dataset, same dims)",fashion_mnist,200,784,0.8,56,0.34,0.22,0,0.6508505212600487,0.8434232196467285
"Fashion-MNIST M=200 (diff. dataset, same dims)",fashion_mnist,200,784,0.8,50,0.24,0.19333333333333333,0,0.30377530127003294,-0.015617234156239435
"Fashion-MNIST M=200 (diff. dataset, same dims)",fashion_mnist,200,784,0.8,27,0.24,0.16,0,0.8020243047016149,0.812793453797852
"Fashion-MNIST M=200 (diff. dataset, same dims)",fashion_mnist,200,784,0.8,103,0.4,1.0,1,0.7065703787102093,0.9999999999995788
"Fashion-MNIST M=200 (diff. dataset, same dims)",fashion_mnist,200,784,0.8,48,0.25333333333333335,0.24,0,0.7156559955704292,-0.029666129859422775
"Fashion-MNIST M=200 (diff. dataset, same dims)",fashion_mnist,200,784,0.8,131,0.2,0.21333333333333335,0,0.7167992862202393,0.4508443072070021
"Fashion-MNIST M=200 (diff. dataset, same dims)",fashion_mnist,200,784,0.8,92,0.3,0.19333333333333333,0,0.44294564982323026,0.38339478233110696
"Fashion-MNIST M=200 (diff. dataset, same dims)",fashion_mnist,200,784,0.8,155,0.2866666666666667,0.19333333333333333,0,0.5702706055155778,0.5014585544826704
"Fashion-MNIST M=200 (diff. dataset, same dims)",fashion_mnist,200,784,0.8,155,0.28,0.18666666666666668,0,0.2617436703341403,0.13439190284816627
"Fashion-MNIST M=200 (diff. dataset, same dims)",fashion_mnist,200,784,0.8,93,0.30666666666666664,0.26,0,0.8346388506463022,0.27589495613353854
"Fashion-MNIST M=200 (diff. dataset, same dims)",fashion_mnist,200,784,0.8,40,0.2866666666666667,0.24666666666666667,0,0.7347796479492229,0.5146272046909152
"Fashion-MNIST M=200 (diff. dataset, same dims)",fashion_mnist,200,784,0.8,83,0.26,0.18666666666666668,0,0.6084600638536729,0.28506192860534757
"Fashion-MNIST M=200 (diff. dataset, same dims)",fashion_mnist,200,784,0.8,170,0.32,0.22666666666666666,0,0.31378197651638096,0.21888443908500593
"Fashion-MNIST M=200 (diff. dataset, same dims)",fashion_mnist,200,784,0.8,76,0.24666666666666667,0.24,0,0.6070973448964823,0.570844093223296
"Fashion-MNIST M=200 (diff. dataset, same dims)",fashion_mnist,200,784,1.0,154,0.26666666666666666,0.24,0,0.5915098703205692,0.3861128433419178
"Fashion-MNIST M=200 (diff. dataset, same dims)",fashion_mnist,200,784,1.0,14,0.34,0.20666666666666667,0,0.6433763121701994,0.8438234495980825
"Fashion-MNIST M=200 (diff. dataset, same dims)",fashion_mnist,200,784,1.0,197,0.28,0.14666666666666667,0,0.495638871385873,0.19862800699655686
"Fashion-MNIST M=200 (diff. dataset, same dims)",fashion_mnist,200,784,1.0,38,0.35333333333333333,0.2,0,0.6147464327470802,0.5446763611798411
"Fashion-MNIST M=200 (diff. dataset, same dims)",fashion_mnist,200,784,1.0,128,0.22,0.19333333333333333,0,0.2670321304839171,0.07252684908527375
"Fashion-MNIST M=200 (diff. dataset, same dims)",fashion_mnist,200,784,1.0,59,0.26666666666666666,0.18666666666666668,0,0.7819762027766796,0.6147317984015582
"Fashion-MNIST M=200 (diff. dataset, same dims)",fashion_mnist,200,784,1.0,29,0.22,0.19333333333333333,0,0.44078847894220796,0.10933333335786508
"Fashion-MNIST M=200 (diff. dataset, same dims)",fashion_mnist,200,784,1.0,48,0.36,0.18666666666666668,0,0.6975587383323211,0.5904807693218546
"Fashion-MNIST M=200 (diff. dataset, same dims)",fashion_mnist,200,784,1.0,138,0.23333333333333334,0.28,0,0.5794446171373832,0.7570267814911428
"Fashion-MNIST M=200 (diff. dataset, same dims)",fashion_mnist,200,784,1.0,167,0.3,0.21333333333333335,0,0.23587019432069853,0.10004766217250166
"Fashion-MNIST M=200 (diff. dataset, same dims)",fashion_mnist,200,784,1.0,88,0.22,0.22666666666666666,0,0.4808911805607825,0.1417356673521791
"Fashion-MNIST M=200 (diff. dataset, same dims)",fashion_mnist,200,784,1.0,18,0.26,0.20666666666666667,0,0.8401661146341495,0.313377526725255
"Fashion-MNIST M=200 (diff. dataset, same dims)",fashion_mnist,200,784,1.0,187,0.34,0.14666666666666667,0,0.25286317596062724,0.23713148024391786
"Fashion-MNIST M=200 (diff. dataset, same dims)",fashion_mnist,200,784,1.0,42,0.2866666666666667,0.20666666666666667,0,0.7434644762603319,0.27316081717803625
"Fashion-MNIST M=200 (diff. dataset, same dims)",fashion_mnist,200,784,1.0,23,0.21333333333333335,0.20666666666666667,0,0.7848394913177978,0.46869016347160847
"Fashion-MNIST M=200 (diff. dataset, same dims)",fashion_mnist,200,784,1.0,134,0.30666666666666664,0.22666666666666666,0,0.6456895296560113,0.789104735283863
"Fashion-MNIST M=200 (diff. dataset, same dims)",fashion_mnist,200,784,1.0,160,0.22666666666666666,0.23333333333333334,0,0.7334531393218127,0.6696037186396481
"Fashion-MNIST M=200 (diff. dataset, same dims)",fashion_mnist,200,784,1.0,101,0.2733333333333333,0.23333333333333334,0,0.16156044748528892,0.1281663614621692
"Fashion-MNIST M=200 (diff. dataset, same dims)",fashion_mnist,200,784,1.0,93,0.29333333333333333,0.18666666666666668,0,0.6810892369746693,0.6175311145826737
"Fashion-MNIST M=200 (diff. dataset, same dims)",fashion_mnist,200,784,1.0,96,0.3933333333333333,1.0,1,0.843636719814314,0.9999999999998882
"Fashion-MNIST M=200 (diff. dataset, same dims)",fashion_mnist,200,784,1.0,106,0.16,0.26666666666666666,0,0.7162491240243535,0.5598316267295594
"Fashion-MNIST M=200 (diff. dataset, same dims)",fashion_mnist,200,784,1.0,102,0.26,0.22,0,0.3368172436537072,-0.00787696183206234
"Fashion-MNIST M=200 (diff. dataset, same dims)",fashion_mnist,200,784,1.0,174,0.26666666666666666,0.17333333333333334,0,0.35962116764394636,0.2283789504926678
"Fashion-MNIST M=200 (diff. dataset, same dims)",fashion_mnist,200,784,1.0,48,0.26,0.22666666666666666,0,0.5911809787767334,0.44163220151274335
"Fashion-MNIST M=200 (diff. dataset, same dims)",fashion_mnist,200,784,1.0,158,0.29333333333333333,0.22666666666666666,0,0.5068033452941859,0.13763947217099193
"Fashion-MNIST M=200 (diff. dataset, same dims)",fashion_mnist,200,784,1.0,142,0.32,0.20666666666666667,0,0.47423970852930536,0.15020954412479068
"Fashion-MNIST M=200 (diff. dataset, same dims)",fashion_mnist,200,784,1.0,167,0.36,1.0,1,0.2339045345780938,0.9999999999993706
"Fashion-MNIST M=200 (diff. dataset, same dims)",fashion_mnist,200,784,1.0,188,0.2733333333333333,0.23333333333333334,0,0.7871885984999788,0.5675970373093107
"Fashion-MNIST M=200 (diff. dataset, same dims)",fashion_mnist,200,784,1.0,119,0.3,0.23333333333333334,0,0.768089295550141,0.7238128048377146
"Fashion-MNIST M=200 (diff. dataset, same dims)",fashion_mnist,200,784,1.0,137,0.19333333333333333,0.18,0,0.5886411933328035,0.38584164193293785
"Fashion-MNIST M=200 (diff. dataset, same dims)",fashion_mnist,200,784,1.0,150,0.3,0.26,0,0.5519751556360533,0.28187715508307803
"Fashion-MNIST M=200 (diff. dataset, same dims)",fashion_mnist,200,784,1.0,161,0.2866666666666667,0.19333333333333333,0,0.5469962507790175,0.7533559752698354
"Fashion-MNIST M=200 (diff. dataset, same dims)",fashion_mnist,200,784,1.0,21,0.28,0.20666666666666667,0,0.5827486278241911,0.053743350155253396
"Fashion-MNIST M=200 (diff. dataset, same dims)",fashion_mnist,200,784,1.0,7,0.15333333333333332,0.2,0,0.6330805601570181,0.6161735317879619
"Fashion-MNIST M=200 (diff. dataset, same dims)",fashion_mnist,200,784,1.0,67,0.12,0.18666666666666668,0,0.7776884049247451,0.7283759886288435
"Fashion-MNIST M=200 (diff. dataset, same dims)",fashion_mnist,200,784,1.0,87,0.22666666666666666,0.2,0,0.634245843659943,0.4715302831262647
"Fashion-MNIST M=200 (diff. dataset, same dims)",fashion_mnist,200,784,1.0,101,0.28,0.2,0,0.22267852165815308,-0.021578183598593974
"Fashion-MNIST M=200 (diff. dataset, same dims)",fashion_mnist,200,784,1.0,184,0.24,0.19333333333333333,0,0.7621547691432823,0.719442873567013
"Fashion-MNIST M=200 (diff. dataset, same dims)",fashion_mnist,200,784,1.0,134,0.37333333333333335,1.0,1,0.8351178784546168,0.9999999999996952
"Fashion-MNIST M=200 (diff. dataset, same dims)",fashion_mnist,200,784,1.0,34,0.26,0.18,0,0.6918059278665435,0.2831637699901961
CIFAR-100 grayscale M=200 (diff. dataset AND dims),cifar100_gray,200,1024,0.0,176,1.0,1.0,1,0.9999999999974444,0.9999999999974444
CIFAR-100 grayscale M=200 (diff. dataset AND dims),cifar100_gray,200,1024,0.0,180,1.0,1.0,1,0.9999999999997812,0.9999999999997812
CIFAR-100 grayscale M=200 (diff. dataset AND dims),cifar100_gray,200,1024,0.0,179,1.0,1.0,1,0.9999999999998354,0.9999999999998354
CIFAR-100 grayscale M=200 (diff. dataset AND dims),cifar100_gray,200,1024,0.0,195,1.0,1.0,1,0.9999999999996643,0.9999999999996643
CIFAR-100 grayscale M=200 (diff. dataset AND dims),cifar100_gray,200,1024,0.0,64,1.0,1.0,1,0.9999999999989403,0.9999999999989403
CIFAR-100 grayscale M=200 (diff. dataset AND dims),cifar100_gray,200,1024,0.0,151,1.0,1.0,1,0.9999999999996846,0.9999999999996846
CIFAR-100 grayscale M=200 (diff. dataset AND dims),cifar100_gray,200,1024,0.0,197,1.0,1.0,1,0.9999999999997272,0.9999999999997272
CIFAR-100 grayscale M=200 (diff. dataset AND dims),cifar100_gray,200,1024,0.0,3,1.0,1.0,1,0.9999999999989244,0.9999999999989244
CIFAR-100 grayscale M=200 (diff. dataset AND dims),cifar100_gray,200,1024,0.0,199,1.0,1.0,1,0.999999999999701,0.999999999999701
CIFAR-100 grayscale M=200 (diff. dataset AND dims),cifar100_gray,200,1024,0.0,19,1.0,1.0,1,0.9999999999997828,0.9999999999997828
CIFAR-100 grayscale M=200 (diff. dataset AND dims),cifar100_gray,200,1024,0.0,48,1.0,1.0,1,0.9999999999997141,0.9999999999997141
CIFAR-100 grayscale M=200 (diff. dataset AND dims),cifar100_gray,200,1024,0.0,81,1.0,1.0,1,0.9999999999996999,0.9999999999996999
CIFAR-100 grayscale M=200 (diff. dataset AND dims),cifar100_gray,200,1024,0.0,158,1.0,1.0,1,0.9999999999996312,0.9999999999996312
CIFAR-100 grayscale M=200 (diff. dataset AND dims),cifar100_gray,200,1024,0.0,146,1.0,1.0,1,0.9999999999996573,0.9999999999996573
CIFAR-100 grayscale M=200 (diff. dataset AND dims),cifar100_gray,200,1024,0.0,92,1.0,1.0,1,0.999999999999602,0.999999999999602
CIFAR-100 grayscale M=200 (diff. dataset AND dims),cifar100_gray,200,1024,0.0,6,1.0,1.0,1,0.9999999999995831,0.9999999999995831
CIFAR-100 grayscale M=200 (diff. dataset AND dims),cifar100_gray,200,1024,0.0,147,1.0,1.0,1,0.9999999999997972,0.9999999999997972
CIFAR-100 grayscale M=200 (diff. dataset AND dims),cifar100_gray,200,1024,0.0,74,1.0,1.0,1,0.9999999999998372,0.9999999999998372
CIFAR-100 grayscale M=200 (diff. dataset AND dims),cifar100_gray,200,1024,0.0,48,1.0,1.0,1,0.9999999999997141,0.9999999999997141
CIFAR-100 grayscale M=200 (diff. dataset AND dims),cifar100_gray,200,1024,0.0,88,1.0,1.0,1,0.9999999999992171,0.9999999999992171
CIFAR-100 grayscale M=200 (diff. dataset AND dims),cifar100_gray,200,1024,0.0,55,1.0,1.0,1,0.9999999999988861,0.9999999999988861
CIFAR-100 grayscale M=200 (diff. dataset AND dims),cifar100_gray,200,1024,0.0,76,1.0,1.0,1,0.9999999999995677,0.9999999999995677
CIFAR-100 grayscale M=200 (diff. dataset AND dims),cifar100_gray,200,1024,0.0,163,1.0,1.0,1,0.9999999999984605,0.9999999999984605
CIFAR-100 grayscale M=200 (diff. dataset AND dims),cifar100_gray,200,1024,0.0,166,1.0,1.0,1,0.9999999999984306,0.9999999999984306
CIFAR-100 grayscale M=200 (diff. dataset AND dims),cifar100_gray,200,1024,0.0,6,1.0,1.0,1,0.9999999999995831,0.9999999999995831
CIFAR-100 grayscale M=200 (diff. dataset AND dims),cifar100_gray,200,1024,0.0,52,1.0,1.0,1,0.9999999999996816,0.9999999999996816
CIFAR-100 grayscale M=200 (diff. dataset AND dims),cifar100_gray,200,1024,0.0,45,1.0,1.0,1,0.9999999999998319,0.9999999999998319
CIFAR-100 grayscale M=200 (diff. dataset AND dims),cifar100_gray,200,1024,0.0,38,1.0,1.0,1,0.9999999999998533,0.9999999999998533
CIFAR-100 grayscale M=200 (diff. dataset AND dims),cifar100_gray,200,1024,0.0,62,1.0,1.0,1,0.9999999999986784,0.9999999999986784
CIFAR-100 grayscale M=200 (diff. dataset AND dims),cifar100_gray,200,1024,0.0,49,1.0,1.0,1,0.9999999999991156,0.9999999999991156
CIFAR-100 grayscale M=200 (diff. dataset AND dims),cifar100_gray,200,1024,0.0,67,1.0,1.0,1,0.9999999999990065,0.9999999999990065
CIFAR-100 grayscale M=200 (diff. dataset AND dims),cifar100_gray,200,1024,0.0,148,1.0,1.0,1,0.9999999999995252,0.9999999999995252
CIFAR-100 grayscale M=200 (diff. dataset AND dims),cifar100_gray,200,1024,0.0,109,1.0,1.0,1,0.9999999999998035,0.9999999999998035
CIFAR-100 grayscale M=200 (diff. dataset AND dims),cifar100_gray,200,1024,0.0,72,1.0,1.0,1,0.9999999999997863,0.9999999999997863
CIFAR-100 grayscale M=200 (diff. dataset AND dims),cifar100_gray,200,1024,0.0,36,1.0,1.0,1,0.9999999999996972,0.9999999999996972
CIFAR-100 grayscale M=200 (diff. dataset AND dims),cifar100_gray,200,1024,0.0,24,1.0,1.0,1,0.999999999999835,0.999999999999835
CIFAR-100 grayscale M=200 (diff. dataset AND dims),cifar100_gray,200,1024,0.0,147,1.0,1.0,1,0.9999999999997972,0.9999999999997972
CIFAR-100 grayscale M=200 (diff. dataset AND dims),cifar100_gray,200,1024,0.0,155,1.0,1.0,1,0.9999999999998724,0.9999999999998724
CIFAR-100 grayscale M=200 (diff. dataset AND dims),cifar100_gray,200,1024,0.0,56,1.0,1.0,1,0.999999999999724,0.999999999999724
CIFAR-100 grayscale M=200 (diff. dataset AND dims),cifar100_gray,200,1024,0.0,95,1.0,1.0,1,0.99999999999813,0.99999999999813
CIFAR-100 grayscale M=200 (diff. dataset AND dims),cifar100_gray,200,1024,0.1,24,0.9733333333333334,1.0,1,0.9940679343143455,0.999999999999835
CIFAR-100 grayscale M=200 (diff. dataset AND dims),cifar100_gray,200,1024,0.1,80,0.92,1.0,1,0.9836526773104602,0.9999999999994874
CIFAR-100 grayscale M=200 (diff. dataset AND dims),cifar100_gray,200,1024,0.1,121,0.9,1.0,1,0.9733754959997986,0.9999999999994997
CIFAR-100 grayscale M=200 (diff. dataset AND dims),cifar100_gray,200,1024,0.1,9,0.8733333333333333,1.0,1,0.8856971809674529,0.9999999999995084
CIFAR-100 grayscale M=200 (diff. dataset AND dims),cifar100_gray,200,1024,0.1,135,0.7933333333333333,1.0,1,0.7650121497579162,0.9999999999981971
CIFAR-100 grayscale M=200 (diff. dataset AND dims),cifar100_gray,200,1024,0.1,192,0.86,1.0,1,0.9543628263659627,0.9999999999998723
CIFAR-100 grayscale M=200 (diff. dataset AND dims),cifar100_gray,200,1024,0.1,61,0.9266666666666666,1.0,1,0.7847076600228833,0.9999999999976549
CIFAR-100 grayscale M=200 (diff. dataset AND dims),cifar100_gray,200,1024,0.1,134,0.9266666666666666,1.0,1,0.9656486767738941,0.9999999999994162
CIFAR-100 grayscale M=200 (diff. dataset AND dims),cifar100_gray,200,1024,0.1,98,0.9133333333333333,1.0,1,0.9778716902289852,0.9999999999997599
CIFAR-100 grayscale M=200 (diff. dataset AND dims),cifar100_gray,200,1024,0.1,74,0.88,1.0,1,0.9867215362552753,0.9999999999998372
CIFAR-100 grayscale M=200 (diff. dataset AND dims),cifar100_gray,200,1024,0.1,128,0.9333333333333333,1.0,1,0.9418626843728719,0.999999999999694
CIFAR-100 grayscale M=200 (diff. dataset AND dims),cifar100_gray,200,1024,0.1,152,0.94,1.0,1,0.9883033402745214,0.999999999999698
CIFAR-100 grayscale M=200 (diff. dataset AND dims),cifar100_gray,200,1024,0.1,45,0.8333333333333334,1.0,1,0.9569901172027253,0.9999999999998319
CIFAR-100 grayscale M=200 (diff. dataset AND dims),cifar100_gray,200,1024,0.1,169,0.9066666666666666,1.0,1,0.9851244965484138,0.9999999999997802
CIFAR-100 grayscale M=200 (diff. dataset AND dims),cifar100_gray,200,1024,0.1,88,0.9066666666666666,1.0,1,0.9504853688744118,0.9999999999992171
CIFAR-100 grayscale M=200 (diff. dataset AND dims),cifar100_gray,200,1024,0.1,190,0.92,1.0,1,0.9836551857842376,0.9999999999998102
CIFAR-100 grayscale M=200 (diff. dataset AND dims),cifar100_gray,200,1024,0.1,96,0.8533333333333334,1.0,1,0.9376456218396522,0.9999999999996807
CIFAR-100 grayscale M=200 (diff. dataset AND dims),cifar100_gray,200,1024,0.1,101,0.92,1.0,1,0.9602288292568845,0.9999999999997073
CIFAR-100 grayscale M=200 (diff. dataset AND dims),cifar100_gray,200,1024,0.1,135,0.94,1.0,1,0.942262364119841,0.9999999999981971
CIFAR-100 grayscale M=200 (diff. dataset AND dims),cifar100_gray,200,1024,0.1,44,0.9466666666666667,1.0,1,0.9831586600989395,0.9999999999995839
CIFAR-100 grayscale M=200 (diff. dataset AND dims),cifar100_gray,200,1024,0.1,198,0.9266666666666666,1.0,1,0.933457993898846,0.9999999999996465
CIFAR-100 grayscale M=200 (diff. dataset AND dims),cifar100_gray,200,1024,0.1,165,0.96,1.0,1,0.9934569894445598,0.9999999999998843
CIFAR-100 grayscale M=200 (diff. dataset AND dims),cifar100_gray,200,1024,0.1,14,0.9,1.0,1,0.9535145606541977,0.9999999999997282
CIFAR-100 grayscale M=200 (diff. dataset AND dims),cifar100_gray,200,1024,0.1,45,0.92,1.0,1,0.9812597062606344,0.9999999999998319
CIFAR-100 grayscale M=200 (diff. dataset AND dims),cifar100_gray,200,1024,0.1,89,0.92,1.0,1,0.94672088598502,0.9999999999996653
CIFAR-100 grayscale M=200 (diff. dataset AND dims),cifar100_gray,200,1024,0.1,103,0.8933333333333333,1.0,1,0.9417751733723217,0.9999999999995781
CIFAR-100 grayscale M=200 (diff. dataset AND dims),cifar100_gray,200,1024,0.1,114,0.9733333333333334,1.0,1,0.991614348599182,0.9999999999997032
CIFAR-100 grayscale M=200 (diff. dataset AND dims),cifar100_gray,200,1024,0.1,69,0.9533333333333334,1.0,1,0.9861759381506032,0.9999999999996961
CIFAR-100 grayscale M=200 (diff. dataset AND dims),cifar100_gray,200,1024,0.1,191,0.94,1.0,1,0.988107011225093,0.9999999999998136
CIFAR-100 grayscale M=200 (diff. dataset AND dims),cifar100_gray,200,1024,0.1,91,0.82,1.0,1,0.6309771533763,0.9999999999995167
CIFAR-100 grayscale M=200 (diff. dataset AND dims),cifar100_gray,200,1024,0.1,198,0.9466666666666667,1.0,1,0.9667852168149682,0.9999999999996465
CIFAR-100 grayscale M=200 (diff. dataset AND dims),cifar100_gray,200,1024,0.1,163,0.8666666666666667,1.0,1,0.84429141968045,0.9999999999984605
CIFAR-100 grayscale M=200 (diff. dataset AND dims),cifar100_gray,200,1024,0.1,82,0.9266666666666666,1.0,1,0.9344999352142356,0.9999999999996119
CIFAR-100 grayscale M=200 (diff. dataset AND dims),cifar100_gray,200,1024,0.1,26,0.9733333333333334,1.0,1,0.9894605984518253,0.9999999999996699
CIFAR-100 grayscale M=200 (diff. dataset AND dims),cifar100_gray,200,1024,0.1,70,0.9,1.0,1,0.9207939081085982,0.9999999999992235
CIFAR-100 grayscale M=200 (diff. dataset AND dims),cifar100_gray,200,1024,0.1,146,0.9333333333333333,1.0,1,0.9684642777151936,0.9999999999996573
CIFAR-100 grayscale M=200 (diff. dataset AND dims),cifar100_gray,200,1024,0.1,123,0.94,1.0,1,0.9845126704487318,0.9999999999996338
CIFAR-100 grayscale M=200 (diff. dataset AND dims),cifar100_gray,200,1024,0.1,127,0.92,1.0,1,0.947961498932245,0.9999999999989746
CIFAR-100 grayscale M=200 (diff. dataset AND dims),cifar100_gray,200,1024,0.1,95,0.84,1.0,1,0.6946672669078359,0.99999999999813
CIFAR-100 grayscale M=200 (diff. dataset AND dims),cifar100_gray,200,1024,0.1,144,0.92,1.0,1,0.9550115662102009,0.9999999999995943
CIFAR-100 grayscale M=200 (diff. dataset AND dims),cifar100_gray,200,1024,0.2,124,0.5466666666666666,1.0,1,0.6667482378898237,0.9999999999991535
CIFAR-100 grayscale M=200 (diff. dataset AND dims),cifar100_gray,200,1024,0.2,161,0.6266666666666667,1.0,1,0.826187599983533,0.9999999999997929
CIFAR-100 grayscale M=200 (diff. dataset AND dims),cifar100_gray,200,1024,0.2,161,0.6,1.0,1,0.8651708065944882,0.9999999999997929
CIFAR-100 grayscale M=200 (diff. dataset AND dims),cifar100_gray,200,1024,0.2,175,0.58,1.0,1,0.720868043428467,0.999999999998987
CIFAR-100 grayscale M=200 (diff. dataset AND dims),cifar100_gray,200,1024,0.2,100,0.7266666666666667,1.0,1,0.9619563403815476,0.9999999999999152
CIFAR-100 grayscale M=200 (diff. dataset AND dims),cifar100_gray,200,1024,0.2,91,0.6733333333333333,1.0,1,0.7617414436423536,0.9999999999995167
CIFAR-100 grayscale M=200 (diff. dataset AND dims),cifar100_gray,200,1024,0.2,98,0.56,1.0,1,0.8266107647076093,0.9999999999997599
CIFAR-100 grayscale M=200 (diff. dataset AND dims),cifar100_gray,200,1024,0.2,173,0.68,1.0,1,0.935004384241539,0.9999999999998654
CIFAR-100 grayscale M=200 (diff. dataset AND dims),cifar100_gray,200,1024,0.2,195,0.5466666666666666,1.0,1,0.6437631604724764,0.9999999999996643
CIFAR-100 grayscale M=200 (diff. dataset AND dims),cifar100_gray,200,1024,0.2,49,0.68,1.0,1,0.698329258608306,0.9999999999991156
CIFAR-100 grayscale M=200 (diff. dataset AND dims),cifar100_gray,200,1024,0.2,110,0.6066666666666667,1.0,1,0.7166773589215043,0.9999999999997271
CIFAR-100 grayscale M=200 (diff. dataset AND dims),cifar100_gray,200,1024,0.2,75,0.74,1.0,1,0.8720865562175297,0.9999999999996076
CIFAR-100 grayscale M=200 (diff. dataset AND dims),cifar100_gray,200,1024,0.2,76,0.6466666666666666,1.0,1,0.5112340949568027,0.9999999999995677
CIFAR-100 grayscale M=200 (diff. dataset AND dims),cifar100_gray,200,1024,0.2,135,0.62,1.0,1,0.6815150580946108,0.9999999999981971
CIFAR-100 grayscale M=200 (diff. dataset AND dims),cifar100_gray,200,1024,0.2,172,0.5933333333333334,1.0,1,0.8060842767804312,0.9999999999998163
CIFAR-100 grayscale M=200 (diff. dataset AND dims),cifar100_gray,200,1024,0.2,73,0.64,1.0,1,0.6245723526202805,0.9999999999997161
CIFAR-100 grayscale M=200 (diff. dataset AND dims),cifar100_gray,200,1024,0.2,189,0.5466666666666666,1.0,1,0.5967837252618213,0.9999999999994459
CIFAR-100 grayscale M=200 (diff. dataset AND dims),cifar100_gray,200,1024,0.2,55,0.6133333333333333,1.0,1,0.6233539763004642,0.9999999999988861
CIFAR-100 grayscale M=200 (diff. dataset AND dims),cifar100_gray,200,1024,0.2,171,0.6066666666666667,1.0,1,0.8173268754163789,0.9999999999997407
CIFAR-100 grayscale M=200 (diff. dataset AND dims),cifar100_gray,200,1024,0.2,191,0.6866666666666666,1.0,1,0.9498877730980497,0.9999999999998136
CIFAR-100 grayscale M=200 (diff. dataset AND dims),cifar100_gray,200,1024,0.2,47,0.7266666666666667,1.0,1,0.9083653660166712,0.9999999999999132
CIFAR-100 grayscale M=200 (diff. dataset AND dims),cifar100_gray,200,1024,0.2,67,0.6466666666666666,1.0,1,0.5717905334628532,0.9999999999990065
CIFAR-100 grayscale M=200 (diff. dataset AND dims),cifar100_gray,200,1024,0.2,148,0.72,1.0,1,0.8778534761145882,0.9999999999995252
CIFAR-100 grayscale M=200 (diff. dataset AND dims),cifar100_gray,200,1024,0.2,100,0.72,1.0,1,0.9585990701043567,0.9999999999999152
CIFAR-100 grayscale M=200 (diff. dataset AND dims),cifar100_gray,200,1024,0.2,121,0.7133333333333334,1.0,1,0.8702345178771664,0.9999999999994997
CIFAR-100 grayscale M=200 (diff. dataset AND dims),cifar100_gray,200,1024,0.2,23,0.7333333333333333,1.0,1,0.8943179349730149,0.9999999999998733
CIFAR-100 grayscale M=200 (diff. dataset AND dims),cifar100_gray,200,1024,0.2,142,0.68,1.0,1,0.8058181315470014,0.9999999999997928
CIFAR-100 grayscale M=200 (diff. dataset AND dims),cifar100_gray,200,1024,0.2,182,0.5866666666666667,1.0,1,0.4282655680441259,0.9999999999987766
CIFAR-100 grayscale M=200 (diff. dataset AND dims),cifar100_gray,200,1024,0.2,183,0.7133333333333334,1.0,1,0.6743643226225048,0.9999999999993064
CIFAR-100 grayscale M=200 (diff. dataset AND dims),cifar100_gray,200,1024,0.2,138,0.6866666666666666,1.0,1,0.8843688889017853,0.9999999999997098
CIFAR-100 grayscale M=200 (diff. dataset AND dims),cifar100_gray,200,1024,0.2,176,0.4666666666666667,1.0,1,0.22432371371378404,0.9999999999974444
CIFAR-100 grayscale M=200 (diff. dataset AND dims),cifar100_gray,200,1024,0.2,68,0.72,1.0,1,0.7865669656073118,0.9999999999995196
CIFAR-100 grayscale M=200 (diff. dataset AND dims),cifar100_gray,200,1024,0.2,149,0.7133333333333334,1.0,1,0.7191279256943657,0.9999999999994378
CIFAR-100 grayscale M=200 (diff. dataset AND dims),cifar100_gray,200,1024,0.2,34,0.6,1.0,1,0.9116367139431528,0.9999999999998682
CIFAR-100 grayscale M=200 (diff. dataset AND dims),cifar100_gray,200,1024,0.2,95,0.68,1.0,1,0.592817027620276,0.99999999999813
CIFAR-100 grayscale M=200 (diff. dataset AND dims),cifar100_gray,200,1024,0.2,85,0.49333333333333335,1.0,1,0.6236321170770499,0.9999999999995159
CIFAR-100 grayscale M=200 (diff. dataset AND dims),cifar100_gray,200,1024,0.2,53,0.72,1.0,1,0.7868323406837072,0.9999999999997781
CIFAR-100 grayscale M=200 (diff. dataset AND dims),cifar100_gray,200,1024,0.2,159,0.5666666666666667,1.0,1,0.5789019130382327,0.9999999999996683
CIFAR-100 grayscale M=200 (diff. dataset AND dims),cifar100_gray,200,1024,0.2,4,0.58,1.0,1,0.829432331497733,0.9999999999996877
CIFAR-100 grayscale M=200 (diff. dataset AND dims),cifar100_gray,200,1024,0.2,3,0.6733333333333333,1.0,1,0.49896954036199076,0.9999999999989244
CIFAR-100 grayscale M=200 (diff. dataset AND dims),cifar100_gray,200,1024,0.3,47,0.6133333333333333,1.0,1,0.8454895621855425,0.9999999999999132
CIFAR-100 grayscale M=200 (diff. dataset AND dims),cifar100_gray,200,1024,0.3,168,0.52,1.0,1,0.501362152755481,0.9999999999995925
CIFAR-100 grayscale M=200 (diff. dataset AND dims),cifar100_gray,200,1024,0.3,30,0.56,1.0,1,0.4850452820994582,0.9999999999984156
CIFAR-100 grayscale M=200 (diff. dataset AND dims),cifar100_gray,200,1024,0.3,23,0.5,1.0,1,0.901082028569243,0.9999999999998733
CIFAR-100 grayscale M=200 (diff. dataset AND dims),cifar100_gray,200,1024,0.3,180,0.49333333333333335,1.0,1,0.5039931477107567,0.9999999999997812
CIFAR-100 grayscale M=200 (diff. dataset AND dims),cifar100_gray,200,1024,0.3,110,0.5066666666666667,1.0,1,0.754022910001175,0.9999999999997271
CIFAR-100 grayscale M=200 (diff. dataset AND dims),cifar100_gray,200,1024,0.3,189,0.54,1.0,1,0.7148728618030764,0.9999999999994459
CIFAR-100 grayscale M=200 (diff. dataset AND dims),cifar100_gray,200,1024,0.3,92,0.44,1.0,1,0.5535995369628639,0.999999999999602
CIFAR-100 grayscale M=200 (diff. dataset AND dims),cifar100_gray,200,1024,0.3,180,0.48,1.0,1,0.5711579922944172,0.9999999999997812
CIFAR-100 grayscale M=200 (diff. dataset AND dims),cifar100_gray,200,1024,0.3,187,0.44666666666666666,1.0,1,0.5277439368714453,0.9999999999995558
CIFAR-100 grayscale M=200 (diff. dataset AND dims),cifar100_gray,200,1024,0.3,108,0.4266666666666667,1.0,1,0.2157538011106613,0.999999999998496
CIFAR-100 grayscale M=200 (diff. dataset AND dims),cifar100_gray,200,1024,0.3,177,0.42,1.0,1,0.7348789445368197,0.9999999999997202
CIFAR-100 grayscale M=200 (diff. dataset AND dims),cifar100_gray,200,1024,0.3,18,0.58,1.0,1,0.9104431198211268,0.9999999999998964
CIFAR-100 grayscale M=200 (diff. dataset AND dims),cifar100_gray,200,1024,0.3,1,0.5,1.0,1,0.7735050272734446,0.9999999999997665
CIFAR-100 grayscale M=200 (diff. dataset AND dims),cifar100_gray,200,1024,0.3,55,0.5266666666666666,1.0,1,0.5096210460413906,0.9999999999988861
CIFAR-100 grayscale M=200 (diff. dataset AND dims),cifar100_gray,200,1024,0.3,184,0.5333333333333333,1.0,1,0.43665314011917516,0.9999999999988535
CIFAR-100 grayscale M=200 (diff. dataset AND dims),cifar100_gray,200,1024,0.3,42,0.5333333333333333,1.0,1,0.36142322495572765,0.9999999999997607
CIFAR-100 grayscale M=200 (diff. dataset AND dims),cifar100_gray,200,1024,0.3,169,0.4066666666666667,1.0,1,0.5526074558176686,0.9999999999997802
CIFAR-100 grayscale M=200 (diff. dataset AND dims),cifar100_gray,200,1024,0.3,116,0.5133333333333333,1.0,1,0.7434573351415118,0.9999999999995676
CIFAR-100 grayscale M=200 (diff. dataset AND dims),cifar100_gray,200,1024,0.3,107,0.56,1.0,1,0.8481046918326505,0.9999999999998693
CIFAR-100 grayscale M=200 (diff. dataset AND dims),cifar100_gray,200,1024,0.3,41,0.58,1.0,1,0.6136605885246889,0.9999999999986561
CIFAR-100 grayscale M=200 (diff. dataset AND dims),cifar100_gray,200,1024,0.3,168,0.52,1.0,1,0.5188654765493566,0.9999999999995925
CIFAR-100 grayscale M=200 (diff. dataset AND dims),cifar100_gray,200,1024,0.3,108,0.44,1.0,1,0.4449471456860019,0.999999999998496
CIFAR-100 grayscale M=200 (diff. dataset AND dims),cifar100_gray,200,1024,0.3,149,0.4,1.0,1,0.4519415951789679,0.9999999999994378
CIFAR-100 grayscale M=200 (diff. dataset AND dims),cifar100_gray,200,1024,0.3,16,0.44666666666666666,1.0,1,0.7131831101546326,0.9999999999998603
CIFAR-100 grayscale M=200 (diff. dataset AND dims),cifar100_gray,200,1024,0.3,156,0.56,1.0,1,0.7099405092914559,0.999999999999868
CIFAR-100 grayscale M=200 (diff. dataset AND dims),cifar100_gray,200,1024,0.3,149,0.5333333333333333,1.0,1,0.5211661766429447,0.9999999999994378
CIFAR-100 grayscale M=200 (diff. dataset AND dims),cifar100_gray,200,1024,0.3,3,0.42,1.0,1,0.24441828104773106,0.9999999999989244
CIFAR-100 grayscale M=200 (diff. dataset AND dims),cifar100_gray,200,1024,0.3,38,0.5066666666666667,1.0,1,0.8516033921371008,0.9999999999998533
CIFAR-100 grayscale M=200 (diff. dataset AND dims),cifar100_gray,200,1024,0.3,3,0.47333333333333333,1.0,1,0.37669474474916753,0.9999999999989244
CIFAR-100 grayscale M=200 (diff. dataset AND dims),cifar100_gray,200,1024,0.3,170,0.4666666666666667,1.0,1,0.7057680686837402,0.9999999999998388
CIFAR-100 grayscale M=200 (diff. dataset AND dims),cifar100_gray,200,1024,0.3,190,0.4066666666666667,1.0,1,0.6408219281840577,0.9999999999998102
CIFAR-100 grayscale M=200 (diff. dataset AND dims),cifar100_gray,200,1024,0.3,138,0.54,1.0,1,0.6500691726476528,0.9999999999997098
CIFAR-100 grayscale M=200 (diff. dataset AND dims),cifar100_gray,200,1024,0.3,128,0.5133333333333333,1.0,1,0.7568497217022779,0.999999999999694
CIFAR-100 grayscale M=200 (diff. dataset AND dims),cifar100_gray,200,1024,0.3,133,0.44666666666666666,1.0,1,0.7194289951431923,0.9999999999993966
CIFAR-100 grayscale M=200 (diff. dataset AND dims),cifar100_gray,200,1024,0.3,132,0.5533333333333333,1.0,1,0.8501729383527412,0.9999999999998852
CIFAR-100 grayscale M=200 (diff. dataset AND dims),cifar100_gray,200,1024,0.3,140,0.43333333333333335,0.19333333333333333,0,0.6814061435290392,0.15937474403352203
CIFAR-100 grayscale M=200 (diff. dataset AND dims),cifar100_gray,200,1024,0.3,0,0.62,1.0,1,0.7034611837810477,0.9999999999996622
CIFAR-100 grayscale M=200 (diff. dataset AND dims),cifar100_gray,200,1024,0.3,97,0.4266666666666667,1.0,1,0.5623719629515775,0.9999999999995909
CIFAR-100 grayscale M=200 (diff. dataset AND dims),cifar100_gray,200,1024,0.3,18,0.4666666666666667,1.0,1,0.8049964738772669,0.9999999999998964
CIFAR-100 grayscale M=200 (diff. dataset AND dims),cifar100_gray,200,1024,0.4,99,0.30666666666666664,0.18,0,0.554136826647147,0.15569292834727844
CIFAR-100 grayscale M=200 (diff. dataset AND dims),cifar100_gray,200,1024,0.4,48,0.34,0.21333333333333335,0,0.24578257279713595,0.022832399512886667
CIFAR-100 grayscale M=200 (diff. dataset AND dims),cifar100_gray,200,1024,0.4,107,0.4066666666666667,1.0,1,0.5617138027016444,0.9999999999998693
CIFAR-100 grayscale M=200 (diff. dataset AND dims),cifar100_gray,200,1024,0.4,156,0.42,1.0,1,0.5371986792426143,0.999999999999868
CIFAR-100 grayscale M=200 (diff. dataset AND dims),cifar100_gray,200,1024,0.4,13,0.32,0.20666666666666667,0,0.25801690547084316,-0.17278482459064232
CIFAR-100 grayscale M=200 (diff. dataset AND dims),cifar100_gray,200,1024,0.4,123,0.42,1.0,1,0.5867874008030532,0.9999999999996338
CIFAR-100 grayscale M=200 (diff. dataset AND dims),cifar100_gray,200,1024,0.4,65,0.6066666666666667,1.0,1,0.6533600944522402,0.9999999999991469
CIFAR-100 grayscale M=200 (diff. dataset AND dims),cifar100_gray,200,1024,0.4,157,0.4533333333333333,1.0,1,0.3341365462042721,0.9999999999992353
CIFAR-100 grayscale M=200 (diff. dataset AND dims),cifar100_gray,200,1024,0.4,134,0.36666666666666664,1.0,1,0.1845492522361662,0.9999999999994162
CIFAR-100 grayscale M=200 (diff. dataset AND dims),cifar100_gray,200,1024,0.4,16,0.4533333333333333,1.0,1,0.7561284903152231,0.9999999999998603
CIFAR-100 grayscale M=200 (diff. dataset AND dims),cifar100_gray,200,1024,0.4,193,0.48,1.0,1,0.7854393929091649,0.9999999999998177
CIFAR-100 grayscale M=200 (diff. dataset AND dims),cifar100_gray,200,1024,0.4,24,0.4533333333333333,1.0,1,0.779979214818133,0.999999999999835
CIFAR-100 grayscale M=200 (diff. dataset AND dims),cifar100_gray,200,1024,0.4,69,0.5066666666666667,1.0,1,0.7637653038493414,0.9999999999996961
CIFAR-100 grayscale M=200 (diff. dataset AND dims),cifar100_gray,200,1024,0.4,86,0.52,1.0,1,0.592385766936608,0.9999999999996866
CIFAR-100 grayscale M=200 (diff. dataset AND dims),cifar100_gray,200,1024,0.4,129,0.3933333333333333,1.0,1,0.36407377765759596,0.9999999999994981
CIFAR-100 grayscale M=200 (diff. dataset AND dims),cifar100_gray,200,1024,0.4,168,0.4666666666666667,1.0,1,0.19771122045060074,0.9999999999995925
CIFAR-100 grayscale M=200 (diff. dataset AND dims),cifar100_gray,200,1024,0.4,66,0.46,1.0,1,0.2828890195590575,0.9999999999989225
CIFAR-100 grayscale M=200 (diff. dataset AND dims),cifar100_gray,200,1024,0.4,76,0.43333333333333335,1.0,1,0.5818988955291722,0.9999999999995677
CIFAR-100 grayscale M=200 (diff. dataset AND dims),cifar100_gray,200,1024,0.4,53,0.46,1.0,1,0.06520046741892421,0.9999999999997781
CIFAR-100 grayscale M=200 (diff. dataset AND dims),cifar100_gray,200,1024,0.4,14,0.4066666666666667,1.0,1,0.6700456696013122,0.9999999999997282
CIFAR-100 grayscale M=200 (diff. dataset AND dims),cifar100_gray,200,1024,0.4,33,0.36666666666666664,0.19333333333333333,0,0.5039243793085769,0.046745294379577286
CIFAR-100 grayscale M=200 (diff. dataset AND dims),cifar100_gray,200,1024,0.4,197,0.38,0.22666666666666666,0,0.6714287357099232,-0.3127784492693591
CIFAR-100 grayscale M=200 (diff. dataset AND dims),cifar100_gray,200,1024,0.4,7,0.3466666666666667,0.21333333333333335,0,0.3124568419488335,-0.09475505466435549
CIFAR-100 grayscale M=200 (diff. dataset AND dims),cifar100_gray,200,1024,0.4,191,0.38666666666666666,1.0,1,0.7296968031365666,0.9999999999998136
CIFAR-100 grayscale M=200 (diff. dataset AND dims),cifar100_gray,200,1024,0.4,104,0.3333333333333333,0.18666666666666668,0,0.32865690156615285,-0.1011375140427546
CIFAR-100 grayscale M=200 (diff. dataset AND dims),cifar100_gray,200,1024,0.4,127,0.37333333333333335,1.0,1,-0.029632583946225446,0.9999999999989746
CIFAR-100 grayscale M=200 (diff. dataset AND dims),cifar100_gray,200,1024,0.4,113,0.47333333333333333,1.0,1,0.46957749950393396,0.9999999999998693
CIFAR-100 grayscale M=200 (diff. dataset AND dims),cifar100_gray,200,1024,0.4,43,0.38666666666666666,1.0,1,0.30927744365307125,0.9999999999995804
CIFAR-100 grayscale M=200 (diff. dataset AND dims),cifar100_gray,200,1024,0.4,120,0.29333333333333333,0.20666666666666667,0,0.2917182993148039,-0.05552081776713372
CIFAR-100 grayscale M=200 (diff. dataset AND dims),cifar100_gray,200,1024,0.4,44,0.41333333333333333,0.18666666666666668,0,0.5763071703311325,-0.15010744718602603
CIFAR-100 grayscale M=200 (diff. dataset AND dims),cifar100_gray,200,1024,0.4,67,0.4533333333333333,1.0,1,0.2768278773602269,0.9999999999990065
CIFAR-100 grayscale M=200 (diff. dataset AND dims),cifar100_gray,200,1024,0.4,178,0.35333333333333333,1.0,1,0.15943454658624545,0.9999999999997233
CIFAR-100 grayscale M=200 (diff. dataset AND dims),cifar100_gray,200,1024,0.4,1,0.4533333333333333,1.0,1,0.652264189770713,0.9999999999997665
CIFAR-100 grayscale M=200 (diff. dataset AND dims),cifar100_gray,200,1024,0.4,153,0.30666666666666664,0.2733333333333333,0,0.2509586602598183,0.2462659923744433
CIFAR-100 grayscale M=200 (diff. dataset AND dims),cifar100_gray,200,1024,0.4,180,0.36,0.22666666666666666,0,0.20206019585502505,-0.25443938567776947
CIFAR-100 grayscale M=200 (diff. dataset AND dims),cifar100_gray,200,1024,0.4,87,0.3466666666666667,0.21333333333333335,0,0.7056311061182579,0.046385200517347784
CIFAR-100 grayscale M=200 (diff. dataset AND dims),cifar100_gray,200,1024,0.4,191,0.36,0.24,0,0.734200475457896,-0.09366805839218055
CIFAR-100 grayscale M=200 (diff. dataset AND dims),cifar100_gray,200,1024,0.4,81,0.43333333333333335,1.0,1,0.5003698976607722,0.9999999999996999
CIFAR-100 grayscale M=200 (diff. dataset AND dims),cifar100_gray,200,1024,0.4,148,0.4533333333333333,1.0,1,0.4679149813548732,0.9999999999995252
CIFAR-100 grayscale M=200 (diff. dataset AND dims),cifar100_gray,200,1024,0.4,60,0.25333333333333335,0.14,0,0.20229705229854292,0.003319107566811639
CIFAR-100 grayscale M=200 (diff. dataset AND dims),cifar100_gray,200,1024,0.5,111,0.24666666666666667,0.24,0,0.3670959671312585,0.004276038009518687
CIFAR-100 grayscale M=200 (diff. dataset AND dims),cifar100_gray,200,1024,0.5,40,0.48,1.0,1,0.8275695761340672,0.9999999999998356
CIFAR-100 grayscale M=200 (diff. dataset AND dims),cifar100_gray,200,1024,0.5,3,0.36,0.25333333333333335,0,0.24339956116015174,-0.0072710449215757506
CIFAR-100 grayscale M=200 (diff. dataset AND dims),cifar100_gray,200,1024,0.5,76,0.36,0.26,0,0.6451652678095626,-0.06071158560787521
CIFAR-100 grayscale M=200 (diff. dataset AND dims),cifar100_gray,200,1024,0.5,26,0.38,1.0,1,0.40683927501544587,0.9999999999996699
CIFAR-100 grayscale M=200 (diff. dataset AND dims),cifar100_gray,200,1024,0.5,70,0.3333333333333333,0.24,0,0.5593306665961851,-0.16271163870520097
CIFAR-100 grayscale M=200 (diff. dataset AND dims),cifar100_gray,200,1024,0.5,6,0.26666666666666666,0.18666666666666668,0,0.2193581624441455,0.3945122675811483
CIFAR-100 grayscale M=200 (diff. dataset AND dims),cifar100_gray,200,1024,0.5,139,0.35333333333333333,0.20666666666666667,0,0.3401955986411871,0.2207778669250983
CIFAR-100 grayscale M=200 (diff. dataset AND dims),cifar100_gray,200,1024,0.5,41,0.12666666666666668,0.16,0,0.24784854771278644,0.4194300643879604
CIFAR-100 grayscale M=200 (diff. dataset AND dims),cifar100_gray,200,1024,0.5,3,0.24,0.21333333333333335,0,0.19172822626947938,0.01249256104579579
CIFAR-100 grayscale M=200 (diff. dataset AND dims),cifar100_gray,200,1024,0.5,162,0.3933333333333333,1.0,1,0.456864639572493,0.9999999999998211
CIFAR-100 grayscale M=200 (diff. dataset AND dims),cifar100_gray,200,1024,0.5,197,0.3,0.20666666666666667,0,0.46565015284147754,-0.2913829875596766
CIFAR-100 grayscale M=200 (diff. dataset AND dims),cifar100_gray,200,1024,0.5,191,0.34,0.23333333333333334,0,0.416927252220248,-0.13964206197925674
CIFAR-100 grayscale M=200 (diff. dataset AND dims),cifar100_gray,200,1024,0.5,36,0.32666666666666666,0.16,0,0.40839254101345335,-0.3946983365719275
CIFAR-100 grayscale M=200 (diff. dataset AND dims),cifar100_gray,200,1024,0.5,86,0.42,1.0,1,0.14599524950641135,0.9999999999996866
CIFAR-100 grayscale M=200 (diff. dataset AND dims),cifar100_gray,200,1024,0.5,142,0.34,0.21333333333333335,0,0.3329702562203144,-0.28485917389601556
CIFAR-100 grayscale M=200 (diff. dataset AND dims),cifar100_gray,200,1024,0.5,191,0.2733333333333333,0.18,0,0.7362077369570172,0.031328393500937225
CIFAR-100 grayscale M=200 (diff. dataset AND dims),cifar100_gray,200,1024,0.5,175,0.32666666666666666,0.21333333333333335,0,0.33951390232625966,0.11052659775569404
CIFAR-100 grayscale M=200 (diff. dataset AND dims),cifar100_gray,200,1024,0.5,160,0.3466666666666667,0.18666666666666668,0,0.08457208272686553,0.12081641628246563
CIFAR-100 grayscale M=200 (diff. dataset AND dims),cifar100_gray,200,1024,0.5,72,0.4,0.19333333333333333,0,0.2130242859717041,-0.12991026570810377
CIFAR-100 grayscale M=200 (diff. dataset AND dims),cifar100_gray,200,1024,0.5,80,0.32,0.18666666666666668,0,0.6362496933795403,0.2969194914221087
CIFAR-100 grayscale M=200 (diff. dataset AND dims),cifar100_gray,200,1024,0.5,194,0.4066666666666667,1.0,1,0.487272996171632,0.999999999999788
CIFAR-100 grayscale M=200 (diff. dataset AND dims),cifar100_gray,200,1024,0.5,41,0.41333333333333333,1.0,1,0.10761345484008328,0.9999999999986561
CIFAR-100 grayscale M=200 (diff. dataset AND dims),cifar100_gray,200,1024,0.5,10,0.3466666666666667,0.22,0,0.5683634095296101,0.45814742626612387
CIFAR-100 grayscale M=200 (diff. dataset AND dims),cifar100_gray,200,1024,0.5,127,0.36,0.22666666666666666,0,0.18645414618487435,-0.032763930171403874
CIFAR-100 grayscale M=200 (diff. dataset AND dims),cifar100_gray,200,1024,0.5,2,0.3933333333333333,1.0,1,-0.09860530017615038,0.9999999999995933
CIFAR-100 grayscale M=200 (diff. dataset AND dims),cifar100_gray,200,1024,0.5,127,0.47333333333333333,1.0,1,-0.18142271695744633,0.9999999999989746
CIFAR-100 grayscale M=200 (diff. dataset AND dims),cifar100_gray,200,1024,0.5,120,0.30666666666666664,0.18,0,0.28263144185885186,0.06886654483909486
CIFAR-100 grayscale M=200 (diff. dataset AND dims),cifar100_gray,200,1024,0.5,159,0.41333333333333333,1.0,1,0.6969803165724424,0.9999999999996683
CIFAR-100 grayscale M=200 (diff. dataset AND dims),cifar100_gray,200,1024,0.5,59,0.2733333333333333,0.21333333333333335,0,0.52401797051774,0.37442765529958033
CIFAR-100 grayscale M=200 (diff. dataset AND dims),cifar100_gray,200,1024,0.5,94,0.4,0.18,0,0.84539717384879,0.24124803125925673
CIFAR-100 grayscale M=200 (diff. dataset AND dims),cifar100_gray,200,1024,0.5,3,0.36666666666666664,1.0,1,0.37749444699664747,0.9999999999989244
CIFAR-100 grayscale M=200 (diff. dataset AND dims),cifar100_gray,200,1024,0.5,92,0.35333333333333333,1.0,1,0.3601137217267702,0.999999999999602
CIFAR-100 grayscale M=200 (diff. dataset AND dims),cifar100_gray,200,1024,0.5,62,0.44,1.0,1,0.2122907045615168,0.9999999999986784
CIFAR-100 grayscale M=200 (diff. dataset AND dims),cifar100_gray,200,1024,0.5,132,0.32,0.23333333333333334,0,0.5146391793141549,-0.21952487503788434
CIFAR-100 grayscale M=200 (diff. dataset AND dims),cifar100_gray,200,1024,0.5,133,0.3466666666666667,0.21333333333333335,0,0.24532709505306732,0.19968182801951745
CIFAR-100 grayscale M=200 (diff. dataset AND dims),cifar100_gray,200,1024,0.5,83,0.41333333333333333,1.0,1,0.37145062474290097,0.9999999999995839
CIFAR-100 grayscale M=200 (diff. dataset AND dims),cifar100_gray,200,1024,0.5,130,0.3333333333333333,0.20666666666666667,0,0.3277284298500239,0.004925611948762394
CIFAR-100 grayscale M=200 (diff. dataset AND dims),cifar100_gray,200,1024,0.5,28,0.3333333333333333,0.18666666666666668,0,0.53942203662838,-0.1744393291814515
CIFAR-100 grayscale M=200 (diff. dataset AND dims),cifar100_gray,200,1024,0.5,31,0.44,1.0,1,0.3461855377663422,0.999999999999475
CIFAR-100 grayscale M=200 (diff. dataset AND dims),cifar100_gray,200,1024,0.6,159,0.2866666666666667,0.26666666666666666,0,0.0721220721153294,-0.11185525840232274
CIFAR-100 grayscale M=200 (diff. dataset AND dims),cifar100_gray,200,1024,0.6,121,0.35333333333333333,0.24666666666666667,0,0.3963584528132232,0.026156071608845404
CIFAR-100 grayscale M=200 (diff. dataset AND dims),cifar100_gray,200,1024,0.6,70,0.36666666666666664,0.26,0,-0.15995916945637326,0.01639884233175598
CIFAR-100 grayscale M=200 (diff. dataset AND dims),cifar100_gray,200,1024,0.6,151,0.2866666666666667,0.2,0,0.11029614297936172,0.05311929777273629
CIFAR-100 grayscale M=200 (diff. dataset AND dims),cifar100_gray,200,1024,0.6,96,0.32,0.24666666666666667,0,0.14989272942153717,0.2057008140019244
CIFAR-100 grayscale M=200 (diff. dataset AND dims),cifar100_gray,200,1024,0.6,10,0.2,0.18666666666666668,0,0.09459830363223176,0.41019339252369463
CIFAR-100 grayscale M=200 (diff. dataset AND dims),cifar100_gray,200,1024,0.6,57,0.28,0.19333333333333333,0,0.3377380970055128,0.38883210874692975
CIFAR-100 grayscale M=200 (diff. dataset AND dims),cifar100_gray,200,1024,0.6,156,0.3933333333333333,1.0,1,0.25950922006642296,0.999999999999868
CIFAR-100 grayscale M=200 (diff. dataset AND dims),cifar100_gray,200,1024,0.6,197,0.24,0.19333333333333333,0,-0.03194904200452846,-0.007040811492400525
CIFAR-100 grayscale M=200 (diff. dataset AND dims),cifar100_gray,200,1024,0.6,41,0.36,1.0,1,0.2966884673916067,0.9999999999986561
CIFAR-100 grayscale M=200 (diff. dataset AND dims),cifar100_gray,200,1024,0.6,189,0.29333333333333333,0.18666666666666668,0,0.359473016878526,-0.06782077320157341
CIFAR-100 grayscale M=200 (diff. dataset AND dims),cifar100_gray,200,1024,0.6,64,0.23333333333333334,0.22666666666666666,0,0.1707522661887946,0.0288081239431569
CIFAR-100 grayscale M=200 (diff. dataset AND dims),cifar100_gray,200,1024,0.6,11,0.37333333333333335,0.22,0,0.5795375212547185,0.37459385261882067
CIFAR-100 grayscale M=200 (diff. dataset AND dims),cifar100_gray,200,1024,0.6,193,0.25333333333333335,0.18666666666666668,0,0.5898484426344875,0.06292806238135333
CIFAR-100 grayscale M=200 (diff. dataset AND dims),cifar100_gray,200,1024,0.6,168,0.29333333333333333,0.16,0,0.02909373771355169,0.33634650812346295
CIFAR-100 grayscale M=200 (diff. dataset AND dims),cifar100_gray,200,1024,0.6,5,0.25333333333333335,0.22666666666666666,0,0.12486067945063475,-0.269377628507417
CIFAR-100 grayscale M=200 (diff. dataset AND dims),cifar100_gray,200,1024,0.6,190,0.31333333333333335,0.21333333333333335,0,0.3240998362165671,-0.001059578249039281
CIFAR-100 grayscale M=200 (diff. dataset AND dims),cifar100_gray,200,1024,0.6,114,0.3,0.2,0,0.02377744553268877,0.14586105066831542
CIFAR-100 grayscale M=200 (diff. dataset AND dims),cifar100_gray,200,1024,0.6,68,0.3933333333333333,0.20666666666666667,0,0.4241344508470441,-0.34438679959920176
CIFAR-100 grayscale M=200 (diff. dataset AND dims),cifar100_gray,200,1024,0.6,12,0.3,0.17333333333333334,0,0.531632425086662,0.3912223099229242
CIFAR-100 grayscale M=200 (diff. dataset AND dims),cifar100_gray,200,1024,0.6,191,0.38,1.0,1,0.3748675022929596,0.9999999999998136
CIFAR-100 grayscale M=200 (diff. dataset AND dims),cifar100_gray,200,1024,0.6,175,0.34,0.22666666666666666,0,-0.06700693270878544,0.11353531262070927
CIFAR-100 grayscale M=200 (diff. dataset AND dims),cifar100_gray,200,1024,0.6,67,0.54,1.0,1,0.3844570695942775,0.9999999999990065
CIFAR-100 grayscale M=200 (diff. dataset AND dims),cifar100_gray,200,1024,0.6,121,0.35333333333333333,0.2,0,0.10447981767070291,0.3973282213554985
CIFAR-100 grayscale M=200 (diff. dataset AND dims),cifar100_gray,200,1024,0.6,116,0.2733333333333333,0.21333333333333335,0,0.1449901328960001,-0.004692602733605017
CIFAR-100 grayscale M=200 (diff. dataset AND dims),cifar100_gray,200,1024,0.6,101,0.3,0.21333333333333335,0,0.26524466102215843,-0.10790586974182333
CIFAR-100 grayscale M=200 (diff. dataset AND dims),cifar100_gray,200,1024,0.6,15,0.29333333333333333,0.16666666666666666,0,0.027243349202807306,0.43669314648300916
CIFAR-100 grayscale M=200 (diff. dataset AND dims),cifar100_gray,200,1024,0.6,114,0.29333333333333333,0.16,0,0.5303007409157665,-0.015942357698150302
CIFAR-100 grayscale M=200 (diff. dataset AND dims),cifar100_gray,200,1024,0.6,19,0.46,1.0,1,0.5851493840599404,0.9999999999997828
CIFAR-100 grayscale M=200 (diff. dataset AND dims),cifar100_gray,200,1024,0.6,69,0.28,0.24666666666666667,0,0.12385761868949831,-0.33606059991852044
CIFAR-100 grayscale M=200 (diff. dataset AND dims),cifar100_gray,200,1024,0.6,54,0.3466666666666667,0.20666666666666667,0,0.4796817520570586,-0.23023088931233182
CIFAR-100 grayscale M=200 (diff. dataset AND dims),cifar100_gray,200,1024,0.6,111,0.32,0.18,0,0.6109321819909227,-0.33569809080583035
CIFAR-100 grayscale M=200 (diff. dataset AND dims),cifar100_gray,200,1024,0.6,137,0.32666666666666666,0.22666666666666666,0,-0.08415990300982154,-0.4586910681424088
CIFAR-100 grayscale M=200 (diff. dataset AND dims),cifar100_gray,200,1024,0.6,92,0.22666666666666666,0.14666666666666667,0,0.4056082481879938,-0.22379220400703878
CIFAR-100 grayscale M=200 (diff. dataset AND dims),cifar100_gray,200,1024,0.6,169,0.3,0.23333333333333334,0,0.5719903080889672,0.4428082136464288
CIFAR-100 grayscale M=200 (diff. dataset AND dims),cifar100_gray,200,1024,0.6,70,0.36,1.0,1,-0.02034717235265027,0.9999999999992235
CIFAR-100 grayscale M=200 (diff. dataset AND dims),cifar100_gray,200,1024,0.6,119,0.36666666666666664,1.0,1,0.4486277101210687,0.9999999999996123
CIFAR-100 grayscale M=200 (diff. dataset AND dims),cifar100_gray,200,1024,0.6,106,0.37333333333333335,1.0,1,0.24456671736413527,0.999999999999404
CIFAR-100 grayscale M=200 (diff. dataset AND dims),cifar100_gray,200,1024,0.6,174,0.3933333333333333,0.25333333333333335,0,0.3480200078071541,0.3192661207733092
CIFAR-100 grayscale M=200 (diff. dataset AND dims),cifar100_gray,200,1024,0.6,147,0.26666666666666666,0.22666666666666666,0,-0.254621005659549,-0.4514714820645345
CIFAR-100 grayscale M=200 (diff. dataset AND dims),cifar100_gray,200,1024,0.8,129,0.21333333333333335,0.12666666666666668,0,-0.06838064110056304,-0.2339994207303221
CIFAR-100 grayscale M=200 (diff. dataset AND dims),cifar100_gray,200,1024,0.8,65,0.24,0.18666666666666668,0,0.03265709456078317,0.2071815339021161
CIFAR-100 grayscale M=200 (diff. dataset AND dims),cifar100_gray,200,1024,0.8,146,0.25333333333333335,0.23333333333333334,0,-0.23675123458850614,-0.17208578742393157
CIFAR-100 grayscale M=200 (diff. dataset AND dims),cifar100_gray,200,1024,0.8,9,0.26,0.17333333333333334,0,0.47023673770053226,-0.14955257431129013
CIFAR-100 grayscale M=200 (diff. dataset AND dims),cifar100_gray,200,1024,0.8,119,0.24666666666666667,0.19333333333333333,0,0.3078247475592763,0.5098040532531132
CIFAR-100 grayscale M=200 (diff. dataset AND dims),cifar100_gray,200,1024,0.8,27,0.21333333333333335,0.21333333333333335,0,0.30981749903061756,0.16874899339339564
CIFAR-100 grayscale M=200 (diff. dataset AND dims),cifar100_gray,200,1024,0.8,166,0.31333333333333335,0.2866666666666667,0,0.2933810023187608,0.14997009929688276
CIFAR-100 grayscale M=200 (diff. dataset AND dims),cifar100_gray,200,1024,0.8,150,0.31333333333333335,0.18666666666666668,0,0.775114836732595,0.8386403633893812
CIFAR-100 grayscale M=200 (diff. dataset AND dims),cifar100_gray,200,1024,0.8,46,0.3,0.22666666666666666,0,0.34965875202352187,0.2600363800171115
CIFAR-100 grayscale M=200 (diff. dataset AND dims),cifar100_gray,200,1024,0.8,137,0.2866666666666667,0.14666666666666667,0,0.37435541682352635,0.09115948854249765
CIFAR-100 grayscale M=200 (diff. dataset AND dims),cifar100_gray,200,1024,0.8,40,0.19333333333333333,0.17333333333333334,0,0.4424200544129235,0.035084358352006365
CIFAR-100 grayscale M=200 (diff. dataset AND dims),cifar100_gray,200,1024,0.8,69,0.3466666666666667,0.19333333333333333,0,0.34322188937434356,-0.2714289060761287
CIFAR-100 grayscale M=200 (diff. dataset AND dims),cifar100_gray,200,1024,0.8,76,0.25333333333333335,0.18,0,0.10552665708689613,-0.3088494360814954
CIFAR-100 grayscale M=200 (diff. dataset AND dims),cifar100_gray,200,1024,0.8,164,0.23333333333333334,0.16666666666666666,0,-0.32556674832398924,-0.2019783508712208
CIFAR-100 grayscale M=200 (diff. dataset AND dims),cifar100_gray,200,1024,0.8,134,0.3,0.24,0,0.6193802806529507,-0.05788511314406534
CIFAR-100 grayscale M=200 (diff. dataset AND dims),cifar100_gray,200,1024,0.8,92,0.24666666666666667,0.2,0,0.17557719412431927,0.3026014328420606
CIFAR-100 grayscale M=200 (diff. dataset AND dims),cifar100_gray,200,1024,0.8,160,0.21333333333333335,0.22666666666666666,0,-0.18466375764161183,0.12894860419691423
CIFAR-100 grayscale M=200 (diff. dataset AND dims),cifar100_gray,200,1024,0.8,101,0.22,0.19333333333333333,0,0.41390672566479664,0.05739460933041825
CIFAR-100 grayscale M=200 (diff. dataset AND dims),cifar100_gray,200,1024,0.8,70,0.32666666666666666,1.0,1,0.24618861179026763,0.9999999999992235
CIFAR-100 grayscale M=200 (diff. dataset AND dims),cifar100_gray,200,1024,0.8,182,0.26666666666666666,0.3,0,0.15333360697366824,0.14905283426740418
CIFAR-100 grayscale M=200 (diff. dataset AND dims),cifar100_gray,200,1024,0.8,70,0.32,0.26,0,0.20087885861774582,-0.015503669613335384
CIFAR-100 grayscale M=200 (diff. dataset AND dims),cifar100_gray,200,1024,0.8,129,0.30666666666666664,0.26,0,0.20627588801026978,0.2173491776570095
CIFAR-100 grayscale M=200 (diff. dataset AND dims),cifar100_gray,200,1024,0.8,159,0.2733333333333333,0.21333333333333335,0,-0.4076085573729445,0.3052658031114163
CIFAR-100 grayscale M=200 (diff. dataset AND dims),cifar100_gray,200,1024,0.8,63,0.28,0.2,0,-0.0942695599936267,0.29000791156508576
CIFAR-100 grayscale M=200 (diff. dataset AND dims),cifar100_gray,200,1024,0.8,3,0.22666666666666666,0.23333333333333334,0,-0.051937208124414956,0.01894102817688272
CIFAR-100 grayscale M=200 (diff. dataset AND dims),cifar100_gray,200,1024,0.8,70,0.32,0.2,0,-0.19658983450401066,-0.22244118946161515
CIFAR-100 grayscale M=200 (diff. dataset AND dims),cifar100_gray,200,1024,0.8,4,0.36,0.23333333333333334,0,0.11014515301500133,-0.46997095758325597
CIFAR-100 grayscale M=200 (diff. dataset AND dims),cifar100_gray,200,1024,0.8,175,0.25333333333333335,0.22666666666666666,0,0.1472800753660118,0.3936698998702368
CIFAR-100 grayscale M=200 (diff. dataset AND dims),cifar100_gray,200,1024,0.8,105,0.36666666666666664,0.22666666666666666,0,0.48798366200690524,0.09926906850005185
CIFAR-100 grayscale M=200 (diff. dataset AND dims),cifar100_gray,200,1024,0.8,178,0.2733333333333333,0.18666666666666668,0,-0.15928440038047825,-0.504291995529881
CIFAR-100 grayscale M=200 (diff. dataset AND dims),cifar100_gray,200,1024,0.8,91,0.24666666666666667,0.2733333333333333,0,0.06472120090694182,0.04907415398732077
CIFAR-100 grayscale M=200 (diff. dataset AND dims),cifar100_gray,200,1024,0.8,116,0.28,0.26,0,0.1381246631560471,0.08230353697087985
CIFAR-100 grayscale M=200 (diff. dataset AND dims),cifar100_gray,200,1024,0.8,194,0.28,0.24666666666666667,0,0.04930945919530774,-0.15752756041604438
CIFAR-100 grayscale M=200 (diff. dataset AND dims),cifar100_gray,200,1024,0.8,188,0.35333333333333333,0.19333333333333333,0,0.29654761481473835,0.12808391636448865
CIFAR-100 grayscale M=200 (diff. dataset AND dims),cifar100_gray,200,1024,0.8,143,0.32,0.16,0,0.1633843297354923,-0.041935605894118114
CIFAR-100 grayscale M=200 (diff. dataset AND dims),cifar100_gray,200,1024,0.8,51,0.32666666666666666,0.2,0,0.6596389828342801,-0.38191311176785603
CIFAR-100 grayscale M=200 (diff. dataset AND dims),cifar100_gray,200,1024,0.8,97,0.26,0.26,0,0.3925779667337859,0.016120654846192767
CIFAR-100 grayscale M=200 (diff. dataset AND dims),cifar100_gray,200,1024,0.8,59,0.30666666666666664,0.32,0,0.23146913985700684,0.0865429175698529
CIFAR-100 grayscale M=200 (diff. dataset AND dims),cifar100_gray,200,1024,0.8,20,0.35333333333333333,0.18,0,0.5713420866668953,-0.23348230061159128
CIFAR-100 grayscale M=200 (diff. dataset AND dims),cifar100_gray,200,1024,0.8,72,0.22,0.19333333333333333,0,0.22485145946611534,-0.12991026570810377
CIFAR-100 grayscale M=200 (diff. dataset AND dims),cifar100_gray,200,1024,1.0,123,0.2866666666666667,0.26666666666666666,0,0.21890652826789034,-0.21800564435701034
CIFAR-100 grayscale M=200 (diff. dataset AND dims),cifar100_gray,200,1024,1.0,12,0.24,0.18,0,-0.04117971777640162,0.005605373806483879
CIFAR-100 grayscale M=200 (diff. dataset AND dims),cifar100_gray,200,1024,1.0,123,0.32,0.22,0,0.2555256398198434,-0.2913022760318293
CIFAR-100 grayscale M=200 (diff. dataset AND dims),cifar100_gray,200,1024,1.0,18,0.38666666666666666,1.0,1,0.7216369854837438,0.9999999999998964
CIFAR-100 grayscale M=200 (diff. dataset AND dims),cifar100_gray,200,1024,1.0,187,0.17333333333333334,0.21333333333333335,0,-0.29686762675573514,0.06424415849688941
CIFAR-100 grayscale M=200 (diff. dataset AND dims),cifar100_gray,200,1024,1.0,161,0.26,0.26666666666666666,0,0.42789545382639055,-0.4748104270655586
CIFAR-100 grayscale M=200 (diff. dataset AND dims),cifar100_gray,200,1024,1.0,55,0.2733333333333333,0.19333333333333333,0,0.09946184768347355,-0.08635636195965933
CIFAR-100 grayscale M=200 (diff. dataset AND dims),cifar100_gray,200,1024,1.0,124,0.3466666666666667,0.18,0,0.0935565334836428,-0.19186939010124368
CIFAR-100 grayscale M=200 (diff. dataset AND dims),cifar100_gray,200,1024,1.0,38,0.31333333333333335,0.22,0,0.20734876692023685,-0.19272118694634013
CIFAR-100 grayscale M=200 (diff. dataset AND dims),cifar100_gray,200,1024,1.0,131,0.24666666666666667,0.21333333333333335,0,0.38670445874885884,0.04601916567738961
CIFAR-100 grayscale M=200 (diff. dataset AND dims),cifar100_gray,200,1024,1.0,115,0.28,0.22,0,0.1124581101723822,0.11772962967311133
CIFAR-100 grayscale M=200 (diff. dataset AND dims),cifar100_gray,200,1024,1.0,63,0.24,0.22,0,0.040079380928761,-0.28571101698861523
CIFAR-100 grayscale M=200 (diff. dataset AND dims),cifar100_gray,200,1024,1.0,137,0.22,0.24666666666666667,0,-0.19333339812985023,0.3974461054595338
CIFAR-100 grayscale M=200 (diff. dataset AND dims),cifar100_gray,200,1024,1.0,52,0.26,0.24666666666666667,0,0.04716267152712506,-0.3416005761543313
CIFAR-100 grayscale M=200 (diff. dataset AND dims),cifar100_gray,200,1024,1.0,183,0.26666666666666666,0.21333333333333335,0,0.28651167711566233,0.07080662577329375
CIFAR-100 grayscale M=200 (diff. dataset AND dims),cifar100_gray,200,1024,1.0,166,0.29333333333333333,0.2866666666666667,0,0.03831128684223723,0.14997009929688276
CIFAR-100 grayscale M=200 (diff. dataset AND dims),cifar100_gray,200,1024,1.0,164,0.23333333333333334,0.25333333333333335,0,-0.15290720522270881,-0.4240238141350578
CIFAR-100 grayscale M=200 (diff. dataset AND dims),cifar100_gray,200,1024,1.0,167,0.24666666666666667,0.2,0,0.7577666551266167,-0.10746336022760503
CIFAR-100 grayscale M=200 (diff. dataset AND dims),cifar100_gray,200,1024,1.0,15,0.24,0.18,0,-0.18940416899574905,0.1210526196861048
CIFAR-100 grayscale M=200 (diff. dataset AND dims),cifar100_gray,200,1024,1.0,118,0.24,0.22,0,0.15297640068281057,0.16637290870407087
CIFAR-100 grayscale M=200 (diff. dataset AND dims),cifar100_gray,200,1024,1.0,83,0.21333333333333335,0.18666666666666668,0,0.003350384311624877,-0.019121512214267302
CIFAR-100 grayscale M=200 (diff. dataset AND dims),cifar100_gray,200,1024,1.0,9,0.26666666666666666,0.26,0,0.5008629600818183,-0.1489076084972246
CIFAR-100 grayscale M=200 (diff. dataset AND dims),cifar100_gray,200,1024,1.0,197,0.20666666666666667,0.22666666666666666,0,-0.13930868574276933,-0.27381082877095203
CIFAR-100 grayscale M=200 (diff. dataset AND dims),cifar100_gray,200,1024,1.0,109,0.19333333333333333,0.16,0,0.25573549963848946,0.056907644480701056
CIFAR-100 grayscale M=200 (diff. dataset AND dims),cifar100_gray,200,1024,1.0,159,0.24,0.20666666666666667,0,-0.3277302919774845,-0.005048976773669723
CIFAR-100 grayscale M=200 (diff. dataset AND dims),cifar100_gray,200,1024,1.0,181,0.26,0.22666666666666666,0,0.2672220843007655,-0.24018028754685997
CIFAR-100 grayscale M=200 (diff. dataset AND dims),cifar100_gray,200,1024,1.0,149,0.10666666666666667,0.21333333333333335,0,0.3857407366607653,-0.06371516339137319
CIFAR-100 grayscale M=200 (diff. dataset AND dims),cifar100_gray,200,1024,1.0,120,0.32666666666666666,0.18666666666666668,0,0.3362918067463987,-0.541732574492063
CIFAR-100 grayscale M=200 (diff. dataset AND dims),cifar100_gray,200,1024,1.0,43,0.23333333333333334,0.22,0,-0.16067703842059758,-0.6556794008008773
CIFAR-100 grayscale M=200 (diff. dataset AND dims),cifar100_gray,200,1024,1.0,74,0.2866666666666667,0.23333333333333334,0,0.43718708266280115,0.3495429276030289
CIFAR-100 grayscale M=200 (diff. dataset AND dims),cifar100_gray,200,1024,1.0,108,0.31333333333333335,0.25333333333333335,0,0.21245632333157138,0.21183043731559206
CIFAR-100 grayscale M=200 (diff. dataset AND dims),cifar100_gray,200,1024,1.0,134,0.2733333333333333,0.22,0,0.4043359159137134,0.33446289568809184
CIFAR-100 grayscale M=200 (diff. dataset AND dims),cifar100_gray,200,1024,1.0,167,0.28,0.19333333333333333,0,0.045749401301538116,-0.0020744867747530087
CIFAR-100 grayscale M=200 (diff. dataset AND dims),cifar100_gray,200,1024,1.0,81,0.3,0.20666666666666667,0,0.20351973297693648,-0.21924012591192238
CIFAR-100 grayscale M=200 (diff. dataset AND dims),cifar100_gray,200,1024,1.0,175,0.30666666666666664,0.16666666666666666,0,0.48078394715432665,0.5102958187519834
CIFAR-100 grayscale M=200 (diff. dataset AND dims),cifar100_gray,200,1024,1.0,166,0.32666666666666666,0.22666666666666666,0,0.05817596581130018,-0.10681009583119394
CIFAR-100 grayscale M=200 (diff. dataset AND dims),cifar100_gray,200,1024,1.0,87,0.26,0.26,0,0.1960463141569252,-0.3064979503613815
CIFAR-100 grayscale M=200 (diff. dataset AND dims),cifar100_gray,200,1024,1.0,111,0.19333333333333333,0.16,0,0.38625953527269324,-0.36354500586712263
CIFAR-100 grayscale M=200 (diff. dataset AND dims),cifar100_gray,200,1024,1.0,157,0.32,0.21333333333333335,0,-0.053845478607799376,0.08901192006481297
CIFAR-100 grayscale M=200 (diff. dataset AND dims),cifar100_gray,200,1024,1.0,95,0.26666666666666666,0.21333333333333335,0,0.012617144631820553,0.4532456508997254
