dataset,sigma,target,cleaned_overlap,exact,knn_exact
MNIST,0.0,176,1.0,1,1
MNIST,0.0,180,1.0,1,1
MNIST,0.0,124,1.0,1,1
MNIST,0.0,196,1.0,1,1
MNIST,0.0,126,1.0,1,1
MNIST,0.0,115,1.0,1,1
MNIST,0.0,50,1.0,1,1
MNIST,0.0,191,1.0,1,1
MNIST,0.0,116,1.0,1,1
MNIST,0.0,86,1.0,1,1
MNIST,0.0,50,1.0,1,1
MNIST,0.0,43,1.0,1,1
MNIST,0.0,22,1.0,1,1
MNIST,0.0,112,1.0,1,1
MNIST,0.0,31,1.0,1,1
MNIST,0.0,104,1.0,1,1
MNIST,0.0,144,1.0,1,1
MNIST,0.0,187,1.0,1,1
MNIST,0.0,40,1.0,1,1
MNIST,0.0,131,1.0,1,1
MNIST,0.0,120,1.0,1,1
MNIST,0.0,148,1.0,1,1
MNIST,0.0,84,1.0,1,1
MNIST,0.0,96,1.0,1,1
MNIST,0.0,153,1.0,1,1
MNIST,0.0,101,1.0,1,1
MNIST,0.0,138,1.0,1,1
MNIST,0.0,138,1.0,1,1
MNIST,0.0,137,1.0,1,1
MNIST,0.0,20,1.0,1,1
MNIST,0.0,188,1.0,1,1
MNIST,0.0,10,1.0,1,1
MNIST,0.0,148,1.0,1,1
MNIST,0.0,166,1.0,1,1
MNIST,0.0,128,1.0,1,1
MNIST,0.0,187,1.0,1,1
MNIST,0.0,149,1.0,1,1
MNIST,0.0,63,1.0,1,1
MNIST,0.0,44,1.0,1,1
MNIST,0.0,53,1.0,1,1
MNIST,0.0,83,1.0,1,1
MNIST,0.0,194,1.0,1,1
MNIST,0.0,195,1.0,1,1
MNIST,0.0,177,1.0,1,1
MNIST,0.0,89,1.0,1,1
MNIST,0.0,80,1.0,1,1
MNIST,0.0,63,1.0,1,1
MNIST,0.0,77,1.0,1,1
MNIST,0.0,65,1.0,1,1
MNIST,0.0,135,1.0,1,1
MNIST,0.0,28,1.0,1,1
MNIST,0.0,93,1.0,1,1
MNIST,0.0,103,1.0,1,1
MNIST,0.0,154,1.0,1,1
MNIST,0.0,130,1.0,1,1
MNIST,0.0,91,1.0,1,1
MNIST,0.0,24,1.0,1,1
MNIST,0.0,39,1.0,1,1
MNIST,0.0,133,1.0,1,1
MNIST,0.0,86,1.0,1,1
MNIST,0.0,73,1.0,1,1
MNIST,0.0,84,1.0,1,1
MNIST,0.0,168,1.0,1,1
MNIST,0.0,136,1.0,1,1
MNIST,0.0,134,1.0,1,1
MNIST,0.0,18,1.0,1,1
MNIST,0.0,113,1.0,1,1
MNIST,0.0,62,1.0,1,1
MNIST,0.0,17,1.0,1,1
MNIST,0.0,140,1.0,1,1
MNIST,0.0,2,1.0,1,1
MNIST,0.0,57,1.0,1,1
MNIST,0.0,27,1.0,1,1
MNIST,0.0,81,1.0,1,1
MNIST,0.0,59,1.0,1,1
MNIST,0.0,39,1.0,1,1
MNIST,0.0,132,1.0,1,1
MNIST,0.0,164,1.0,1,1
MNIST,0.0,127,1.0,1,1
MNIST,0.0,125,1.0,1,1
MNIST,0.0,177,1.0,1,1
MNIST,0.0,192,1.0,1,1
MNIST,0.0,184,1.0,1,1
MNIST,0.0,59,1.0,1,1
MNIST,0.0,107,1.0,1,1
MNIST,0.0,154,1.0,1,1
MNIST,0.0,182,1.0,1,1
MNIST,0.0,24,1.0,1,1
MNIST,0.0,174,1.0,1,1
MNIST,0.0,45,1.0,1,1
MNIST,0.0,42,1.0,1,1
MNIST,0.0,56,1.0,1,1
MNIST,0.0,107,1.0,1,1
MNIST,0.0,70,1.0,1,1
MNIST,0.0,7,1.0,1,1
MNIST,0.0,96,1.0,1,1
MNIST,0.0,1,1.0,1,1
MNIST,0.0,158,1.0,1,1
MNIST,0.0,153,1.0,1,1
MNIST,0.0,2,1.0,1,1
MNIST,0.0,45,1.0,1,1
MNIST,0.0,61,1.0,1,1
MNIST,0.0,180,1.0,1,1
MNIST,0.0,123,1.0,1,1
MNIST,0.0,169,1.0,1,1
MNIST,0.0,187,1.0,1,1
MNIST,0.0,61,1.0,1,1
MNIST,0.0,4,1.0,1,1
MNIST,0.0,173,1.0,1,1
MNIST,0.0,182,1.0,1,1
MNIST,0.0,122,1.0,1,1
MNIST,0.0,32,1.0,1,1
MNIST,0.0,41,1.0,1,1
MNIST,0.0,199,1.0,1,1
MNIST,0.0,182,1.0,1,1
MNIST,0.0,57,1.0,1,1
MNIST,0.0,137,1.0,1,1
MNIST,0.0,14,1.0,1,1
MNIST,0.0,94,1.0,1,1
MNIST,0.0,152,1.0,1,1
MNIST,0.0,91,1.0,1,1
MNIST,0.0,89,1.0,1,1
MNIST,0.0,25,1.0,1,1
MNIST,0.0,160,1.0,1,1
MNIST,0.0,183,1.0,1,1
MNIST,0.0,25,1.0,1,1
MNIST,0.0,156,1.0,1,1
MNIST,0.0,148,1.0,1,1
MNIST,0.0,45,1.0,1,1
MNIST,0.0,44,1.0,1,1
MNIST,0.0,54,1.0,1,1
MNIST,0.0,63,1.0,1,1
MNIST,0.0,167,1.0,1,1
MNIST,0.0,146,1.0,1,1
MNIST,0.0,68,1.0,1,1
MNIST,0.0,149,1.0,1,1
MNIST,0.0,90,1.0,1,1
MNIST,0.0,165,1.0,1,1
MNIST,0.0,170,1.0,1,1
MNIST,0.0,44,1.0,1,1
MNIST,0.0,176,1.0,1,1
MNIST,0.0,197,1.0,1,1
MNIST,0.0,133,1.0,1,1
MNIST,0.0,128,1.0,1,1
MNIST,0.0,44,1.0,1,1
MNIST,0.0,156,1.0,1,1
MNIST,0.0,79,1.0,1,1
MNIST,0.0,34,1.0,1,1
MNIST,0.0,87,1.0,1,1
MNIST,0.0,127,1.0,1,1
MNIST,0.0,31,1.0,1,1
MNIST,0.0,14,1.0,1,1
MNIST,0.0,168,1.0,1,1
MNIST,0.0,133,1.0,1,1
MNIST,0.0,25,1.0,1,1
MNIST,0.0,194,1.0,1,1
MNIST,0.0,1,1.0,1,1
MNIST,0.0,129,1.0,1,1
MNIST,0.0,64,1.0,1,1
MNIST,0.0,57,1.0,1,1
MNIST,0.0,89,1.0,1,1
MNIST,0.0,130,1.0,1,1
MNIST,0.0,137,1.0,1,1
MNIST,0.0,81,1.0,1,1
MNIST,0.0,8,1.0,1,1
MNIST,0.0,24,1.0,1,1
MNIST,0.0,76,1.0,1,1
MNIST,0.0,87,1.0,1,1
MNIST,0.0,37,1.0,1,1
MNIST,0.0,1,1.0,1,1
MNIST,0.0,83,1.0,1,1
MNIST,0.0,5,1.0,1,1
MNIST,0.0,88,1.0,1,1
MNIST,0.0,129,1.0,1,1
MNIST,0.0,102,1.0,1,1
MNIST,0.0,15,1.0,1,1
MNIST,0.0,96,1.0,1,1
MNIST,0.0,177,1.0,1,1
MNIST,0.0,114,1.0,1,1
MNIST,0.0,104,1.0,1,1
MNIST,0.0,192,1.0,1,1
MNIST,0.0,52,1.0,1,1
MNIST,0.0,156,1.0,1,1
MNIST,0.0,121,1.0,1,1
MNIST,0.0,199,1.0,1,1
MNIST,0.0,93,1.0,1,1
MNIST,0.0,174,1.0,1,1
MNIST,0.0,3,1.0,1,1
MNIST,0.0,177,1.0,1,1
MNIST,0.0,166,1.0,1,1
MNIST,0.0,68,1.0,1,1
MNIST,0.0,183,1.0,1,1
MNIST,0.0,93,1.0,1,1
MNIST,0.0,16,1.0,1,1
MNIST,0.0,7,1.0,1,1
MNIST,0.0,100,1.0,1,1
MNIST,0.0,78,1.0,1,1
MNIST,0.0,26,1.0,1,1
MNIST,0.0,186,1.0,1,1
MNIST,0.0,147,1.0,1,1
MNIST,0.1,102,1.0,1,1
MNIST,0.1,157,1.0,1,1
MNIST,0.1,57,1.0,1,1
MNIST,0.1,128,1.0,1,1
MNIST,0.1,160,1.0,1,1
MNIST,0.1,167,1.0,1,1
MNIST,0.1,175,1.0,1,1
MNIST,0.1,194,1.0,1,1
MNIST,0.1,156,1.0,1,1
MNIST,0.1,62,1.0,1,1
MNIST,0.1,91,1.0,1,1
MNIST,0.1,139,1.0,1,1
MNIST,0.1,130,1.0,1,1
MNIST,0.1,165,1.0,1,1
MNIST,0.1,4,1.0,1,1
MNIST,0.1,107,1.0,1,1
MNIST,0.1,77,1.0,1,1
MNIST,0.1,139,1.0,1,1
MNIST,0.1,183,1.0,1,1
MNIST,0.1,163,1.0,1,1
MNIST,0.1,135,1.0,1,1
MNIST,0.1,34,1.0,1,1
MNIST,0.1,50,1.0,1,1
MNIST,0.1,23,1.0,1,1
MNIST,0.1,64,1.0,1,1
MNIST,0.1,149,1.0,1,1
MNIST,0.1,97,1.0,1,1
MNIST,0.1,19,1.0,1,1
MNIST,0.1,43,1.0,1,1
MNIST,0.1,9,1.0,1,1
MNIST,0.1,142,1.0,1,1
MNIST,0.1,103,1.0,1,1
MNIST,0.1,56,1.0,1,1
MNIST,0.1,6,1.0,1,1
MNIST,0.1,22,1.0,1,1
MNIST,0.1,12,1.0,1,1
MNIST,0.1,93,1.0,1,1
MNIST,0.1,144,1.0,1,1
MNIST,0.1,71,1.0,1,1
MNIST,0.1,178,1.0,1,1
MNIST,0.1,169,1.0,1,1
MNIST,0.1,194,1.0,1,1
MNIST,0.1,0,1.0,1,1
MNIST,0.1,178,1.0,1,1
MNIST,0.1,74,1.0,1,1
MNIST,0.1,27,1.0,1,1
MNIST,0.1,195,1.0,1,1
MNIST,0.1,90,1.0,1,1
MNIST,0.1,148,1.0,1,1
MNIST,0.1,135,1.0,1,1
MNIST,0.1,72,1.0,1,1
MNIST,0.1,70,1.0,1,1
MNIST,0.1,120,1.0,1,1
MNIST,0.1,169,1.0,1,1
MNIST,0.1,161,1.0,1,1
MNIST,0.1,18,1.0,1,1
MNIST,0.1,156,1.0,1,1
MNIST,0.1,44,1.0,1,1
MNIST,0.1,33,1.0,1,1
MNIST,0.1,63,1.0,1,1
MNIST,0.1,101,1.0,1,1
MNIST,0.1,5,1.0,1,1
MNIST,0.1,65,1.0,1,1
MNIST,0.1,16,1.0,1,1
MNIST,0.1,193,1.0,1,1
MNIST,0.1,198,1.0,1,1
MNIST,0.1,104,1.0,1,1
MNIST,0.1,164,1.0,1,1
MNIST,0.1,172,1.0,1,1
MNIST,0.1,109,1.0,1,1
MNIST,0.1,185,1.0,1,1
MNIST,0.1,102,1.0,1,1
MNIST,0.1,66,1.0,1,1
MNIST,0.1,95,1.0,1,1
MNIST,0.1,138,1.0,1,1
MNIST,0.1,101,1.0,1,1
MNIST,0.1,2,1.0,1,1
MNIST,0.1,103,1.0,1,1
MNIST,0.1,142,1.0,1,1
MNIST,0.1,186,1.0,1,1
MNIST,0.1,141,1.0,1,1
MNIST,0.1,12,1.0,1,1
MNIST,0.1,73,1.0,1,1
MNIST,0.1,147,1.0,1,1
MNIST,0.1,84,1.0,1,1
MNIST,0.1,186,1.0,1,1
MNIST,0.1,59,1.0,1,1
MNIST,0.1,26,1.0,1,1
MNIST,0.1,86,1.0,1,1
MNIST,0.1,149,1.0,1,1
MNIST,0.1,167,1.0,1,1
MNIST,0.1,102,1.0,1,1
MNIST,0.1,133,1.0,1,1
MNIST,0.1,126,1.0,1,1
MNIST,0.1,177,1.0,1,1
MNIST,0.1,28,1.0,1,1
MNIST,0.1,144,1.0,1,1
MNIST,0.1,197,1.0,1,1
MNIST,0.1,108,1.0,1,1
MNIST,0.1,33,1.0,1,1
MNIST,0.1,92,1.0,1,1
MNIST,0.1,156,1.0,1,1
MNIST,0.1,147,1.0,1,1
MNIST,0.1,43,1.0,1,1
MNIST,0.1,113,1.0,1,1
MNIST,0.1,108,1.0,1,1
MNIST,0.1,56,1.0,1,1
MNIST,0.1,50,1.0,1,1
MNIST,0.1,27,1.0,1,1
MNIST,0.1,103,1.0,1,1
MNIST,0.1,48,1.0,1,1
MNIST,0.1,131,1.0,1,1
MNIST,0.1,92,1.0,1,1
MNIST,0.1,155,1.0,1,1
MNIST,0.1,155,1.0,1,1
MNIST,0.1,93,1.0,1,1
MNIST,0.1,40,1.0,1,1
MNIST,0.1,83,1.0,1,1
MNIST,0.1,170,1.0,1,1
MNIST,0.1,76,1.0,1,1
MNIST,0.1,154,1.0,1,1
MNIST,0.1,14,1.0,1,1
MNIST,0.1,197,1.0,1,1
MNIST,0.1,38,1.0,1,1
MNIST,0.1,128,1.0,1,1
MNIST,0.1,59,1.0,1,1
MNIST,0.1,29,1.0,1,1
MNIST,0.1,48,1.0,1,1
MNIST,0.1,138,1.0,1,1
MNIST,0.1,167,1.0,1,1
MNIST,0.1,88,1.0,1,1
MNIST,0.1,18,1.0,1,1
MNIST,0.1,187,1.0,1,1
MNIST,0.1,42,1.0,1,1
MNIST,0.1,23,1.0,1,1
MNIST,0.1,134,1.0,1,1
MNIST,0.1,160,1.0,1,1
MNIST,0.1,101,1.0,1,1
MNIST,0.1,93,1.0,1,1
MNIST,0.1,96,1.0,1,1
MNIST,0.1,106,1.0,1,1
MNIST,0.1,102,1.0,1,1
MNIST,0.1,174,1.0,1,1
MNIST,0.1,48,1.0,1,1
MNIST,0.1,158,1.0,1,1
MNIST,0.1,142,1.0,1,1
MNIST,0.1,167,1.0,1,1
MNIST,0.1,188,1.0,1,1
MNIST,0.1,119,1.0,1,1
MNIST,0.1,137,1.0,1,1
MNIST,0.1,150,1.0,1,1
MNIST,0.1,161,1.0,1,1
MNIST,0.1,21,1.0,1,1
MNIST,0.1,7,1.0,1,1
MNIST,0.1,67,1.0,1,1
MNIST,0.1,87,1.0,1,1
MNIST,0.1,101,1.0,1,1
MNIST,0.1,184,1.0,1,1
MNIST,0.1,134,1.0,1,1
MNIST,0.1,34,1.0,1,1
MNIST,0.1,73,1.0,1,1
MNIST,0.1,193,1.0,1,1
MNIST,0.1,91,1.0,1,1
MNIST,0.1,182,1.0,1,1
MNIST,0.1,166,1.0,1,1
MNIST,0.1,149,1.0,1,1
MNIST,0.1,102,1.0,1,1
MNIST,0.1,78,1.0,1,1
MNIST,0.1,69,1.0,1,1
MNIST,0.1,127,1.0,1,1
MNIST,0.1,61,1.0,1,1
MNIST,0.1,157,1.0,1,1
MNIST,0.1,130,1.0,1,1
MNIST,0.1,56,1.0,1,1
MNIST,0.1,47,1.0,1,1
MNIST,0.1,105,1.0,1,1
MNIST,0.1,88,1.0,1,1
MNIST,0.1,81,1.0,1,1
MNIST,0.1,133,1.0,1,1
MNIST,0.1,110,1.0,1,1
MNIST,0.1,144,1.0,1,1
MNIST,0.1,193,1.0,1,1
MNIST,0.1,105,1.0,1,1
MNIST,0.1,193,1.0,1,1
MNIST,0.1,34,1.0,1,1
MNIST,0.1,190,1.0,1,1
MNIST,0.1,146,1.0,1,1
MNIST,0.1,84,1.0,1,1
MNIST,0.1,11,1.0,1,1
MNIST,0.1,81,1.0,1,1
MNIST,0.1,76,1.0,1,1
MNIST,0.1,3,1.0,1,1
MNIST,0.1,184,1.0,1,1
MNIST,0.1,183,1.0,1,1
MNIST,0.1,164,1.0,1,1
MNIST,0.1,140,1.0,1,1
MNIST,0.1,25,1.0,1,1
MNIST,0.1,121,1.0,1,1
MNIST,0.1,145,1.0,1,1
MNIST,0.1,33,1.0,1,1
MNIST,0.2,177,1.0,1,1
MNIST,0.2,74,1.0,1,1
MNIST,0.2,59,1.0,1,1
MNIST,0.2,119,1.0,1,1
MNIST,0.2,121,1.0,1,1
MNIST,0.2,28,1.0,1,1
MNIST,0.2,106,1.0,1,1
MNIST,0.2,35,1.0,1,1
MNIST,0.2,25,1.0,1,1
MNIST,0.2,113,1.0,1,1
MNIST,0.2,174,1.0,1,1
MNIST,0.2,48,1.0,1,1
MNIST,0.2,199,1.0,1,1
MNIST,0.2,41,1.0,1,1
MNIST,0.2,172,1.0,1,1
MNIST,0.2,143,1.0,1,1
MNIST,0.2,95,1.0,1,1
MNIST,0.2,92,1.0,1,1
MNIST,0.2,106,1.0,1,1
MNIST,0.2,188,1.0,1,1
MNIST,0.2,119,1.0,1,1
MNIST,0.2,0,1.0,1,1
MNIST,0.2,149,1.0,1,1
MNIST,0.2,113,1.0,1,1
MNIST,0.2,128,1.0,1,1
MNIST,0.2,1,1.0,1,1
MNIST,0.2,27,1.0,1,1
MNIST,0.2,90,1.0,1,1
MNIST,0.2,191,1.0,1,1
MNIST,0.2,1,1.0,1,1
MNIST,0.2,174,1.0,1,1
MNIST,0.2,8,1.0,1,1
MNIST,0.2,40,1.0,1,1
MNIST,0.2,7,1.0,1,1
MNIST,0.2,131,1.0,1,1
MNIST,0.2,128,1.0,1,1
MNIST,0.2,138,1.0,1,1
MNIST,0.2,109,1.0,1,1
MNIST,0.2,182,1.0,1,1
MNIST,0.2,105,1.0,1,1
MNIST,0.2,158,1.0,1,1
MNIST,0.2,142,1.0,1,1
MNIST,0.2,155,1.0,1,1
MNIST,0.2,28,1.0,1,1
MNIST,0.2,186,1.0,1,1
MNIST,0.2,100,1.0,1,1
MNIST,0.2,79,1.0,1,1
MNIST,0.2,124,1.0,1,1
MNIST,0.2,181,1.0,1,1
MNIST,0.2,173,1.0,1,1
MNIST,0.2,14,1.0,1,1
MNIST,0.2,174,1.0,1,1
MNIST,0.2,148,1.0,1,1
MNIST,0.2,55,1.0,1,1
MNIST,0.2,162,1.0,1,1
MNIST,0.2,148,1.0,1,1
MNIST,0.2,47,1.0,1,1
MNIST,0.2,134,1.0,1,1
MNIST,0.2,34,1.0,1,1
MNIST,0.2,194,1.0,1,1
MNIST,0.2,128,1.0,1,1
MNIST,0.2,165,1.0,1,1
MNIST,0.2,97,1.0,1,1
MNIST,0.2,100,1.0,1,1
MNIST,0.2,130,1.0,1,1
MNIST,0.2,49,1.0,1,1
MNIST,0.2,152,1.0,1,1
MNIST,0.2,157,1.0,1,1
MNIST,0.2,34,1.0,1,1
MNIST,0.2,142,1.0,1,1
MNIST,0.2,127,1.0,1,1
MNIST,0.2,74,1.0,1,1
MNIST,0.2,179,1.0,1,1
MNIST,0.2,170,1.0,1,1
MNIST,0.2,11,1.0,1,1
MNIST,0.2,197,1.0,1,1
MNIST,0.2,80,1.0,1,1
MNIST,0.2,104,1.0,1,1
MNIST,0.2,130,1.0,1,1
MNIST,0.2,3,1.0,1,1
MNIST,0.2,73,1.0,1,1
MNIST,0.2,174,1.0,1,1
MNIST,0.2,176,1.0,1,1
MNIST,0.2,157,1.0,1,1
MNIST,0.2,75,1.0,1,1
MNIST,0.2,55,1.0,1,1
MNIST,0.2,187,1.0,1,1
MNIST,0.2,78,1.0,1,1
MNIST,0.2,121,1.0,1,1
MNIST,0.2,61,1.0,1,1
MNIST,0.2,27,1.0,1,1
MNIST,0.2,102,1.0,1,1
MNIST,0.2,191,1.0,1,1
MNIST,0.2,50,1.0,1,1
MNIST,0.2,93,1.0,1,1
MNIST,0.2,57,1.0,1,1
MNIST,0.2,43,1.0,1,1
MNIST,0.2,132,1.0,1,1
MNIST,0.2,84,1.0,1,1
MNIST,0.2,86,1.0,1,1
MNIST,0.2,171,1.0,1,1
MNIST,0.2,144,1.0,1,1
MNIST,0.2,144,1.0,1,1
MNIST,0.2,183,1.0,1,1
MNIST,0.2,97,1.0,1,1
MNIST,0.2,1,1.0,1,1
MNIST,0.2,136,1.0,1,1
MNIST,0.2,173,1.0,1,1
MNIST,0.2,17,1.0,1,1
MNIST,0.2,166,1.0,1,1
MNIST,0.2,52,1.0,1,1
MNIST,0.2,114,1.0,1,1
MNIST,0.2,1,1.0,1,1
MNIST,0.2,23,1.0,1,1
MNIST,0.2,157,1.0,1,1
MNIST,0.2,34,1.0,1,1
MNIST,0.2,196,1.0,1,1
MNIST,0.2,150,1.0,1,1
MNIST,0.2,120,1.0,1,1
MNIST,0.2,188,1.0,1,1
MNIST,0.2,148,1.0,1,1
MNIST,0.2,89,1.0,1,1
MNIST,0.2,14,1.0,1,1
MNIST,0.2,149,1.0,1,1
MNIST,0.2,190,1.0,1,1
MNIST,0.2,59,1.0,1,1
MNIST,0.2,120,1.0,1,1
MNIST,0.2,133,1.0,1,1
MNIST,0.2,56,1.0,1,1
MNIST,0.2,66,1.0,1,1
MNIST,0.2,90,1.0,1,1
MNIST,0.2,91,1.0,1,1
MNIST,0.2,174,1.0,1,1
MNIST,0.2,86,1.0,1,1
MNIST,0.2,188,1.0,1,1
MNIST,0.2,106,1.0,1,1
MNIST,0.2,43,1.0,1,1
MNIST,0.2,85,1.0,1,1
MNIST,0.2,181,1.0,1,1
MNIST,0.2,164,1.0,1,1
MNIST,0.2,3,1.0,1,1
MNIST,0.2,132,1.0,1,1
MNIST,0.2,45,1.0,1,1
MNIST,0.2,134,1.0,1,1
MNIST,0.2,73,1.0,1,1
MNIST,0.2,77,1.0,1,1
MNIST,0.2,165,1.0,1,1
MNIST,0.2,26,1.0,1,1
MNIST,0.2,53,1.0,1,1
MNIST,0.2,29,1.0,1,1
MNIST,0.2,77,1.0,1,1
MNIST,0.2,61,1.0,1,1
MNIST,0.2,166,1.0,1,1
MNIST,0.2,28,1.0,1,1
MNIST,0.2,131,1.0,1,1
MNIST,0.2,91,1.0,1,1
MNIST,0.2,102,1.0,1,1
MNIST,0.2,117,1.0,1,1
MNIST,0.2,56,1.0,1,1
MNIST,0.2,100,1.0,1,1
MNIST,0.2,160,1.0,1,1
MNIST,0.2,166,1.0,1,1
MNIST,0.2,155,1.0,1,1
MNIST,0.2,5,1.0,1,1
MNIST,0.2,68,1.0,1,1
MNIST,0.2,117,1.0,1,1
MNIST,0.2,118,1.0,1,1
MNIST,0.2,177,1.0,1,1
MNIST,0.2,32,1.0,1,1
MNIST,0.2,152,1.0,1,1
MNIST,0.2,182,1.0,1,1
MNIST,0.2,178,1.0,1,1
MNIST,0.2,198,1.0,1,1
MNIST,0.2,94,1.0,1,1
MNIST,0.2,0,1.0,1,1
MNIST,0.2,172,1.0,1,1
MNIST,0.2,29,1.0,1,1
MNIST,0.2,75,1.0,1,1
MNIST,0.2,192,1.0,1,1
MNIST,0.2,119,1.0,1,1
MNIST,0.2,180,1.0,1,1
MNIST,0.2,52,1.0,1,1
MNIST,0.2,87,1.0,1,1
MNIST,0.2,74,1.0,1,1
MNIST,0.2,143,1.0,1,1
MNIST,0.2,101,1.0,1,1
MNIST,0.2,155,1.0,1,1
MNIST,0.2,22,1.0,1,1
MNIST,0.2,7,1.0,1,1
MNIST,0.2,191,1.0,1,1
MNIST,0.2,198,1.0,1,1
MNIST,0.2,92,1.0,1,1
MNIST,0.2,103,1.0,1,1
MNIST,0.2,91,1.0,1,1
MNIST,0.2,103,1.0,1,1
MNIST,0.2,175,1.0,1,1
MNIST,0.2,58,1.0,1,1
MNIST,0.2,78,1.0,1,1
MNIST,0.2,170,1.0,1,1
MNIST,0.2,6,1.0,1,1
MNIST,0.3,38,1.0,1,1
MNIST,0.3,28,1.0,1,1
MNIST,0.3,143,1.0,1,1
MNIST,0.3,13,1.0,1,1
MNIST,0.3,3,1.0,1,1
MNIST,0.3,126,1.0,1,1
MNIST,0.3,79,1.0,1,1
MNIST,0.3,2,1.0,1,1
MNIST,0.3,107,1.0,1,1
MNIST,0.3,5,1.0,1,1
MNIST,0.3,182,1.0,1,1
MNIST,0.3,66,1.0,1,1
MNIST,0.3,154,1.0,1,1
MNIST,0.3,93,1.0,1,1
MNIST,0.3,25,1.0,1,1
MNIST,0.3,22,1.0,1,1
MNIST,0.3,138,1.0,1,1
MNIST,0.3,119,1.0,1,1
MNIST,0.3,174,1.0,1,1
MNIST,0.3,25,1.0,1,1
MNIST,0.3,112,1.0,1,1
MNIST,0.3,85,1.0,1,1
MNIST,0.3,141,1.0,1,1
MNIST,0.3,41,1.0,1,1
MNIST,0.3,65,1.0,1,1
MNIST,0.3,149,1.0,1,1
MNIST,0.3,8,1.0,1,1
MNIST,0.3,129,1.0,1,1
MNIST,0.3,110,1.0,1,1
MNIST,0.3,72,0.23333333333333334,0,1
MNIST,0.3,168,1.0,1,1
MNIST,0.3,14,1.0,1,1
MNIST,0.3,97,1.0,1,1
MNIST,0.3,77,1.0,1,1
MNIST,0.3,93,1.0,1,1
MNIST,0.3,124,1.0,1,1
MNIST,0.3,194,1.0,1,1
MNIST,0.3,139,1.0,1,1
MNIST,0.3,150,1.0,1,1
MNIST,0.3,194,1.0,1,1
MNIST,0.3,196,1.0,1,1
MNIST,0.3,173,1.0,1,1
MNIST,0.3,103,1.0,1,1
MNIST,0.3,115,1.0,1,1
MNIST,0.3,121,1.0,1,1
MNIST,0.3,91,1.0,1,1
MNIST,0.3,92,1.0,1,1
MNIST,0.3,45,1.0,1,1
MNIST,0.3,76,1.0,1,1
MNIST,0.3,84,1.0,1,1
MNIST,0.3,87,1.0,1,1
MNIST,0.3,77,1.0,1,1
MNIST,0.3,64,1.0,1,1
MNIST,0.3,71,1.0,1,1
MNIST,0.3,133,1.0,1,1
MNIST,0.3,65,1.0,1,1
MNIST,0.3,7,1.0,1,1
MNIST,0.3,172,1.0,1,1
MNIST,0.3,150,1.0,1,1
MNIST,0.3,160,1.0,1,1
MNIST,0.3,125,1.0,1,1
MNIST,0.3,184,1.0,1,1
MNIST,0.3,126,1.0,1,1
MNIST,0.3,55,1.0,1,1
MNIST,0.3,36,1.0,1,1
MNIST,0.3,40,1.0,1,1
MNIST,0.3,117,1.0,1,1
MNIST,0.3,140,1.0,1,1
MNIST,0.3,59,1.0,1,1
MNIST,0.3,143,1.0,1,1
MNIST,0.3,152,1.0,1,1
MNIST,0.3,39,1.0,1,1
MNIST,0.3,169,1.0,1,1
MNIST,0.3,93,1.0,1,1
MNIST,0.3,24,1.0,1,1
MNIST,0.3,33,1.0,1,1
MNIST,0.3,55,1.0,1,1
MNIST,0.3,160,1.0,1,1
MNIST,0.3,67,1.0,1,1
MNIST,0.3,191,1.0,1,1
MNIST,0.3,176,1.0,1,1
MNIST,0.3,179,1.0,1,1
MNIST,0.3,187,1.0,1,1
MNIST,0.3,61,1.0,1,1
MNIST,0.3,67,1.0,1,1
MNIST,0.3,89,1.0,1,1
MNIST,0.3,162,1.0,1,1
MNIST,0.3,137,1.0,1,1
MNIST,0.3,95,1.0,1,1
MNIST,0.3,123,1.0,1,1
MNIST,0.3,124,1.0,1,1
MNIST,0.3,94,1.0,1,1
MNIST,0.3,82,1.0,1,1
MNIST,0.3,150,1.0,1,1
MNIST,0.3,96,1.0,1,1
MNIST,0.3,134,1.0,1,1
MNIST,0.3,168,1.0,1,1
MNIST,0.3,99,1.0,1,1
MNIST,0.3,124,1.0,1,1
MNIST,0.3,102,1.0,1,1
MNIST,0.3,89,1.0,1,1
MNIST,0.3,20,1.0,1,1
MNIST,0.3,29,1.0,1,1
MNIST,0.3,173,1.0,1,1
MNIST,0.3,3,1.0,1,1
MNIST,0.3,20,1.0,1,1
MNIST,0.3,105,1.0,1,1
MNIST,0.3,174,1.0,1,1
MNIST,0.3,9,1.0,1,1
MNIST,0.3,108,1.0,1,1
MNIST,0.3,137,1.0,1,1
MNIST,0.3,86,1.0,1,1
MNIST,0.3,8,1.0,1,1
MNIST,0.3,93,1.0,1,1
MNIST,0.3,87,1.0,1,1
MNIST,0.3,151,1.0,1,1
MNIST,0.3,154,1.0,1,1
MNIST,0.3,168,1.0,1,1
MNIST,0.3,15,1.0,1,1
MNIST,0.3,108,1.0,1,1
MNIST,0.3,5,1.0,1,1
MNIST,0.3,180,1.0,1,1
MNIST,0.3,134,1.0,1,1
MNIST,0.3,84,1.0,1,1
MNIST,0.3,114,1.0,1,1
MNIST,0.3,173,1.0,1,1
MNIST,0.3,150,1.0,1,1
MNIST,0.3,149,1.0,1,1
MNIST,0.3,32,1.0,1,1
MNIST,0.3,175,1.0,1,1
MNIST,0.3,51,1.0,1,1
MNIST,0.3,178,1.0,1,1
MNIST,0.3,166,1.0,1,1
MNIST,0.3,59,1.0,1,1
MNIST,0.3,96,1.0,1,1
MNIST,0.3,14,1.0,1,1
MNIST,0.3,197,1.0,1,1
MNIST,0.3,3,1.0,1,1
MNIST,0.3,61,1.0,1,1
MNIST,0.3,48,1.0,1,1
MNIST,0.3,62,1.0,1,1
MNIST,0.3,188,1.0,1,1
MNIST,0.3,24,1.0,1,1
MNIST,0.3,138,1.0,1,1
MNIST,0.3,91,1.0,1,1
MNIST,0.3,175,1.0,1,1
MNIST,0.3,75,1.0,1,1
MNIST,0.3,136,1.0,1,1
MNIST,0.3,119,1.0,1,1
MNIST,0.3,10,1.0,1,1
MNIST,0.3,108,1.0,1,1
MNIST,0.3,147,1.0,1,1
MNIST,0.3,102,1.0,1,1
MNIST,0.3,46,1.0,1,1
MNIST,0.3,145,1.0,1,1
MNIST,0.3,114,1.0,1,1
MNIST,0.3,179,1.0,1,1
MNIST,0.3,101,1.0,1,1
MNIST,0.3,121,1.0,1,1
MNIST,0.3,31,1.0,1,1
MNIST,0.3,187,1.0,1,1
MNIST,0.3,28,1.0,1,1
MNIST,0.3,72,1.0,1,1
MNIST,0.3,188,1.0,1,1
MNIST,0.3,58,1.0,1,1
MNIST,0.3,7,1.0,1,1
MNIST,0.3,107,1.0,1,1
MNIST,0.3,85,1.0,1,1
MNIST,0.3,186,1.0,1,1
MNIST,0.3,150,1.0,1,1
MNIST,0.3,30,1.0,1,1
MNIST,0.3,64,1.0,1,1
MNIST,0.3,145,1.0,1,1
MNIST,0.3,173,1.0,1,1
MNIST,0.3,167,1.0,1,1
MNIST,0.3,100,1.0,1,1
MNIST,0.3,180,1.0,1,1
MNIST,0.3,124,1.0,1,1
MNIST,0.3,142,1.0,1,1
MNIST,0.3,33,1.0,1,1
MNIST,0.3,89,1.0,1,1
MNIST,0.3,189,1.0,1,1
MNIST,0.3,101,1.0,1,1
MNIST,0.3,9,1.0,1,1
MNIST,0.3,67,1.0,1,1
MNIST,0.3,165,1.0,1,1
MNIST,0.3,136,1.0,1,1
MNIST,0.3,111,1.0,1,1
MNIST,0.3,165,1.0,1,1
MNIST,0.3,169,1.0,1,1
MNIST,0.3,142,1.0,1,1
MNIST,0.3,84,1.0,1,1
MNIST,0.3,132,1.0,1,1
MNIST,0.3,112,1.0,1,1
MNIST,0.3,43,1.0,1,1
MNIST,0.3,121,1.0,1,1
MNIST,0.3,5,1.0,1,1
MNIST,0.3,33,1.0,1,1
MNIST,0.3,63,1.0,1,1
MNIST,0.3,67,1.0,1,1
MNIST,0.4,193,1.0,1,1
MNIST,0.4,182,1.0,1,1
MNIST,0.4,129,1.0,1,1
MNIST,0.4,56,0.28,0,1
MNIST,0.4,168,1.0,1,1
MNIST,0.4,55,0.24666666666666667,0,1
MNIST,0.4,51,1.0,1,1
MNIST,0.4,5,1.0,1,1
MNIST,0.4,49,1.0,1,1
MNIST,0.4,126,1.0,1,1
MNIST,0.4,50,0.21333333333333335,0,1
MNIST,0.4,2,1.0,1,1
MNIST,0.4,153,0.24,0,1
MNIST,0.4,24,1.0,1,1
MNIST,0.4,174,1.0,1,1
MNIST,0.4,165,0.16666666666666666,0,1
MNIST,0.4,94,1.0,1,1
MNIST,0.4,65,1.0,1,1
MNIST,0.4,120,1.0,1,1
MNIST,0.4,79,0.17333333333333334,0,1
MNIST,0.4,23,1.0,1,1
MNIST,0.4,95,0.22,0,1
MNIST,0.4,107,1.0,1,1
MNIST,0.4,9,0.15333333333333332,0,1
MNIST,0.4,142,1.0,1,1
MNIST,0.4,127,0.21333333333333335,0,1
MNIST,0.4,175,1.0,1,1
MNIST,0.4,172,1.0,1,1
MNIST,0.4,164,1.0,1,1
MNIST,0.4,125,1.0,1,1
MNIST,0.4,44,1.0,1,1
MNIST,0.4,184,1.0,1,1
MNIST,0.4,27,0.18666666666666668,0,1
MNIST,0.4,21,1.0,1,1
MNIST,0.4,36,1.0,1,1
MNIST,0.4,159,1.0,1,1
MNIST,0.4,69,1.0,1,1
MNIST,0.4,139,0.21333333333333335,0,1
MNIST,0.4,139,1.0,1,1
MNIST,0.4,54,1.0,1,1
MNIST,0.4,25,0.20666666666666667,0,1
MNIST,0.4,178,1.0,1,1
MNIST,0.4,146,1.0,1,1
MNIST,0.4,31,1.0,1,1
MNIST,0.4,6,1.0,1,1
MNIST,0.4,5,1.0,1,1
MNIST,0.4,53,1.0,1,1
MNIST,0.4,50,1.0,1,1
MNIST,0.4,155,1.0,1,1
MNIST,0.4,101,0.19333333333333333,0,1
MNIST,0.4,149,1.0,1,1
MNIST,0.4,92,1.0,1,1
MNIST,0.4,85,1.0,1,1
MNIST,0.4,4,1.0,1,1
MNIST,0.4,124,1.0,1,1
MNIST,0.4,68,1.0,1,1
MNIST,0.4,35,1.0,1,1
MNIST,0.4,23,0.24666666666666667,0,1
MNIST,0.4,96,1.0,1,1
MNIST,0.4,154,1.0,1,1
MNIST,0.4,124,1.0,1,1
MNIST,0.4,62,0.22,0,1
MNIST,0.4,175,1.0,1,1
MNIST,0.4,96,1.0,1,1
MNIST,0.4,87,0.20666666666666667,0,1
MNIST,0.4,149,1.0,1,1
MNIST,0.4,30,1.0,1,1
MNIST,0.4,18,1.0,1,1
MNIST,0.4,177,1.0,1,1
MNIST,0.4,164,1.0,1,1
MNIST,0.4,16,0.2,0,1
MNIST,0.4,60,1.0,1,1
MNIST,0.4,77,1.0,1,1
MNIST,0.4,165,1.0,1,1
MNIST,0.4,155,1.0,1,1
MNIST,0.4,8,1.0,1,1
MNIST,0.4,40,1.0,1,1
MNIST,0.4,82,0.24,0,1
MNIST,0.4,79,1.0,1,1
MNIST,0.4,38,1.0,1,1
MNIST,0.4,179,1.0,1,1
MNIST,0.4,60,1.0,1,1
MNIST,0.4,91,1.0,1,1
MNIST,0.4,96,1.0,1,1
MNIST,0.4,139,1.0,1,1
MNIST,0.4,22,1.0,1,1
MNIST,0.4,44,0.21333333333333335,0,1
MNIST,0.4,156,1.0,1,1
MNIST,0.4,63,1.0,1,1
MNIST,0.4,56,1.0,1,1
MNIST,0.4,136,1.0,1,1
MNIST,0.4,84,1.0,1,1
MNIST,0.4,183,1.0,1,1
MNIST,0.4,32,1.0,1,1
MNIST,0.4,130,0.3,0,1
MNIST,0.4,184,0.26666666666666666,0,1
MNIST,0.4,149,1.0,1,1
MNIST,0.4,68,1.0,1,1
MNIST,0.4,89,1.0,1,1
MNIST,0.4,170,1.0,1,1
MNIST,0.4,184,1.0,1,1
MNIST,0.4,31,1.0,1,1
MNIST,0.4,91,1.0,1,1
MNIST,0.4,166,1.0,1,1
MNIST,0.4,10,1.0,1,1
MNIST,0.4,3,1.0,1,1
MNIST,0.4,58,1.0,1,1
MNIST,0.4,153,1.0,1,1
MNIST,0.4,97,0.26,0,1
MNIST,0.4,144,1.0,1,1
MNIST,0.4,132,1.0,1,1
MNIST,0.4,133,1.0,1,1
MNIST,0.4,22,1.0,1,1
MNIST,0.4,49,1.0,1,1
MNIST,0.4,79,0.2,0,1
MNIST,0.4,116,1.0,1,1
MNIST,0.4,27,1.0,1,1
MNIST,0.4,74,1.0,1,1
MNIST,0.4,23,1.0,1,1
MNIST,0.4,188,1.0,1,1
MNIST,0.4,147,1.0,1,1
MNIST,0.4,83,1.0,1,1
MNIST,0.4,19,0.17333333333333334,0,1
MNIST,0.4,184,1.0,1,1
MNIST,0.4,162,1.0,1,1
MNIST,0.4,73,1.0,1,1
MNIST,0.4,169,1.0,1,1
MNIST,0.4,18,1.0,1,1
MNIST,0.4,195,1.0,1,1
MNIST,0.4,10,1.0,1,1
MNIST,0.4,138,1.0,1,1
MNIST,0.4,38,1.0,1,1
MNIST,0.4,152,1.0,1,1
MNIST,0.4,124,0.19333333333333333,0,1
MNIST,0.4,100,1.0,1,1
MNIST,0.4,12,1.0,1,1
MNIST,0.4,113,1.0,1,1
MNIST,0.4,125,1.0,1,1
MNIST,0.4,108,0.26,0,1
MNIST,0.4,167,1.0,1,1
MNIST,0.4,76,1.0,1,1
MNIST,0.4,189,1.0,1,1
MNIST,0.4,192,1.0,1,1
MNIST,0.4,5,1.0,1,1
MNIST,0.4,96,1.0,1,1
MNIST,0.4,53,1.0,1,1
MNIST,0.4,63,1.0,1,1
MNIST,0.4,156,1.0,1,1
MNIST,0.4,188,0.25333333333333335,0,1
MNIST,0.4,154,1.0,1,1
MNIST,0.4,198,1.0,1,1
MNIST,0.4,164,0.24,0,1
MNIST,0.4,147,1.0,1,1
MNIST,0.4,170,1.0,1,1
MNIST,0.4,15,1.0,1,1
MNIST,0.4,79,1.0,1,1
MNIST,0.4,49,1.0,1,1
MNIST,0.4,146,1.0,1,1
MNIST,0.4,130,1.0,1,1
MNIST,0.4,132,1.0,1,1
MNIST,0.4,30,1.0,1,1
MNIST,0.4,193,0.20666666666666667,0,1
MNIST,0.4,78,1.0,1,1
MNIST,0.4,152,1.0,1,1
MNIST,0.4,115,1.0,1,1
MNIST,0.4,97,1.0,1,1
MNIST,0.4,3,0.18666666666666668,0,1
MNIST,0.4,142,1.0,1,1
MNIST,0.4,36,1.0,1,1
MNIST,0.4,116,1.0,1,1
MNIST,0.4,97,1.0,1,1
MNIST,0.4,40,1.0,1,1
MNIST,0.4,24,0.24,0,1
MNIST,0.4,103,1.0,1,1
MNIST,0.4,158,1.0,1,1
MNIST,0.4,49,1.0,1,1
MNIST,0.4,79,1.0,1,1
MNIST,0.4,120,1.0,1,1
MNIST,0.4,38,1.0,1,1
MNIST,0.4,43,1.0,1,1
MNIST,0.4,50,0.21333333333333335,0,1
MNIST,0.4,63,1.0,1,1
MNIST,0.4,179,1.0,1,1
MNIST,0.4,53,1.0,1,1
MNIST,0.4,141,0.21333333333333335,0,1
MNIST,0.4,70,1.0,1,1
MNIST,0.4,73,1.0,1,1
MNIST,0.4,92,1.0,1,1
MNIST,0.4,52,1.0,1,1
MNIST,0.4,49,0.21333333333333335,0,1
MNIST,0.4,18,1.0,1,1
MNIST,0.4,166,0.18666666666666668,0,1
MNIST,0.4,80,1.0,1,1
MNIST,0.4,42,1.0,1,1
MNIST,0.4,29,1.0,1,1
MNIST,0.4,190,1.0,1,1
MNIST,0.4,23,0.23333333333333334,0,1
MNIST,0.4,43,1.0,1,1
MNIST,0.4,182,1.0,1,1
MNIST,0.4,165,1.0,1,1
MNIST,0.5,105,1.0,1,1
MNIST,0.5,180,1.0,1,1
MNIST,0.5,199,1.0,1,1
MNIST,0.5,197,0.24,0,1
MNIST,0.5,130,0.22666666666666666,0,1
MNIST,0.5,128,1.0,1,1
MNIST,0.5,164,1.0,1,1
MNIST,0.5,145,0.19333333333333333,0,1
MNIST,0.5,130,0.14666666666666667,0,1
MNIST,0.5,103,0.20666666666666667,0,1
MNIST,0.5,154,0.18,0,1
MNIST,0.5,187,0.2,0,1
MNIST,0.5,114,0.20666666666666667,0,1
MNIST,0.5,103,0.24666666666666667,0,1
MNIST,0.5,38,0.23333333333333334,0,1
MNIST,0.5,180,1.0,1,1
MNIST,0.5,66,1.0,1,1
MNIST,0.5,50,0.24666666666666667,0,1
MNIST,0.5,100,0.14666666666666667,0,1
MNIST,0.5,129,0.23333333333333334,0,1
MNIST,0.5,169,0.18666666666666668,0,1
MNIST,0.5,171,1.0,1,1
MNIST,0.5,23,1.0,1,1
MNIST,0.5,183,0.21333333333333335,0,1
MNIST,0.5,24,0.24666666666666667,0,1
MNIST,0.5,44,0.12666666666666668,0,1
MNIST,0.5,1,0.22,0,1
MNIST,0.5,64,1.0,1,1
MNIST,0.5,99,1.0,1,1
MNIST,0.5,128,1.0,1,1
MNIST,0.5,190,1.0,1,1
MNIST,0.5,191,0.22666666666666666,0,1
MNIST,0.5,168,1.0,1,1
MNIST,0.5,33,1.0,1,1
MNIST,0.5,67,1.0,1,1
MNIST,0.5,89,1.0,1,1
MNIST,0.5,40,1.0,1,1
MNIST,0.5,65,0.21333333333333335,0,1
MNIST,0.5,41,1.0,1,1
MNIST,0.5,0,0.16666666666666666,0,1
MNIST,0.5,44,0.19333333333333333,0,1
MNIST,0.5,55,0.21333333333333335,0,1
MNIST,0.5,136,0.2,0,1
MNIST,0.5,192,0.23333333333333334,0,1
MNIST,0.5,14,0.18666666666666668,0,1
MNIST,0.5,31,1.0,1,1
MNIST,0.5,174,1.0,1,1
MNIST,0.5,170,0.19333333333333333,0,1
MNIST,0.5,41,1.0,1,1
MNIST,0.5,113,1.0,1,1
MNIST,0.5,2,1.0,1,1
MNIST,0.5,112,0.17333333333333334,0,1
MNIST,0.5,15,0.2,0,1
MNIST,0.5,112,0.18666666666666668,0,1
MNIST,0.5,2,1.0,1,1
MNIST,0.5,27,0.16666666666666666,0,1
MNIST,0.5,23,0.2,0,1
MNIST,0.5,41,1.0,1,1
MNIST,0.5,175,1.0,1,1
MNIST,0.5,86,0.23333333333333334,0,1
MNIST,0.5,61,1.0,1,1
MNIST,0.5,84,1.0,1,1
MNIST,0.5,66,0.20666666666666667,0,1
MNIST,0.5,151,1.0,1,1
MNIST,0.5,119,1.0,1,1
MNIST,0.5,120,0.24,0,1
MNIST,0.5,81,0.21333333333333335,0,1
MNIST,0.5,13,1.0,1,1
MNIST,0.5,180,1.0,1,1
MNIST,0.5,197,0.21333333333333335,0,1
MNIST,0.5,153,1.0,1,1
MNIST,0.5,52,1.0,1,1
MNIST,0.5,188,0.2,0,1
MNIST,0.5,189,1.0,1,1
MNIST,0.5,79,0.22,0,1
MNIST,0.5,167,1.0,1,1
MNIST,0.5,84,1.0,1,1
MNIST,0.5,110,1.0,1,1
MNIST,0.5,81,0.18,0,1
MNIST,0.5,25,1.0,1,1
MNIST,0.5,65,1.0,1,1
MNIST,0.5,125,1.0,1,1
MNIST,0.5,68,1.0,1,1
MNIST,0.5,193,0.26,0,1
MNIST,0.5,170,1.0,1,1
MNIST,0.5,159,1.0,1,1
MNIST,0.5,155,0.24,0,1
MNIST,0.5,58,0.18,0,1
MNIST,0.5,9,1.0,1,1
MNIST,0.5,100,1.0,1,1
MNIST,0.5,110,0.20666666666666667,0,1
MNIST,0.5,74,0.19333333333333333,0,1
MNIST,0.5,127,1.0,1,1
MNIST,0.5,190,0.25333333333333335,0,1
MNIST,0.5,109,0.26,0,1
MNIST,0.5,50,0.26666666666666666,0,1
MNIST,0.5,22,1.0,1,1
MNIST,0.5,169,0.18666666666666668,0,1
MNIST,0.5,150,0.26,0,1
MNIST,0.5,135,1.0,1,1
MNIST,0.5,88,1.0,1,1
MNIST,0.5,93,0.22,0,1
MNIST,0.5,151,0.22666666666666666,0,1
MNIST,0.5,31,1.0,1,1
MNIST,0.5,49,0.3,0,1
MNIST,0.5,196,1.0,1,1
MNIST,0.5,14,0.18,0,1
MNIST,0.5,24,0.21333333333333335,0,1
MNIST,0.5,93,0.22,0,1
MNIST,0.5,26,0.23333333333333334,0,1
MNIST,0.5,184,0.20666666666666667,0,1
MNIST,0.5,20,1.0,1,1
MNIST,0.5,172,1.0,1,1
MNIST,0.5,57,1.0,1,1
MNIST,0.5,2,1.0,1,1
MNIST,0.5,141,1.0,1,1
MNIST,0.5,20,1.0,1,1
MNIST,0.5,135,1.0,1,1
MNIST,0.5,29,1.0,1,1
MNIST,0.5,55,0.3,0,1
MNIST,0.5,124,1.0,1,1
MNIST,0.5,41,0.23333333333333334,0,1
MNIST,0.5,72,0.18666666666666668,0,1
MNIST,0.5,140,0.24,0,1
MNIST,0.5,25,1.0,1,1
MNIST,0.5,163,0.23333333333333334,0,1
MNIST,0.5,157,1.0,1,1
MNIST,0.5,107,1.0,1,1
MNIST,0.5,101,0.22666666666666666,0,1
MNIST,0.5,175,0.2,0,1
MNIST,0.5,98,1.0,1,1
MNIST,0.5,127,1.0,1,1
MNIST,0.5,14,0.25333333333333335,0,1
MNIST,0.5,125,1.0,1,1
MNIST,0.5,55,1.0,1,1
MNIST,0.5,70,1.0,1,1
MNIST,0.5,167,0.24,0,1
MNIST,0.5,19,1.0,1,1
MNIST,0.5,150,0.24,0,1
MNIST,0.5,97,0.18666666666666668,0,1
MNIST,0.5,21,1.0,1,1
MNIST,0.5,5,1.0,1,1
MNIST,0.5,61,0.24666666666666667,0,1
MNIST,0.5,166,0.26666666666666666,0,1
MNIST,0.5,22,0.20666666666666667,0,1
MNIST,0.5,151,1.0,1,1
MNIST,0.5,185,1.0,1,1
MNIST,0.5,112,0.22666666666666666,0,1
MNIST,0.5,192,0.2,0,1
MNIST,0.5,72,0.21333333333333335,0,1
MNIST,0.5,176,1.0,1,1
MNIST,0.5,68,1.0,1,1
MNIST,0.5,27,0.18666666666666668,0,1
MNIST,0.5,10,1.0,1,1
MNIST,0.5,141,0.23333333333333334,0,1
MNIST,0.5,134,0.24666666666666667,0,1
MNIST,0.5,30,1.0,1,1
MNIST,0.5,158,1.0,1,1
MNIST,0.5,116,1.0,1,1
MNIST,0.5,50,0.22,0,1
MNIST,0.5,59,1.0,1,1
MNIST,0.5,125,0.2733333333333333,0,1
MNIST,0.5,106,1.0,1,1
MNIST,0.5,27,0.22,0,1
MNIST,0.5,45,1.0,1,1
MNIST,0.5,37,0.22666666666666666,0,1
MNIST,0.5,63,0.26666666666666666,0,1
MNIST,0.5,61,0.18,0,1
MNIST,0.5,137,0.20666666666666667,0,1
MNIST,0.5,188,0.16,0,1
MNIST,0.5,50,0.24666666666666667,0,1
MNIST,0.5,186,1.0,1,1
MNIST,0.5,188,0.22,0,1
MNIST,0.5,108,1.0,1,1
MNIST,0.5,59,0.17333333333333334,0,1
MNIST,0.5,147,1.0,1,1
MNIST,0.5,115,1.0,1,1
MNIST,0.5,20,1.0,1,1
MNIST,0.5,143,0.18666666666666668,0,1
MNIST,0.5,105,0.18,0,1
MNIST,0.5,18,1.0,1,1
MNIST,0.5,160,1.0,1,1
MNIST,0.5,8,0.24666666666666667,0,1
MNIST,0.5,12,0.22666666666666666,0,1
MNIST,0.5,10,1.0,1,1
MNIST,0.5,107,0.25333333333333335,0,1
MNIST,0.5,82,0.22666666666666666,0,1
MNIST,0.5,76,1.0,1,1
MNIST,0.5,18,0.2733333333333333,0,1
MNIST,0.5,56,1.0,1,1
MNIST,0.5,62,0.16666666666666666,0,1
MNIST,0.5,45,1.0,1,1
MNIST,0.5,180,1.0,1,1
MNIST,0.5,124,1.0,1,1
MNIST,0.5,158,1.0,1,1
MNIST,0.5,28,0.22666666666666666,0,1
MNIST,0.5,177,1.0,1,1
MNIST,0.5,112,0.16666666666666666,0,1
MNIST,0.5,9,0.22,0,1
MNIST,0.5,14,0.21333333333333335,0,1
MNIST,0.6,34,0.21333333333333335,0,1
MNIST,0.6,28,1.0,1,1
MNIST,0.6,157,0.2,0,1
MNIST,0.6,34,0.14666666666666667,0,1
MNIST,0.6,185,0.18,0,1
MNIST,0.6,58,1.0,1,1
MNIST,0.6,21,0.14666666666666667,0,1
MNIST,0.6,70,0.26,0,1
MNIST,0.6,31,0.25333333333333335,0,1
MNIST,0.6,65,0.18,0,1
MNIST,0.6,175,0.22666666666666666,0,1
MNIST,0.6,120,1.0,1,1
MNIST,0.6,0,0.24,0,1
MNIST,0.6,13,0.21333333333333335,0,1
MNIST,0.6,131,1.0,1,1
MNIST,0.6,81,1.0,1,1
MNIST,0.6,66,0.24,0,1
MNIST,0.6,51,1.0,1,1
MNIST,0.6,80,0.15333333333333332,0,1
MNIST,0.6,179,0.21333333333333335,0,1
MNIST,0.6,139,0.20666666666666667,0,1
MNIST,0.6,58,0.22666666666666666,0,1
MNIST,0.6,126,1.0,1,1
MNIST,0.6,186,1.0,1,1
MNIST,0.6,22,0.18666666666666668,0,1
MNIST,0.6,76,0.2733333333333333,0,1
MNIST,0.6,155,0.20666666666666667,0,1
MNIST,0.6,12,0.18666666666666668,0,1
MNIST,0.6,102,0.24666666666666667,0,1
MNIST,0.6,181,0.19333333333333333,0,1
MNIST,0.6,192,1.0,1,1
MNIST,0.6,12,0.22666666666666666,0,1
MNIST,0.6,113,1.0,1,1
MNIST,0.6,79,1.0,1,1
MNIST,0.6,28,1.0,1,1
MNIST,0.6,154,0.22,0,1
MNIST,0.6,62,0.20666666666666667,0,1
MNIST,0.6,0,1.0,1,1
MNIST,0.6,196,1.0,1,1
MNIST,0.6,167,1.0,1,1
MNIST,0.6,143,0.22666666666666666,0,1
MNIST,0.6,104,0.21333333333333335,0,1
MNIST,0.6,157,0.18666666666666668,0,1
MNIST,0.6,120,0.26666666666666666,0,1
MNIST,0.6,123,0.20666666666666667,0,1
MNIST,0.6,138,1.0,1,1
MNIST,0.6,83,0.18666666666666668,0,1
MNIST,0.6,169,0.25333333333333335,0,1
MNIST,0.6,81,1.0,1,1
MNIST,0.6,95,0.20666666666666667,0,1
MNIST,0.6,122,0.21333333333333335,0,1
MNIST,0.6,117,0.18,0,1
MNIST,0.6,97,0.16666666666666666,0,1
MNIST,0.6,110,0.18,0,1
MNIST,0.6,108,1.0,1,1
MNIST,0.6,24,0.21333333333333335,0,1
MNIST,0.6,57,0.2,0,1
MNIST,0.6,195,0.21333333333333335,0,1
MNIST,0.6,112,1.0,1,1
MNIST,0.6,165,0.17333333333333334,0,1
MNIST,0.6,117,0.23333333333333334,0,1
MNIST,0.6,102,0.24,0,1
MNIST,0.6,86,1.0,1,1
MNIST,0.6,71,0.18666666666666668,0,1
MNIST,0.6,153,1.0,1,1
MNIST,0.6,3,1.0,1,1
MNIST,0.6,60,1.0,1,1
MNIST,0.6,11,1.0,1,1
MNIST,0.6,139,0.23333333333333334,0,1
MNIST,0.6,171,0.26666666666666666,0,1
MNIST,0.6,50,0.20666666666666667,0,1
MNIST,0.6,188,0.17333333333333334,0,1
MNIST,0.6,39,0.2733333333333333,0,1
MNIST,0.6,2,0.2,0,1
MNIST,0.6,116,0.18,0,1
MNIST,0.6,50,0.25333333333333335,0,1
MNIST,0.6,199,0.22,0,1
MNIST,0.6,156,0.2,0,1
MNIST,0.6,0,0.18,0,1
MNIST,0.6,159,1.0,1,1
MNIST,0.6,182,1.0,1,1
MNIST,0.6,123,0.19333333333333333,0,1
MNIST,0.6,4,1.0,1,1
MNIST,0.6,148,0.22,0,1
MNIST,0.6,146,0.19333333333333333,0,1
MNIST,0.6,92,0.22,0,1
MNIST,0.6,179,0.16666666666666666,0,1
MNIST,0.6,0,1.0,1,1
MNIST,0.6,157,0.2,0,1
MNIST,0.6,17,0.25333333333333335,0,1
MNIST,0.6,77,0.20666666666666667,0,1
MNIST,0.6,38,0.20666666666666667,0,1
MNIST,0.6,113,0.3,0,1
MNIST,0.6,3,1.0,1,1
MNIST,0.6,6,0.18666666666666668,0,1
MNIST,0.6,154,1.0,1,1
MNIST,0.6,102,0.2,0,1
MNIST,0.6,191,1.0,1,1
MNIST,0.6,115,0.18666666666666668,0,1
MNIST,0.6,31,1.0,1,1
MNIST,0.6,125,0.22666666666666666,0,1
MNIST,0.6,45,0.2,0,1
MNIST,0.6,10,1.0,1,1
MNIST,0.6,167,0.22666666666666666,0,1
MNIST,0.6,152,0.22,0,1
MNIST,0.6,164,0.14,0,1
MNIST,0.6,58,0.18666666666666668,0,1
MNIST,0.6,146,0.18,0,1
MNIST,0.6,92,0.18,0,1
MNIST,0.6,52,0.26666666666666666,0,1
MNIST,0.6,149,1.0,1,1
MNIST,0.6,160,0.23333333333333334,0,1
MNIST,0.6,107,0.21333333333333335,0,1
MNIST,0.6,22,0.26,0,1
MNIST,0.6,75,0.18,0,1
MNIST,0.6,67,0.26,0,1
MNIST,0.6,69,0.24,0,1
MNIST,0.6,150,0.19333333333333333,0,1
MNIST,0.6,173,1.0,1,1
MNIST,0.6,77,0.26,0,1
MNIST,0.6,96,0.18,0,1
MNIST,0.6,182,0.18,0,1
MNIST,0.6,90,1.0,1,1
MNIST,0.6,195,1.0,1,1
MNIST,0.6,98,1.0,1,1
MNIST,0.6,116,1.0,1,1
MNIST,0.6,79,0.28,0,1
MNIST,0.6,135,0.2,0,1
MNIST,0.6,130,1.0,1,1
MNIST,0.6,125,0.24666666666666667,0,1
MNIST,0.6,166,0.26,0,1
MNIST,0.6,198,0.25333333333333335,0,1
MNIST,0.6,54,0.25333333333333335,0,1
MNIST,0.6,133,0.20666666666666667,0,1
MNIST,0.6,156,0.2,0,1
MNIST,0.6,196,0.16666666666666666,0,1
MNIST,0.6,130,1.0,1,1
MNIST,0.6,4,1.0,1,1
MNIST,0.6,157,0.21333333333333335,0,1
MNIST,0.6,90,1.0,1,1
MNIST,0.6,78,0.16,0,1
MNIST,0.6,43,0.22,0,1
MNIST,0.6,82,0.18,0,1
MNIST,0.6,75,1.0,1,1
MNIST,0.6,93,0.21333333333333335,0,1
MNIST,0.6,44,1.0,1,1
MNIST,0.6,111,0.18,0,1
MNIST,0.6,65,0.18666666666666668,0,1
MNIST,0.6,187,0.16,0,1
MNIST,0.6,172,1.0,1,1
MNIST,0.6,0,0.24,0,1
MNIST,0.6,130,0.23333333333333334,0,1
MNIST,0.6,58,1.0,1,1
MNIST,0.6,33,1.0,1,1
MNIST,0.6,166,0.25333333333333335,0,1
MNIST,0.6,109,0.24666666666666667,0,1
MNIST,0.6,2,0.18666666666666668,0,1
MNIST,0.6,82,0.19333333333333333,0,1
MNIST,0.6,182,0.22,0,1
MNIST,0.6,118,0.22,0,1
MNIST,0.6,177,0.19333333333333333,0,1
MNIST,0.6,101,0.2,0,1
MNIST,0.6,48,0.20666666666666667,0,1
MNIST,0.6,90,0.24,0,1
MNIST,0.6,45,1.0,1,1
MNIST,0.6,114,0.20666666666666667,0,1
MNIST,0.6,124,0.26666666666666666,0,1
MNIST,0.6,92,0.25333333333333335,0,1
MNIST,0.6,177,0.16,0,1
MNIST,0.6,112,1.0,1,1
MNIST,0.6,126,1.0,1,1
MNIST,0.6,121,1.0,1,1
MNIST,0.6,13,0.24666666666666667,0,1
MNIST,0.6,97,0.18,0,1
MNIST,0.6,127,0.18666666666666668,0,1
MNIST,0.6,57,0.21333333333333335,0,1
MNIST,0.6,113,0.2,0,1
MNIST,0.6,120,0.20666666666666667,0,1
MNIST,0.6,75,0.21333333333333335,0,1
MNIST,0.6,159,0.20666666666666667,0,1
MNIST,0.6,57,0.28,0,1
MNIST,0.6,15,0.21333333333333335,0,1
MNIST,0.6,161,0.21333333333333335,0,1
MNIST,0.6,121,0.18,0,1
MNIST,0.6,159,1.0,1,1
MNIST,0.6,175,1.0,1,1
MNIST,0.6,98,0.25333333333333335,0,1
MNIST,0.6,69,0.14666666666666667,0,1
MNIST,0.6,43,1.0,1,1
MNIST,0.6,88,0.24666666666666667,0,1
MNIST,0.6,84,1.0,1,1
MNIST,0.6,101,1.0,1,1
MNIST,0.6,55,0.22666666666666666,0,1
MNIST,0.6,13,0.19333333333333333,0,1
MNIST,0.6,175,0.17333333333333334,0,1
MNIST,0.6,10,0.2,0,1
MNIST,0.6,80,0.19333333333333333,0,1
MNIST,0.6,43,0.21333333333333335,0,1
MNIST,0.6,180,1.0,1,1
MNIST,0.6,32,1.0,1,1
MNIST,0.8,85,0.21333333333333335,0,1
MNIST,0.8,66,0.18666666666666668,0,1
MNIST,0.8,45,0.25333333333333335,0,1
MNIST,0.8,76,0.17333333333333334,0,1
MNIST,0.8,111,0.19333333333333333,0,1
MNIST,0.8,38,0.18666666666666668,0,1
MNIST,0.8,178,0.18,0,1
MNIST,0.8,31,1.0,1,1
MNIST,0.8,166,0.19333333333333333,0,1
MNIST,0.8,116,0.22666666666666666,0,1
MNIST,0.8,162,0.24666666666666667,0,1
MNIST,0.8,99,0.2,0,1
MNIST,0.8,163,0.16,0,1
MNIST,0.8,114,0.20666666666666667,0,1
MNIST,0.8,50,0.20666666666666667,0,1
MNIST,0.8,98,1.0,1,1
MNIST,0.8,103,0.22,0,1
MNIST,0.8,142,0.23333333333333334,0,1
MNIST,0.8,1,0.22,0,1
MNIST,0.8,177,0.24,0,1
MNIST,0.8,124,0.19333333333333333,0,1
MNIST,0.8,25,0.20666666666666667,0,1
MNIST,0.8,28,0.21333333333333335,0,1
MNIST,0.8,27,0.18666666666666668,0,1
MNIST,0.8,176,0.2,0,1
MNIST,0.8,187,0.19333333333333333,0,1
MNIST,0.8,195,0.24,0,1
MNIST,0.8,73,0.20666666666666667,0,1
MNIST,0.8,139,0.23333333333333334,0,1
MNIST,0.8,60,0.18666666666666668,0,1
MNIST,0.8,70,0.19333333333333333,0,1
MNIST,0.8,103,0.20666666666666667,0,1
MNIST,0.8,53,0.2733333333333333,0,1
MNIST,0.8,38,0.20666666666666667,0,1
MNIST,0.8,188,0.26666666666666666,0,1
MNIST,0.8,176,0.19333333333333333,0,1
MNIST,0.8,98,0.19333333333333333,0,1
MNIST,0.8,158,0.18666666666666668,0,1
MNIST,0.8,109,1.0,1,1
MNIST,0.8,173,1.0,1,1
MNIST,0.8,157,0.16666666666666666,0,1
MNIST,0.8,189,0.24,0,1
MNIST,0.8,140,1.0,1,1
MNIST,0.8,13,0.20666666666666667,0,1
MNIST,0.8,25,0.21333333333333335,0,1
MNIST,0.8,181,0.22666666666666666,0,1
MNIST,0.8,145,0.20666666666666667,0,1
MNIST,0.8,17,0.24,0,1
MNIST,0.8,151,0.22666666666666666,0,1
MNIST,0.8,166,0.26666666666666666,0,0
MNIST,0.8,89,0.22666666666666666,0,1
MNIST,0.8,192,0.24,0,1
MNIST,0.8,2,0.18,0,1
MNIST,0.8,48,0.28,0,1
MNIST,0.8,108,0.26,0,1
MNIST,0.8,149,0.20666666666666667,0,1
MNIST,0.8,134,0.20666666666666667,0,1
MNIST,0.8,100,0.16666666666666666,0,1
MNIST,0.8,37,0.22,0,1
MNIST,0.8,121,0.22666666666666666,0,1
MNIST,0.8,113,0.21333333333333335,0,1
MNIST,0.8,27,0.16666666666666666,0,1
MNIST,0.8,62,0.18666666666666668,0,1
MNIST,0.8,5,0.24,0,1
MNIST,0.8,17,1.0,1,1
MNIST,0.8,146,0.20666666666666667,0,1
MNIST,0.8,199,0.21333333333333335,0,1
MNIST,0.8,160,0.22666666666666666,0,1
MNIST,0.8,22,0.20666666666666667,0,1
MNIST,0.8,156,0.25333333333333335,0,1
MNIST,0.8,96,0.23333333333333334,0,1
MNIST,0.8,35,0.16666666666666666,0,1
MNIST,0.8,198,0.18666666666666668,0,1
MNIST,0.8,56,1.0,1,1
MNIST,0.8,147,0.23333333333333334,0,1
MNIST,0.8,12,0.20666666666666667,0,1
MNIST,0.8,175,0.21333333333333335,0,1
MNIST,0.8,81,1.0,1,1
MNIST,0.8,134,0.22,0,1
MNIST,0.8,182,0.23333333333333334,0,1
MNIST,0.8,88,0.24666666666666667,0,1
MNIST,0.8,187,0.24,0,1
MNIST,0.8,5,1.0,1,1
MNIST,0.8,98,0.17333333333333334,0,1
MNIST,0.8,38,0.18666666666666668,0,1
MNIST,0.8,179,0.22,0,1
MNIST,0.8,60,0.17333333333333334,0,1
MNIST,0.8,30,0.24666666666666667,0,1
MNIST,0.8,144,0.2,0,1
MNIST,0.8,72,0.20666666666666667,0,1
MNIST,0.8,151,0.26,0,1
MNIST,0.8,46,0.20666666666666667,0,1
MNIST,0.8,5,0.14666666666666667,0,1
MNIST,0.8,52,0.26,0,1
MNIST,0.8,34,0.2,0,1
MNIST,0.8,171,0.2,0,1
MNIST,0.8,108,0.26,0,1
MNIST,0.8,199,0.17333333333333334,0,1
MNIST,0.8,55,0.18666666666666668,0,1
MNIST,0.8,176,0.23333333333333334,0,1
MNIST,0.8,31,0.22,0,1
MNIST,0.8,148,0.20666666666666667,0,1
MNIST,0.8,59,0.18666666666666668,0,1
MNIST,0.8,43,0.19333333333333333,0,1
MNIST,0.8,156,0.26,0,1
MNIST,0.8,64,1.0,1,1
MNIST,0.8,178,0.18,0,1
MNIST,0.8,22,0.25333333333333335,0,1
MNIST,0.8,33,1.0,1,0
MNIST,0.8,70,0.23333333333333334,0,1
MNIST,0.8,90,0.24666666666666667,0,1
MNIST,0.8,160,0.19333333333333333,0,1
MNIST,0.8,143,0.20666666666666667,0,1
MNIST,0.8,46,0.25333333333333335,0,1
MNIST,0.8,77,0.29333333333333333,0,1
MNIST,0.8,32,0.24666666666666667,0,1
MNIST,0.8,88,1.0,1,1
MNIST,0.8,106,0.2,0,1
MNIST,0.8,10,1.0,1,1
MNIST,0.8,129,0.23333333333333334,0,1
MNIST,0.8,80,0.18666666666666668,0,1
MNIST,0.8,175,0.19333333333333333,0,1
MNIST,0.8,120,0.21333333333333335,0,1
MNIST,0.8,135,0.28,0,1
MNIST,0.8,162,0.20666666666666667,0,1
MNIST,0.8,84,0.18666666666666668,0,1
MNIST,0.8,92,0.21333333333333335,0,1
MNIST,0.8,10,0.23333333333333334,0,1
MNIST,0.8,67,0.22,0,1
MNIST,0.8,36,0.18,0,1
MNIST,0.8,26,0.23333333333333334,0,1
MNIST,0.8,56,0.2733333333333333,0,1
MNIST,0.8,69,0.16,0,1
MNIST,0.8,189,1.0,1,1
MNIST,0.8,124,0.19333333333333333,0,1
MNIST,0.8,118,0.22,0,1
MNIST,0.8,90,1.0,1,1
MNIST,0.8,0,0.25333333333333335,0,1
MNIST,0.8,31,0.2733333333333333,0,1
MNIST,0.8,60,0.21333333333333335,0,1
MNIST,0.8,99,0.21333333333333335,0,1
MNIST,0.8,58,0.23333333333333334,0,1
MNIST,0.8,6,0.22666666666666666,0,1
MNIST,0.8,155,0.22,0,1
MNIST,0.8,38,0.19333333333333333,0,1
MNIST,0.8,196,0.20666666666666667,0,1
MNIST,0.8,126,0.24666666666666667,0,1
MNIST,0.8,180,0.19333333333333333,0,1
MNIST,0.8,103,0.24,0,1
MNIST,0.8,111,0.18,0,1
MNIST,0.8,184,0.23333333333333334,0,1
MNIST,0.8,23,0.24666666666666667,0,1
MNIST,0.8,169,0.2,0,1
MNIST,0.8,165,0.16,0,1
MNIST,0.8,69,0.26666666666666666,0,1
MNIST,0.8,199,0.16,0,1
MNIST,0.8,146,0.19333333333333333,0,1
MNIST,0.8,22,0.16666666666666666,0,1
MNIST,0.8,28,0.22666666666666666,0,1
MNIST,0.8,93,1.0,1,1
MNIST,0.8,6,0.21333333333333335,0,1
MNIST,0.8,103,0.18,0,1
MNIST,0.8,182,0.18666666666666668,0,1
MNIST,0.8,188,0.19333333333333333,0,1
MNIST,0.8,84,0.18666666666666668,0,1
MNIST,0.8,179,0.21333333333333335,0,1
MNIST,0.8,191,1.0,1,1
MNIST,0.8,100,0.2,0,1
MNIST,0.8,37,0.21333333333333335,0,1
MNIST,0.8,10,0.15333333333333332,0,1
MNIST,0.8,107,0.21333333333333335,0,1
MNIST,0.8,41,1.0,1,1
MNIST,0.8,11,0.21333333333333335,0,1
MNIST,0.8,117,1.0,1,1
MNIST,0.8,20,1.0,1,1
MNIST,0.8,165,0.18,0,1
MNIST,0.8,112,0.23333333333333334,0,1
MNIST,0.8,197,0.18666666666666668,0,1
MNIST,0.8,107,0.22,0,1
MNIST,0.8,166,1.0,1,1
MNIST,0.8,121,0.24,0,1
MNIST,0.8,137,0.21333333333333335,0,1
MNIST,0.8,3,0.26,0,1
MNIST,0.8,98,0.23333333333333334,0,1
MNIST,0.8,149,0.24,0,1
MNIST,0.8,98,0.17333333333333334,0,1
MNIST,0.8,87,0.19333333333333333,0,1
MNIST,0.8,94,0.22666666666666666,0,1
MNIST,0.8,82,0.24,0,1
MNIST,0.8,127,0.20666666666666667,0,1
MNIST,0.8,32,0.24666666666666667,0,1
MNIST,0.8,152,0.20666666666666667,0,1
MNIST,0.8,196,0.18666666666666668,0,1
MNIST,0.8,88,0.16666666666666666,0,1
MNIST,0.8,142,0.26,0,1
MNIST,0.8,7,0.22666666666666666,0,1
MNIST,0.8,113,0.23333333333333334,0,1
MNIST,0.8,29,1.0,1,1
MNIST,0.8,87,1.0,1,1
MNIST,0.8,83,0.16666666666666666,0,1
MNIST,1.0,71,0.20666666666666667,0,1
MNIST,1.0,86,0.25333333333333335,0,1
MNIST,1.0,63,0.20666666666666667,0,1
MNIST,1.0,1,1.0,1,1
MNIST,1.0,116,0.20666666666666667,0,0
MNIST,1.0,46,0.19333333333333333,0,1
MNIST,1.0,187,0.26666666666666666,0,1
MNIST,1.0,180,0.20666666666666667,0,1
MNIST,1.0,130,0.22,0,1
MNIST,1.0,122,0.22,0,1
MNIST,1.0,114,0.23333333333333334,0,1
MNIST,1.0,98,0.18,0,1
MNIST,1.0,21,0.24666666666666667,0,1
MNIST,1.0,78,0.22,0,1
MNIST,1.0,139,0.16666666666666666,0,1
MNIST,1.0,147,0.25333333333333335,0,1
MNIST,1.0,92,0.24666666666666667,0,1
MNIST,1.0,97,0.18666666666666668,0,1
MNIST,1.0,100,0.16666666666666666,0,1
MNIST,1.0,7,0.23333333333333334,0,1
MNIST,1.0,88,0.21333333333333335,0,1
MNIST,1.0,140,0.22,0,1
MNIST,1.0,110,0.24,0,1
MNIST,1.0,102,0.24666666666666667,0,1
MNIST,1.0,9,0.16666666666666666,0,1
MNIST,1.0,95,0.20666666666666667,0,0
MNIST,1.0,35,0.28,0,1
MNIST,1.0,176,0.24,0,1
MNIST,1.0,4,0.14,0,1
MNIST,1.0,181,0.20666666666666667,0,1
MNIST,1.0,170,0.19333333333333333,0,1
MNIST,1.0,109,0.20666666666666667,0,0
MNIST,1.0,98,0.24,0,1
MNIST,1.0,70,0.23333333333333334,0,1
MNIST,1.0,189,0.18,0,1
MNIST,1.0,53,0.18666666666666668,0,1
MNIST,1.0,191,0.24,0,1
MNIST,1.0,172,0.26,0,1
MNIST,1.0,103,0.17333333333333334,0,1
MNIST,1.0,170,0.2,0,1
MNIST,1.0,77,1.0,1,1
MNIST,1.0,71,0.18666666666666668,0,1
MNIST,1.0,140,0.2,0,1
MNIST,1.0,141,0.20666666666666667,0,1
MNIST,1.0,14,0.15333333333333332,0,1
MNIST,1.0,117,0.26,0,1
MNIST,1.0,127,0.20666666666666667,0,1
MNIST,1.0,145,0.2,0,1
MNIST,1.0,65,0.13333333333333333,0,1
MNIST,1.0,186,0.16666666666666666,0,1
MNIST,1.0,178,0.15333333333333332,0,1
MNIST,1.0,83,0.16666666666666666,0,1
MNIST,1.0,148,0.23333333333333334,0,1
MNIST,1.0,0,0.15333333333333332,0,1
MNIST,1.0,185,0.22,0,1
MNIST,1.0,126,0.20666666666666667,0,1
MNIST,1.0,62,0.18666666666666668,0,1
MNIST,1.0,22,0.22666666666666666,0,1
MNIST,1.0,150,0.30666666666666664,0,1
MNIST,1.0,153,0.21333333333333335,0,1
MNIST,1.0,6,0.24,0,1
MNIST,1.0,65,0.21333333333333335,0,1
MNIST,1.0,33,0.17333333333333334,0,1
MNIST,1.0,127,0.23333333333333334,0,1
MNIST,1.0,191,0.25333333333333335,0,1
MNIST,1.0,33,1.0,1,0
MNIST,1.0,95,0.24666666666666667,0,1
MNIST,1.0,172,0.19333333333333333,0,1
MNIST,1.0,158,0.18,0,1
MNIST,1.0,13,0.23333333333333334,0,1
MNIST,1.0,86,0.17333333333333334,0,1
MNIST,1.0,93,0.24,0,1
MNIST,1.0,134,0.25333333333333335,0,1
MNIST,1.0,75,0.22666666666666666,0,1
MNIST,1.0,128,0.2,0,1
MNIST,1.0,18,0.21333333333333335,0,1
MNIST,1.0,15,0.18,0,1
MNIST,1.0,115,0.19333333333333333,0,1
MNIST,1.0,22,0.20666666666666667,0,1
MNIST,1.0,118,0.18666666666666668,0,1
MNIST,1.0,178,0.18666666666666668,0,1
MNIST,1.0,90,0.24,0,1
MNIST,1.0,196,0.2733333333333333,0,1
MNIST,1.0,139,0.20666666666666667,0,1
MNIST,1.0,29,0.25333333333333335,0,1
MNIST,1.0,162,0.19333333333333333,0,1
MNIST,1.0,64,0.22666666666666666,0,1
MNIST,1.0,107,0.23333333333333334,0,1
MNIST,1.0,67,0.20666666666666667,0,1
MNIST,1.0,52,0.2733333333333333,0,1
MNIST,1.0,181,0.20666666666666667,0,1
MNIST,1.0,36,0.22666666666666666,0,1
MNIST,1.0,1,0.18,0,0
MNIST,1.0,125,0.2733333333333333,0,1
MNIST,1.0,1,0.24666666666666667,0,1
MNIST,1.0,79,0.24666666666666667,0,1
MNIST,1.0,63,0.16666666666666666,0,1
MNIST,1.0,99,0.24666666666666667,0,1
MNIST,1.0,25,0.18666666666666668,0,1
MNIST,1.0,187,0.18666666666666668,0,1
MNIST,1.0,30,0.18,0,1
MNIST,1.0,45,0.18666666666666668,0,1
MNIST,1.0,196,0.23333333333333334,0,1
MNIST,1.0,97,0.19333333333333333,0,0
MNIST,1.0,146,0.21333333333333335,0,1
MNIST,1.0,2,0.26,0,1
MNIST,1.0,76,0.28,0,1
MNIST,1.0,108,0.24,0,1
MNIST,1.0,29,0.19333333333333333,0,1
MNIST,1.0,35,0.26666666666666666,0,1
MNIST,1.0,57,0.20666666666666667,0,1
MNIST,1.0,82,0.24666666666666667,0,1
MNIST,1.0,139,0.25333333333333335,0,1
MNIST,1.0,119,0.15333333333333332,0,1
MNIST,1.0,168,0.2866666666666667,0,1
MNIST,1.0,76,0.17333333333333334,0,1
MNIST,1.0,98,0.19333333333333333,0,0
MNIST,1.0,37,0.17333333333333334,0,1
MNIST,1.0,92,0.20666666666666667,0,1
MNIST,1.0,151,0.22,0,1
MNIST,1.0,92,0.20666666666666667,0,1
MNIST,1.0,146,0.22666666666666666,0,1
MNIST,1.0,22,0.21333333333333335,0,1
MNIST,1.0,26,0.22,0,1
MNIST,1.0,127,0.24,0,1
MNIST,1.0,146,0.2,0,1
MNIST,1.0,138,0.22666666666666666,0,1
MNIST,1.0,148,0.23333333333333334,0,1
MNIST,1.0,69,0.18,0,0
MNIST,1.0,99,0.19333333333333333,0,1
MNIST,1.0,74,0.22666666666666666,0,1
MNIST,1.0,131,0.21333333333333335,0,1
MNIST,1.0,148,0.22666666666666666,0,1
MNIST,1.0,144,0.20666666666666667,0,1
MNIST,1.0,51,0.23333333333333334,0,1
MNIST,1.0,196,0.2733333333333333,0,1
MNIST,1.0,11,0.18,0,0
MNIST,1.0,198,0.22666666666666666,0,1
MNIST,1.0,107,0.21333333333333335,0,1
MNIST,1.0,157,0.21333333333333335,0,1
MNIST,1.0,145,0.22,0,1
MNIST,1.0,194,1.0,1,1
MNIST,1.0,114,0.22666666666666666,0,1
MNIST,1.0,63,0.18,0,1
MNIST,1.0,154,0.20666666666666667,0,0
MNIST,1.0,188,0.26666666666666666,0,1
MNIST,1.0,43,1.0,1,1
MNIST,1.0,165,0.2,0,1
MNIST,1.0,135,0.2,0,1
MNIST,1.0,117,0.22,0,1
MNIST,1.0,100,0.2,0,1
MNIST,1.0,170,0.26,0,1
MNIST,1.0,162,0.2866666666666667,0,1
MNIST,1.0,130,0.22666666666666666,0,1
MNIST,1.0,51,0.19333333333333333,0,1
MNIST,1.0,178,0.18,0,1
MNIST,1.0,134,0.21333333333333335,0,1
MNIST,1.0,97,0.24,0,1
MNIST,1.0,126,0.24,0,1
MNIST,1.0,132,0.16,0,1
MNIST,1.0,164,0.24,0,1
MNIST,1.0,198,0.23333333333333334,0,1
MNIST,1.0,152,0.22666666666666666,0,1
MNIST,1.0,25,0.24,0,1
MNIST,1.0,57,0.22,0,1
MNIST,1.0,177,0.24666666666666667,0,1
MNIST,1.0,138,1.0,1,1
MNIST,1.0,12,0.18666666666666668,0,1
MNIST,1.0,89,0.21333333333333335,0,1
MNIST,1.0,52,0.19333333333333333,0,1
MNIST,1.0,152,0.24666666666666667,0,1
MNIST,1.0,118,0.26666666666666666,0,1
MNIST,1.0,197,0.2,0,1
MNIST,1.0,30,0.20666666666666667,0,1
MNIST,1.0,105,0.22666666666666666,0,1
MNIST,1.0,154,1.0,1,1
MNIST,1.0,130,0.23333333333333334,0,1
MNIST,1.0,43,0.2733333333333333,0,1
MNIST,1.0,181,0.21333333333333335,0,1
MNIST,1.0,127,0.20666666666666667,0,1
MNIST,1.0,193,0.2,0,1
MNIST,1.0,12,0.21333333333333335,0,1
MNIST,1.0,109,1.0,1,1
MNIST,1.0,58,0.25333333333333335,0,1
MNIST,1.0,185,0.22,0,1
MNIST,1.0,39,0.24,0,1
MNIST,1.0,4,0.29333333333333333,0,1
MNIST,1.0,168,0.19333333333333333,0,1
MNIST,1.0,73,0.23333333333333334,0,1
MNIST,1.0,158,0.22,0,1
MNIST,1.0,73,0.18666666666666668,0,1
MNIST,1.0,148,0.16666666666666666,0,1
MNIST,1.0,72,0.22666666666666666,0,1
MNIST,1.0,61,0.22666666666666666,0,1
MNIST,1.0,67,0.19333333333333333,0,1
MNIST,1.0,48,0.17333333333333334,0,1
MNIST,1.0,78,0.22,0,1
MNIST,1.0,12,0.18666666666666668,0,1
MNIST,1.0,56,0.21333333333333335,0,1
MNIST,1.0,7,0.20666666666666667,0,1
Fashion-MNIST,0.0,176,1.0,1,1
Fashion-MNIST,0.0,180,1.0,1,1
Fashion-MNIST,0.0,124,1.0,1,1
Fashion-MNIST,0.0,196,1.0,1,1
Fashion-MNIST,0.0,126,1.0,1,1
Fashion-MNIST,0.0,115,1.0,1,1
Fashion-MNIST,0.0,50,1.0,1,1
Fashion-MNIST,0.0,191,1.0,1,1
Fashion-MNIST,0.0,116,1.0,1,1
Fashion-MNIST,0.0,86,1.0,1,1
Fashion-MNIST,0.0,50,1.0,1,1
Fashion-MNIST,0.0,43,1.0,1,1
Fashion-MNIST,0.0,22,1.0,1,1
Fashion-MNIST,0.0,112,1.0,1,1
Fashion-MNIST,0.0,31,1.0,1,1
Fashion-MNIST,0.0,104,1.0,1,1
Fashion-MNIST,0.0,144,1.0,1,1
Fashion-MNIST,0.0,187,1.0,1,1
Fashion-MNIST,0.0,40,1.0,1,1
Fashion-MNIST,0.0,131,1.0,1,1
Fashion-MNIST,0.0,120,1.0,1,1
Fashion-MNIST,0.0,148,1.0,1,1
Fashion-MNIST,0.0,84,1.0,1,1
Fashion-MNIST,0.0,96,1.0,1,1
Fashion-MNIST,0.0,153,1.0,1,1
Fashion-MNIST,0.0,101,1.0,1,1
Fashion-MNIST,0.0,138,1.0,1,1
Fashion-MNIST,0.0,138,1.0,1,1
Fashion-MNIST,0.0,137,1.0,1,1
Fashion-MNIST,0.0,20,1.0,1,1
Fashion-MNIST,0.0,188,1.0,1,1
Fashion-MNIST,0.0,10,1.0,1,1
Fashion-MNIST,0.0,148,1.0,1,1
Fashion-MNIST,0.0,166,1.0,1,1
Fashion-MNIST,0.0,128,1.0,1,1
Fashion-MNIST,0.0,187,1.0,1,1
Fashion-MNIST,0.0,149,1.0,1,1
Fashion-MNIST,0.0,63,1.0,1,1
Fashion-MNIST,0.0,44,1.0,1,1
Fashion-MNIST,0.0,53,1.0,1,1
Fashion-MNIST,0.0,83,1.0,1,1
Fashion-MNIST,0.0,194,1.0,1,1
Fashion-MNIST,0.0,195,1.0,1,1
Fashion-MNIST,0.0,177,1.0,1,1
Fashion-MNIST,0.0,89,1.0,1,1
Fashion-MNIST,0.0,80,1.0,1,1
Fashion-MNIST,0.0,63,1.0,1,1
Fashion-MNIST,0.0,77,1.0,1,1
Fashion-MNIST,0.0,65,1.0,1,1
Fashion-MNIST,0.0,135,1.0,1,1
Fashion-MNIST,0.0,28,1.0,1,1
Fashion-MNIST,0.0,93,1.0,1,1
Fashion-MNIST,0.0,103,1.0,1,1
Fashion-MNIST,0.0,154,1.0,1,1
Fashion-MNIST,0.0,130,1.0,1,1
Fashion-MNIST,0.0,91,1.0,1,1
Fashion-MNIST,0.0,24,1.0,1,1
Fashion-MNIST,0.0,39,1.0,1,1
Fashion-MNIST,0.0,133,1.0,1,1
Fashion-MNIST,0.0,86,1.0,1,1
Fashion-MNIST,0.0,73,1.0,1,1
Fashion-MNIST,0.0,84,1.0,1,1
Fashion-MNIST,0.0,168,1.0,1,1
Fashion-MNIST,0.0,136,1.0,1,1
Fashion-MNIST,0.0,134,1.0,1,1
Fashion-MNIST,0.0,18,1.0,1,1
Fashion-MNIST,0.0,113,1.0,1,1
Fashion-MNIST,0.0,62,1.0,1,1
Fashion-MNIST,0.0,17,1.0,1,1
Fashion-MNIST,0.0,140,1.0,1,1
Fashion-MNIST,0.0,2,1.0,1,1
Fashion-MNIST,0.0,57,1.0,1,1
Fashion-MNIST,0.0,27,1.0,1,1
Fashion-MNIST,0.0,81,1.0,1,1
Fashion-MNIST,0.0,59,1.0,1,1
Fashion-MNIST,0.0,39,1.0,1,1
Fashion-MNIST,0.0,132,1.0,1,1
Fashion-MNIST,0.0,164,1.0,1,1
Fashion-MNIST,0.0,127,1.0,1,1
Fashion-MNIST,0.0,125,1.0,1,1
Fashion-MNIST,0.0,177,1.0,1,1
Fashion-MNIST,0.0,192,1.0,1,1
Fashion-MNIST,0.0,184,1.0,1,1
Fashion-MNIST,0.0,59,1.0,1,1
Fashion-MNIST,0.0,107,1.0,1,1
Fashion-MNIST,0.0,154,1.0,1,1
Fashion-MNIST,0.0,182,1.0,1,1
Fashion-MNIST,0.0,24,1.0,1,1
Fashion-MNIST,0.0,174,1.0,1,1
Fashion-MNIST,0.0,45,1.0,1,1
Fashion-MNIST,0.0,42,1.0,1,1
Fashion-MNIST,0.0,56,1.0,1,1
Fashion-MNIST,0.0,107,1.0,1,1
Fashion-MNIST,0.0,70,1.0,1,1
Fashion-MNIST,0.0,7,1.0,1,1
Fashion-MNIST,0.0,96,1.0,1,1
Fashion-MNIST,0.0,1,1.0,1,1
Fashion-MNIST,0.0,158,1.0,1,1
Fashion-MNIST,0.0,153,1.0,1,1
Fashion-MNIST,0.0,2,1.0,1,1
Fashion-MNIST,0.0,45,1.0,1,1
Fashion-MNIST,0.0,61,1.0,1,1
Fashion-MNIST,0.0,180,1.0,1,1
Fashion-MNIST,0.0,123,1.0,1,1
Fashion-MNIST,0.0,169,1.0,1,1
Fashion-MNIST,0.0,187,1.0,1,1
Fashion-MNIST,0.0,61,1.0,1,1
Fashion-MNIST,0.0,4,1.0,1,1
Fashion-MNIST,0.0,173,1.0,1,1
Fashion-MNIST,0.0,182,1.0,1,1
Fashion-MNIST,0.0,122,1.0,1,1
Fashion-MNIST,0.0,32,1.0,1,1
Fashion-MNIST,0.0,41,1.0,1,1
Fashion-MNIST,0.0,199,1.0,1,1
Fashion-MNIST,0.0,182,1.0,1,1
Fashion-MNIST,0.0,57,1.0,1,1
Fashion-MNIST,0.0,137,1.0,1,1
Fashion-MNIST,0.0,14,1.0,1,1
Fashion-MNIST,0.0,94,1.0,1,1
Fashion-MNIST,0.0,152,1.0,1,1
Fashion-MNIST,0.0,91,1.0,1,1
Fashion-MNIST,0.0,89,1.0,1,1
Fashion-MNIST,0.0,25,1.0,1,1
Fashion-MNIST,0.0,160,1.0,1,1
Fashion-MNIST,0.0,183,1.0,1,1
Fashion-MNIST,0.0,25,1.0,1,1
Fashion-MNIST,0.0,156,1.0,1,1
Fashion-MNIST,0.0,148,1.0,1,1
Fashion-MNIST,0.0,45,1.0,1,1
Fashion-MNIST,0.0,44,1.0,1,1
Fashion-MNIST,0.0,54,1.0,1,1
Fashion-MNIST,0.0,63,1.0,1,1
Fashion-MNIST,0.0,167,1.0,1,1
Fashion-MNIST,0.0,146,1.0,1,1
Fashion-MNIST,0.0,68,1.0,1,1
Fashion-MNIST,0.0,149,1.0,1,1
Fashion-MNIST,0.0,90,1.0,1,1
Fashion-MNIST,0.0,165,1.0,1,1
Fashion-MNIST,0.0,170,1.0,1,1
Fashion-MNIST,0.0,44,1.0,1,1
Fashion-MNIST,0.0,176,1.0,1,1
Fashion-MNIST,0.0,197,1.0,1,1
Fashion-MNIST,0.0,133,1.0,1,1
Fashion-MNIST,0.0,128,1.0,1,1
Fashion-MNIST,0.0,44,1.0,1,1
Fashion-MNIST,0.0,156,1.0,1,1
Fashion-MNIST,0.0,79,1.0,1,1
Fashion-MNIST,0.0,34,1.0,1,1
Fashion-MNIST,0.0,87,1.0,1,1
Fashion-MNIST,0.0,127,1.0,1,1
Fashion-MNIST,0.0,31,1.0,1,1
Fashion-MNIST,0.0,14,1.0,1,1
Fashion-MNIST,0.0,168,1.0,1,1
Fashion-MNIST,0.0,133,1.0,1,1
Fashion-MNIST,0.0,25,1.0,1,1
Fashion-MNIST,0.0,194,1.0,1,1
Fashion-MNIST,0.0,1,1.0,1,1
Fashion-MNIST,0.0,129,1.0,1,1
Fashion-MNIST,0.0,64,1.0,1,1
Fashion-MNIST,0.0,57,1.0,1,1
Fashion-MNIST,0.0,89,1.0,1,1
Fashion-MNIST,0.0,130,1.0,1,1
Fashion-MNIST,0.0,137,1.0,1,1
Fashion-MNIST,0.0,81,1.0,1,1
Fashion-MNIST,0.0,8,1.0,1,1
Fashion-MNIST,0.0,24,1.0,1,1
Fashion-MNIST,0.0,76,1.0,1,1
Fashion-MNIST,0.0,87,1.0,1,1
Fashion-MNIST,0.0,37,1.0,1,1
Fashion-MNIST,0.0,1,1.0,1,1
Fashion-MNIST,0.0,83,1.0,1,1
Fashion-MNIST,0.0,5,1.0,1,1
Fashion-MNIST,0.0,88,1.0,1,1
Fashion-MNIST,0.0,129,1.0,1,1
Fashion-MNIST,0.0,102,1.0,1,1
Fashion-MNIST,0.0,15,1.0,1,1
Fashion-MNIST,0.0,96,1.0,1,1
Fashion-MNIST,0.0,177,1.0,1,1
Fashion-MNIST,0.0,114,1.0,1,1
Fashion-MNIST,0.0,104,1.0,1,1
Fashion-MNIST,0.0,192,1.0,1,1
Fashion-MNIST,0.0,52,1.0,1,1
Fashion-MNIST,0.0,156,1.0,1,1
Fashion-MNIST,0.0,121,1.0,1,1
Fashion-MNIST,0.0,199,1.0,1,1
Fashion-MNIST,0.0,93,1.0,1,1
Fashion-MNIST,0.0,174,1.0,1,1
Fashion-MNIST,0.0,3,1.0,1,1
Fashion-MNIST,0.0,177,1.0,1,1
Fashion-MNIST,0.0,166,1.0,1,1
Fashion-MNIST,0.0,68,1.0,1,1
Fashion-MNIST,0.0,183,1.0,1,1
Fashion-MNIST,0.0,93,1.0,1,1
Fashion-MNIST,0.0,16,1.0,1,1
Fashion-MNIST,0.0,7,1.0,1,1
Fashion-MNIST,0.0,100,1.0,1,1
Fashion-MNIST,0.0,78,1.0,1,1
Fashion-MNIST,0.0,26,1.0,1,1
Fashion-MNIST,0.0,186,1.0,1,1
Fashion-MNIST,0.0,147,1.0,1,1
Fashion-MNIST,0.1,102,1.0,1,1
Fashion-MNIST,0.1,157,1.0,1,1
Fashion-MNIST,0.1,57,1.0,1,1
Fashion-MNIST,0.1,128,1.0,1,1
Fashion-MNIST,0.1,160,1.0,1,1
Fashion-MNIST,0.1,167,1.0,1,1
Fashion-MNIST,0.1,175,1.0,1,1
Fashion-MNIST,0.1,194,1.0,1,1
Fashion-MNIST,0.1,156,1.0,1,1
Fashion-MNIST,0.1,62,1.0,1,1
Fashion-MNIST,0.1,91,1.0,1,1
Fashion-MNIST,0.1,139,1.0,1,1
Fashion-MNIST,0.1,130,1.0,1,1
Fashion-MNIST,0.1,165,1.0,1,1
Fashion-MNIST,0.1,4,1.0,1,1
Fashion-MNIST,0.1,107,1.0,1,1
Fashion-MNIST,0.1,77,1.0,1,1
Fashion-MNIST,0.1,139,1.0,1,1
Fashion-MNIST,0.1,183,1.0,1,1
Fashion-MNIST,0.1,163,1.0,1,1
Fashion-MNIST,0.1,135,1.0,1,1
Fashion-MNIST,0.1,34,1.0,1,1
Fashion-MNIST,0.1,50,1.0,1,1
Fashion-MNIST,0.1,23,1.0,1,1
Fashion-MNIST,0.1,64,1.0,1,1
Fashion-MNIST,0.1,149,1.0,1,1
Fashion-MNIST,0.1,97,1.0,1,1
Fashion-MNIST,0.1,19,1.0,1,1
Fashion-MNIST,0.1,43,1.0,1,1
Fashion-MNIST,0.1,9,1.0,1,1
Fashion-MNIST,0.1,142,1.0,1,1
Fashion-MNIST,0.1,103,1.0,1,1
Fashion-MNIST,0.1,56,1.0,1,1
Fashion-MNIST,0.1,6,1.0,1,1
Fashion-MNIST,0.1,22,1.0,1,1
Fashion-MNIST,0.1,12,1.0,1,1
Fashion-MNIST,0.1,93,1.0,1,1
Fashion-MNIST,0.1,144,1.0,1,1
Fashion-MNIST,0.1,71,1.0,1,1
Fashion-MNIST,0.1,178,1.0,1,1
Fashion-MNIST,0.1,169,1.0,1,1
Fashion-MNIST,0.1,194,1.0,1,1
Fashion-MNIST,0.1,0,1.0,1,1
Fashion-MNIST,0.1,178,1.0,1,1
Fashion-MNIST,0.1,74,1.0,1,1
Fashion-MNIST,0.1,27,1.0,1,1
Fashion-MNIST,0.1,195,1.0,1,1
Fashion-MNIST,0.1,90,1.0,1,1
Fashion-MNIST,0.1,148,1.0,1,1
Fashion-MNIST,0.1,135,1.0,1,1
Fashion-MNIST,0.1,72,1.0,1,1
Fashion-MNIST,0.1,70,1.0,1,1
Fashion-MNIST,0.1,120,1.0,1,1
Fashion-MNIST,0.1,169,1.0,1,1
Fashion-MNIST,0.1,161,1.0,1,1
Fashion-MNIST,0.1,18,1.0,1,1
Fashion-MNIST,0.1,156,1.0,1,1
Fashion-MNIST,0.1,44,1.0,1,1
Fashion-MNIST,0.1,33,1.0,1,1
Fashion-MNIST,0.1,63,1.0,1,1
Fashion-MNIST,0.1,101,1.0,1,1
Fashion-MNIST,0.1,5,1.0,1,1
Fashion-MNIST,0.1,65,1.0,1,1
Fashion-MNIST,0.1,16,1.0,1,1
Fashion-MNIST,0.1,193,1.0,1,1
Fashion-MNIST,0.1,198,1.0,1,1
Fashion-MNIST,0.1,104,1.0,1,1
Fashion-MNIST,0.1,164,1.0,1,1
Fashion-MNIST,0.1,172,1.0,1,1
Fashion-MNIST,0.1,109,1.0,1,1
Fashion-MNIST,0.1,185,1.0,1,1
Fashion-MNIST,0.1,102,1.0,1,1
Fashion-MNIST,0.1,66,1.0,1,1
Fashion-MNIST,0.1,95,1.0,1,1
Fashion-MNIST,0.1,138,1.0,1,1
Fashion-MNIST,0.1,101,1.0,1,1
Fashion-MNIST,0.1,2,1.0,1,1
Fashion-MNIST,0.1,103,1.0,1,1
Fashion-MNIST,0.1,142,1.0,1,1
Fashion-MNIST,0.1,186,1.0,1,1
Fashion-MNIST,0.1,141,1.0,1,1
Fashion-MNIST,0.1,12,1.0,1,1
Fashion-MNIST,0.1,73,1.0,1,1
Fashion-MNIST,0.1,147,1.0,1,1
Fashion-MNIST,0.1,84,1.0,1,1
Fashion-MNIST,0.1,186,1.0,1,1
Fashion-MNIST,0.1,59,1.0,1,1
Fashion-MNIST,0.1,26,1.0,1,1
Fashion-MNIST,0.1,86,1.0,1,1
Fashion-MNIST,0.1,149,1.0,1,1
Fashion-MNIST,0.1,167,1.0,1,1
Fashion-MNIST,0.1,102,1.0,1,1
Fashion-MNIST,0.1,133,1.0,1,1
Fashion-MNIST,0.1,126,1.0,1,1
Fashion-MNIST,0.1,177,1.0,1,1
Fashion-MNIST,0.1,28,1.0,1,1
Fashion-MNIST,0.1,144,1.0,1,1
Fashion-MNIST,0.1,197,1.0,1,1
Fashion-MNIST,0.1,108,1.0,1,1
Fashion-MNIST,0.1,33,1.0,1,1
Fashion-MNIST,0.1,92,1.0,1,1
Fashion-MNIST,0.1,156,1.0,1,1
Fashion-MNIST,0.1,147,1.0,1,1
Fashion-MNIST,0.1,43,1.0,1,1
Fashion-MNIST,0.1,113,1.0,1,1
Fashion-MNIST,0.1,108,1.0,1,1
Fashion-MNIST,0.1,56,1.0,1,1
Fashion-MNIST,0.1,50,1.0,1,1
Fashion-MNIST,0.1,27,1.0,1,1
Fashion-MNIST,0.1,103,1.0,1,1
Fashion-MNIST,0.1,48,1.0,1,1
Fashion-MNIST,0.1,131,1.0,1,1
Fashion-MNIST,0.1,92,1.0,1,1
Fashion-MNIST,0.1,155,1.0,1,1
Fashion-MNIST,0.1,155,1.0,1,1
Fashion-MNIST,0.1,93,1.0,1,1
Fashion-MNIST,0.1,40,1.0,1,1
Fashion-MNIST,0.1,83,1.0,1,1
Fashion-MNIST,0.1,170,1.0,1,1
Fashion-MNIST,0.1,76,1.0,1,1
Fashion-MNIST,0.1,154,1.0,1,1
Fashion-MNIST,0.1,14,1.0,1,1
Fashion-MNIST,0.1,197,1.0,1,1
Fashion-MNIST,0.1,38,1.0,1,1
Fashion-MNIST,0.1,128,1.0,1,1
Fashion-MNIST,0.1,59,1.0,1,1
Fashion-MNIST,0.1,29,1.0,1,1
Fashion-MNIST,0.1,48,1.0,1,1
Fashion-MNIST,0.1,138,1.0,1,1
Fashion-MNIST,0.1,167,1.0,1,1
Fashion-MNIST,0.1,88,1.0,1,1
Fashion-MNIST,0.1,18,1.0,1,1
Fashion-MNIST,0.1,187,1.0,1,1
Fashion-MNIST,0.1,42,1.0,1,1
Fashion-MNIST,0.1,23,1.0,1,1
Fashion-MNIST,0.1,134,1.0,1,1
Fashion-MNIST,0.1,160,1.0,1,1
Fashion-MNIST,0.1,101,1.0,1,1
Fashion-MNIST,0.1,93,1.0,1,1
Fashion-MNIST,0.1,96,1.0,1,1
Fashion-MNIST,0.1,106,1.0,1,1
Fashion-MNIST,0.1,102,1.0,1,1
Fashion-MNIST,0.1,174,1.0,1,1
Fashion-MNIST,0.1,48,1.0,1,1
Fashion-MNIST,0.1,158,1.0,1,1
Fashion-MNIST,0.1,142,1.0,1,1
Fashion-MNIST,0.1,167,1.0,1,1
Fashion-MNIST,0.1,188,1.0,1,1
Fashion-MNIST,0.1,119,1.0,1,1
Fashion-MNIST,0.1,137,1.0,1,1
Fashion-MNIST,0.1,150,1.0,1,1
Fashion-MNIST,0.1,161,1.0,1,1
Fashion-MNIST,0.1,21,1.0,1,1
Fashion-MNIST,0.1,7,1.0,1,1
Fashion-MNIST,0.1,67,1.0,1,1
Fashion-MNIST,0.1,87,1.0,1,1
Fashion-MNIST,0.1,101,1.0,1,1
Fashion-MNIST,0.1,184,1.0,1,1
Fashion-MNIST,0.1,134,1.0,1,1
Fashion-MNIST,0.1,34,1.0,1,1
Fashion-MNIST,0.1,73,1.0,1,1
Fashion-MNIST,0.1,193,1.0,1,1
Fashion-MNIST,0.1,91,1.0,1,1
Fashion-MNIST,0.1,182,1.0,1,1
Fashion-MNIST,0.1,166,1.0,1,1
Fashion-MNIST,0.1,149,1.0,1,1
Fashion-MNIST,0.1,102,1.0,1,1
Fashion-MNIST,0.1,78,1.0,1,1
Fashion-MNIST,0.1,69,1.0,1,1
Fashion-MNIST,0.1,127,1.0,1,1
Fashion-MNIST,0.1,61,1.0,1,1
Fashion-MNIST,0.1,157,1.0,1,1
Fashion-MNIST,0.1,130,1.0,1,1
Fashion-MNIST,0.1,56,1.0,1,1
Fashion-MNIST,0.1,47,1.0,1,1
Fashion-MNIST,0.1,105,1.0,1,1
Fashion-MNIST,0.1,88,1.0,1,1
Fashion-MNIST,0.1,81,1.0,1,1
Fashion-MNIST,0.1,133,1.0,1,1
Fashion-MNIST,0.1,110,1.0,1,1
Fashion-MNIST,0.1,144,1.0,1,1
Fashion-MNIST,0.1,193,1.0,1,1
Fashion-MNIST,0.1,105,1.0,1,1
Fashion-MNIST,0.1,193,1.0,1,1
Fashion-MNIST,0.1,34,1.0,1,1
Fashion-MNIST,0.1,190,1.0,1,1
Fashion-MNIST,0.1,146,1.0,1,1
Fashion-MNIST,0.1,84,1.0,1,1
Fashion-MNIST,0.1,11,1.0,1,1
Fashion-MNIST,0.1,81,1.0,1,1
Fashion-MNIST,0.1,76,1.0,1,1
Fashion-MNIST,0.1,3,1.0,1,1
Fashion-MNIST,0.1,184,1.0,1,1
Fashion-MNIST,0.1,183,1.0,1,1
Fashion-MNIST,0.1,164,1.0,1,1
Fashion-MNIST,0.1,140,1.0,1,1
Fashion-MNIST,0.1,25,1.0,1,1
Fashion-MNIST,0.1,121,1.0,1,1
Fashion-MNIST,0.1,145,1.0,1,1
Fashion-MNIST,0.1,33,1.0,1,1
Fashion-MNIST,0.2,177,1.0,1,1
Fashion-MNIST,0.2,74,1.0,1,1
Fashion-MNIST,0.2,59,1.0,1,1
Fashion-MNIST,0.2,119,1.0,1,1
Fashion-MNIST,0.2,121,1.0,1,1
Fashion-MNIST,0.2,28,1.0,1,1
Fashion-MNIST,0.2,106,1.0,1,1
Fashion-MNIST,0.2,35,1.0,1,1
Fashion-MNIST,0.2,25,1.0,1,1
Fashion-MNIST,0.2,113,1.0,1,1
Fashion-MNIST,0.2,174,1.0,1,1
Fashion-MNIST,0.2,48,1.0,1,1
Fashion-MNIST,0.2,199,1.0,1,1
Fashion-MNIST,0.2,41,1.0,1,1
Fashion-MNIST,0.2,172,1.0,1,1
Fashion-MNIST,0.2,143,1.0,1,1
Fashion-MNIST,0.2,95,1.0,1,1
Fashion-MNIST,0.2,92,1.0,1,1
Fashion-MNIST,0.2,106,1.0,1,1
Fashion-MNIST,0.2,188,1.0,1,1
Fashion-MNIST,0.2,119,1.0,1,1
Fashion-MNIST,0.2,0,1.0,1,1
Fashion-MNIST,0.2,149,1.0,1,1
Fashion-MNIST,0.2,113,1.0,1,1
Fashion-MNIST,0.2,128,1.0,1,1
Fashion-MNIST,0.2,1,1.0,1,1
Fashion-MNIST,0.2,27,1.0,1,1
Fashion-MNIST,0.2,90,1.0,1,1
Fashion-MNIST,0.2,191,1.0,1,1
Fashion-MNIST,0.2,1,1.0,1,1
Fashion-MNIST,0.2,174,1.0,1,1
Fashion-MNIST,0.2,8,1.0,1,1
Fashion-MNIST,0.2,40,1.0,1,1
Fashion-MNIST,0.2,7,1.0,1,1
Fashion-MNIST,0.2,131,1.0,1,1
Fashion-MNIST,0.2,128,1.0,1,1
Fashion-MNIST,0.2,138,1.0,1,1
Fashion-MNIST,0.2,109,1.0,1,1
Fashion-MNIST,0.2,182,1.0,1,1
Fashion-MNIST,0.2,105,1.0,1,1
Fashion-MNIST,0.2,158,1.0,1,1
Fashion-MNIST,0.2,142,1.0,1,1
Fashion-MNIST,0.2,155,1.0,1,1
Fashion-MNIST,0.2,28,1.0,1,1
Fashion-MNIST,0.2,186,1.0,1,1
Fashion-MNIST,0.2,100,1.0,1,1
Fashion-MNIST,0.2,79,1.0,1,1
Fashion-MNIST,0.2,124,1.0,1,1
Fashion-MNIST,0.2,181,1.0,1,1
Fashion-MNIST,0.2,173,1.0,1,1
Fashion-MNIST,0.2,14,1.0,1,1
Fashion-MNIST,0.2,174,1.0,1,1
Fashion-MNIST,0.2,148,1.0,1,1
Fashion-MNIST,0.2,55,1.0,1,1
Fashion-MNIST,0.2,162,1.0,1,1
Fashion-MNIST,0.2,148,1.0,1,1
Fashion-MNIST,0.2,47,1.0,1,1
Fashion-MNIST,0.2,134,1.0,1,1
Fashion-MNIST,0.2,34,1.0,1,1
Fashion-MNIST,0.2,194,1.0,1,1
Fashion-MNIST,0.2,128,1.0,1,1
Fashion-MNIST,0.2,165,1.0,1,1
Fashion-MNIST,0.2,97,1.0,1,1
Fashion-MNIST,0.2,100,1.0,1,1
Fashion-MNIST,0.2,130,1.0,1,1
Fashion-MNIST,0.2,49,1.0,1,1
Fashion-MNIST,0.2,152,1.0,1,1
Fashion-MNIST,0.2,157,1.0,1,1
Fashion-MNIST,0.2,34,1.0,1,1
Fashion-MNIST,0.2,142,1.0,1,1
Fashion-MNIST,0.2,127,1.0,1,1
Fashion-MNIST,0.2,74,1.0,1,1
Fashion-MNIST,0.2,179,1.0,1,1
Fashion-MNIST,0.2,170,1.0,1,1
Fashion-MNIST,0.2,11,1.0,1,1
Fashion-MNIST,0.2,197,1.0,1,1
Fashion-MNIST,0.2,80,1.0,1,1
Fashion-MNIST,0.2,104,1.0,1,1
Fashion-MNIST,0.2,130,1.0,1,1
Fashion-MNIST,0.2,3,1.0,1,1
Fashion-MNIST,0.2,73,1.0,1,1
Fashion-MNIST,0.2,174,1.0,1,1
Fashion-MNIST,0.2,176,1.0,1,1
Fashion-MNIST,0.2,157,1.0,1,1
Fashion-MNIST,0.2,75,1.0,1,1
Fashion-MNIST,0.2,55,1.0,1,1
Fashion-MNIST,0.2,187,1.0,1,1
Fashion-MNIST,0.2,78,1.0,1,1
Fashion-MNIST,0.2,121,1.0,1,1
Fashion-MNIST,0.2,61,1.0,1,1
Fashion-MNIST,0.2,27,1.0,1,1
Fashion-MNIST,0.2,102,1.0,1,1
Fashion-MNIST,0.2,191,1.0,1,1
Fashion-MNIST,0.2,50,1.0,1,1
Fashion-MNIST,0.2,93,1.0,1,1
Fashion-MNIST,0.2,57,1.0,1,1
Fashion-MNIST,0.2,43,1.0,1,1
Fashion-MNIST,0.2,132,1.0,1,1
Fashion-MNIST,0.2,84,1.0,1,1
Fashion-MNIST,0.2,86,1.0,1,1
Fashion-MNIST,0.2,171,1.0,1,1
Fashion-MNIST,0.2,144,1.0,1,1
Fashion-MNIST,0.2,144,1.0,1,1
Fashion-MNIST,0.2,183,1.0,1,1
Fashion-MNIST,0.2,97,1.0,1,1
Fashion-MNIST,0.2,1,1.0,1,1
Fashion-MNIST,0.2,136,1.0,1,1
Fashion-MNIST,0.2,173,1.0,1,1
Fashion-MNIST,0.2,17,1.0,1,1
Fashion-MNIST,0.2,166,1.0,1,1
Fashion-MNIST,0.2,52,1.0,1,1
Fashion-MNIST,0.2,114,1.0,1,1
Fashion-MNIST,0.2,1,1.0,1,1
Fashion-MNIST,0.2,23,1.0,1,1
Fashion-MNIST,0.2,157,1.0,1,1
Fashion-MNIST,0.2,34,1.0,1,1
Fashion-MNIST,0.2,196,1.0,1,1
Fashion-MNIST,0.2,150,1.0,1,1
Fashion-MNIST,0.2,120,1.0,1,1
Fashion-MNIST,0.2,188,1.0,1,1
Fashion-MNIST,0.2,148,1.0,1,1
Fashion-MNIST,0.2,89,1.0,1,1
Fashion-MNIST,0.2,14,1.0,1,1
Fashion-MNIST,0.2,149,1.0,1,1
Fashion-MNIST,0.2,190,1.0,1,1
Fashion-MNIST,0.2,59,1.0,1,1
Fashion-MNIST,0.2,120,1.0,1,1
Fashion-MNIST,0.2,133,1.0,1,1
Fashion-MNIST,0.2,56,1.0,1,1
Fashion-MNIST,0.2,66,1.0,1,1
Fashion-MNIST,0.2,90,1.0,1,1
Fashion-MNIST,0.2,91,1.0,1,1
Fashion-MNIST,0.2,174,1.0,1,1
Fashion-MNIST,0.2,86,1.0,1,1
Fashion-MNIST,0.2,188,1.0,1,1
Fashion-MNIST,0.2,106,1.0,1,1
Fashion-MNIST,0.2,43,1.0,1,1
Fashion-MNIST,0.2,85,1.0,1,1
Fashion-MNIST,0.2,181,1.0,1,1
Fashion-MNIST,0.2,164,1.0,1,1
Fashion-MNIST,0.2,3,1.0,1,1
Fashion-MNIST,0.2,132,1.0,1,1
Fashion-MNIST,0.2,45,1.0,1,1
Fashion-MNIST,0.2,134,1.0,1,1
Fashion-MNIST,0.2,73,1.0,1,1
Fashion-MNIST,0.2,77,1.0,1,1
Fashion-MNIST,0.2,165,1.0,1,1
Fashion-MNIST,0.2,26,1.0,1,1
Fashion-MNIST,0.2,53,1.0,1,1
Fashion-MNIST,0.2,29,1.0,1,1
Fashion-MNIST,0.2,77,1.0,1,1
Fashion-MNIST,0.2,61,1.0,1,1
Fashion-MNIST,0.2,166,1.0,1,1
Fashion-MNIST,0.2,28,1.0,1,1
Fashion-MNIST,0.2,131,1.0,1,1
Fashion-MNIST,0.2,91,1.0,1,1
Fashion-MNIST,0.2,102,1.0,1,1
Fashion-MNIST,0.2,117,1.0,1,1
Fashion-MNIST,0.2,56,1.0,1,1
Fashion-MNIST,0.2,100,1.0,1,1
Fashion-MNIST,0.2,160,1.0,1,1
Fashion-MNIST,0.2,166,1.0,1,1
Fashion-MNIST,0.2,155,1.0,1,1
Fashion-MNIST,0.2,5,1.0,1,1
Fashion-MNIST,0.2,68,1.0,1,1
Fashion-MNIST,0.2,117,1.0,1,1
Fashion-MNIST,0.2,118,1.0,1,1
Fashion-MNIST,0.2,177,1.0,1,1
Fashion-MNIST,0.2,32,1.0,1,1
Fashion-MNIST,0.2,152,1.0,1,1
Fashion-MNIST,0.2,182,1.0,1,1
Fashion-MNIST,0.2,178,1.0,1,1
Fashion-MNIST,0.2,198,1.0,1,1
Fashion-MNIST,0.2,94,1.0,1,1
Fashion-MNIST,0.2,0,1.0,1,1
Fashion-MNIST,0.2,172,1.0,1,1
Fashion-MNIST,0.2,29,1.0,1,1
Fashion-MNIST,0.2,75,1.0,1,1
Fashion-MNIST,0.2,192,1.0,1,1
Fashion-MNIST,0.2,119,1.0,1,1
Fashion-MNIST,0.2,180,1.0,1,1
Fashion-MNIST,0.2,52,1.0,1,1
Fashion-MNIST,0.2,87,1.0,1,1
Fashion-MNIST,0.2,74,1.0,1,1
Fashion-MNIST,0.2,143,1.0,1,1
Fashion-MNIST,0.2,101,1.0,1,1
Fashion-MNIST,0.2,155,1.0,1,1
Fashion-MNIST,0.2,22,1.0,1,1
Fashion-MNIST,0.2,7,1.0,1,1
Fashion-MNIST,0.2,191,1.0,1,1
Fashion-MNIST,0.2,198,1.0,1,1
Fashion-MNIST,0.2,92,1.0,1,1
Fashion-MNIST,0.2,103,1.0,1,1
Fashion-MNIST,0.2,91,1.0,1,1
Fashion-MNIST,0.2,103,1.0,1,1
Fashion-MNIST,0.2,175,1.0,1,1
Fashion-MNIST,0.2,58,1.0,1,1
Fashion-MNIST,0.2,78,1.0,1,1
Fashion-MNIST,0.2,170,1.0,1,1
Fashion-MNIST,0.2,6,1.0,1,1
Fashion-MNIST,0.3,38,1.0,1,1
Fashion-MNIST,0.3,28,1.0,1,1
Fashion-MNIST,0.3,143,1.0,1,1
Fashion-MNIST,0.3,13,1.0,1,1
Fashion-MNIST,0.3,3,1.0,1,1
Fashion-MNIST,0.3,126,1.0,1,1
Fashion-MNIST,0.3,79,1.0,1,1
Fashion-MNIST,0.3,2,1.0,1,1
Fashion-MNIST,0.3,107,1.0,1,1
Fashion-MNIST,0.3,5,1.0,1,1
Fashion-MNIST,0.3,182,1.0,1,1
Fashion-MNIST,0.3,66,1.0,1,1
Fashion-MNIST,0.3,154,1.0,1,1
Fashion-MNIST,0.3,93,1.0,1,1
Fashion-MNIST,0.3,25,1.0,1,1
Fashion-MNIST,0.3,22,1.0,1,1
Fashion-MNIST,0.3,138,1.0,1,1
Fashion-MNIST,0.3,119,1.0,1,1
Fashion-MNIST,0.3,174,1.0,1,1
Fashion-MNIST,0.3,25,1.0,1,1
Fashion-MNIST,0.3,112,1.0,1,1
Fashion-MNIST,0.3,85,1.0,1,1
Fashion-MNIST,0.3,141,1.0,1,1
Fashion-MNIST,0.3,41,1.0,1,1
Fashion-MNIST,0.3,65,1.0,1,1
Fashion-MNIST,0.3,149,1.0,1,1
Fashion-MNIST,0.3,8,1.0,1,1
Fashion-MNIST,0.3,129,1.0,1,1
Fashion-MNIST,0.3,110,1.0,1,1
Fashion-MNIST,0.3,72,1.0,1,1
Fashion-MNIST,0.3,168,1.0,1,1
Fashion-MNIST,0.3,14,1.0,1,1
Fashion-MNIST,0.3,97,1.0,1,1
Fashion-MNIST,0.3,77,1.0,1,1
Fashion-MNIST,0.3,93,1.0,1,1
Fashion-MNIST,0.3,124,1.0,1,1
Fashion-MNIST,0.3,194,1.0,1,1
Fashion-MNIST,0.3,139,1.0,1,1
Fashion-MNIST,0.3,150,1.0,1,1
Fashion-MNIST,0.3,194,1.0,1,1
Fashion-MNIST,0.3,196,1.0,1,1
Fashion-MNIST,0.3,173,1.0,1,1
Fashion-MNIST,0.3,103,1.0,1,1
Fashion-MNIST,0.3,115,1.0,1,1
Fashion-MNIST,0.3,121,1.0,1,1
Fashion-MNIST,0.3,91,1.0,1,1
Fashion-MNIST,0.3,92,1.0,1,1
Fashion-MNIST,0.3,45,1.0,1,1
Fashion-MNIST,0.3,76,1.0,1,1
Fashion-MNIST,0.3,84,1.0,1,1
Fashion-MNIST,0.3,87,1.0,1,1
Fashion-MNIST,0.3,77,1.0,1,1
Fashion-MNIST,0.3,64,1.0,1,1
Fashion-MNIST,0.3,71,1.0,1,1
Fashion-MNIST,0.3,133,1.0,1,1
Fashion-MNIST,0.3,65,1.0,1,1
Fashion-MNIST,0.3,7,1.0,1,1
Fashion-MNIST,0.3,172,1.0,1,1
Fashion-MNIST,0.3,150,1.0,1,1
Fashion-MNIST,0.3,160,1.0,1,1
Fashion-MNIST,0.3,125,1.0,1,1
Fashion-MNIST,0.3,184,1.0,1,1
Fashion-MNIST,0.3,126,1.0,1,1
Fashion-MNIST,0.3,55,0.24666666666666667,0,1
Fashion-MNIST,0.3,36,1.0,1,1
Fashion-MNIST,0.3,40,1.0,1,1
Fashion-MNIST,0.3,117,1.0,1,1
Fashion-MNIST,0.3,140,1.0,1,1
Fashion-MNIST,0.3,59,0.24,0,1
Fashion-MNIST,0.3,143,1.0,1,1
Fashion-MNIST,0.3,152,1.0,1,1
Fashion-MNIST,0.3,39,1.0,1,1
Fashion-MNIST,0.3,169,1.0,1,1
Fashion-MNIST,0.3,93,1.0,1,1
Fashion-MNIST,0.3,24,1.0,1,1
Fashion-MNIST,0.3,33,1.0,1,1
Fashion-MNIST,0.3,55,1.0,1,1
Fashion-MNIST,0.3,160,0.22666666666666666,0,1
Fashion-MNIST,0.3,67,1.0,1,1
Fashion-MNIST,0.3,191,1.0,1,1
Fashion-MNIST,0.3,176,1.0,1,1
Fashion-MNIST,0.3,179,1.0,1,1
Fashion-MNIST,0.3,187,1.0,1,1
Fashion-MNIST,0.3,61,1.0,1,1
Fashion-MNIST,0.3,67,1.0,1,1
Fashion-MNIST,0.3,89,1.0,1,1
Fashion-MNIST,0.3,162,1.0,1,1
Fashion-MNIST,0.3,137,1.0,1,1
Fashion-MNIST,0.3,95,1.0,1,1
Fashion-MNIST,0.3,123,1.0,1,1
Fashion-MNIST,0.3,124,1.0,1,1
Fashion-MNIST,0.3,94,1.0,1,1
Fashion-MNIST,0.3,82,1.0,1,1
Fashion-MNIST,0.3,150,1.0,1,1
Fashion-MNIST,0.3,96,1.0,1,1
Fashion-MNIST,0.3,134,1.0,1,1
Fashion-MNIST,0.3,168,1.0,1,1
Fashion-MNIST,0.3,99,1.0,1,1
Fashion-MNIST,0.3,124,1.0,1,1
Fashion-MNIST,0.3,102,0.20666666666666667,0,1
Fashion-MNIST,0.3,89,1.0,1,1
Fashion-MNIST,0.3,20,1.0,1,1
Fashion-MNIST,0.3,29,1.0,1,1
Fashion-MNIST,0.3,173,1.0,1,1
Fashion-MNIST,0.3,3,1.0,1,1
Fashion-MNIST,0.3,20,1.0,1,1
Fashion-MNIST,0.3,105,1.0,1,1
Fashion-MNIST,0.3,174,0.23333333333333334,0,1
Fashion-MNIST,0.3,9,1.0,1,1
Fashion-MNIST,0.3,108,1.0,1,1
Fashion-MNIST,0.3,137,1.0,1,1
Fashion-MNIST,0.3,86,1.0,1,1
Fashion-MNIST,0.3,8,1.0,1,1
Fashion-MNIST,0.3,93,1.0,1,1
Fashion-MNIST,0.3,87,1.0,1,1
Fashion-MNIST,0.3,151,1.0,1,1
Fashion-MNIST,0.3,154,1.0,1,1
Fashion-MNIST,0.3,168,1.0,1,1
Fashion-MNIST,0.3,15,1.0,1,1
Fashion-MNIST,0.3,108,1.0,1,1
Fashion-MNIST,0.3,5,1.0,1,1
Fashion-MNIST,0.3,180,1.0,1,1
Fashion-MNIST,0.3,134,1.0,1,1
Fashion-MNIST,0.3,84,1.0,1,1
Fashion-MNIST,0.3,114,1.0,1,1
Fashion-MNIST,0.3,173,1.0,1,1
Fashion-MNIST,0.3,150,1.0,1,1
Fashion-MNIST,0.3,149,1.0,1,1
Fashion-MNIST,0.3,32,1.0,1,1
Fashion-MNIST,0.3,175,1.0,1,1
Fashion-MNIST,0.3,51,1.0,1,1
Fashion-MNIST,0.3,178,1.0,1,1
Fashion-MNIST,0.3,166,1.0,1,1
Fashion-MNIST,0.3,59,1.0,1,1
Fashion-MNIST,0.3,96,1.0,1,1
Fashion-MNIST,0.3,14,1.0,1,1
Fashion-MNIST,0.3,197,1.0,1,1
Fashion-MNIST,0.3,3,1.0,1,1
Fashion-MNIST,0.3,61,1.0,1,1
Fashion-MNIST,0.3,48,1.0,1,1
Fashion-MNIST,0.3,62,1.0,1,1
Fashion-MNIST,0.3,188,1.0,1,1
Fashion-MNIST,0.3,24,1.0,1,1
Fashion-MNIST,0.3,138,1.0,1,1
Fashion-MNIST,0.3,91,1.0,1,1
Fashion-MNIST,0.3,175,1.0,1,1
Fashion-MNIST,0.3,75,1.0,1,1
Fashion-MNIST,0.3,136,1.0,1,1
Fashion-MNIST,0.3,119,1.0,1,1
Fashion-MNIST,0.3,10,1.0,1,1
Fashion-MNIST,0.3,108,1.0,1,1
Fashion-MNIST,0.3,147,1.0,1,1
Fashion-MNIST,0.3,102,1.0,1,1
Fashion-MNIST,0.3,46,1.0,1,1
Fashion-MNIST,0.3,145,1.0,1,1
Fashion-MNIST,0.3,114,1.0,1,1
Fashion-MNIST,0.3,179,1.0,1,1
Fashion-MNIST,0.3,101,1.0,1,1
Fashion-MNIST,0.3,121,1.0,1,1
Fashion-MNIST,0.3,31,1.0,1,1
Fashion-MNIST,0.3,187,1.0,1,1
Fashion-MNIST,0.3,28,1.0,1,1
Fashion-MNIST,0.3,72,1.0,1,1
Fashion-MNIST,0.3,188,1.0,1,1
Fashion-MNIST,0.3,58,1.0,1,1
Fashion-MNIST,0.3,7,1.0,1,1
Fashion-MNIST,0.3,107,1.0,1,1
Fashion-MNIST,0.3,85,1.0,1,1
Fashion-MNIST,0.3,186,1.0,1,1
Fashion-MNIST,0.3,150,1.0,1,1
Fashion-MNIST,0.3,30,1.0,1,1
Fashion-MNIST,0.3,64,1.0,1,1
Fashion-MNIST,0.3,145,1.0,1,1
Fashion-MNIST,0.3,173,1.0,1,1
Fashion-MNIST,0.3,167,1.0,1,1
Fashion-MNIST,0.3,100,0.16,0,1
Fashion-MNIST,0.3,180,1.0,1,1
Fashion-MNIST,0.3,124,1.0,1,1
Fashion-MNIST,0.3,142,1.0,1,1
Fashion-MNIST,0.3,33,1.0,1,1
Fashion-MNIST,0.3,89,1.0,1,1
Fashion-MNIST,0.3,189,1.0,1,1
Fashion-MNIST,0.3,101,1.0,1,1
Fashion-MNIST,0.3,9,1.0,1,1
Fashion-MNIST,0.3,67,1.0,1,1
Fashion-MNIST,0.3,165,1.0,1,1
Fashion-MNIST,0.3,136,1.0,1,1
Fashion-MNIST,0.3,111,1.0,1,1
Fashion-MNIST,0.3,165,1.0,1,1
Fashion-MNIST,0.3,169,1.0,1,1
Fashion-MNIST,0.3,142,1.0,1,1
Fashion-MNIST,0.3,84,1.0,1,1
Fashion-MNIST,0.3,132,1.0,1,1
Fashion-MNIST,0.3,112,1.0,1,1
Fashion-MNIST,0.3,43,1.0,1,1
Fashion-MNIST,0.3,121,1.0,1,1
Fashion-MNIST,0.3,5,1.0,1,1
Fashion-MNIST,0.3,33,1.0,1,1
Fashion-MNIST,0.3,63,1.0,1,1
Fashion-MNIST,0.3,67,1.0,1,1
Fashion-MNIST,0.4,193,1.0,1,1
Fashion-MNIST,0.4,182,1.0,1,1
Fashion-MNIST,0.4,129,1.0,1,1
Fashion-MNIST,0.4,56,1.0,1,1
Fashion-MNIST,0.4,168,1.0,1,1
Fashion-MNIST,0.4,55,0.19333333333333333,0,1
Fashion-MNIST,0.4,51,1.0,1,1
Fashion-MNIST,0.4,5,1.0,1,1
Fashion-MNIST,0.4,49,1.0,1,1
Fashion-MNIST,0.4,126,1.0,1,1
Fashion-MNIST,0.4,50,1.0,1,1
Fashion-MNIST,0.4,2,0.18,0,1
Fashion-MNIST,0.4,153,1.0,1,1
Fashion-MNIST,0.4,24,1.0,1,1
Fashion-MNIST,0.4,174,1.0,1,1
Fashion-MNIST,0.4,165,1.0,1,1
Fashion-MNIST,0.4,94,1.0,1,1
Fashion-MNIST,0.4,65,1.0,1,1
Fashion-MNIST,0.4,120,1.0,1,1
Fashion-MNIST,0.4,79,1.0,1,1
Fashion-MNIST,0.4,23,1.0,1,1
Fashion-MNIST,0.4,95,1.0,1,1
Fashion-MNIST,0.4,107,1.0,1,1
Fashion-MNIST,0.4,9,1.0,1,1
Fashion-MNIST,0.4,142,1.0,1,1
Fashion-MNIST,0.4,127,1.0,1,1
Fashion-MNIST,0.4,175,0.18666666666666668,0,1
Fashion-MNIST,0.4,172,0.22666666666666666,0,1
Fashion-MNIST,0.4,164,1.0,1,1
Fashion-MNIST,0.4,125,1.0,1,1
Fashion-MNIST,0.4,44,1.0,1,1
Fashion-MNIST,0.4,184,1.0,1,1
Fashion-MNIST,0.4,27,1.0,1,1
Fashion-MNIST,0.4,21,0.21333333333333335,0,1
Fashion-MNIST,0.4,36,0.18,0,1
Fashion-MNIST,0.4,159,1.0,1,1
Fashion-MNIST,0.4,69,1.0,1,1
Fashion-MNIST,0.4,139,1.0,1,1
Fashion-MNIST,0.4,139,0.19333333333333333,0,1
Fashion-MNIST,0.4,54,1.0,1,1
Fashion-MNIST,0.4,25,1.0,1,1
Fashion-MNIST,0.4,178,1.0,1,1
Fashion-MNIST,0.4,146,1.0,1,1
Fashion-MNIST,0.4,31,1.0,1,1
Fashion-MNIST,0.4,6,1.0,1,1
Fashion-MNIST,0.4,5,1.0,1,1
Fashion-MNIST,0.4,53,1.0,1,1
Fashion-MNIST,0.4,50,1.0,1,1
Fashion-MNIST,0.4,155,1.0,1,1
Fashion-MNIST,0.4,101,1.0,1,1
Fashion-MNIST,0.4,149,1.0,1,1
Fashion-MNIST,0.4,92,1.0,1,1
Fashion-MNIST,0.4,85,1.0,1,1
Fashion-MNIST,0.4,4,1.0,1,1
Fashion-MNIST,0.4,124,1.0,1,1
Fashion-MNIST,0.4,68,0.19333333333333333,0,1
Fashion-MNIST,0.4,35,0.22,0,1
Fashion-MNIST,0.4,23,1.0,1,1
Fashion-MNIST,0.4,96,1.0,1,1
Fashion-MNIST,0.4,154,1.0,1,1
Fashion-MNIST,0.4,124,0.20666666666666667,0,1
Fashion-MNIST,0.4,62,1.0,1,1
Fashion-MNIST,0.4,175,1.0,1,1
Fashion-MNIST,0.4,96,1.0,1,1
Fashion-MNIST,0.4,87,1.0,1,1
Fashion-MNIST,0.4,149,0.2,0,1
Fashion-MNIST,0.4,30,0.2,0,1
Fashion-MNIST,0.4,18,1.0,1,1
Fashion-MNIST,0.4,177,1.0,1,1
Fashion-MNIST,0.4,164,1.0,1,1
Fashion-MNIST,0.4,16,1.0,1,1
Fashion-MNIST,0.4,60,1.0,1,1
Fashion-MNIST,0.4,77,1.0,1,1
Fashion-MNIST,0.4,165,1.0,1,1
Fashion-MNIST,0.4,155,1.0,1,1
Fashion-MNIST,0.4,8,1.0,1,1
Fashion-MNIST,0.4,40,1.0,1,1
Fashion-MNIST,0.4,82,1.0,1,1
Fashion-MNIST,0.4,79,1.0,1,1
Fashion-MNIST,0.4,38,1.0,1,1
Fashion-MNIST,0.4,179,1.0,1,1
Fashion-MNIST,0.4,60,1.0,1,1
Fashion-MNIST,0.4,91,1.0,1,1
Fashion-MNIST,0.4,96,1.0,1,1
Fashion-MNIST,0.4,139,1.0,1,1
Fashion-MNIST,0.4,22,0.20666666666666667,0,1
Fashion-MNIST,0.4,44,1.0,1,1
Fashion-MNIST,0.4,156,1.0,1,1
Fashion-MNIST,0.4,63,1.0,1,1
Fashion-MNIST,0.4,56,1.0,1,1
Fashion-MNIST,0.4,136,1.0,1,1
Fashion-MNIST,0.4,84,1.0,1,1
Fashion-MNIST,0.4,183,0.22,0,1
Fashion-MNIST,0.4,32,1.0,1,1
Fashion-MNIST,0.4,130,1.0,1,1
Fashion-MNIST,0.4,184,0.26666666666666666,0,1
Fashion-MNIST,0.4,149,1.0,1,1
Fashion-MNIST,0.4,68,1.0,1,1
Fashion-MNIST,0.4,89,1.0,1,1
Fashion-MNIST,0.4,170,0.2733333333333333,0,1
Fashion-MNIST,0.4,184,1.0,1,1
Fashion-MNIST,0.4,31,1.0,1,1
Fashion-MNIST,0.4,91,1.0,1,1
Fashion-MNIST,0.4,166,1.0,1,1
Fashion-MNIST,0.4,10,1.0,1,1
Fashion-MNIST,0.4,3,1.0,1,1
Fashion-MNIST,0.4,58,0.2,0,1
Fashion-MNIST,0.4,153,1.0,1,1
Fashion-MNIST,0.4,97,1.0,1,1
Fashion-MNIST,0.4,144,1.0,1,1
Fashion-MNIST,0.4,132,0.24,0,1
Fashion-MNIST,0.4,133,1.0,1,1
Fashion-MNIST,0.4,22,1.0,1,1
Fashion-MNIST,0.4,49,1.0,1,1
Fashion-MNIST,0.4,79,1.0,1,1
Fashion-MNIST,0.4,116,1.0,1,1
Fashion-MNIST,0.4,27,1.0,1,1
Fashion-MNIST,0.4,74,1.0,1,1
Fashion-MNIST,0.4,23,1.0,1,1
Fashion-MNIST,0.4,188,1.0,1,1
Fashion-MNIST,0.4,147,1.0,1,1
Fashion-MNIST,0.4,83,1.0,1,1
Fashion-MNIST,0.4,19,1.0,1,1
Fashion-MNIST,0.4,184,1.0,1,1
Fashion-MNIST,0.4,162,1.0,1,1
Fashion-MNIST,0.4,73,1.0,1,1
Fashion-MNIST,0.4,169,1.0,1,1
Fashion-MNIST,0.4,18,1.0,1,1
Fashion-MNIST,0.4,195,1.0,1,1
Fashion-MNIST,0.4,10,1.0,1,1
Fashion-MNIST,0.4,138,1.0,1,1
Fashion-MNIST,0.4,38,1.0,1,1
Fashion-MNIST,0.4,152,1.0,1,1
Fashion-MNIST,0.4,124,0.18666666666666668,0,1
Fashion-MNIST,0.4,100,0.24,0,1
Fashion-MNIST,0.4,12,0.22,0,1
Fashion-MNIST,0.4,113,1.0,1,1
Fashion-MNIST,0.4,125,1.0,1,1
Fashion-MNIST,0.4,108,0.26,0,1
Fashion-MNIST,0.4,167,1.0,1,1
Fashion-MNIST,0.4,76,1.0,1,1
Fashion-MNIST,0.4,189,1.0,1,1
Fashion-MNIST,0.4,192,1.0,1,1
Fashion-MNIST,0.4,5,1.0,1,1
Fashion-MNIST,0.4,96,1.0,1,1
Fashion-MNIST,0.4,53,1.0,1,1
Fashion-MNIST,0.4,63,0.2,0,1
Fashion-MNIST,0.4,156,1.0,1,1
Fashion-MNIST,0.4,188,1.0,1,1
Fashion-MNIST,0.4,154,1.0,1,1
Fashion-MNIST,0.4,198,1.0,1,1
Fashion-MNIST,0.4,164,0.22,0,1
Fashion-MNIST,0.4,147,1.0,1,1
Fashion-MNIST,0.4,170,1.0,1,1
Fashion-MNIST,0.4,15,1.0,1,1
Fashion-MNIST,0.4,79,1.0,1,1
Fashion-MNIST,0.4,49,1.0,1,1
Fashion-MNIST,0.4,146,0.24,0,1
Fashion-MNIST,0.4,130,1.0,1,1
Fashion-MNIST,0.4,132,1.0,1,1
Fashion-MNIST,0.4,30,1.0,1,1
Fashion-MNIST,0.4,193,1.0,1,1
Fashion-MNIST,0.4,78,1.0,1,1
Fashion-MNIST,0.4,152,1.0,1,1
Fashion-MNIST,0.4,115,1.0,1,1
Fashion-MNIST,0.4,97,1.0,1,1
Fashion-MNIST,0.4,3,1.0,1,1
Fashion-MNIST,0.4,142,1.0,1,1
Fashion-MNIST,0.4,36,1.0,1,1
Fashion-MNIST,0.4,116,1.0,1,1
Fashion-MNIST,0.4,97,1.0,1,1
Fashion-MNIST,0.4,40,1.0,1,1
Fashion-MNIST,0.4,24,1.0,1,1
Fashion-MNIST,0.4,103,0.18666666666666668,0,1
Fashion-MNIST,0.4,158,0.22,0,1
Fashion-MNIST,0.4,49,1.0,1,1
Fashion-MNIST,0.4,79,1.0,1,1
Fashion-MNIST,0.4,120,1.0,1,1
Fashion-MNIST,0.4,38,0.22,0,1
Fashion-MNIST,0.4,43,1.0,1,1
Fashion-MNIST,0.4,50,1.0,1,1
Fashion-MNIST,0.4,63,0.21333333333333335,0,1
Fashion-MNIST,0.4,179,1.0,1,1
Fashion-MNIST,0.4,53,1.0,1,1
Fashion-MNIST,0.4,141,1.0,1,1
Fashion-MNIST,0.4,70,1.0,1,1
Fashion-MNIST,0.4,73,1.0,1,1
Fashion-MNIST,0.4,92,1.0,1,1
Fashion-MNIST,0.4,52,1.0,1,1
Fashion-MNIST,0.4,49,1.0,1,1
Fashion-MNIST,0.4,18,1.0,1,1
Fashion-MNIST,0.4,166,1.0,1,1
Fashion-MNIST,0.4,80,1.0,1,1
Fashion-MNIST,0.4,42,1.0,1,1
Fashion-MNIST,0.4,29,1.0,1,1
Fashion-MNIST,0.4,190,1.0,1,1
Fashion-MNIST,0.4,23,1.0,1,1
Fashion-MNIST,0.4,43,1.0,1,1
Fashion-MNIST,0.4,182,1.0,1,1
Fashion-MNIST,0.4,165,0.18666666666666668,0,1
Fashion-MNIST,0.5,105,1.0,1,1
Fashion-MNIST,0.5,180,1.0,1,1
Fashion-MNIST,0.5,199,0.18,0,1
Fashion-MNIST,0.5,197,0.22,0,1
Fashion-MNIST,0.5,130,1.0,1,1
Fashion-MNIST,0.5,128,1.0,1,1
Fashion-MNIST,0.5,164,1.0,1,1
Fashion-MNIST,0.5,145,1.0,1,1
Fashion-MNIST,0.5,130,1.0,1,1
Fashion-MNIST,0.5,103,0.26666666666666666,0,1
Fashion-MNIST,0.5,154,1.0,1,1
Fashion-MNIST,0.5,187,1.0,1,1
Fashion-MNIST,0.5,114,1.0,1,1
Fashion-MNIST,0.5,103,0.2,0,1
Fashion-MNIST,0.5,38,0.24666666666666667,0,1
Fashion-MNIST,0.5,180,0.19333333333333333,0,1
Fashion-MNIST,0.5,66,0.24,0,1
Fashion-MNIST,0.5,50,1.0,1,1
Fashion-MNIST,0.5,100,0.18666666666666668,0,1
Fashion-MNIST,0.5,129,1.0,1,1
Fashion-MNIST,0.5,169,0.18,0,1
Fashion-MNIST,0.5,171,0.2,0,1
Fashion-MNIST,0.5,23,1.0,1,1
Fashion-MNIST,0.5,183,0.25333333333333335,0,1
Fashion-MNIST,0.5,24,0.21333333333333335,0,1
Fashion-MNIST,0.5,44,1.0,1,1
Fashion-MNIST,0.5,1,1.0,1,1
Fashion-MNIST,0.5,64,0.16666666666666666,0,1
Fashion-MNIST,0.5,99,1.0,1,1
Fashion-MNIST,0.5,128,1.0,1,1
Fashion-MNIST,0.5,190,1.0,1,1
Fashion-MNIST,0.5,191,1.0,1,1
Fashion-MNIST,0.5,168,1.0,1,1
Fashion-MNIST,0.5,33,1.0,1,1
Fashion-MNIST,0.5,67,1.0,1,1
Fashion-MNIST,0.5,89,0.24,0,1
Fashion-MNIST,0.5,40,0.2,0,1
Fashion-MNIST,0.5,65,0.22666666666666666,0,1
Fashion-MNIST,0.5,41,1.0,1,1
Fashion-MNIST,0.5,0,1.0,1,1
Fashion-MNIST,0.5,44,1.0,1,1
Fashion-MNIST,0.5,55,1.0,1,1
Fashion-MNIST,0.5,136,1.0,1,1
Fashion-MNIST,0.5,192,0.26666666666666666,0,1
Fashion-MNIST,0.5,14,0.22,0,1
Fashion-MNIST,0.5,31,1.0,1,1
Fashion-MNIST,0.5,174,0.24,0,1
Fashion-MNIST,0.5,170,1.0,1,1
Fashion-MNIST,0.5,41,1.0,1,1
Fashion-MNIST,0.5,113,0.24666666666666667,0,1
Fashion-MNIST,0.5,2,0.28,0,0
Fashion-MNIST,0.5,112,1.0,1,1
Fashion-MNIST,0.5,15,0.2733333333333333,0,1
Fashion-MNIST,0.5,112,0.18666666666666668,0,1
Fashion-MNIST,0.5,2,0.16666666666666666,0,0
Fashion-MNIST,0.5,27,0.16666666666666666,0,1
Fashion-MNIST,0.5,23,1.0,1,1
Fashion-MNIST,0.5,41,1.0,1,1
Fashion-MNIST,0.5,175,1.0,1,1
Fashion-MNIST,0.5,86,0.22666666666666666,0,1
Fashion-MNIST,0.5,61,0.15333333333333332,0,1
Fashion-MNIST,0.5,84,0.22,0,1
Fashion-MNIST,0.5,66,0.19333333333333333,0,1
Fashion-MNIST,0.5,151,1.0,1,1
Fashion-MNIST,0.5,119,0.2,0,1
Fashion-MNIST,0.5,120,1.0,1,1
Fashion-MNIST,0.5,81,1.0,1,1
Fashion-MNIST,0.5,13,0.22,0,1
Fashion-MNIST,0.5,180,0.2,0,1
Fashion-MNIST,0.5,197,1.0,1,1
Fashion-MNIST,0.5,153,0.22666666666666666,0,1
Fashion-MNIST,0.5,52,0.20666666666666667,0,1
Fashion-MNIST,0.5,188,1.0,1,1
Fashion-MNIST,0.5,189,1.0,1,1
Fashion-MNIST,0.5,79,1.0,1,1
Fashion-MNIST,0.5,167,1.0,1,1
Fashion-MNIST,0.5,84,1.0,1,1
Fashion-MNIST,0.5,110,1.0,1,1
Fashion-MNIST,0.5,81,1.0,1,1
Fashion-MNIST,0.5,25,1.0,1,1
Fashion-MNIST,0.5,65,0.22666666666666666,0,1
Fashion-MNIST,0.5,125,0.22,0,1
Fashion-MNIST,0.5,68,0.12666666666666668,0,1
Fashion-MNIST,0.5,193,1.0,1,1
Fashion-MNIST,0.5,170,0.2,0,1
Fashion-MNIST,0.5,159,1.0,1,1
Fashion-MNIST,0.5,155,1.0,1,1
Fashion-MNIST,0.5,58,0.18,0,1
Fashion-MNIST,0.5,9,1.0,1,1
Fashion-MNIST,0.5,100,0.22,0,1
Fashion-MNIST,0.5,110,0.22,0,1
Fashion-MNIST,0.5,74,0.20666666666666667,0,1
Fashion-MNIST,0.5,127,1.0,1,1
Fashion-MNIST,0.5,190,1.0,1,1
Fashion-MNIST,0.5,109,1.0,1,1
Fashion-MNIST,0.5,50,1.0,1,1
Fashion-MNIST,0.5,22,1.0,1,1
Fashion-MNIST,0.5,169,1.0,1,1
Fashion-MNIST,0.5,150,0.2,0,1
Fashion-MNIST,0.5,135,0.22666666666666666,0,1
Fashion-MNIST,0.5,88,1.0,1,1
Fashion-MNIST,0.5,93,0.18666666666666668,0,1
Fashion-MNIST,0.5,151,1.0,1,1
Fashion-MNIST,0.5,31,0.21333333333333335,0,1
Fashion-MNIST,0.5,49,0.20666666666666667,0,0
Fashion-MNIST,0.5,196,1.0,1,1
Fashion-MNIST,0.5,14,0.26,0,1
Fashion-MNIST,0.5,24,1.0,1,1
Fashion-MNIST,0.5,93,0.17333333333333334,0,1
Fashion-MNIST,0.5,26,1.0,1,1
Fashion-MNIST,0.5,184,0.18666666666666668,0,1
Fashion-MNIST,0.5,20,0.22,0,1
Fashion-MNIST,0.5,172,1.0,1,1
Fashion-MNIST,0.5,57,1.0,1,1
Fashion-MNIST,0.5,2,0.18,0,0
Fashion-MNIST,0.5,141,0.24666666666666667,0,1
Fashion-MNIST,0.5,20,1.0,1,1
Fashion-MNIST,0.5,135,0.20666666666666667,0,1
Fashion-MNIST,0.5,29,1.0,1,1
Fashion-MNIST,0.5,55,0.26,0,1
Fashion-MNIST,0.5,124,1.0,1,1
Fashion-MNIST,0.5,41,0.2,0,1
Fashion-MNIST,0.5,72,1.0,1,1
Fashion-MNIST,0.5,140,0.25333333333333335,0,1
Fashion-MNIST,0.5,25,1.0,1,1
Fashion-MNIST,0.5,163,1.0,1,1
Fashion-MNIST,0.5,157,1.0,1,1
Fashion-MNIST,0.5,107,1.0,1,1
Fashion-MNIST,0.5,101,1.0,1,1
Fashion-MNIST,0.5,175,1.0,1,1
Fashion-MNIST,0.5,98,0.18,0,1
Fashion-MNIST,0.5,127,1.0,1,1
Fashion-MNIST,0.5,14,1.0,1,1
Fashion-MNIST,0.5,125,1.0,1,1
Fashion-MNIST,0.5,55,1.0,1,1
Fashion-MNIST,0.5,70,1.0,1,1
Fashion-MNIST,0.5,167,1.0,1,1
Fashion-MNIST,0.5,19,1.0,1,1
Fashion-MNIST,0.5,150,1.0,1,1
Fashion-MNIST,0.5,97,0.2,0,1
Fashion-MNIST,0.5,21,0.2,0,1
Fashion-MNIST,0.5,5,0.24666666666666667,0,1
Fashion-MNIST,0.5,61,0.18,0,1
Fashion-MNIST,0.5,166,1.0,1,1
Fashion-MNIST,0.5,22,1.0,1,1
Fashion-MNIST,0.5,151,1.0,1,1
Fashion-MNIST,0.5,185,1.0,1,1
Fashion-MNIST,0.5,112,0.18666666666666668,0,1
Fashion-MNIST,0.5,192,1.0,1,1
Fashion-MNIST,0.5,72,0.16666666666666666,0,1
Fashion-MNIST,0.5,176,0.17333333333333334,0,1
Fashion-MNIST,0.5,68,0.23333333333333334,0,1
Fashion-MNIST,0.5,27,0.18,0,1
Fashion-MNIST,0.5,10,0.20666666666666667,0,1
Fashion-MNIST,0.5,141,1.0,1,1
Fashion-MNIST,0.5,134,1.0,1,1
Fashion-MNIST,0.5,30,0.2866666666666667,0,1
Fashion-MNIST,0.5,158,1.0,1,1
Fashion-MNIST,0.5,116,0.20666666666666667,0,1
Fashion-MNIST,0.5,50,1.0,1,1
Fashion-MNIST,0.5,59,0.23333333333333334,0,1
Fashion-MNIST,0.5,125,1.0,1,1
Fashion-MNIST,0.5,106,1.0,1,1
Fashion-MNIST,0.5,27,1.0,1,1
Fashion-MNIST,0.5,45,1.0,1,1
Fashion-MNIST,0.5,37,0.22,0,1
Fashion-MNIST,0.5,63,0.25333333333333335,0,1
Fashion-MNIST,0.5,61,1.0,1,1
Fashion-MNIST,0.5,137,1.0,1,1
Fashion-MNIST,0.5,188,1.0,1,1
Fashion-MNIST,0.5,50,1.0,1,1
Fashion-MNIST,0.5,186,0.19333333333333333,0,1
Fashion-MNIST,0.5,188,1.0,1,1
Fashion-MNIST,0.5,108,1.0,1,0
Fashion-MNIST,0.5,59,0.26666666666666666,0,1
Fashion-MNIST,0.5,147,0.2733333333333333,0,1
Fashion-MNIST,0.5,115,1.0,1,1
Fashion-MNIST,0.5,20,1.0,1,1
Fashion-MNIST,0.5,143,1.0,1,1
Fashion-MNIST,0.5,105,0.23333333333333334,0,1
Fashion-MNIST,0.5,18,0.24666666666666667,0,1
Fashion-MNIST,0.5,160,0.21333333333333335,0,1
Fashion-MNIST,0.5,8,0.24,0,1
Fashion-MNIST,0.5,12,0.24666666666666667,0,0
Fashion-MNIST,0.5,10,0.20666666666666667,0,1
Fashion-MNIST,0.5,107,1.0,1,1
Fashion-MNIST,0.5,82,1.0,1,1
Fashion-MNIST,0.5,76,1.0,1,1
Fashion-MNIST,0.5,18,1.0,1,1
Fashion-MNIST,0.5,56,1.0,1,1
Fashion-MNIST,0.5,62,1.0,1,1
Fashion-MNIST,0.5,45,1.0,1,1
Fashion-MNIST,0.5,180,1.0,1,1
Fashion-MNIST,0.5,124,1.0,1,1
Fashion-MNIST,0.5,158,1.0,1,0
Fashion-MNIST,0.5,28,1.0,1,1
Fashion-MNIST,0.5,177,1.0,1,1
Fashion-MNIST,0.5,112,1.0,1,1
Fashion-MNIST,0.5,9,0.22666666666666666,0,1
Fashion-MNIST,0.5,14,1.0,1,1
Fashion-MNIST,0.6,34,0.24,0,1
Fashion-MNIST,0.6,28,0.22666666666666666,0,1
Fashion-MNIST,0.6,157,0.24666666666666667,0,1
Fashion-MNIST,0.6,34,0.21333333333333335,0,1
Fashion-MNIST,0.6,185,1.0,1,1
Fashion-MNIST,0.6,58,0.19333333333333333,0,0
Fashion-MNIST,0.6,21,1.0,1,1
Fashion-MNIST,0.6,70,0.21333333333333335,0,0
Fashion-MNIST,0.6,31,0.24,0,1
Fashion-MNIST,0.6,65,0.16666666666666666,0,1
Fashion-MNIST,0.6,175,0.26,0,1
Fashion-MNIST,0.6,120,0.19333333333333333,0,1
Fashion-MNIST,0.6,0,0.16,0,1
Fashion-MNIST,0.6,13,0.2,0,1
Fashion-MNIST,0.6,131,0.22666666666666666,0,1
Fashion-MNIST,0.6,81,0.29333333333333333,0,1
Fashion-MNIST,0.6,66,0.23333333333333334,0,1
Fashion-MNIST,0.6,51,0.15333333333333332,0,1
Fashion-MNIST,0.6,80,0.23333333333333334,0,1
Fashion-MNIST,0.6,179,0.21333333333333335,0,1
Fashion-MNIST,0.6,139,0.18,0,0
Fashion-MNIST,0.6,58,0.22,0,0
Fashion-MNIST,0.6,126,0.26,0,1
Fashion-MNIST,0.6,186,0.19333333333333333,0,0
Fashion-MNIST,0.6,22,0.25333333333333335,0,0
Fashion-MNIST,0.6,76,0.26,0,1
Fashion-MNIST,0.6,155,0.21333333333333335,0,1
Fashion-MNIST,0.6,12,0.13333333333333333,0,1
Fashion-MNIST,0.6,102,0.21333333333333335,0,1
Fashion-MNIST,0.6,181,0.2,0,0
Fashion-MNIST,0.6,192,0.24666666666666667,0,1
Fashion-MNIST,0.6,12,0.25333333333333335,0,0
Fashion-MNIST,0.6,113,0.22,0,1
Fashion-MNIST,0.6,79,1.0,1,1
Fashion-MNIST,0.6,28,0.22,0,1
Fashion-MNIST,0.6,154,0.22,0,1
Fashion-MNIST,0.6,62,0.20666666666666667,0,1
Fashion-MNIST,0.6,0,1.0,1,1
Fashion-MNIST,0.6,196,1.0,1,1
Fashion-MNIST,0.6,167,0.20666666666666667,0,1
Fashion-MNIST,0.6,143,0.21333333333333335,0,1
Fashion-MNIST,0.6,104,1.0,1,1
Fashion-MNIST,0.6,157,1.0,1,1
Fashion-MNIST,0.6,120,0.19333333333333333,0,1
Fashion-MNIST,0.6,123,0.2,0,0
Fashion-MNIST,0.6,138,1.0,1,1
Fashion-MNIST,0.6,83,1.0,1,1
Fashion-MNIST,0.6,169,1.0,1,1
Fashion-MNIST,0.6,81,0.18666666666666668,0,1
Fashion-MNIST,0.6,95,0.2,0,1
Fashion-MNIST,0.6,122,0.26666666666666666,0,1
Fashion-MNIST,0.6,117,0.21333333333333335,0,1
Fashion-MNIST,0.6,97,0.25333333333333335,0,1
Fashion-MNIST,0.6,110,1.0,1,1
Fashion-MNIST,0.6,108,1.0,1,1
Fashion-MNIST,0.6,24,0.2,0,1
Fashion-MNIST,0.6,57,0.26,0,0
Fashion-MNIST,0.6,195,0.19333333333333333,0,1
Fashion-MNIST,0.6,112,0.16666666666666666,0,1
Fashion-MNIST,0.6,165,1.0,1,1
Fashion-MNIST,0.6,117,0.18666666666666668,0,1
Fashion-MNIST,0.6,102,1.0,1,1
Fashion-MNIST,0.6,86,1.0,1,1
Fashion-MNIST,0.6,71,0.22,0,1
Fashion-MNIST,0.6,153,0.2,0,1
Fashion-MNIST,0.6,3,1.0,1,0
Fashion-MNIST,0.6,60,1.0,1,1
Fashion-MNIST,0.6,11,0.20666666666666667,0,1
Fashion-MNIST,0.6,139,0.26666666666666666,0,0
Fashion-MNIST,0.6,171,1.0,1,1
Fashion-MNIST,0.6,50,0.18,0,1
Fashion-MNIST,0.6,188,1.0,1,1
Fashion-MNIST,0.6,39,0.2,0,1
Fashion-MNIST,0.6,2,0.26,0,0
Fashion-MNIST,0.6,116,0.15333333333333332,0,0
Fashion-MNIST,0.6,50,0.23333333333333334,0,1
Fashion-MNIST,0.6,199,1.0,1,1
Fashion-MNIST,0.6,156,0.2,0,1
Fashion-MNIST,0.6,0,0.24,0,1
Fashion-MNIST,0.6,159,0.24,0,0
Fashion-MNIST,0.6,182,0.24,0,1
Fashion-MNIST,0.6,123,0.22666666666666666,0,1
Fashion-MNIST,0.6,4,0.21333333333333335,0,1
Fashion-MNIST,0.6,148,1.0,1,1
Fashion-MNIST,0.6,146,1.0,1,1
Fashion-MNIST,0.6,92,0.17333333333333334,0,1
Fashion-MNIST,0.6,179,1.0,1,1
Fashion-MNIST,0.6,0,1.0,1,1
Fashion-MNIST,0.6,157,0.22666666666666666,0,1
Fashion-MNIST,0.6,17,1.0,1,0
Fashion-MNIST,0.6,77,0.23333333333333334,0,1
Fashion-MNIST,0.6,38,0.22666666666666666,0,1
Fashion-MNIST,0.6,113,1.0,1,1
Fashion-MNIST,0.6,3,0.21333333333333335,0,1
Fashion-MNIST,0.6,6,1.0,1,1
Fashion-MNIST,0.6,154,1.0,1,1
Fashion-MNIST,0.6,102,0.2,0,1
Fashion-MNIST,0.6,191,1.0,1,1
Fashion-MNIST,0.6,115,1.0,1,1
Fashion-MNIST,0.6,31,0.18666666666666668,0,0
Fashion-MNIST,0.6,125,0.25333333333333335,0,1
Fashion-MNIST,0.6,45,0.26,0,1
Fashion-MNIST,0.6,10,1.0,1,1
Fashion-MNIST,0.6,167,1.0,1,1
Fashion-MNIST,0.6,152,0.25333333333333335,0,1
Fashion-MNIST,0.6,164,1.0,1,1
Fashion-MNIST,0.6,58,0.21333333333333335,0,1
Fashion-MNIST,0.6,146,0.22666666666666666,0,0
Fashion-MNIST,0.6,92,0.24,0,1
Fashion-MNIST,0.6,52,1.0,1,1
Fashion-MNIST,0.6,149,0.25333333333333335,0,0
Fashion-MNIST,0.6,160,0.19333333333333333,0,1
Fashion-MNIST,0.6,107,0.13333333333333333,0,1
Fashion-MNIST,0.6,22,0.26666666666666666,0,0
Fashion-MNIST,0.6,75,1.0,1,1
Fashion-MNIST,0.6,67,1.0,1,1
Fashion-MNIST,0.6,69,0.2,0,0
Fashion-MNIST,0.6,150,1.0,1,1
Fashion-MNIST,0.6,173,1.0,1,0
Fashion-MNIST,0.6,77,1.0,1,1
Fashion-MNIST,0.6,96,0.2,0,1
Fashion-MNIST,0.6,182,0.24,0,1
Fashion-MNIST,0.6,90,0.24666666666666667,0,1
Fashion-MNIST,0.6,195,0.28,0,1
Fashion-MNIST,0.6,98,0.24,0,1
Fashion-MNIST,0.6,116,0.24,0,1
Fashion-MNIST,0.6,79,1.0,1,1
Fashion-MNIST,0.6,135,0.21333333333333335,0,1
Fashion-MNIST,0.6,130,0.20666666666666667,0,1
Fashion-MNIST,0.6,125,0.18,0,1
Fashion-MNIST,0.6,166,0.21333333333333335,0,1
Fashion-MNIST,0.6,198,1.0,1,1
Fashion-MNIST,0.6,54,0.19333333333333333,0,1
Fashion-MNIST,0.6,133,0.24,0,1
Fashion-MNIST,0.6,156,0.25333333333333335,0,1
Fashion-MNIST,0.6,196,0.20666666666666667,0,1
Fashion-MNIST,0.6,130,1.0,1,1
Fashion-MNIST,0.6,4,1.0,1,1
Fashion-MNIST,0.6,157,0.22666666666666666,0,1
Fashion-MNIST,0.6,90,0.22,0,1
Fashion-MNIST,0.6,78,0.26,0,1
Fashion-MNIST,0.6,43,0.19333333333333333,0,1
Fashion-MNIST,0.6,82,0.26666666666666666,0,1
Fashion-MNIST,0.6,75,0.21333333333333335,0,1
Fashion-MNIST,0.6,93,0.20666666666666667,0,1
Fashion-MNIST,0.6,44,1.0,1,1
Fashion-MNIST,0.6,111,1.0,1,1
Fashion-MNIST,0.6,65,0.18,0,1
Fashion-MNIST,0.6,187,0.22,0,1
Fashion-MNIST,0.6,172,1.0,1,1
Fashion-MNIST,0.6,0,1.0,1,0
Fashion-MNIST,0.6,130,0.2,0,1
Fashion-MNIST,0.6,58,0.2,0,0
Fashion-MNIST,0.6,33,1.0,1,1
Fashion-MNIST,0.6,166,0.21333333333333335,0,1
Fashion-MNIST,0.6,109,0.26666666666666666,0,1
Fashion-MNIST,0.6,2,0.2,0,0
Fashion-MNIST,0.6,82,1.0,1,1
Fashion-MNIST,0.6,182,0.24,0,1
Fashion-MNIST,0.6,118,0.2733333333333333,0,1
Fashion-MNIST,0.6,177,0.25333333333333335,0,1
Fashion-MNIST,0.6,101,0.2,0,0
Fashion-MNIST,0.6,48,0.21333333333333335,0,1
Fashion-MNIST,0.6,90,0.2,0,1
Fashion-MNIST,0.6,45,0.26,0,0
Fashion-MNIST,0.6,114,1.0,1,1
Fashion-MNIST,0.6,124,0.22666666666666666,0,1
Fashion-MNIST,0.6,92,1.0,1,1
Fashion-MNIST,0.6,177,1.0,1,0
Fashion-MNIST,0.6,112,1.0,1,1
Fashion-MNIST,0.6,126,0.19333333333333333,0,0
Fashion-MNIST,0.6,121,1.0,1,1
Fashion-MNIST,0.6,13,0.22666666666666666,0,1
Fashion-MNIST,0.6,97,0.20666666666666667,0,1
Fashion-MNIST,0.6,127,1.0,1,1
Fashion-MNIST,0.6,57,0.23333333333333334,0,1
Fashion-MNIST,0.6,113,0.26,0,1
Fashion-MNIST,0.6,120,1.0,1,1
Fashion-MNIST,0.6,75,1.0,1,1
Fashion-MNIST,0.6,159,0.19333333333333333,0,0
Fashion-MNIST,0.6,57,0.20666666666666667,0,1
Fashion-MNIST,0.6,15,0.20666666666666667,0,1
Fashion-MNIST,0.6,161,0.24,0,1
Fashion-MNIST,0.6,121,1.0,1,1
Fashion-MNIST,0.6,159,0.3,0,1
Fashion-MNIST,0.6,175,1.0,1,1
Fashion-MNIST,0.6,98,0.22,0,1
Fashion-MNIST,0.6,69,0.23333333333333334,0,1
Fashion-MNIST,0.6,43,0.25333333333333335,0,1
Fashion-MNIST,0.6,88,0.21333333333333335,0,1
Fashion-MNIST,0.6,84,1.0,1,1
Fashion-MNIST,0.6,101,0.18,0,0
Fashion-MNIST,0.6,55,1.0,1,1
Fashion-MNIST,0.6,13,0.21333333333333335,0,1
Fashion-MNIST,0.6,175,1.0,1,1
Fashion-MNIST,0.6,10,0.20666666666666667,0,1
Fashion-MNIST,0.6,80,0.26,0,1
Fashion-MNIST,0.6,43,1.0,1,1
Fashion-MNIST,0.6,180,0.22,0,1
Fashion-MNIST,0.6,32,0.24666666666666667,0,1
Fashion-MNIST,0.8,85,0.22666666666666666,0,1
Fashion-MNIST,0.8,66,0.16666666666666666,0,1
Fashion-MNIST,0.8,45,0.22666666666666666,0,0
Fashion-MNIST,0.8,76,1.0,1,1
Fashion-MNIST,0.8,111,0.18,0,1
Fashion-MNIST,0.8,38,0.22,0,1
Fashion-MNIST,0.8,178,0.16666666666666666,0,0
Fashion-MNIST,0.8,31,0.22,0,0
Fashion-MNIST,0.8,166,0.18666666666666668,0,0
Fashion-MNIST,0.8,116,0.26,0,0
Fashion-MNIST,0.8,162,1.0,1,0
Fashion-MNIST,0.8,99,0.18666666666666668,0,1
Fashion-MNIST,0.8,163,0.24,0,0
Fashion-MNIST,0.8,114,0.22666666666666666,0,0
Fashion-MNIST,0.8,50,0.20666666666666667,0,1
Fashion-MNIST,0.8,98,0.2,0,1
Fashion-MNIST,0.8,103,0.24,0,1
Fashion-MNIST,0.8,142,0.26666666666666666,0,0
Fashion-MNIST,0.8,1,0.2,0,0
Fashion-MNIST,0.8,177,0.18666666666666668,0,0
Fashion-MNIST,0.8,124,0.18,0,1
Fashion-MNIST,0.8,25,0.2,0,0
Fashion-MNIST,0.8,28,0.22,0,1
Fashion-MNIST,0.8,27,0.18666666666666668,0,0
Fashion-MNIST,0.8,176,0.24,0,1
Fashion-MNIST,0.8,187,0.2,0,0
Fashion-MNIST,0.8,195,0.20666666666666667,0,1
Fashion-MNIST,0.8,73,0.19333333333333333,0,1
Fashion-MNIST,0.8,139,0.25333333333333335,0,0
Fashion-MNIST,0.8,60,0.15333333333333332,0,1
Fashion-MNIST,0.8,70,0.23333333333333334,0,0
Fashion-MNIST,0.8,103,0.18,0,1
Fashion-MNIST,0.8,53,0.21333333333333335,0,1
Fashion-MNIST,0.8,38,0.25333333333333335,0,1
Fashion-MNIST,0.8,188,0.18,0,0
Fashion-MNIST,0.8,176,0.24,0,1
Fashion-MNIST,0.8,98,0.26,0,1
Fashion-MNIST,0.8,158,0.22666666666666666,0,0
Fashion-MNIST,0.8,109,1.0,1,1
Fashion-MNIST,0.8,173,0.17333333333333334,0,0
Fashion-MNIST,0.8,157,0.21333333333333335,0,0
Fashion-MNIST,0.8,189,0.19333333333333333,0,0
Fashion-MNIST,0.8,140,0.28,0,0
Fashion-MNIST,0.8,13,0.22,0,1
Fashion-MNIST,0.8,25,0.28,0,0
Fashion-MNIST,0.8,181,0.21333333333333335,0,0
Fashion-MNIST,0.8,145,0.2,0,1
Fashion-MNIST,0.8,17,0.22666666666666666,0,0
Fashion-MNIST,0.8,151,0.26,0,0
Fashion-MNIST,0.8,166,0.25333333333333335,0,0
Fashion-MNIST,0.8,89,0.14,0,0
Fashion-MNIST,0.8,192,1.0,1,1
Fashion-MNIST,0.8,2,1.0,1,0
Fashion-MNIST,0.8,48,0.18666666666666668,0,0
Fashion-MNIST,0.8,108,0.24,0,0
Fashion-MNIST,0.8,149,0.18,0,0
Fashion-MNIST,0.8,134,0.2,0,0
Fashion-MNIST,0.8,100,0.18,0,1
Fashion-MNIST,0.8,37,0.21333333333333335,0,1
Fashion-MNIST,0.8,121,0.22,0,1
Fashion-MNIST,0.8,113,0.22666666666666666,0,1
Fashion-MNIST,0.8,27,1.0,1,0
Fashion-MNIST,0.8,62,1.0,1,0
Fashion-MNIST,0.8,5,1.0,1,1
Fashion-MNIST,0.8,17,0.23333333333333334,0,0
Fashion-MNIST,0.8,146,0.2,0,0
Fashion-MNIST,0.8,199,0.17333333333333334,0,1
Fashion-MNIST,0.8,160,0.18,0,1
Fashion-MNIST,0.8,22,1.0,1,0
Fashion-MNIST,0.8,156,0.20666666666666667,0,1
Fashion-MNIST,0.8,96,0.18,0,0
Fashion-MNIST,0.8,35,0.22,0,1
Fashion-MNIST,0.8,198,0.22666666666666666,0,1
Fashion-MNIST,0.8,56,0.18,0,1
Fashion-MNIST,0.8,147,0.21333333333333335,0,0
Fashion-MNIST,0.8,12,0.19333333333333333,0,0
Fashion-MNIST,0.8,175,1.0,1,1
Fashion-MNIST,0.8,81,1.0,1,1
Fashion-MNIST,0.8,134,0.2866666666666667,0,0
Fashion-MNIST,0.8,182,0.22666666666666666,0,1
Fashion-MNIST,0.8,88,0.18666666666666668,0,1
Fashion-MNIST,0.8,187,0.19333333333333333,0,1
Fashion-MNIST,0.8,5,0.18,0,1
Fashion-MNIST,0.8,98,0.24,0,1
Fashion-MNIST,0.8,38,0.19333333333333333,0,1
Fashion-MNIST,0.8,179,0.19333333333333333,0,1
Fashion-MNIST,0.8,60,1.0,1,1
Fashion-MNIST,0.8,30,0.2866666666666667,0,1
Fashion-MNIST,0.8,144,0.29333333333333333,0,1
Fashion-MNIST,0.8,72,0.25333333333333335,0,1
Fashion-MNIST,0.8,151,0.24666666666666667,0,1
Fashion-MNIST,0.8,46,1.0,1,1
Fashion-MNIST,0.8,5,0.24,0,0
Fashion-MNIST,0.8,52,1.0,1,1
Fashion-MNIST,0.8,34,0.26,0,1
Fashion-MNIST,0.8,171,0.28,0,1
Fashion-MNIST,0.8,108,0.26,0,0
Fashion-MNIST,0.8,199,0.22,0,1
Fashion-MNIST,0.8,55,1.0,1,1
Fashion-MNIST,0.8,176,1.0,1,1
Fashion-MNIST,0.8,31,0.28,0,0
Fashion-MNIST,0.8,148,0.22666666666666666,0,0
Fashion-MNIST,0.8,59,0.18,0,0
Fashion-MNIST,0.8,43,0.22,0,0
Fashion-MNIST,0.8,156,0.20666666666666667,0,1
Fashion-MNIST,0.8,64,0.24666666666666667,0,0
Fashion-MNIST,0.8,178,0.13333333333333333,0,1
Fashion-MNIST,0.8,22,0.21333333333333335,0,0
Fashion-MNIST,0.8,33,0.23333333333333334,0,0
Fashion-MNIST,0.8,70,0.22,0,0
Fashion-MNIST,0.8,90,0.22666666666666666,0,0
Fashion-MNIST,0.8,160,0.13333333333333333,0,1
Fashion-MNIST,0.8,143,0.17333333333333334,0,0
Fashion-MNIST,0.8,46,0.21333333333333335,0,1
Fashion-MNIST,0.8,77,0.28,0,1
Fashion-MNIST,0.8,32,0.21333333333333335,0,1
Fashion-MNIST,0.8,88,0.19333333333333333,0,1
Fashion-MNIST,0.8,106,0.26666666666666666,0,0
Fashion-MNIST,0.8,10,0.19333333333333333,0,1
Fashion-MNIST,0.8,129,0.15333333333333332,0,0
Fashion-MNIST,0.8,80,0.2,0,0
Fashion-MNIST,0.8,175,1.0,1,0
Fashion-MNIST,0.8,120,0.19333333333333333,0,1
Fashion-MNIST,0.8,135,0.21333333333333335,0,1
Fashion-MNIST,0.8,162,1.0,1,0
Fashion-MNIST,0.8,84,0.18666666666666668,0,1
Fashion-MNIST,0.8,92,0.22,0,0
Fashion-MNIST,0.8,10,0.19333333333333333,0,0
Fashion-MNIST,0.8,67,0.26,0,0
Fashion-MNIST,0.8,36,0.24666666666666667,0,1
Fashion-MNIST,0.8,26,0.22666666666666666,0,1
Fashion-MNIST,0.8,56,0.22,0,1
Fashion-MNIST,0.8,69,1.0,1,0
Fashion-MNIST,0.8,189,0.21333333333333335,0,0
Fashion-MNIST,0.8,124,0.21333333333333335,0,1
Fashion-MNIST,0.8,118,0.19333333333333333,0,1
Fashion-MNIST,0.8,90,0.24666666666666667,0,0
Fashion-MNIST,0.8,0,0.24666666666666667,0,0
Fashion-MNIST,0.8,31,0.24,0,0
Fashion-MNIST,0.8,60,0.22,0,1
Fashion-MNIST,0.8,99,0.22666666666666666,0,1
Fashion-MNIST,0.8,58,0.25333333333333335,0,0
Fashion-MNIST,0.8,6,1.0,1,0
Fashion-MNIST,0.8,155,0.22666666666666666,0,0
Fashion-MNIST,0.8,38,0.22666666666666666,0,1
Fashion-MNIST,0.8,196,0.24,0,0
Fashion-MNIST,0.8,126,0.2,0,0
Fashion-MNIST,0.8,180,0.22,0,0
Fashion-MNIST,0.8,103,0.24,0,1
Fashion-MNIST,0.8,111,0.19333333333333333,0,0
Fashion-MNIST,0.8,184,0.19333333333333333,0,0
Fashion-MNIST,0.8,23,0.18666666666666668,0,0
Fashion-MNIST,0.8,169,0.23333333333333334,0,1
Fashion-MNIST,0.8,165,1.0,1,1
Fashion-MNIST,0.8,69,0.26,0,0
Fashion-MNIST,0.8,199,1.0,1,1
Fashion-MNIST,0.8,146,0.18,0,1
Fashion-MNIST,0.8,22,0.22,0,0
Fashion-MNIST,0.8,28,0.20666666666666667,0,1
Fashion-MNIST,0.8,93,0.20666666666666667,0,0
Fashion-MNIST,0.8,6,0.16666666666666666,0,1
Fashion-MNIST,0.8,103,0.20666666666666667,0,1
Fashion-MNIST,0.8,182,1.0,1,1
Fashion-MNIST,0.8,188,0.18666666666666668,0,0
Fashion-MNIST,0.8,84,0.18666666666666668,0,1
Fashion-MNIST,0.8,179,0.18666666666666668,0,1
Fashion-MNIST,0.8,191,0.30666666666666664,0,0
Fashion-MNIST,0.8,100,0.22,0,1
Fashion-MNIST,0.8,37,1.0,1,1
Fashion-MNIST,0.8,10,0.17333333333333334,0,0
Fashion-MNIST,0.8,107,0.17333333333333334,0,0
Fashion-MNIST,0.8,41,0.13333333333333333,0,0
Fashion-MNIST,0.8,11,0.22,0,1
Fashion-MNIST,0.8,117,0.26,0,0
Fashion-MNIST,0.8,20,0.21333333333333335,0,0
Fashion-MNIST,0.8,165,1.0,1,0
Fashion-MNIST,0.8,112,0.18666666666666668,0,1
Fashion-MNIST,0.8,197,0.22,0,0
Fashion-MNIST,0.8,107,0.17333333333333334,0,0
Fashion-MNIST,0.8,166,0.18666666666666668,0,0
Fashion-MNIST,0.8,121,0.19333333333333333,0,1
Fashion-MNIST,0.8,137,0.2,0,0
Fashion-MNIST,0.8,3,0.19333333333333333,0,1
Fashion-MNIST,0.8,98,0.19333333333333333,0,1
Fashion-MNIST,0.8,149,0.18666666666666668,0,0
Fashion-MNIST,0.8,98,0.18666666666666668,0,1
Fashion-MNIST,0.8,87,0.21333333333333335,0,1
Fashion-MNIST,0.8,94,0.14666666666666667,0,1
Fashion-MNIST,0.8,82,0.16,0,0
Fashion-MNIST,0.8,127,0.19333333333333333,0,0
Fashion-MNIST,0.8,32,0.24666666666666667,0,1
Fashion-MNIST,0.8,152,0.24,0,1
Fashion-MNIST,0.8,196,0.22666666666666666,0,0
Fashion-MNIST,0.8,88,0.19333333333333333,0,1
Fashion-MNIST,0.8,142,0.26,0,0
Fashion-MNIST,0.8,7,0.18666666666666668,0,0
Fashion-MNIST,0.8,113,0.23333333333333334,0,1
Fashion-MNIST,0.8,29,0.24,0,1
Fashion-MNIST,0.8,87,0.22,0,1
Fashion-MNIST,0.8,83,0.19333333333333333,0,0
Fashion-MNIST,1.0,71,0.23333333333333334,0,0
Fashion-MNIST,1.0,86,0.16,0,0
Fashion-MNIST,1.0,63,0.2,0,0
Fashion-MNIST,1.0,1,0.19333333333333333,0,0
Fashion-MNIST,1.0,116,0.14666666666666667,0,0
Fashion-MNIST,1.0,46,1.0,1,1
Fashion-MNIST,1.0,187,0.20666666666666667,0,0
Fashion-MNIST,1.0,180,0.18666666666666668,0,0
Fashion-MNIST,1.0,130,0.26666666666666666,0,0
Fashion-MNIST,1.0,122,0.20666666666666667,0,0
Fashion-MNIST,1.0,114,0.22,0,0
Fashion-MNIST,1.0,98,0.22666666666666666,0,1
Fashion-MNIST,1.0,21,0.2,0,1
Fashion-MNIST,1.0,78,0.26,0,0
Fashion-MNIST,1.0,139,0.25333333333333335,0,0
Fashion-MNIST,1.0,147,0.19333333333333333,0,0
Fashion-MNIST,1.0,92,0.19333333333333333,0,0
Fashion-MNIST,1.0,97,0.18666666666666668,0,0
Fashion-MNIST,1.0,100,0.22,0,1
Fashion-MNIST,1.0,7,0.23333333333333334,0,0
Fashion-MNIST,1.0,88,0.25333333333333335,0,0
Fashion-MNIST,1.0,140,0.15333333333333332,0,0
Fashion-MNIST,1.0,110,0.20666666666666667,0,0
Fashion-MNIST,1.0,102,0.25333333333333335,0,1
Fashion-MNIST,1.0,9,0.18,0,0
Fashion-MNIST,1.0,95,0.2,0,0
Fashion-MNIST,1.0,35,0.19333333333333333,0,1
Fashion-MNIST,1.0,176,0.21333333333333335,0,1
Fashion-MNIST,1.0,4,0.22666666666666666,0,0
Fashion-MNIST,1.0,181,0.21333333333333335,0,0
Fashion-MNIST,1.0,170,0.18666666666666668,0,0
Fashion-MNIST,1.0,109,0.2,0,0
Fashion-MNIST,1.0,98,0.22,0,1
Fashion-MNIST,1.0,70,0.19333333333333333,0,0
Fashion-MNIST,1.0,189,0.18,0,0
Fashion-MNIST,1.0,53,0.23333333333333334,0,0
Fashion-MNIST,1.0,191,0.30666666666666664,0,0
Fashion-MNIST,1.0,172,0.22666666666666666,0,1
Fashion-MNIST,1.0,103,0.24,0,1
Fashion-MNIST,1.0,170,0.21333333333333335,0,0
Fashion-MNIST,1.0,77,0.18666666666666668,0,0
Fashion-MNIST,1.0,71,0.18,0,0
Fashion-MNIST,1.0,140,0.19333333333333333,0,0
Fashion-MNIST,1.0,141,0.24666666666666667,0,0
Fashion-MNIST,1.0,14,1.0,1,0
Fashion-MNIST,1.0,117,1.0,1,1
Fashion-MNIST,1.0,127,0.18666666666666668,0,0
Fashion-MNIST,1.0,145,0.19333333333333333,0,0
Fashion-MNIST,1.0,65,0.2,0,1
Fashion-MNIST,1.0,186,0.24666666666666667,0,0
Fashion-MNIST,1.0,178,0.2,0,0
Fashion-MNIST,1.0,83,0.2,0,0
Fashion-MNIST,1.0,148,0.16666666666666666,0,0
Fashion-MNIST,1.0,0,0.24,0,0
Fashion-MNIST,1.0,185,0.23333333333333334,0,0
Fashion-MNIST,1.0,126,0.2,0,0
Fashion-MNIST,1.0,62,0.21333333333333335,0,0
Fashion-MNIST,1.0,22,0.21333333333333335,0,0
Fashion-MNIST,1.0,150,0.26,0,0
Fashion-MNIST,1.0,153,0.2,0,0
Fashion-MNIST,1.0,6,0.28,0,0
Fashion-MNIST,1.0,65,0.16,0,1
Fashion-MNIST,1.0,33,0.25333333333333335,0,0
Fashion-MNIST,1.0,127,0.22666666666666666,0,0
Fashion-MNIST,1.0,191,0.22,0,0
Fashion-MNIST,1.0,33,0.2,0,1
Fashion-MNIST,1.0,95,0.19333333333333333,0,0
Fashion-MNIST,1.0,172,0.22666666666666666,0,1
Fashion-MNIST,1.0,158,0.21333333333333335,0,0
Fashion-MNIST,1.0,13,0.22666666666666666,0,1
Fashion-MNIST,1.0,86,0.2,0,0
Fashion-MNIST,1.0,93,0.19333333333333333,0,0
Fashion-MNIST,1.0,134,0.24666666666666667,0,0
Fashion-MNIST,1.0,75,0.22,0,0
Fashion-MNIST,1.0,128,0.15333333333333332,0,0
Fashion-MNIST,1.0,18,0.2733333333333333,0,0
Fashion-MNIST,1.0,15,0.18666666666666668,0,0
Fashion-MNIST,1.0,115,0.22666666666666666,0,1
Fashion-MNIST,1.0,22,0.14,0,0
Fashion-MNIST,1.0,118,0.17333333333333334,0,1
Fashion-MNIST,1.0,178,0.22,0,0
Fashion-MNIST,1.0,90,0.24,0,0
Fashion-MNIST,1.0,196,0.16666666666666666,0,0
Fashion-MNIST,1.0,139,0.2,0,0
Fashion-MNIST,1.0,29,0.19333333333333333,0,1
Fashion-MNIST,1.0,162,0.2866666666666667,0,0
Fashion-MNIST,1.0,64,0.24,0,0
Fashion-MNIST,1.0,107,0.22,0,0
Fashion-MNIST,1.0,67,0.24,0,0
Fashion-MNIST,1.0,52,0.26666666666666666,0,0
Fashion-MNIST,1.0,181,0.24,0,0
Fashion-MNIST,1.0,36,1.0,1,0
Fashion-MNIST,1.0,1,0.19333333333333333,0,0
Fashion-MNIST,1.0,125,1.0,1,0
Fashion-MNIST,1.0,1,0.15333333333333332,0,0
Fashion-MNIST,1.0,79,0.22666666666666666,0,0
Fashion-MNIST,1.0,63,0.19333333333333333,0,0
Fashion-MNIST,1.0,99,0.16,0,0
Fashion-MNIST,1.0,25,0.22666666666666666,0,0
Fashion-MNIST,1.0,187,0.23333333333333334,0,0
Fashion-MNIST,1.0,30,0.22,0,1
Fashion-MNIST,1.0,45,0.24,0,0
Fashion-MNIST,1.0,196,0.18,0,0
Fashion-MNIST,1.0,97,0.24,0,1
Fashion-MNIST,1.0,146,0.19333333333333333,0,0
Fashion-MNIST,1.0,2,0.2733333333333333,0,0
Fashion-MNIST,1.0,76,0.19333333333333333,0,0
Fashion-MNIST,1.0,108,0.2733333333333333,0,0
Fashion-MNIST,1.0,29,0.14666666666666667,0,1
Fashion-MNIST,1.0,35,0.23333333333333334,0,1
Fashion-MNIST,1.0,57,0.20666666666666667,0,0
Fashion-MNIST,1.0,82,0.21333333333333335,0,0
Fashion-MNIST,1.0,139,0.21333333333333335,0,0
Fashion-MNIST,1.0,119,0.23333333333333334,0,0
Fashion-MNIST,1.0,168,1.0,1,1
Fashion-MNIST,1.0,76,0.28,0,0
Fashion-MNIST,1.0,98,0.22666666666666666,0,1
Fashion-MNIST,1.0,37,0.28,0,1
Fashion-MNIST,1.0,92,0.14,0,0
Fashion-MNIST,1.0,151,0.22666666666666666,0,0
Fashion-MNIST,1.0,92,0.19333333333333333,0,0
Fashion-MNIST,1.0,146,0.18666666666666668,0,0
Fashion-MNIST,1.0,22,1.0,1,0
Fashion-MNIST,1.0,26,0.24,0,1
Fashion-MNIST,1.0,127,0.22666666666666666,0,0
Fashion-MNIST,1.0,146,0.22666666666666666,0,0
Fashion-MNIST,1.0,138,0.22666666666666666,0,0
Fashion-MNIST,1.0,148,0.21333333333333335,0,0
Fashion-MNIST,1.0,69,0.24666666666666667,0,0
Fashion-MNIST,1.0,99,0.19333333333333333,0,0
Fashion-MNIST,1.0,74,0.20666666666666667,0,0
Fashion-MNIST,1.0,131,0.22666666666666666,0,1
Fashion-MNIST,1.0,148,0.23333333333333334,0,0
Fashion-MNIST,1.0,144,0.17333333333333334,0,1
Fashion-MNIST,1.0,51,0.18666666666666668,0,0
Fashion-MNIST,1.0,196,0.21333333333333335,0,0
Fashion-MNIST,1.0,11,0.22,0,1
Fashion-MNIST,1.0,198,0.17333333333333334,0,0
Fashion-MNIST,1.0,107,0.14666666666666667,0,0
Fashion-MNIST,1.0,157,0.19333333333333333,0,0
Fashion-MNIST,1.0,145,0.17333333333333334,0,0
Fashion-MNIST,1.0,194,0.24,0,0
Fashion-MNIST,1.0,114,0.20666666666666667,0,0
Fashion-MNIST,1.0,63,0.19333333333333333,0,0
Fashion-MNIST,1.0,154,0.22,0,1
Fashion-MNIST,1.0,188,0.22,0,0
Fashion-MNIST,1.0,43,0.18,0,0
Fashion-MNIST,1.0,165,0.21333333333333335,0,0
Fashion-MNIST,1.0,135,0.21333333333333335,0,1
Fashion-MNIST,1.0,117,0.30666666666666664,0,0
Fashion-MNIST,1.0,100,0.17333333333333334,0,1
Fashion-MNIST,1.0,170,0.24,0,0
Fashion-MNIST,1.0,162,0.24666666666666667,0,0
Fashion-MNIST,1.0,130,0.22666666666666666,0,0
Fashion-MNIST,1.0,51,0.18666666666666668,0,0
Fashion-MNIST,1.0,178,0.22,0,0
Fashion-MNIST,1.0,134,0.24666666666666667,0,0
Fashion-MNIST,1.0,97,0.18,0,1
Fashion-MNIST,1.0,126,0.24,0,0
Fashion-MNIST,1.0,132,0.24666666666666667,0,0
Fashion-MNIST,1.0,164,0.2,0,0
Fashion-MNIST,1.0,198,0.17333333333333334,0,0
Fashion-MNIST,1.0,152,0.24666666666666667,0,0
Fashion-MNIST,1.0,25,0.26666666666666666,0,0
Fashion-MNIST,1.0,57,0.20666666666666667,0,0
Fashion-MNIST,1.0,177,0.16666666666666666,0,0
Fashion-MNIST,1.0,138,0.17333333333333334,0,0
Fashion-MNIST,1.0,12,0.22,0,0
Fashion-MNIST,1.0,89,0.22666666666666666,0,0
Fashion-MNIST,1.0,52,0.18,0,0
Fashion-MNIST,1.0,152,0.2,0,0
Fashion-MNIST,1.0,118,0.18,0,1
Fashion-MNIST,1.0,197,0.16666666666666666,0,0
Fashion-MNIST,1.0,30,0.2866666666666667,0,0
Fashion-MNIST,1.0,105,0.16666666666666666,0,0
Fashion-MNIST,1.0,154,0.20666666666666667,0,1
Fashion-MNIST,1.0,130,0.17333333333333334,0,0
Fashion-MNIST,1.0,43,0.3,0,0
Fashion-MNIST,1.0,181,0.15333333333333332,0,0
Fashion-MNIST,1.0,127,1.0,1,0
Fashion-MNIST,1.0,193,0.19333333333333333,0,0
Fashion-MNIST,1.0,12,1.0,1,0
Fashion-MNIST,1.0,109,0.24,0,1
Fashion-MNIST,1.0,58,0.24,0,0
Fashion-MNIST,1.0,185,0.17333333333333334,0,0
Fashion-MNIST,1.0,39,0.21333333333333335,0,0
Fashion-MNIST,1.0,4,0.20666666666666667,0,0
Fashion-MNIST,1.0,168,0.22666666666666666,0,1
Fashion-MNIST,1.0,73,0.19333333333333333,0,1
Fashion-MNIST,1.0,158,0.19333333333333333,0,0
Fashion-MNIST,1.0,73,0.19333333333333333,0,1
Fashion-MNIST,1.0,148,0.24666666666666667,0,0
Fashion-MNIST,1.0,72,0.22666666666666666,0,0
Fashion-MNIST,1.0,61,0.2,0,0
Fashion-MNIST,1.0,67,0.2,0,0
Fashion-MNIST,1.0,48,1.0,1,0
Fashion-MNIST,1.0,78,0.21333333333333335,0,0
Fashion-MNIST,1.0,12,0.21333333333333335,0,0
Fashion-MNIST,1.0,56,0.19333333333333333,0,0
Fashion-MNIST,1.0,7,0.24,0,1
CIFAR-100 (gray),0.0,176,1.0,1,1
CIFAR-100 (gray),0.0,180,1.0,1,1
CIFAR-100 (gray),0.0,179,1.0,1,1
CIFAR-100 (gray),0.0,195,1.0,1,1
CIFAR-100 (gray),0.0,64,1.0,1,1
CIFAR-100 (gray),0.0,151,1.0,1,1
CIFAR-100 (gray),0.0,197,1.0,1,1
CIFAR-100 (gray),0.0,3,1.0,1,1
CIFAR-100 (gray),0.0,199,1.0,1,1
CIFAR-100 (gray),0.0,19,1.0,1,1
CIFAR-100 (gray),0.0,48,1.0,1,1
CIFAR-100 (gray),0.0,81,1.0,1,1
CIFAR-100 (gray),0.0,158,1.0,1,1
CIFAR-100 (gray),0.0,146,1.0,1,1
CIFAR-100 (gray),0.0,92,1.0,1,1
CIFAR-100 (gray),0.0,6,1.0,1,1
CIFAR-100 (gray),0.0,147,1.0,1,1
CIFAR-100 (gray),0.0,74,1.0,1,1
CIFAR-100 (gray),0.0,48,1.0,1,1
CIFAR-100 (gray),0.0,88,1.0,1,1
CIFAR-100 (gray),0.0,55,1.0,1,1
CIFAR-100 (gray),0.0,76,1.0,1,1
CIFAR-100 (gray),0.0,163,1.0,1,1
CIFAR-100 (gray),0.0,166,1.0,1,1
CIFAR-100 (gray),0.0,6,1.0,1,1
CIFAR-100 (gray),0.0,52,1.0,1,1
CIFAR-100 (gray),0.0,45,1.0,1,1
CIFAR-100 (gray),0.0,38,1.0,1,1
CIFAR-100 (gray),0.0,62,1.0,1,1
CIFAR-100 (gray),0.0,49,1.0,1,1
CIFAR-100 (gray),0.0,67,1.0,1,1
CIFAR-100 (gray),0.0,148,1.0,1,1
CIFAR-100 (gray),0.0,109,1.0,1,1
CIFAR-100 (gray),0.0,72,1.0,1,1
CIFAR-100 (gray),0.0,36,1.0,1,1
CIFAR-100 (gray),0.0,24,1.0,1,1
CIFAR-100 (gray),0.0,147,1.0,1,1
CIFAR-100 (gray),0.0,155,1.0,1,1
CIFAR-100 (gray),0.0,56,1.0,1,1
CIFAR-100 (gray),0.0,95,1.0,1,1
CIFAR-100 (gray),0.0,24,1.0,1,1
CIFAR-100 (gray),0.0,80,1.0,1,1
CIFAR-100 (gray),0.0,121,1.0,1,1
CIFAR-100 (gray),0.0,9,1.0,1,1
CIFAR-100 (gray),0.0,135,1.0,1,1
CIFAR-100 (gray),0.0,192,1.0,1,1
CIFAR-100 (gray),0.0,61,1.0,1,1
CIFAR-100 (gray),0.0,134,1.0,1,1
CIFAR-100 (gray),0.0,98,1.0,1,1
CIFAR-100 (gray),0.0,74,1.0,1,1
CIFAR-100 (gray),0.0,128,1.0,1,1
CIFAR-100 (gray),0.0,152,1.0,1,1
CIFAR-100 (gray),0.0,45,1.0,1,1
CIFAR-100 (gray),0.0,169,1.0,1,1
CIFAR-100 (gray),0.0,88,1.0,1,1
CIFAR-100 (gray),0.0,190,1.0,1,1
CIFAR-100 (gray),0.0,96,1.0,1,1
CIFAR-100 (gray),0.0,101,1.0,1,1
CIFAR-100 (gray),0.0,135,1.0,1,1
CIFAR-100 (gray),0.0,44,1.0,1,1
CIFAR-100 (gray),0.0,198,1.0,1,1
CIFAR-100 (gray),0.0,165,1.0,1,1
CIFAR-100 (gray),0.0,14,1.0,1,1
CIFAR-100 (gray),0.0,45,1.0,1,1
CIFAR-100 (gray),0.0,89,1.0,1,1
CIFAR-100 (gray),0.0,103,1.0,1,1
CIFAR-100 (gray),0.0,114,1.0,1,1
CIFAR-100 (gray),0.0,69,1.0,1,1
CIFAR-100 (gray),0.0,191,1.0,1,1
CIFAR-100 (gray),0.0,91,1.0,1,1
CIFAR-100 (gray),0.0,198,1.0,1,1
CIFAR-100 (gray),0.0,163,1.0,1,1
CIFAR-100 (gray),0.0,82,1.0,1,1
CIFAR-100 (gray),0.0,26,1.0,1,1
CIFAR-100 (gray),0.0,70,1.0,1,1
CIFAR-100 (gray),0.0,146,1.0,1,1
CIFAR-100 (gray),0.0,123,1.0,1,1
CIFAR-100 (gray),0.0,127,1.0,1,1
CIFAR-100 (gray),0.0,95,1.0,1,1
CIFAR-100 (gray),0.0,144,1.0,1,1
CIFAR-100 (gray),0.0,124,1.0,1,1
CIFAR-100 (gray),0.0,161,1.0,1,1
CIFAR-100 (gray),0.0,161,1.0,1,1
CIFAR-100 (gray),0.0,175,1.0,1,1
CIFAR-100 (gray),0.0,100,1.0,1,1
CIFAR-100 (gray),0.0,91,1.0,1,1
CIFAR-100 (gray),0.0,98,1.0,1,1
CIFAR-100 (gray),0.0,173,1.0,1,1
CIFAR-100 (gray),0.0,195,1.0,1,1
CIFAR-100 (gray),0.0,49,1.0,1,1
CIFAR-100 (gray),0.0,110,1.0,1,1
CIFAR-100 (gray),0.0,75,1.0,1,1
CIFAR-100 (gray),0.0,76,1.0,1,1
CIFAR-100 (gray),0.0,135,1.0,1,1
CIFAR-100 (gray),0.0,172,1.0,1,1
CIFAR-100 (gray),0.0,73,1.0,1,1
CIFAR-100 (gray),0.0,189,1.0,1,1
CIFAR-100 (gray),0.0,55,1.0,1,1
CIFAR-100 (gray),0.0,171,1.0,1,1
CIFAR-100 (gray),0.0,191,1.0,1,1
CIFAR-100 (gray),0.0,47,1.0,1,1
CIFAR-100 (gray),0.0,67,1.0,1,1
CIFAR-100 (gray),0.0,148,1.0,1,1
CIFAR-100 (gray),0.0,100,1.0,1,1
CIFAR-100 (gray),0.0,121,1.0,1,1
CIFAR-100 (gray),0.0,23,1.0,1,1
CIFAR-100 (gray),0.0,142,1.0,1,1
CIFAR-100 (gray),0.0,182,1.0,1,1
CIFAR-100 (gray),0.0,183,1.0,1,1
CIFAR-100 (gray),0.0,138,1.0,1,1
CIFAR-100 (gray),0.0,176,1.0,1,1
CIFAR-100 (gray),0.0,68,1.0,1,1
CIFAR-100 (gray),0.0,149,1.0,1,1
CIFAR-100 (gray),0.0,34,1.0,1,1
CIFAR-100 (gray),0.0,95,1.0,1,1
CIFAR-100 (gray),0.0,85,1.0,1,1
CIFAR-100 (gray),0.0,53,1.0,1,1
CIFAR-100 (gray),0.0,159,1.0,1,1
CIFAR-100 (gray),0.0,4,1.0,1,1
CIFAR-100 (gray),0.0,3,1.0,1,1
CIFAR-100 (gray),0.0,47,1.0,1,1
CIFAR-100 (gray),0.0,168,1.0,1,1
CIFAR-100 (gray),0.0,30,1.0,1,1
CIFAR-100 (gray),0.0,23,1.0,1,1
CIFAR-100 (gray),0.0,180,1.0,1,1
CIFAR-100 (gray),0.0,110,1.0,1,1
CIFAR-100 (gray),0.0,189,1.0,1,1
CIFAR-100 (gray),0.0,92,1.0,1,1
CIFAR-100 (gray),0.0,180,1.0,1,1
CIFAR-100 (gray),0.0,187,1.0,1,1
CIFAR-100 (gray),0.0,108,1.0,1,1
CIFAR-100 (gray),0.0,177,1.0,1,1
CIFAR-100 (gray),0.0,18,1.0,1,1
CIFAR-100 (gray),0.0,1,1.0,1,1
CIFAR-100 (gray),0.0,55,1.0,1,1
CIFAR-100 (gray),0.0,184,1.0,1,1
CIFAR-100 (gray),0.0,42,1.0,1,1
CIFAR-100 (gray),0.0,169,1.0,1,1
CIFAR-100 (gray),0.0,116,1.0,1,1
CIFAR-100 (gray),0.0,107,1.0,1,1
CIFAR-100 (gray),0.0,41,1.0,1,1
CIFAR-100 (gray),0.0,168,1.0,1,1
CIFAR-100 (gray),0.0,108,1.0,1,1
CIFAR-100 (gray),0.0,149,1.0,1,1
CIFAR-100 (gray),0.0,16,1.0,1,1
CIFAR-100 (gray),0.0,156,1.0,1,1
CIFAR-100 (gray),0.0,149,1.0,1,1
CIFAR-100 (gray),0.0,3,1.0,1,1
CIFAR-100 (gray),0.0,38,1.0,1,1
CIFAR-100 (gray),0.0,3,1.0,1,1
CIFAR-100 (gray),0.0,170,1.0,1,1
CIFAR-100 (gray),0.0,190,1.0,1,1
CIFAR-100 (gray),0.0,138,1.0,1,1
CIFAR-100 (gray),0.0,128,1.0,1,1
CIFAR-100 (gray),0.0,133,1.0,1,1
CIFAR-100 (gray),0.0,132,1.0,1,1
CIFAR-100 (gray),0.0,140,1.0,1,1
CIFAR-100 (gray),0.0,0,1.0,1,1
CIFAR-100 (gray),0.0,97,1.0,1,1
CIFAR-100 (gray),0.0,18,1.0,1,1
CIFAR-100 (gray),0.0,99,1.0,1,1
CIFAR-100 (gray),0.0,48,1.0,1,1
CIFAR-100 (gray),0.0,107,1.0,1,1
CIFAR-100 (gray),0.0,156,1.0,1,1
CIFAR-100 (gray),0.0,13,1.0,1,1
CIFAR-100 (gray),0.0,123,1.0,1,1
CIFAR-100 (gray),0.0,65,1.0,1,1
CIFAR-100 (gray),0.0,157,1.0,1,1
CIFAR-100 (gray),0.0,134,1.0,1,1
CIFAR-100 (gray),0.0,16,1.0,1,1
CIFAR-100 (gray),0.0,193,1.0,1,1
CIFAR-100 (gray),0.0,24,1.0,1,1
CIFAR-100 (gray),0.0,69,1.0,1,1
CIFAR-100 (gray),0.0,86,1.0,1,1
CIFAR-100 (gray),0.0,129,1.0,1,1
CIFAR-100 (gray),0.0,168,1.0,1,1
CIFAR-100 (gray),0.0,66,1.0,1,1
CIFAR-100 (gray),0.0,76,1.0,1,1
CIFAR-100 (gray),0.0,53,1.0,1,1
CIFAR-100 (gray),0.0,14,1.0,1,1
CIFAR-100 (gray),0.0,33,1.0,1,1
CIFAR-100 (gray),0.0,197,1.0,1,1
CIFAR-100 (gray),0.0,7,1.0,1,1
CIFAR-100 (gray),0.0,191,1.0,1,1
CIFAR-100 (gray),0.0,104,1.0,1,1
CIFAR-100 (gray),0.0,127,1.0,1,1
CIFAR-100 (gray),0.0,113,1.0,1,1
CIFAR-100 (gray),0.0,43,1.0,1,1
CIFAR-100 (gray),0.0,120,1.0,1,1
CIFAR-100 (gray),0.0,44,1.0,1,1
CIFAR-100 (gray),0.0,67,1.0,1,1
CIFAR-100 (gray),0.0,178,1.0,1,1
CIFAR-100 (gray),0.0,1,1.0,1,1
CIFAR-100 (gray),0.0,153,1.0,1,1
CIFAR-100 (gray),0.0,180,1.0,1,1
CIFAR-100 (gray),0.0,87,1.0,1,1
CIFAR-100 (gray),0.0,191,1.0,1,1
CIFAR-100 (gray),0.0,81,1.0,1,1
CIFAR-100 (gray),0.0,148,1.0,1,1
CIFAR-100 (gray),0.0,60,1.0,1,1
CIFAR-100 (gray),0.1,111,1.0,1,1
CIFAR-100 (gray),0.1,40,1.0,1,1
CIFAR-100 (gray),0.1,3,1.0,1,1
CIFAR-100 (gray),0.1,76,1.0,1,1
CIFAR-100 (gray),0.1,26,1.0,1,1
CIFAR-100 (gray),0.1,70,1.0,1,1
CIFAR-100 (gray),0.1,6,1.0,1,1
CIFAR-100 (gray),0.1,139,1.0,1,1
CIFAR-100 (gray),0.1,41,1.0,1,1
CIFAR-100 (gray),0.1,3,1.0,1,1
CIFAR-100 (gray),0.1,162,1.0,1,1
CIFAR-100 (gray),0.1,197,1.0,1,1
CIFAR-100 (gray),0.1,191,1.0,1,1
CIFAR-100 (gray),0.1,36,1.0,1,1
CIFAR-100 (gray),0.1,86,1.0,1,1
CIFAR-100 (gray),0.1,142,1.0,1,1
CIFAR-100 (gray),0.1,191,1.0,1,1
CIFAR-100 (gray),0.1,175,1.0,1,1
CIFAR-100 (gray),0.1,160,1.0,1,1
CIFAR-100 (gray),0.1,72,1.0,1,1
CIFAR-100 (gray),0.1,80,1.0,1,1
CIFAR-100 (gray),0.1,194,1.0,1,1
CIFAR-100 (gray),0.1,41,1.0,1,1
CIFAR-100 (gray),0.1,10,1.0,1,1
CIFAR-100 (gray),0.1,127,1.0,1,1
CIFAR-100 (gray),0.1,2,1.0,1,1
CIFAR-100 (gray),0.1,127,1.0,1,1
CIFAR-100 (gray),0.1,120,1.0,1,1
CIFAR-100 (gray),0.1,159,1.0,1,1
CIFAR-100 (gray),0.1,59,1.0,1,1
CIFAR-100 (gray),0.1,94,1.0,1,1
CIFAR-100 (gray),0.1,3,1.0,1,1
CIFAR-100 (gray),0.1,92,1.0,1,1
CIFAR-100 (gray),0.1,62,1.0,1,1
CIFAR-100 (gray),0.1,132,1.0,1,1
CIFAR-100 (gray),0.1,133,1.0,1,1
CIFAR-100 (gray),0.1,83,1.0,1,1
CIFAR-100 (gray),0.1,130,1.0,1,1
CIFAR-100 (gray),0.1,28,1.0,1,1
CIFAR-100 (gray),0.1,31,1.0,1,1
CIFAR-100 (gray),0.1,159,1.0,1,1
CIFAR-100 (gray),0.1,121,1.0,1,1
CIFAR-100 (gray),0.1,70,1.0,1,1
CIFAR-100 (gray),0.1,151,1.0,1,1
CIFAR-100 (gray),0.1,96,1.0,1,1
CIFAR-100 (gray),0.1,10,1.0,1,1
CIFAR-100 (gray),0.1,57,1.0,1,1
CIFAR-100 (gray),0.1,156,1.0,1,1
CIFAR-100 (gray),0.1,197,1.0,1,1
CIFAR-100 (gray),0.1,41,1.0,1,1
CIFAR-100 (gray),0.1,189,1.0,1,1
CIFAR-100 (gray),0.1,64,1.0,1,1
CIFAR-100 (gray),0.1,11,1.0,1,1
CIFAR-100 (gray),0.1,193,1.0,1,1
CIFAR-100 (gray),0.1,168,1.0,1,1
CIFAR-100 (gray),0.1,5,1.0,1,1
CIFAR-100 (gray),0.1,190,1.0,1,1
CIFAR-100 (gray),0.1,114,1.0,1,1
CIFAR-100 (gray),0.1,68,1.0,1,1
CIFAR-100 (gray),0.1,12,1.0,1,1
CIFAR-100 (gray),0.1,191,1.0,1,1
CIFAR-100 (gray),0.1,175,1.0,1,1
CIFAR-100 (gray),0.1,67,1.0,1,1
CIFAR-100 (gray),0.1,121,1.0,1,1
CIFAR-100 (gray),0.1,116,1.0,1,1
CIFAR-100 (gray),0.1,101,1.0,1,1
CIFAR-100 (gray),0.1,15,1.0,1,1
CIFAR-100 (gray),0.1,114,1.0,1,1
CIFAR-100 (gray),0.1,19,1.0,1,1
CIFAR-100 (gray),0.1,69,1.0,1,1
CIFAR-100 (gray),0.1,54,1.0,1,1
CIFAR-100 (gray),0.1,111,1.0,1,1
CIFAR-100 (gray),0.1,137,1.0,1,1
CIFAR-100 (gray),0.1,92,1.0,1,1
CIFAR-100 (gray),0.1,169,1.0,1,1
CIFAR-100 (gray),0.1,70,1.0,1,1
CIFAR-100 (gray),0.1,119,1.0,1,1
CIFAR-100 (gray),0.1,106,1.0,1,1
CIFAR-100 (gray),0.1,174,1.0,1,1
CIFAR-100 (gray),0.1,147,1.0,1,1
CIFAR-100 (gray),0.1,129,1.0,1,1
CIFAR-100 (gray),0.1,65,1.0,1,1
CIFAR-100 (gray),0.1,146,1.0,1,1
CIFAR-100 (gray),0.1,9,1.0,1,1
CIFAR-100 (gray),0.1,119,1.0,1,1
CIFAR-100 (gray),0.1,27,1.0,1,1
CIFAR-100 (gray),0.1,166,1.0,1,1
CIFAR-100 (gray),0.1,150,1.0,1,1
CIFAR-100 (gray),0.1,46,1.0,1,1
CIFAR-100 (gray),0.1,137,1.0,1,1
CIFAR-100 (gray),0.1,40,1.0,1,1
CIFAR-100 (gray),0.1,69,1.0,1,1
CIFAR-100 (gray),0.1,76,1.0,1,1
CIFAR-100 (gray),0.1,164,1.0,1,1
CIFAR-100 (gray),0.1,134,1.0,1,1
CIFAR-100 (gray),0.1,92,1.0,1,1
CIFAR-100 (gray),0.1,160,1.0,1,1
CIFAR-100 (gray),0.1,101,1.0,1,1
CIFAR-100 (gray),0.1,70,1.0,1,1
CIFAR-100 (gray),0.1,182,1.0,1,1
CIFAR-100 (gray),0.1,70,1.0,1,1
CIFAR-100 (gray),0.1,129,1.0,1,1
CIFAR-100 (gray),0.1,159,1.0,1,1
CIFAR-100 (gray),0.1,63,1.0,1,1
CIFAR-100 (gray),0.1,3,1.0,1,1
CIFAR-100 (gray),0.1,70,1.0,1,1
CIFAR-100 (gray),0.1,4,1.0,1,1
CIFAR-100 (gray),0.1,175,1.0,1,1
CIFAR-100 (gray),0.1,105,1.0,1,1
CIFAR-100 (gray),0.1,178,1.0,1,1
CIFAR-100 (gray),0.1,91,1.0,1,1
CIFAR-100 (gray),0.1,116,1.0,1,1
CIFAR-100 (gray),0.1,194,1.0,1,1
CIFAR-100 (gray),0.1,188,1.0,1,1
CIFAR-100 (gray),0.1,143,1.0,1,1
CIFAR-100 (gray),0.1,51,1.0,1,1
CIFAR-100 (gray),0.1,97,1.0,1,1
CIFAR-100 (gray),0.1,59,1.0,1,1
CIFAR-100 (gray),0.1,20,1.0,1,1
CIFAR-100 (gray),0.1,72,1.0,1,1
CIFAR-100 (gray),0.1,123,1.0,1,1
CIFAR-100 (gray),0.1,12,1.0,1,1
CIFAR-100 (gray),0.1,123,1.0,1,1
CIFAR-100 (gray),0.1,18,1.0,1,1
CIFAR-100 (gray),0.1,187,1.0,1,1
CIFAR-100 (gray),0.1,161,1.0,1,1
CIFAR-100 (gray),0.1,55,1.0,1,1
CIFAR-100 (gray),0.1,124,1.0,1,1
CIFAR-100 (gray),0.1,38,1.0,1,1
CIFAR-100 (gray),0.1,131,1.0,1,1
CIFAR-100 (gray),0.1,115,1.0,1,1
CIFAR-100 (gray),0.1,63,1.0,1,1
CIFAR-100 (gray),0.1,137,1.0,1,1
CIFAR-100 (gray),0.1,52,1.0,1,1
CIFAR-100 (gray),0.1,183,1.0,1,1
CIFAR-100 (gray),0.1,166,1.0,1,1
CIFAR-100 (gray),0.1,164,1.0,1,1
CIFAR-100 (gray),0.1,167,1.0,1,1
CIFAR-100 (gray),0.1,15,1.0,1,1
CIFAR-100 (gray),0.1,118,1.0,1,1
CIFAR-100 (gray),0.1,83,1.0,1,1
CIFAR-100 (gray),0.1,9,1.0,1,1
CIFAR-100 (gray),0.1,197,1.0,1,1
CIFAR-100 (gray),0.1,109,1.0,1,1
CIFAR-100 (gray),0.1,159,1.0,1,1
CIFAR-100 (gray),0.1,181,1.0,1,1
CIFAR-100 (gray),0.1,149,1.0,1,1
CIFAR-100 (gray),0.1,120,1.0,1,1
CIFAR-100 (gray),0.1,43,1.0,1,1
CIFAR-100 (gray),0.1,74,1.0,1,1
CIFAR-100 (gray),0.1,108,1.0,1,1
CIFAR-100 (gray),0.1,134,1.0,1,1
CIFAR-100 (gray),0.1,167,1.0,1,1
CIFAR-100 (gray),0.1,81,1.0,1,1
CIFAR-100 (gray),0.1,175,1.0,1,1
CIFAR-100 (gray),0.1,166,1.0,1,1
CIFAR-100 (gray),0.1,87,1.0,1,1
CIFAR-100 (gray),0.1,111,1.0,1,1
CIFAR-100 (gray),0.1,157,1.0,1,1
CIFAR-100 (gray),0.1,95,1.0,1,1
CIFAR-100 (gray),0.1,180,1.0,1,1
CIFAR-100 (gray),0.1,88,1.0,1,1
CIFAR-100 (gray),0.1,37,1.0,1,1
CIFAR-100 (gray),0.1,109,1.0,1,1
CIFAR-100 (gray),0.1,155,1.0,1,1
CIFAR-100 (gray),0.1,66,1.0,1,1
CIFAR-100 (gray),0.1,104,1.0,1,1
CIFAR-100 (gray),0.1,137,1.0,1,1
CIFAR-100 (gray),0.1,113,1.0,1,1
CIFAR-100 (gray),0.1,80,1.0,1,1
CIFAR-100 (gray),0.1,180,1.0,1,1
CIFAR-100 (gray),0.1,133,1.0,1,1
CIFAR-100 (gray),0.1,76,1.0,1,1
CIFAR-100 (gray),0.1,186,1.0,1,1
CIFAR-100 (gray),0.1,11,1.0,1,1
CIFAR-100 (gray),0.1,83,1.0,1,1
CIFAR-100 (gray),0.1,25,1.0,1,1
CIFAR-100 (gray),0.1,41,1.0,1,1
CIFAR-100 (gray),0.1,108,1.0,1,1
CIFAR-100 (gray),0.1,194,1.0,1,1
CIFAR-100 (gray),0.1,135,1.0,1,1
CIFAR-100 (gray),0.1,110,1.0,1,1
CIFAR-100 (gray),0.1,145,1.0,1,1
CIFAR-100 (gray),0.1,141,1.0,1,1
CIFAR-100 (gray),0.1,61,1.0,1,1
CIFAR-100 (gray),0.1,163,1.0,1,1
CIFAR-100 (gray),0.1,41,1.0,1,1
CIFAR-100 (gray),0.1,179,1.0,1,1
CIFAR-100 (gray),0.1,79,1.0,1,1
CIFAR-100 (gray),0.1,75,1.0,1,1
CIFAR-100 (gray),0.1,26,1.0,1,1
CIFAR-100 (gray),0.1,19,1.0,1,1
CIFAR-100 (gray),0.1,14,1.0,1,1
CIFAR-100 (gray),0.1,179,1.0,1,1
CIFAR-100 (gray),0.1,59,1.0,1,1
CIFAR-100 (gray),0.1,45,1.0,1,1
CIFAR-100 (gray),0.1,59,1.0,1,1
CIFAR-100 (gray),0.1,27,1.0,1,1
CIFAR-100 (gray),0.1,12,1.0,1,1
CIFAR-100 (gray),0.1,40,1.0,1,1
CIFAR-100 (gray),0.2,127,1.0,1,1
CIFAR-100 (gray),0.2,122,1.0,1,1
CIFAR-100 (gray),0.2,101,1.0,1,1
CIFAR-100 (gray),0.2,186,1.0,1,1
CIFAR-100 (gray),0.2,69,1.0,1,1
CIFAR-100 (gray),0.2,173,1.0,1,1
CIFAR-100 (gray),0.2,147,1.0,1,1
CIFAR-100 (gray),0.2,13,1.0,1,1
CIFAR-100 (gray),0.2,2,1.0,1,1
CIFAR-100 (gray),0.2,179,1.0,1,1
CIFAR-100 (gray),0.2,117,1.0,1,1
CIFAR-100 (gray),0.2,150,1.0,1,1
CIFAR-100 (gray),0.2,127,1.0,1,1
CIFAR-100 (gray),0.2,69,1.0,1,1
CIFAR-100 (gray),0.2,168,1.0,1,1
CIFAR-100 (gray),0.2,110,1.0,1,1
CIFAR-100 (gray),0.2,0,1.0,1,1
CIFAR-100 (gray),0.2,23,1.0,1,1
CIFAR-100 (gray),0.2,79,1.0,1,1
CIFAR-100 (gray),0.2,123,1.0,1,1
CIFAR-100 (gray),0.2,121,1.0,1,1
CIFAR-100 (gray),0.2,16,1.0,1,1
CIFAR-100 (gray),0.2,78,1.0,1,1
CIFAR-100 (gray),0.2,5,1.0,1,1
CIFAR-100 (gray),0.2,17,1.0,1,1
CIFAR-100 (gray),0.2,191,1.0,1,1
CIFAR-100 (gray),0.2,30,1.0,1,1
CIFAR-100 (gray),0.2,46,1.0,1,1
CIFAR-100 (gray),0.2,47,1.0,1,1
CIFAR-100 (gray),0.2,72,1.0,1,1
CIFAR-100 (gray),0.2,45,1.0,1,1
CIFAR-100 (gray),0.2,51,1.0,1,1
CIFAR-100 (gray),0.2,135,1.0,1,1
CIFAR-100 (gray),0.2,26,1.0,1,1
CIFAR-100 (gray),0.2,126,1.0,1,1
CIFAR-100 (gray),0.2,166,1.0,1,1
CIFAR-100 (gray),0.2,48,1.0,1,1
CIFAR-100 (gray),0.2,151,1.0,1,1
CIFAR-100 (gray),0.2,100,1.0,1,1
CIFAR-100 (gray),0.2,15,1.0,1,1
CIFAR-100 (gray),0.2,98,1.0,1,1
CIFAR-100 (gray),0.2,166,1.0,1,1
CIFAR-100 (gray),0.2,99,1.0,1,1
CIFAR-100 (gray),0.2,128,1.0,1,1
CIFAR-100 (gray),0.2,44,1.0,1,1
CIFAR-100 (gray),0.2,170,1.0,1,1
CIFAR-100 (gray),0.2,48,1.0,1,1
CIFAR-100 (gray),0.2,4,1.0,1,1
CIFAR-100 (gray),0.2,168,1.0,1,1
CIFAR-100 (gray),0.2,101,1.0,1,1
CIFAR-100 (gray),0.2,168,1.0,1,1
CIFAR-100 (gray),0.2,15,1.0,1,1
CIFAR-100 (gray),0.2,78,1.0,1,1
CIFAR-100 (gray),0.2,129,1.0,1,1
CIFAR-100 (gray),0.2,102,1.0,1,1
CIFAR-100 (gray),0.2,150,1.0,1,1
CIFAR-100 (gray),0.2,16,1.0,1,1
CIFAR-100 (gray),0.2,58,1.0,1,1
CIFAR-100 (gray),0.2,135,1.0,1,1
CIFAR-100 (gray),0.2,118,1.0,1,1
CIFAR-100 (gray),0.2,168,1.0,1,1
CIFAR-100 (gray),0.2,146,1.0,1,1
CIFAR-100 (gray),0.2,17,1.0,1,1
CIFAR-100 (gray),0.2,102,1.0,1,1
CIFAR-100 (gray),0.2,105,1.0,1,1
CIFAR-100 (gray),0.2,181,1.0,1,1
CIFAR-100 (gray),0.2,66,1.0,1,1
CIFAR-100 (gray),0.2,72,1.0,1,1
CIFAR-100 (gray),0.2,121,1.0,1,1
CIFAR-100 (gray),0.2,60,1.0,1,1
CIFAR-100 (gray),0.2,18,1.0,1,1
CIFAR-100 (gray),0.2,128,1.0,1,1
CIFAR-100 (gray),0.2,175,1.0,1,1
CIFAR-100 (gray),0.2,70,1.0,1,1
CIFAR-100 (gray),0.2,167,1.0,1,1
CIFAR-100 (gray),0.2,31,1.0,1,1
CIFAR-100 (gray),0.2,175,1.0,1,1
CIFAR-100 (gray),0.2,37,1.0,1,1
CIFAR-100 (gray),0.2,192,1.0,1,1
CIFAR-100 (gray),0.2,46,1.0,1,1
CIFAR-100 (gray),0.2,74,1.0,1,1
CIFAR-100 (gray),0.2,50,1.0,1,1
CIFAR-100 (gray),0.2,180,1.0,1,1
CIFAR-100 (gray),0.2,155,1.0,1,1
CIFAR-100 (gray),0.2,188,1.0,1,1
CIFAR-100 (gray),0.2,34,1.0,1,1
CIFAR-100 (gray),0.2,37,1.0,1,1
CIFAR-100 (gray),0.2,182,1.0,1,1
CIFAR-100 (gray),0.2,124,1.0,1,1
CIFAR-100 (gray),0.2,14,1.0,1,1
CIFAR-100 (gray),0.2,141,1.0,1,1
CIFAR-100 (gray),0.2,95,1.0,1,1
CIFAR-100 (gray),0.2,133,1.0,1,1
CIFAR-100 (gray),0.2,198,1.0,1,1
CIFAR-100 (gray),0.2,0,1.0,1,1
CIFAR-100 (gray),0.2,41,1.0,1,1
CIFAR-100 (gray),0.2,121,1.0,1,1
CIFAR-100 (gray),0.2,70,1.0,1,1
CIFAR-100 (gray),0.2,110,1.0,1,1
CIFAR-100 (gray),0.2,156,1.0,1,1
CIFAR-100 (gray),0.2,50,1.0,1,1
CIFAR-100 (gray),0.2,182,1.0,1,1
CIFAR-100 (gray),0.2,130,1.0,1,1
CIFAR-100 (gray),0.2,131,1.0,1,1
CIFAR-100 (gray),0.2,4,1.0,1,1
CIFAR-100 (gray),0.2,127,1.0,1,1
CIFAR-100 (gray),0.2,184,1.0,1,1
CIFAR-100 (gray),0.2,197,1.0,1,1
CIFAR-100 (gray),0.2,151,1.0,1,1
CIFAR-100 (gray),0.2,55,1.0,1,1
CIFAR-100 (gray),0.2,186,1.0,1,1
CIFAR-100 (gray),0.2,2,1.0,1,1
CIFAR-100 (gray),0.2,94,1.0,1,1
CIFAR-100 (gray),0.2,160,1.0,1,1
CIFAR-100 (gray),0.2,32,1.0,1,1
CIFAR-100 (gray),0.2,59,1.0,1,1
CIFAR-100 (gray),0.2,131,1.0,1,1
CIFAR-100 (gray),0.2,126,1.0,1,1
CIFAR-100 (gray),0.2,178,1.0,1,1
CIFAR-100 (gray),0.2,97,1.0,1,1
CIFAR-100 (gray),0.2,188,1.0,1,1
CIFAR-100 (gray),0.2,124,1.0,1,1
CIFAR-100 (gray),0.2,160,1.0,1,1
CIFAR-100 (gray),0.2,159,1.0,1,1
CIFAR-100 (gray),0.2,163,1.0,1,1
CIFAR-100 (gray),0.2,175,1.0,1,1
CIFAR-100 (gray),0.2,55,1.0,1,1
CIFAR-100 (gray),0.2,197,1.0,1,1
CIFAR-100 (gray),0.2,113,1.0,1,1
CIFAR-100 (gray),0.2,81,1.0,1,1
CIFAR-100 (gray),0.2,20,1.0,1,1
CIFAR-100 (gray),0.2,26,1.0,1,1
CIFAR-100 (gray),0.2,62,1.0,1,1
CIFAR-100 (gray),0.2,50,1.0,1,1
CIFAR-100 (gray),0.2,140,1.0,1,1
CIFAR-100 (gray),0.2,173,1.0,1,1
CIFAR-100 (gray),0.2,134,1.0,1,1
CIFAR-100 (gray),0.2,9,1.0,1,1
CIFAR-100 (gray),0.2,104,1.0,1,1
CIFAR-100 (gray),0.2,128,1.0,1,1
CIFAR-100 (gray),0.2,22,1.0,1,1
CIFAR-100 (gray),0.2,37,1.0,1,1
CIFAR-100 (gray),0.2,125,1.0,1,1
CIFAR-100 (gray),0.2,92,1.0,1,1
CIFAR-100 (gray),0.2,50,1.0,1,1
CIFAR-100 (gray),0.2,45,1.0,1,1
CIFAR-100 (gray),0.2,36,1.0,1,1
CIFAR-100 (gray),0.2,72,1.0,1,1
CIFAR-100 (gray),0.2,82,1.0,1,1
CIFAR-100 (gray),0.2,169,1.0,1,1
CIFAR-100 (gray),0.2,47,1.0,1,1
CIFAR-100 (gray),0.2,170,1.0,1,1
CIFAR-100 (gray),0.2,140,1.0,1,1
CIFAR-100 (gray),0.2,10,1.0,1,1
CIFAR-100 (gray),0.2,117,1.0,1,1
CIFAR-100 (gray),0.2,95,1.0,1,1
CIFAR-100 (gray),0.2,182,1.0,1,1
CIFAR-100 (gray),0.2,28,1.0,1,1
CIFAR-100 (gray),0.2,87,1.0,1,1
CIFAR-100 (gray),0.2,53,1.0,1,1
CIFAR-100 (gray),0.2,84,1.0,1,1
CIFAR-100 (gray),0.2,161,1.0,1,1
CIFAR-100 (gray),0.2,20,1.0,1,1
CIFAR-100 (gray),0.2,49,1.0,1,1
CIFAR-100 (gray),0.2,151,1.0,1,1
CIFAR-100 (gray),0.2,98,1.0,1,1
CIFAR-100 (gray),0.2,90,1.0,1,1
CIFAR-100 (gray),0.2,105,1.0,1,1
CIFAR-100 (gray),0.2,63,1.0,1,1
CIFAR-100 (gray),0.2,10,1.0,1,1
CIFAR-100 (gray),0.2,25,1.0,1,1
CIFAR-100 (gray),0.2,39,1.0,1,1
CIFAR-100 (gray),0.2,22,1.0,1,1
CIFAR-100 (gray),0.2,49,1.0,1,1
CIFAR-100 (gray),0.2,103,1.0,1,1
CIFAR-100 (gray),0.2,9,1.0,1,1
CIFAR-100 (gray),0.2,170,1.0,1,1
CIFAR-100 (gray),0.2,185,1.0,1,1
CIFAR-100 (gray),0.2,176,1.0,1,1
CIFAR-100 (gray),0.2,168,1.0,1,1
CIFAR-100 (gray),0.2,113,1.0,1,1
CIFAR-100 (gray),0.2,125,1.0,1,1
CIFAR-100 (gray),0.2,81,1.0,1,1
CIFAR-100 (gray),0.2,160,1.0,1,1
CIFAR-100 (gray),0.2,118,1.0,1,1
CIFAR-100 (gray),0.2,102,1.0,1,1
CIFAR-100 (gray),0.2,4,1.0,1,1
CIFAR-100 (gray),0.2,24,1.0,1,1
CIFAR-100 (gray),0.2,57,1.0,1,1
CIFAR-100 (gray),0.2,6,1.0,1,1
CIFAR-100 (gray),0.2,147,1.0,1,1
CIFAR-100 (gray),0.2,37,1.0,1,1
CIFAR-100 (gray),0.2,63,1.0,1,1
CIFAR-100 (gray),0.2,150,1.0,1,1
CIFAR-100 (gray),0.2,71,1.0,1,1
CIFAR-100 (gray),0.2,83,1.0,1,1
CIFAR-100 (gray),0.2,135,1.0,1,1
CIFAR-100 (gray),0.2,40,1.0,1,1
CIFAR-100 (gray),0.2,0,1.0,1,1
CIFAR-100 (gray),0.2,182,1.0,1,1
CIFAR-100 (gray),0.3,166,1.0,1,1
CIFAR-100 (gray),0.3,58,1.0,1,1
CIFAR-100 (gray),0.3,138,1.0,1,1
CIFAR-100 (gray),0.3,142,1.0,1,1
CIFAR-100 (gray),0.3,41,1.0,1,1
CIFAR-100 (gray),0.3,8,1.0,1,1
CIFAR-100 (gray),0.3,101,1.0,1,1
CIFAR-100 (gray),0.3,12,1.0,1,1
CIFAR-100 (gray),0.3,8,1.0,1,1
CIFAR-100 (gray),0.3,175,1.0,1,1
CIFAR-100 (gray),0.3,8,1.0,1,1
CIFAR-100 (gray),0.3,196,1.0,1,1
CIFAR-100 (gray),0.3,41,1.0,1,1
CIFAR-100 (gray),0.3,89,1.0,1,1
CIFAR-100 (gray),0.3,143,1.0,1,1
CIFAR-100 (gray),0.3,4,1.0,1,1
CIFAR-100 (gray),0.3,131,1.0,1,1
CIFAR-100 (gray),0.3,84,1.0,1,1
CIFAR-100 (gray),0.3,41,1.0,1,1
CIFAR-100 (gray),0.3,67,1.0,1,1
CIFAR-100 (gray),0.3,29,1.0,1,1
CIFAR-100 (gray),0.3,194,1.0,1,1
CIFAR-100 (gray),0.3,44,0.22666666666666666,0,1
CIFAR-100 (gray),0.3,132,1.0,1,1
CIFAR-100 (gray),0.3,167,1.0,1,1
CIFAR-100 (gray),0.3,20,1.0,1,1
CIFAR-100 (gray),0.3,194,1.0,1,1
CIFAR-100 (gray),0.3,7,1.0,1,1
CIFAR-100 (gray),0.3,115,1.0,1,1
CIFAR-100 (gray),0.3,143,0.19333333333333333,0,1
CIFAR-100 (gray),0.3,157,1.0,1,1
CIFAR-100 (gray),0.3,138,1.0,1,1
CIFAR-100 (gray),0.3,196,1.0,1,1
CIFAR-100 (gray),0.3,35,1.0,1,1
CIFAR-100 (gray),0.3,72,1.0,1,1
CIFAR-100 (gray),0.3,87,1.0,1,1
CIFAR-100 (gray),0.3,85,1.0,1,1
CIFAR-100 (gray),0.3,88,0.20666666666666667,0,1
CIFAR-100 (gray),0.3,94,1.0,1,1
CIFAR-100 (gray),0.3,33,1.0,1,1
CIFAR-100 (gray),0.3,167,1.0,1,1
CIFAR-100 (gray),0.3,162,0.24666666666666667,0,1
CIFAR-100 (gray),0.3,175,1.0,1,1
CIFAR-100 (gray),0.3,128,1.0,1,1
CIFAR-100 (gray),0.3,132,1.0,1,1
CIFAR-100 (gray),0.3,123,1.0,1,1
CIFAR-100 (gray),0.3,21,1.0,1,1
CIFAR-100 (gray),0.3,40,1.0,1,1
CIFAR-100 (gray),0.3,175,1.0,1,1
CIFAR-100 (gray),0.3,48,1.0,1,1
CIFAR-100 (gray),0.3,53,1.0,1,1
CIFAR-100 (gray),0.3,61,1.0,1,1
CIFAR-100 (gray),0.3,102,1.0,1,1
CIFAR-100 (gray),0.3,46,1.0,1,1
CIFAR-100 (gray),0.3,44,1.0,1,1
CIFAR-100 (gray),0.3,45,1.0,1,1
CIFAR-100 (gray),0.3,18,1.0,1,1
CIFAR-100 (gray),0.3,109,1.0,1,1
CIFAR-100 (gray),0.3,189,1.0,1,1
CIFAR-100 (gray),0.3,127,1.0,1,1
CIFAR-100 (gray),0.3,64,1.0,1,1
CIFAR-100 (gray),0.3,129,0.2,0,1
CIFAR-100 (gray),0.3,80,1.0,1,1
CIFAR-100 (gray),0.3,6,1.0,1,1
CIFAR-100 (gray),0.3,180,1.0,1,1
CIFAR-100 (gray),0.3,75,0.20666666666666667,0,1
CIFAR-100 (gray),0.3,96,1.0,1,1
CIFAR-100 (gray),0.3,52,1.0,1,1
CIFAR-100 (gray),0.3,22,1.0,1,1
CIFAR-100 (gray),0.3,126,1.0,1,1
CIFAR-100 (gray),0.3,94,0.19333333333333333,0,1
CIFAR-100 (gray),0.3,45,1.0,1,1
CIFAR-100 (gray),0.3,70,1.0,1,1
CIFAR-100 (gray),0.3,26,1.0,1,1
CIFAR-100 (gray),0.3,120,0.18666666666666668,0,1
CIFAR-100 (gray),0.3,165,1.0,1,1
CIFAR-100 (gray),0.3,179,1.0,1,1
CIFAR-100 (gray),0.3,104,1.0,1,1
CIFAR-100 (gray),0.3,38,1.0,1,1
CIFAR-100 (gray),0.3,7,1.0,1,1
CIFAR-100 (gray),0.3,24,1.0,1,1
CIFAR-100 (gray),0.3,132,1.0,1,1
CIFAR-100 (gray),0.3,15,1.0,1,1
CIFAR-100 (gray),0.3,148,1.0,1,1
CIFAR-100 (gray),0.3,2,1.0,1,1
CIFAR-100 (gray),0.3,169,1.0,1,1
CIFAR-100 (gray),0.3,190,1.0,1,1
CIFAR-100 (gray),0.3,166,1.0,1,1
CIFAR-100 (gray),0.3,188,1.0,1,1
CIFAR-100 (gray),0.3,165,1.0,1,1
CIFAR-100 (gray),0.3,99,1.0,1,1
CIFAR-100 (gray),0.3,143,1.0,1,1
CIFAR-100 (gray),0.3,71,1.0,1,1
CIFAR-100 (gray),0.3,124,1.0,1,1
CIFAR-100 (gray),0.3,13,1.0,1,1
CIFAR-100 (gray),0.3,47,1.0,1,1
CIFAR-100 (gray),0.3,122,1.0,1,1
CIFAR-100 (gray),0.3,136,1.0,1,1
CIFAR-100 (gray),0.3,31,1.0,1,1
CIFAR-100 (gray),0.3,49,1.0,1,1
CIFAR-100 (gray),0.3,42,1.0,1,1
CIFAR-100 (gray),0.3,93,1.0,1,1
CIFAR-100 (gray),0.3,148,1.0,1,1
CIFAR-100 (gray),0.3,165,1.0,1,1
CIFAR-100 (gray),0.3,113,1.0,1,1
CIFAR-100 (gray),0.3,32,1.0,1,1
CIFAR-100 (gray),0.3,19,1.0,1,1
CIFAR-100 (gray),0.3,184,1.0,1,1
CIFAR-100 (gray),0.3,72,1.0,1,1
CIFAR-100 (gray),0.3,182,1.0,1,1
CIFAR-100 (gray),0.3,191,1.0,1,1
CIFAR-100 (gray),0.3,136,1.0,1,1
CIFAR-100 (gray),0.3,151,0.16666666666666666,0,1
CIFAR-100 (gray),0.3,163,1.0,1,1
CIFAR-100 (gray),0.3,25,1.0,1,1
CIFAR-100 (gray),0.3,63,0.2,0,1
CIFAR-100 (gray),0.3,108,1.0,1,1
CIFAR-100 (gray),0.3,93,1.0,1,1
CIFAR-100 (gray),0.3,170,1.0,1,1
CIFAR-100 (gray),0.3,163,1.0,1,1
CIFAR-100 (gray),0.3,133,1.0,1,1
CIFAR-100 (gray),0.3,10,0.18666666666666668,0,1
CIFAR-100 (gray),0.3,120,1.0,1,1
CIFAR-100 (gray),0.3,130,0.26,0,1
CIFAR-100 (gray),0.3,92,1.0,1,1
CIFAR-100 (gray),0.3,7,1.0,1,1
CIFAR-100 (gray),0.3,48,1.0,1,1
CIFAR-100 (gray),0.3,150,0.23333333333333334,0,1
CIFAR-100 (gray),0.3,151,1.0,1,1
CIFAR-100 (gray),0.3,160,1.0,1,1
CIFAR-100 (gray),0.3,67,1.0,1,1
CIFAR-100 (gray),0.3,129,1.0,1,1
CIFAR-100 (gray),0.3,96,1.0,1,1
CIFAR-100 (gray),0.3,64,1.0,1,1
CIFAR-100 (gray),0.3,112,1.0,1,1
CIFAR-100 (gray),0.3,149,1.0,1,1
CIFAR-100 (gray),0.3,89,1.0,1,1
CIFAR-100 (gray),0.3,161,1.0,1,1
CIFAR-100 (gray),0.3,142,0.24666666666666667,0,1
CIFAR-100 (gray),0.3,92,1.0,1,1
CIFAR-100 (gray),0.3,63,1.0,1,1
CIFAR-100 (gray),0.3,54,1.0,1,1
CIFAR-100 (gray),0.3,101,1.0,1,1
CIFAR-100 (gray),0.3,128,1.0,1,1
CIFAR-100 (gray),0.3,114,1.0,1,1
CIFAR-100 (gray),0.3,36,1.0,1,1
CIFAR-100 (gray),0.3,31,1.0,1,1
CIFAR-100 (gray),0.3,137,1.0,1,1
CIFAR-100 (gray),0.3,132,1.0,1,1
CIFAR-100 (gray),0.3,51,1.0,1,1
CIFAR-100 (gray),0.3,56,1.0,1,1
CIFAR-100 (gray),0.3,66,1.0,1,1
CIFAR-100 (gray),0.3,54,1.0,1,1
CIFAR-100 (gray),0.3,184,1.0,1,1
CIFAR-100 (gray),0.3,3,0.21333333333333335,0,1
CIFAR-100 (gray),0.3,118,1.0,1,1
CIFAR-100 (gray),0.3,159,1.0,1,1
CIFAR-100 (gray),0.3,28,1.0,1,1
CIFAR-100 (gray),0.3,177,1.0,1,1
CIFAR-100 (gray),0.3,98,1.0,1,1
CIFAR-100 (gray),0.3,148,0.18,0,1
CIFAR-100 (gray),0.3,30,1.0,1,1
CIFAR-100 (gray),0.3,110,1.0,1,1
CIFAR-100 (gray),0.3,137,1.0,1,1
CIFAR-100 (gray),0.3,133,1.0,1,1
CIFAR-100 (gray),0.3,62,1.0,1,1
CIFAR-100 (gray),0.3,105,1.0,1,1
CIFAR-100 (gray),0.3,65,1.0,1,1
CIFAR-100 (gray),0.3,94,1.0,1,1
CIFAR-100 (gray),0.3,0,1.0,1,1
CIFAR-100 (gray),0.3,43,1.0,1,1
CIFAR-100 (gray),0.3,174,1.0,1,1
CIFAR-100 (gray),0.3,58,0.24,0,1
CIFAR-100 (gray),0.3,18,0.22,0,1
CIFAR-100 (gray),0.3,1,0.24,0,1
CIFAR-100 (gray),0.3,74,1.0,1,1
CIFAR-100 (gray),0.3,40,1.0,1,1
CIFAR-100 (gray),0.3,118,1.0,1,1
CIFAR-100 (gray),0.3,119,1.0,1,1
CIFAR-100 (gray),0.3,41,1.0,1,1
CIFAR-100 (gray),0.3,53,0.21333333333333335,0,1
CIFAR-100 (gray),0.3,129,1.0,1,1
CIFAR-100 (gray),0.3,158,1.0,1,1
CIFAR-100 (gray),0.3,94,1.0,1,1
CIFAR-100 (gray),0.3,54,1.0,1,1
CIFAR-100 (gray),0.3,110,1.0,1,1
CIFAR-100 (gray),0.3,121,1.0,1,1
CIFAR-100 (gray),0.3,104,1.0,1,1
CIFAR-100 (gray),0.3,114,1.0,1,1
CIFAR-100 (gray),0.3,71,1.0,1,1
CIFAR-100 (gray),0.3,60,1.0,1,1
CIFAR-100 (gray),0.3,29,1.0,1,1
CIFAR-100 (gray),0.3,110,1.0,1,1
CIFAR-100 (gray),0.3,119,1.0,1,1
CIFAR-100 (gray),0.3,109,1.0,1,1
CIFAR-100 (gray),0.3,52,1.0,1,1
CIFAR-100 (gray),0.3,59,1.0,1,1
CIFAR-100 (gray),0.3,152,1.0,1,1
CIFAR-100 (gray),0.3,64,1.0,1,1
CIFAR-100 (gray),0.3,96,1.0,1,1
CIFAR-100 (gray),0.4,54,1.0,1,1
CIFAR-100 (gray),0.4,12,0.21333333333333335,0,1
CIFAR-100 (gray),0.4,68,0.2,0,1
CIFAR-100 (gray),0.4,163,1.0,1,1
CIFAR-100 (gray),0.4,195,0.18666666666666668,0,1
CIFAR-100 (gray),0.4,103,0.21333333333333335,0,1
CIFAR-100 (gray),0.4,189,0.23333333333333334,0,1
CIFAR-100 (gray),0.4,90,0.25333333333333335,0,1
CIFAR-100 (gray),0.4,69,1.0,1,1
CIFAR-100 (gray),0.4,169,1.0,1,1
CIFAR-100 (gray),0.4,25,1.0,1,1
CIFAR-100 (gray),0.4,112,1.0,1,1
CIFAR-100 (gray),0.4,152,1.0,1,1
CIFAR-100 (gray),0.4,141,0.17333333333333334,0,1
CIFAR-100 (gray),0.4,188,1.0,1,1
CIFAR-100 (gray),0.4,124,1.0,1,1
CIFAR-100 (gray),0.4,168,1.0,1,1
CIFAR-100 (gray),0.4,92,1.0,1,1
CIFAR-100 (gray),0.4,54,0.19333333333333333,0,1
CIFAR-100 (gray),0.4,99,0.18,0,1
CIFAR-100 (gray),0.4,64,1.0,1,1
CIFAR-100 (gray),0.4,98,0.26,0,1
CIFAR-100 (gray),0.4,77,1.0,1,1
CIFAR-100 (gray),0.4,15,0.2,0,1
CIFAR-100 (gray),0.4,37,1.0,1,1
CIFAR-100 (gray),0.4,98,1.0,1,1
CIFAR-100 (gray),0.4,58,0.2,0,1
CIFAR-100 (gray),0.4,151,1.0,1,1
CIFAR-100 (gray),0.4,44,1.0,1,1
CIFAR-100 (gray),0.4,28,1.0,1,1
CIFAR-100 (gray),0.4,172,1.0,1,1
CIFAR-100 (gray),0.4,116,1.0,1,1
CIFAR-100 (gray),0.4,86,1.0,1,1
CIFAR-100 (gray),0.4,16,0.18666666666666668,0,1
CIFAR-100 (gray),0.4,69,1.0,1,1
CIFAR-100 (gray),0.4,130,0.17333333333333334,0,1
CIFAR-100 (gray),0.4,162,0.2733333333333333,0,1
CIFAR-100 (gray),0.4,168,0.16,0,1
CIFAR-100 (gray),0.4,54,1.0,1,1
CIFAR-100 (gray),0.4,181,0.19333333333333333,0,1
CIFAR-100 (gray),0.4,34,1.0,1,1
CIFAR-100 (gray),0.4,35,0.2,0,1
CIFAR-100 (gray),0.4,131,0.22,0,1
CIFAR-100 (gray),0.4,117,1.0,1,1
CIFAR-100 (gray),0.4,47,0.24,0,1
CIFAR-100 (gray),0.4,105,1.0,1,1
CIFAR-100 (gray),0.4,193,1.0,1,1
CIFAR-100 (gray),0.4,128,0.22666666666666666,0,1
CIFAR-100 (gray),0.4,177,0.15333333333333332,0,1
CIFAR-100 (gray),0.4,188,0.18666666666666668,0,1
CIFAR-100 (gray),0.4,187,0.19333333333333333,0,1
CIFAR-100 (gray),0.4,24,1.0,1,1
CIFAR-100 (gray),0.4,25,1.0,1,1
CIFAR-100 (gray),0.4,146,1.0,1,1
CIFAR-100 (gray),0.4,139,0.2,0,1
CIFAR-100 (gray),0.4,75,0.22666666666666666,0,1
CIFAR-100 (gray),0.4,96,0.21333333333333335,0,1
CIFAR-100 (gray),0.4,92,1.0,1,1
CIFAR-100 (gray),0.4,161,1.0,1,1
CIFAR-100 (gray),0.4,170,1.0,1,1
CIFAR-100 (gray),0.4,74,1.0,1,1
CIFAR-100 (gray),0.4,59,1.0,1,1
CIFAR-100 (gray),0.4,103,1.0,1,1
CIFAR-100 (gray),0.4,41,1.0,1,1
CIFAR-100 (gray),0.4,84,1.0,1,1
CIFAR-100 (gray),0.4,151,0.16666666666666666,0,1
CIFAR-100 (gray),0.4,86,0.18666666666666668,0,1
CIFAR-100 (gray),0.4,144,0.21333333333333335,0,1
CIFAR-100 (gray),0.4,167,1.0,1,1
CIFAR-100 (gray),0.4,53,1.0,1,1
CIFAR-100 (gray),0.4,81,0.18666666666666668,0,1
CIFAR-100 (gray),0.4,36,1.0,1,1
CIFAR-100 (gray),0.4,51,0.2,0,1
CIFAR-100 (gray),0.4,134,0.2866666666666667,0,1
CIFAR-100 (gray),0.4,132,1.0,1,1
CIFAR-100 (gray),0.4,120,1.0,1,1
CIFAR-100 (gray),0.4,16,1.0,1,1
CIFAR-100 (gray),0.4,192,0.20666666666666667,0,1
CIFAR-100 (gray),0.4,154,1.0,1,1
CIFAR-100 (gray),0.4,77,1.0,1,1
CIFAR-100 (gray),0.4,57,1.0,1,1
CIFAR-100 (gray),0.4,57,1.0,1,1
CIFAR-100 (gray),0.4,132,1.0,1,1
CIFAR-100 (gray),0.4,175,1.0,1,1
CIFAR-100 (gray),0.4,149,1.0,1,1
CIFAR-100 (gray),0.4,175,0.24,0,1
CIFAR-100 (gray),0.4,19,0.21333333333333335,0,1
CIFAR-100 (gray),0.4,39,1.0,1,1
CIFAR-100 (gray),0.4,69,1.0,1,1
CIFAR-100 (gray),0.4,38,1.0,1,1
CIFAR-100 (gray),0.4,199,1.0,1,1
CIFAR-100 (gray),0.4,84,1.0,1,1
CIFAR-100 (gray),0.4,177,0.17333333333333334,0,1
CIFAR-100 (gray),0.4,0,1.0,1,1
CIFAR-100 (gray),0.4,30,1.0,1,1
CIFAR-100 (gray),0.4,27,0.22,0,1
CIFAR-100 (gray),0.4,57,1.0,1,1
CIFAR-100 (gray),0.4,179,0.19333333333333333,0,1
CIFAR-100 (gray),0.4,195,0.17333333333333334,0,1
CIFAR-100 (gray),0.4,4,1.0,1,1
CIFAR-100 (gray),0.4,16,1.0,1,1
CIFAR-100 (gray),0.4,193,1.0,1,1
CIFAR-100 (gray),0.4,41,1.0,1,1
CIFAR-100 (gray),0.4,27,1.0,1,1
CIFAR-100 (gray),0.4,23,0.15333333333333332,0,1
CIFAR-100 (gray),0.4,181,0.19333333333333333,0,1
CIFAR-100 (gray),0.4,26,0.20666666666666667,0,1
CIFAR-100 (gray),0.4,67,1.0,1,0
CIFAR-100 (gray),0.4,194,1.0,1,1
CIFAR-100 (gray),0.4,74,1.0,1,1
CIFAR-100 (gray),0.4,111,1.0,1,1
CIFAR-100 (gray),0.4,136,1.0,1,1
CIFAR-100 (gray),0.4,4,0.16,0,1
CIFAR-100 (gray),0.4,134,1.0,1,1
CIFAR-100 (gray),0.4,45,1.0,1,1
CIFAR-100 (gray),0.4,102,1.0,1,1
CIFAR-100 (gray),0.4,81,1.0,1,1
CIFAR-100 (gray),0.4,193,1.0,1,1
CIFAR-100 (gray),0.4,126,0.28,0,1
CIFAR-100 (gray),0.4,188,1.0,1,1
CIFAR-100 (gray),0.4,40,1.0,1,1
CIFAR-100 (gray),0.4,116,1.0,1,1
CIFAR-100 (gray),0.4,68,1.0,1,1
CIFAR-100 (gray),0.4,62,0.19333333333333333,0,1
CIFAR-100 (gray),0.4,22,1.0,1,1
CIFAR-100 (gray),0.4,54,1.0,1,1
CIFAR-100 (gray),0.4,166,0.21333333333333335,0,1
CIFAR-100 (gray),0.4,2,1.0,1,1
CIFAR-100 (gray),0.4,121,1.0,1,1
CIFAR-100 (gray),0.4,142,1.0,1,1
CIFAR-100 (gray),0.4,111,0.20666666666666667,0,1
CIFAR-100 (gray),0.4,152,1.0,1,1
CIFAR-100 (gray),0.4,25,1.0,1,1
CIFAR-100 (gray),0.4,16,1.0,1,1
CIFAR-100 (gray),0.4,69,1.0,1,1
CIFAR-100 (gray),0.4,0,1.0,1,1
CIFAR-100 (gray),0.4,110,1.0,1,1
CIFAR-100 (gray),0.4,77,1.0,1,1
CIFAR-100 (gray),0.4,129,0.23333333333333334,0,1
CIFAR-100 (gray),0.4,103,1.0,1,1
CIFAR-100 (gray),0.4,142,1.0,1,1
CIFAR-100 (gray),0.4,198,1.0,1,1
CIFAR-100 (gray),0.4,84,0.19333333333333333,0,1
CIFAR-100 (gray),0.4,135,1.0,1,1
CIFAR-100 (gray),0.4,94,1.0,1,1
CIFAR-100 (gray),0.4,33,1.0,1,1
CIFAR-100 (gray),0.4,191,1.0,1,1
CIFAR-100 (gray),0.4,74,1.0,1,1
CIFAR-100 (gray),0.4,146,1.0,1,1
CIFAR-100 (gray),0.4,70,0.20666666666666667,0,1
CIFAR-100 (gray),0.4,154,1.0,1,1
CIFAR-100 (gray),0.4,111,0.15333333333333332,0,1
CIFAR-100 (gray),0.4,157,1.0,1,1
CIFAR-100 (gray),0.4,155,1.0,1,1
CIFAR-100 (gray),0.4,100,1.0,1,1
CIFAR-100 (gray),0.4,115,1.0,1,1
CIFAR-100 (gray),0.4,184,1.0,1,1
CIFAR-100 (gray),0.4,83,1.0,1,1
CIFAR-100 (gray),0.4,89,0.20666666666666667,0,1
CIFAR-100 (gray),0.4,69,1.0,1,1
CIFAR-100 (gray),0.4,152,0.18666666666666668,0,1
CIFAR-100 (gray),0.4,42,1.0,1,1
CIFAR-100 (gray),0.4,29,1.0,1,1
CIFAR-100 (gray),0.4,145,0.18,0,1
CIFAR-100 (gray),0.4,78,0.16666666666666666,0,1
CIFAR-100 (gray),0.4,135,0.21333333333333335,0,1
CIFAR-100 (gray),0.4,11,1.0,1,1
CIFAR-100 (gray),0.4,72,0.16,0,1
CIFAR-100 (gray),0.4,65,1.0,1,1
CIFAR-100 (gray),0.4,169,1.0,1,1
CIFAR-100 (gray),0.4,182,1.0,1,1
CIFAR-100 (gray),0.4,175,1.0,1,1
CIFAR-100 (gray),0.4,50,1.0,1,1
CIFAR-100 (gray),0.4,164,0.14,0,1
CIFAR-100 (gray),0.4,8,0.18,0,1
CIFAR-100 (gray),0.4,20,1.0,1,1
CIFAR-100 (gray),0.4,199,1.0,1,1
CIFAR-100 (gray),0.4,135,1.0,1,1
CIFAR-100 (gray),0.4,104,1.0,1,1
CIFAR-100 (gray),0.4,109,0.16,0,1
CIFAR-100 (gray),0.4,117,1.0,1,1
CIFAR-100 (gray),0.4,16,0.2,0,1
CIFAR-100 (gray),0.4,140,1.0,1,1
CIFAR-100 (gray),0.4,3,1.0,1,1
CIFAR-100 (gray),0.4,66,1.0,1,1
CIFAR-100 (gray),0.4,128,1.0,1,1
CIFAR-100 (gray),0.4,13,1.0,1,1
CIFAR-100 (gray),0.4,191,1.0,1,1
CIFAR-100 (gray),0.4,184,1.0,1,1
CIFAR-100 (gray),0.4,10,1.0,1,1
CIFAR-100 (gray),0.4,150,1.0,1,1
CIFAR-100 (gray),0.4,10,0.16,0,1
CIFAR-100 (gray),0.4,80,1.0,1,1
CIFAR-100 (gray),0.4,158,1.0,1,1
CIFAR-100 (gray),0.4,44,0.21333333333333335,0,1
CIFAR-100 (gray),0.4,157,0.22,0,1
CIFAR-100 (gray),0.4,180,1.0,1,1
CIFAR-100 (gray),0.4,95,1.0,1,1
CIFAR-100 (gray),0.4,83,1.0,1,1
CIFAR-100 (gray),0.4,60,0.18666666666666668,0,1
CIFAR-100 (gray),0.5,187,0.18,0,1
CIFAR-100 (gray),0.5,12,1.0,1,1
CIFAR-100 (gray),0.5,119,0.23333333333333334,0,1
CIFAR-100 (gray),0.5,83,1.0,1,1
CIFAR-100 (gray),0.5,52,1.0,1,1
CIFAR-100 (gray),0.5,165,1.0,1,1
CIFAR-100 (gray),0.5,43,0.17333333333333334,0,1
CIFAR-100 (gray),0.5,164,1.0,1,1
CIFAR-100 (gray),0.5,96,0.20666666666666667,0,1
CIFAR-100 (gray),0.5,62,1.0,1,1
CIFAR-100 (gray),0.5,93,0.23333333333333334,0,1
CIFAR-100 (gray),0.5,195,0.24,0,1
CIFAR-100 (gray),0.5,133,0.22,0,1
CIFAR-100 (gray),0.5,32,0.18666666666666668,0,1
CIFAR-100 (gray),0.5,97,0.16666666666666666,0,1
CIFAR-100 (gray),0.5,32,1.0,1,1
CIFAR-100 (gray),0.5,165,1.0,1,1
CIFAR-100 (gray),0.5,150,0.22,0,1
CIFAR-100 (gray),0.5,186,1.0,1,1
CIFAR-100 (gray),0.5,83,0.16666666666666666,0,1
CIFAR-100 (gray),0.5,6,0.20666666666666667,0,0
CIFAR-100 (gray),0.5,182,0.2733333333333333,0,1
CIFAR-100 (gray),0.5,72,0.22666666666666666,0,1
CIFAR-100 (gray),0.5,59,0.24666666666666667,0,1
CIFAR-100 (gray),0.5,2,0.25333333333333335,0,1
CIFAR-100 (gray),0.5,44,1.0,1,1
CIFAR-100 (gray),0.5,181,1.0,1,1
CIFAR-100 (gray),0.5,101,1.0,1,1
CIFAR-100 (gray),0.5,30,0.22666666666666666,0,1
CIFAR-100 (gray),0.5,147,0.20666666666666667,0,1
CIFAR-100 (gray),0.5,13,0.23333333333333334,0,1
CIFAR-100 (gray),0.5,118,0.18666666666666668,0,1
CIFAR-100 (gray),0.5,199,0.14,0,1
CIFAR-100 (gray),0.5,190,0.19333333333333333,0,1
CIFAR-100 (gray),0.5,11,0.15333333333333332,0,1
CIFAR-100 (gray),0.5,19,0.22,0,1
CIFAR-100 (gray),0.5,44,1.0,1,1
CIFAR-100 (gray),0.5,83,0.25333333333333335,0,1
CIFAR-100 (gray),0.5,32,0.17333333333333334,0,0
CIFAR-100 (gray),0.5,89,0.2866666666666667,0,1
CIFAR-100 (gray),0.5,171,1.0,1,1
CIFAR-100 (gray),0.5,62,1.0,1,1
CIFAR-100 (gray),0.5,48,1.0,1,1
CIFAR-100 (gray),0.5,40,0.20666666666666667,0,1
CIFAR-100 (gray),0.5,9,0.21333333333333335,0,0
CIFAR-100 (gray),0.5,16,0.19333333333333333,0,1
CIFAR-100 (gray),0.5,82,0.16666666666666666,0,1
CIFAR-100 (gray),0.5,93,0.23333333333333334,0,1
CIFAR-100 (gray),0.5,35,1.0,1,1
CIFAR-100 (gray),0.5,39,1.0,1,1
CIFAR-100 (gray),0.5,126,1.0,1,1
CIFAR-100 (gray),0.5,1,0.21333333333333335,0,1
CIFAR-100 (gray),0.5,161,1.0,1,1
CIFAR-100 (gray),0.5,154,1.0,1,1
CIFAR-100 (gray),0.5,66,0.19333333333333333,0,1
CIFAR-100 (gray),0.5,142,0.22666666666666666,0,1
CIFAR-100 (gray),0.5,40,0.15333333333333332,0,1
CIFAR-100 (gray),0.5,107,0.24666666666666667,0,1
CIFAR-100 (gray),0.5,81,1.0,1,1
CIFAR-100 (gray),0.5,65,0.24666666666666667,0,0
CIFAR-100 (gray),0.5,184,0.21333333333333335,0,1
CIFAR-100 (gray),0.5,145,1.0,1,1
CIFAR-100 (gray),0.5,96,1.0,1,1
CIFAR-100 (gray),0.5,194,0.16666666666666666,0,1
CIFAR-100 (gray),0.5,77,0.19333333333333333,0,1
CIFAR-100 (gray),0.5,39,1.0,1,1
CIFAR-100 (gray),0.5,45,0.21333333333333335,0,1
CIFAR-100 (gray),0.5,122,0.17333333333333334,0,1
CIFAR-100 (gray),0.5,74,1.0,1,1
CIFAR-100 (gray),0.5,101,0.14666666666666667,0,1
CIFAR-100 (gray),0.5,68,0.2,0,1
CIFAR-100 (gray),0.5,146,0.20666666666666667,0,1
CIFAR-100 (gray),0.5,196,0.25333333333333335,0,1
CIFAR-100 (gray),0.5,161,0.21333333333333335,0,1
CIFAR-100 (gray),0.5,32,0.16,0,1
CIFAR-100 (gray),0.5,144,1.0,1,1
CIFAR-100 (gray),0.5,146,1.0,1,1
CIFAR-100 (gray),0.5,125,0.22,0,1
CIFAR-100 (gray),0.5,39,0.26666666666666666,0,1
CIFAR-100 (gray),0.5,55,0.26,0,1
CIFAR-100 (gray),0.5,145,0.22,0,1
CIFAR-100 (gray),0.5,178,0.20666666666666667,0,1
CIFAR-100 (gray),0.5,115,1.0,1,1
CIFAR-100 (gray),0.5,125,0.2733333333333333,0,1
CIFAR-100 (gray),0.5,127,0.18,0,0
CIFAR-100 (gray),0.5,23,1.0,1,1
CIFAR-100 (gray),0.5,4,0.22666666666666666,0,1
CIFAR-100 (gray),0.5,195,0.22666666666666666,0,1
CIFAR-100 (gray),0.5,35,0.21333333333333335,0,1
CIFAR-100 (gray),0.5,88,0.18666666666666668,0,1
CIFAR-100 (gray),0.5,39,1.0,1,1
CIFAR-100 (gray),0.5,145,0.16,0,1
CIFAR-100 (gray),0.5,15,0.20666666666666667,0,1
CIFAR-100 (gray),0.5,138,1.0,1,1
CIFAR-100 (gray),0.5,196,0.2,0,1
CIFAR-100 (gray),0.5,176,1.0,1,1
CIFAR-100 (gray),0.5,80,1.0,1,1
CIFAR-100 (gray),0.5,118,0.16666666666666666,0,1
CIFAR-100 (gray),0.5,20,0.22666666666666666,0,1
CIFAR-100 (gray),0.5,180,1.0,1,1
CIFAR-100 (gray),0.5,199,0.19333333333333333,0,1
CIFAR-100 (gray),0.5,21,0.18666666666666668,0,1
CIFAR-100 (gray),0.5,135,0.22666666666666666,0,1
CIFAR-100 (gray),0.5,40,0.17333333333333334,0,1
CIFAR-100 (gray),0.5,137,0.2,0,1
CIFAR-100 (gray),0.5,47,0.20666666666666667,0,1
CIFAR-100 (gray),0.5,85,0.22,0,1
CIFAR-100 (gray),0.5,66,1.0,1,1
CIFAR-100 (gray),0.5,114,0.2733333333333333,0,1
CIFAR-100 (gray),0.5,166,0.21333333333333335,0,1
CIFAR-100 (gray),0.5,108,1.0,1,1
CIFAR-100 (gray),0.5,140,0.19333333333333333,0,1
CIFAR-100 (gray),0.5,83,0.2,0,1
CIFAR-100 (gray),0.5,95,1.0,1,1
CIFAR-100 (gray),0.5,39,0.24666666666666667,0,0
CIFAR-100 (gray),0.5,128,1.0,1,1
CIFAR-100 (gray),0.5,79,0.2733333333333333,0,1
CIFAR-100 (gray),0.5,15,1.0,1,1
CIFAR-100 (gray),0.5,26,0.26666666666666666,0,0
CIFAR-100 (gray),0.5,116,0.23333333333333334,0,1
CIFAR-100 (gray),0.5,135,1.0,1,1
CIFAR-100 (gray),0.5,49,0.20666666666666667,0,0
CIFAR-100 (gray),0.5,86,1.0,1,1
CIFAR-100 (gray),0.5,176,0.24,0,1
CIFAR-100 (gray),0.5,157,0.16,0,1
CIFAR-100 (gray),0.5,98,0.20666666666666667,0,1
CIFAR-100 (gray),0.5,155,0.20666666666666667,0,1
CIFAR-100 (gray),0.5,37,1.0,1,1
CIFAR-100 (gray),0.5,137,0.18,0,1
CIFAR-100 (gray),0.5,16,1.0,1,1
CIFAR-100 (gray),0.5,83,1.0,1,1
CIFAR-100 (gray),0.5,196,0.20666666666666667,0,1
CIFAR-100 (gray),0.5,89,1.0,1,1
CIFAR-100 (gray),0.5,185,1.0,1,1
CIFAR-100 (gray),0.5,177,1.0,1,1
CIFAR-100 (gray),0.5,39,0.22,0,1
CIFAR-100 (gray),0.5,71,1.0,1,1
CIFAR-100 (gray),0.5,3,1.0,1,1
CIFAR-100 (gray),0.5,159,0.22,0,1
CIFAR-100 (gray),0.5,124,0.21333333333333335,0,1
CIFAR-100 (gray),0.5,51,0.20666666666666667,0,0
CIFAR-100 (gray),0.5,83,1.0,1,1
CIFAR-100 (gray),0.5,38,1.0,1,1
CIFAR-100 (gray),0.5,103,0.22,0,1
CIFAR-100 (gray),0.5,34,0.18666666666666668,0,1
CIFAR-100 (gray),0.5,171,0.28,0,1
CIFAR-100 (gray),0.5,29,0.2,0,1
CIFAR-100 (gray),0.5,146,0.22666666666666666,0,1
CIFAR-100 (gray),0.5,186,1.0,1,1
CIFAR-100 (gray),0.5,185,0.24,0,1
CIFAR-100 (gray),0.5,154,1.0,1,1
CIFAR-100 (gray),0.5,118,0.18,0,1
CIFAR-100 (gray),0.5,16,1.0,1,1
CIFAR-100 (gray),0.5,109,1.0,1,1
CIFAR-100 (gray),0.5,57,0.2,0,1
CIFAR-100 (gray),0.5,105,1.0,1,1
CIFAR-100 (gray),0.5,176,0.19333333333333333,0,1
CIFAR-100 (gray),0.5,174,0.18,0,1
CIFAR-100 (gray),0.5,181,0.26666666666666666,0,1
CIFAR-100 (gray),0.5,96,0.20666666666666667,0,1
CIFAR-100 (gray),0.5,23,1.0,1,1
CIFAR-100 (gray),0.5,100,0.16,0,1
CIFAR-100 (gray),0.5,6,1.0,1,0
CIFAR-100 (gray),0.5,120,0.18666666666666668,0,0
CIFAR-100 (gray),0.5,154,0.24,0,1
CIFAR-100 (gray),0.5,45,1.0,1,1
CIFAR-100 (gray),0.5,183,1.0,1,1
CIFAR-100 (gray),0.5,131,0.21333333333333335,0,1
CIFAR-100 (gray),0.5,144,0.2,0,1
CIFAR-100 (gray),0.5,66,0.13333333333333333,0,1
CIFAR-100 (gray),0.5,187,0.24,0,1
CIFAR-100 (gray),0.5,42,0.21333333333333335,0,1
CIFAR-100 (gray),0.5,106,1.0,1,1
CIFAR-100 (gray),0.5,21,0.2,0,1
CIFAR-100 (gray),0.5,25,0.21333333333333335,0,1
CIFAR-100 (gray),0.5,10,1.0,1,1
CIFAR-100 (gray),0.5,143,0.16,0,1
CIFAR-100 (gray),0.5,162,1.0,1,1
CIFAR-100 (gray),0.5,34,0.18666666666666668,0,1
CIFAR-100 (gray),0.5,179,1.0,1,1
CIFAR-100 (gray),0.5,167,1.0,1,0
CIFAR-100 (gray),0.5,144,0.18666666666666668,0,1
CIFAR-100 (gray),0.5,149,0.22666666666666666,0,1
CIFAR-100 (gray),0.5,58,0.15333333333333332,0,0
CIFAR-100 (gray),0.5,180,1.0,1,1
CIFAR-100 (gray),0.5,95,1.0,1,1
CIFAR-100 (gray),0.5,105,1.0,1,1
CIFAR-100 (gray),0.5,11,0.20666666666666667,0,1
CIFAR-100 (gray),0.5,160,0.23333333333333334,0,1
CIFAR-100 (gray),0.5,0,1.0,1,1
CIFAR-100 (gray),0.5,3,0.2733333333333333,0,1
CIFAR-100 (gray),0.5,72,0.18666666666666668,0,1
CIFAR-100 (gray),0.5,191,0.26,0,1
CIFAR-100 (gray),0.5,93,1.0,1,1
CIFAR-100 (gray),0.5,27,0.26,0,1
CIFAR-100 (gray),0.5,158,0.20666666666666667,0,1
CIFAR-100 (gray),0.5,12,0.21333333333333335,0,1
CIFAR-100 (gray),0.5,192,0.18,0,1
CIFAR-100 (gray),0.5,183,0.2,0,1
CIFAR-100 (gray),0.5,70,1.0,1,1
CIFAR-100 (gray),0.6,106,0.17333333333333334,0,1
CIFAR-100 (gray),0.6,2,0.24,0,1
CIFAR-100 (gray),0.6,93,0.20666666666666667,0,1
CIFAR-100 (gray),0.6,112,0.20666666666666667,0,1
CIFAR-100 (gray),0.6,150,0.19333333333333333,0,0
CIFAR-100 (gray),0.6,67,0.22,0,0
CIFAR-100 (gray),0.6,84,1.0,1,0
CIFAR-100 (gray),0.6,105,1.0,1,0
CIFAR-100 (gray),0.6,153,0.24,0,0
CIFAR-100 (gray),0.6,24,0.16,0,0
CIFAR-100 (gray),0.6,141,1.0,1,1
CIFAR-100 (gray),0.6,190,0.2,0,0
CIFAR-100 (gray),0.6,11,0.17333333333333334,0,1
CIFAR-100 (gray),0.6,199,1.0,1,1
CIFAR-100 (gray),0.6,79,0.24,0,1
CIFAR-100 (gray),0.6,9,0.24,0,0
CIFAR-100 (gray),0.6,192,0.22,0,1
CIFAR-100 (gray),0.6,121,1.0,1,0
CIFAR-100 (gray),0.6,122,0.20666666666666667,0,1
CIFAR-100 (gray),0.6,25,1.0,1,1
CIFAR-100 (gray),0.6,137,0.2,0,1
CIFAR-100 (gray),0.6,112,0.22,0,1
CIFAR-100 (gray),0.6,132,0.22,0,0
CIFAR-100 (gray),0.6,44,0.22,0,1
CIFAR-100 (gray),0.6,62,0.2,0,1
CIFAR-100 (gray),0.6,102,0.29333333333333333,0,0
CIFAR-100 (gray),0.6,44,0.2,0,1
CIFAR-100 (gray),0.6,143,0.22,0,0
CIFAR-100 (gray),0.6,53,0.22,0,1
CIFAR-100 (gray),0.6,171,1.0,1,1
CIFAR-100 (gray),0.6,177,0.18666666666666668,0,1
CIFAR-100 (gray),0.6,176,1.0,1,1
CIFAR-100 (gray),0.6,146,0.23333333333333334,0,1
CIFAR-100 (gray),0.6,102,0.19333333333333333,0,0
CIFAR-100 (gray),0.6,142,0.19333333333333333,0,1
CIFAR-100 (gray),0.6,24,0.24,0,0
CIFAR-100 (gray),0.6,196,0.21333333333333335,0,1
CIFAR-100 (gray),0.6,146,1.0,1,1
CIFAR-100 (gray),0.6,191,0.19333333333333333,0,0
CIFAR-100 (gray),0.6,29,0.16666666666666666,0,1
CIFAR-100 (gray),0.6,119,0.23333333333333334,0,0
CIFAR-100 (gray),0.6,142,0.20666666666666667,0,1
CIFAR-100 (gray),0.6,14,0.22,0,1
CIFAR-100 (gray),0.6,28,1.0,1,1
CIFAR-100 (gray),0.6,131,1.0,1,1
CIFAR-100 (gray),0.6,10,0.24666666666666667,0,1
CIFAR-100 (gray),0.6,185,0.14666666666666667,0,1
CIFAR-100 (gray),0.6,138,0.23333333333333334,0,0
CIFAR-100 (gray),0.6,83,0.16666666666666666,0,1
CIFAR-100 (gray),0.6,188,0.2733333333333333,0,1
CIFAR-100 (gray),0.6,128,0.2,0,1
CIFAR-100 (gray),0.6,118,0.26666666666666666,0,1
CIFAR-100 (gray),0.6,59,0.21333333333333335,0,1
CIFAR-100 (gray),0.6,109,0.24,0,1
CIFAR-100 (gray),0.6,188,0.2,0,1
CIFAR-100 (gray),0.6,67,0.21333333333333335,0,0
CIFAR-100 (gray),0.6,136,0.2,0,1
CIFAR-100 (gray),0.6,108,0.17333333333333334,0,1
CIFAR-100 (gray),0.6,3,0.26666666666666666,0,1
CIFAR-100 (gray),0.6,143,0.20666666666666667,0,0
CIFAR-100 (gray),0.6,135,0.17333333333333334,0,0
CIFAR-100 (gray),0.6,189,0.2,0,0
CIFAR-100 (gray),0.6,20,0.20666666666666667,0,1
CIFAR-100 (gray),0.6,68,0.24666666666666667,0,1
CIFAR-100 (gray),0.6,45,0.22666666666666666,0,1
CIFAR-100 (gray),0.6,45,0.29333333333333333,0,1
CIFAR-100 (gray),0.6,173,0.23333333333333334,0,1
CIFAR-100 (gray),0.6,10,0.22,0,1
CIFAR-100 (gray),0.6,23,0.17333333333333334,0,1
CIFAR-100 (gray),0.6,120,0.26666666666666666,0,0
CIFAR-100 (gray),0.6,174,0.18666666666666668,0,0
CIFAR-100 (gray),0.6,110,0.18666666666666668,0,1
CIFAR-100 (gray),0.6,116,0.18,0,1
CIFAR-100 (gray),0.6,75,0.20666666666666667,0,1
CIFAR-100 (gray),0.6,135,0.22666666666666666,0,1
CIFAR-100 (gray),0.6,60,1.0,1,1
CIFAR-100 (gray),0.6,88,0.17333333333333334,0,1
CIFAR-100 (gray),0.6,118,0.16,0,1
CIFAR-100 (gray),0.6,150,0.26,0,0
CIFAR-100 (gray),0.6,199,1.0,1,1
CIFAR-100 (gray),0.6,171,1.0,1,1
CIFAR-100 (gray),0.6,12,0.15333333333333332,0,1
CIFAR-100 (gray),0.6,167,0.2,0,0
CIFAR-100 (gray),0.6,179,0.20666666666666667,0,0
CIFAR-100 (gray),0.6,154,0.16666666666666666,0,1
CIFAR-100 (gray),0.6,95,1.0,1,1
CIFAR-100 (gray),0.6,109,0.18666666666666668,0,1
CIFAR-100 (gray),0.6,190,0.17333333333333334,0,1
CIFAR-100 (gray),0.6,167,1.0,1,1
CIFAR-100 (gray),0.6,78,0.24666666666666667,0,1
CIFAR-100 (gray),0.6,153,0.21333333333333335,0,1
CIFAR-100 (gray),0.6,157,1.0,1,1
CIFAR-100 (gray),0.6,41,0.23333333333333334,0,1
CIFAR-100 (gray),0.6,30,0.19333333333333333,0,1
CIFAR-100 (gray),0.6,139,1.0,1,1
CIFAR-100 (gray),0.6,72,0.25333333333333335,0,1
CIFAR-100 (gray),0.6,11,0.22,0,1
CIFAR-100 (gray),0.6,168,0.21333333333333335,0,0
CIFAR-100 (gray),0.6,196,0.13333333333333333,0,1
CIFAR-100 (gray),0.6,23,0.22666666666666666,0,1
CIFAR-100 (gray),0.6,180,0.17333333333333334,0,0
CIFAR-100 (gray),0.6,101,1.0,1,1
CIFAR-100 (gray),0.6,152,0.16666666666666666,0,0
CIFAR-100 (gray),0.6,175,1.0,1,1
CIFAR-100 (gray),0.6,110,0.24,0,1
CIFAR-100 (gray),0.6,109,0.19333333333333333,0,1
CIFAR-100 (gray),0.6,70,0.25333333333333335,0,1
CIFAR-100 (gray),0.6,147,1.0,1,1
CIFAR-100 (gray),0.6,82,0.19333333333333333,0,1
CIFAR-100 (gray),0.6,59,0.18,0,0
CIFAR-100 (gray),0.6,12,1.0,1,0
CIFAR-100 (gray),0.6,164,0.18,0,1
CIFAR-100 (gray),0.6,101,0.16666666666666666,0,1
CIFAR-100 (gray),0.6,110,0.16666666666666666,0,1
CIFAR-100 (gray),0.6,80,0.21333333333333335,0,1
CIFAR-100 (gray),0.6,116,0.22,0,1
CIFAR-100 (gray),0.6,25,0.19333333333333333,0,1
CIFAR-100 (gray),0.6,175,1.0,1,1
CIFAR-100 (gray),0.6,179,0.19333333333333333,0,0
CIFAR-100 (gray),0.6,186,0.16666666666666666,0,0
CIFAR-100 (gray),0.6,86,1.0,1,1
CIFAR-100 (gray),0.6,24,0.24,0,0
CIFAR-100 (gray),0.6,91,0.22,0,0
CIFAR-100 (gray),0.6,4,0.29333333333333333,0,1
CIFAR-100 (gray),0.6,125,0.23333333333333334,0,1
CIFAR-100 (gray),0.6,167,0.20666666666666667,0,0
CIFAR-100 (gray),0.6,29,0.18,0,1
CIFAR-100 (gray),0.6,131,1.0,1,1
CIFAR-100 (gray),0.6,27,0.18666666666666668,0,1
CIFAR-100 (gray),0.6,116,0.24,0,1
CIFAR-100 (gray),0.6,198,0.24666666666666667,0,0
CIFAR-100 (gray),0.6,9,0.24666666666666667,0,0
CIFAR-100 (gray),0.6,116,0.25333333333333335,0,1
CIFAR-100 (gray),0.6,107,0.18666666666666668,0,1
CIFAR-100 (gray),0.6,76,0.24666666666666667,0,1
CIFAR-100 (gray),0.6,115,0.20666666666666667,0,0
CIFAR-100 (gray),0.6,42,0.26,0,1
CIFAR-100 (gray),0.6,195,0.2,0,1
CIFAR-100 (gray),0.6,0,0.16666666666666666,0,1
CIFAR-100 (gray),0.6,52,0.22,0,1
CIFAR-100 (gray),0.6,193,1.0,1,1
CIFAR-100 (gray),0.6,72,0.21333333333333335,0,1
CIFAR-100 (gray),0.6,176,1.0,1,1
CIFAR-100 (gray),0.6,148,0.16,0,1
CIFAR-100 (gray),0.6,23,0.14666666666666667,0,1
CIFAR-100 (gray),0.6,91,0.18,0,1
CIFAR-100 (gray),0.6,133,0.24,0,1
CIFAR-100 (gray),0.6,1,0.21333333333333335,0,0
CIFAR-100 (gray),0.6,79,0.28,0,0
CIFAR-100 (gray),0.6,136,0.19333333333333333,0,1
CIFAR-100 (gray),0.6,1,0.16,0,1
CIFAR-100 (gray),0.6,197,0.20666666666666667,0,1
CIFAR-100 (gray),0.6,188,1.0,1,1
CIFAR-100 (gray),0.6,81,0.22666666666666666,0,1
CIFAR-100 (gray),0.6,27,0.24,0,1
CIFAR-100 (gray),0.6,19,0.16666666666666666,0,0
CIFAR-100 (gray),0.6,170,0.18,0,0
CIFAR-100 (gray),0.6,126,0.24666666666666667,0,1
CIFAR-100 (gray),0.6,54,1.0,1,1
CIFAR-100 (gray),0.6,127,0.17333333333333334,0,0
CIFAR-100 (gray),0.6,140,1.0,1,1
CIFAR-100 (gray),0.6,101,0.2,0,1
CIFAR-100 (gray),0.6,26,0.21333333333333335,0,0
CIFAR-100 (gray),0.6,20,0.22666666666666666,0,1
CIFAR-100 (gray),0.6,155,0.20666666666666667,0,1
CIFAR-100 (gray),0.6,138,0.24,0,1
CIFAR-100 (gray),0.6,160,0.15333333333333332,0,1
CIFAR-100 (gray),0.6,157,1.0,1,1
CIFAR-100 (gray),0.6,199,0.18,0,1
CIFAR-100 (gray),0.6,69,1.0,1,0
CIFAR-100 (gray),0.6,3,0.16666666666666666,0,1
CIFAR-100 (gray),0.6,178,0.2,0,1
CIFAR-100 (gray),0.6,2,0.25333333333333335,0,1
CIFAR-100 (gray),0.6,23,0.2,0,1
CIFAR-100 (gray),0.6,32,0.18666666666666668,0,1
CIFAR-100 (gray),0.6,93,0.20666666666666667,0,1
CIFAR-100 (gray),0.6,28,0.22666666666666666,0,1
CIFAR-100 (gray),0.6,61,0.2733333333333333,0,1
CIFAR-100 (gray),0.6,194,0.22666666666666666,0,1
CIFAR-100 (gray),0.6,185,0.17333333333333334,0,0
CIFAR-100 (gray),0.6,26,0.19333333333333333,0,0
CIFAR-100 (gray),0.6,188,0.18666666666666668,0,1
CIFAR-100 (gray),0.6,83,0.16,0,1
CIFAR-100 (gray),0.6,141,0.18666666666666668,0,0
CIFAR-100 (gray),0.6,22,0.23333333333333334,0,1
CIFAR-100 (gray),0.6,138,0.28,0,1
CIFAR-100 (gray),0.6,17,0.14,0,1
CIFAR-100 (gray),0.6,35,0.19333333333333333,0,1
CIFAR-100 (gray),0.6,153,1.0,1,0
CIFAR-100 (gray),0.6,170,0.21333333333333335,0,0
CIFAR-100 (gray),0.6,48,0.17333333333333334,0,1
CIFAR-100 (gray),0.6,79,0.26,0,1
CIFAR-100 (gray),0.6,152,1.0,1,0
CIFAR-100 (gray),0.6,171,0.19333333333333333,0,1
CIFAR-100 (gray),0.6,161,0.19333333333333333,0,1
CIFAR-100 (gray),0.6,188,0.26,0,1
CIFAR-100 (gray),0.6,114,0.26,0,1
CIFAR-100 (gray),0.6,130,0.15333333333333332,0,1
CIFAR-100 (gray),0.6,118,1.0,1,1
CIFAR-100 (gray),0.6,135,0.21333333333333335,0,1
CIFAR-100 (gray),0.8,146,0.22666666666666666,0,0
CIFAR-100 (gray),0.8,28,0.25333333333333335,0,0
CIFAR-100 (gray),0.8,104,0.22,0,0
CIFAR-100 (gray),0.8,119,0.22,0,0
CIFAR-100 (gray),0.8,36,0.21333333333333335,0,0
CIFAR-100 (gray),0.8,157,0.20666666666666667,0,0
CIFAR-100 (gray),0.8,180,0.16666666666666666,0,1
CIFAR-100 (gray),0.8,156,0.20666666666666667,0,0
CIFAR-100 (gray),0.8,65,0.24666666666666667,0,0
CIFAR-100 (gray),0.8,168,0.16,0,0
CIFAR-100 (gray),0.8,167,0.19333333333333333,0,0
CIFAR-100 (gray),0.8,51,1.0,1,0
CIFAR-100 (gray),0.8,23,0.20666666666666667,0,1
CIFAR-100 (gray),0.8,93,0.17333333333333334,0,1
CIFAR-100 (gray),0.8,73,0.21333333333333335,0,0
CIFAR-100 (gray),0.8,105,0.2,0,0
CIFAR-100 (gray),0.8,186,0.22,0,0
CIFAR-100 (gray),0.8,16,0.24666666666666667,0,0
CIFAR-100 (gray),0.8,157,0.24,0,1
CIFAR-100 (gray),0.8,92,0.18,0,0
CIFAR-100 (gray),0.8,174,0.23333333333333334,0,0
CIFAR-100 (gray),0.8,12,0.24666666666666667,0,0
CIFAR-100 (gray),0.8,129,0.26666666666666666,0,0
CIFAR-100 (gray),0.8,173,0.23333333333333334,0,0
CIFAR-100 (gray),0.8,29,0.2,0,0
CIFAR-100 (gray),0.8,163,0.23333333333333334,0,0
CIFAR-100 (gray),0.8,37,0.2,0,0
CIFAR-100 (gray),0.8,196,0.12666666666666668,0,0
CIFAR-100 (gray),0.8,24,0.2,0,0
CIFAR-100 (gray),0.8,128,0.24,0,0
CIFAR-100 (gray),0.8,59,0.19333333333333333,0,0
CIFAR-100 (gray),0.8,133,0.24666666666666667,0,0
CIFAR-100 (gray),0.8,177,0.22666666666666666,0,0
CIFAR-100 (gray),0.8,19,0.19333333333333333,0,0
CIFAR-100 (gray),0.8,193,0.20666666666666667,0,0
CIFAR-100 (gray),0.8,91,0.22,0,0
CIFAR-100 (gray),0.8,115,0.18,0,0
CIFAR-100 (gray),0.8,84,0.16666666666666666,0,0
CIFAR-100 (gray),0.8,92,0.19333333333333333,0,1
CIFAR-100 (gray),0.8,134,0.21333333333333335,0,0
CIFAR-100 (gray),0.8,113,0.24,0,0
CIFAR-100 (gray),0.8,14,0.24,0,1
CIFAR-100 (gray),0.8,154,0.16666666666666666,0,1
CIFAR-100 (gray),0.8,151,0.22666666666666666,0,0
CIFAR-100 (gray),0.8,125,0.21333333333333335,0,1
CIFAR-100 (gray),0.8,139,0.21333333333333335,0,0
CIFAR-100 (gray),0.8,4,1.0,1,0
CIFAR-100 (gray),0.8,192,0.25333333333333335,0,0
CIFAR-100 (gray),0.8,94,0.17333333333333334,0,0
CIFAR-100 (gray),0.8,64,0.18666666666666668,0,0
CIFAR-100 (gray),0.8,168,0.24,0,0
CIFAR-100 (gray),0.8,104,0.24,0,1
CIFAR-100 (gray),0.8,38,0.24,0,0
CIFAR-100 (gray),0.8,154,0.16666666666666666,0,1
CIFAR-100 (gray),0.8,43,1.0,1,0
CIFAR-100 (gray),0.8,163,0.22666666666666666,0,0
CIFAR-100 (gray),0.8,23,1.0,1,0
CIFAR-100 (gray),0.8,90,0.18666666666666668,0,0
CIFAR-100 (gray),0.8,117,0.26,0,0
CIFAR-100 (gray),0.8,112,0.21333333333333335,0,1
CIFAR-100 (gray),0.8,128,0.20666666666666667,0,0
CIFAR-100 (gray),0.8,156,0.25333333333333335,0,0
CIFAR-100 (gray),0.8,170,0.22666666666666666,0,0
CIFAR-100 (gray),0.8,32,0.20666666666666667,0,0
CIFAR-100 (gray),0.8,152,0.24,0,0
CIFAR-100 (gray),0.8,110,0.22666666666666666,0,0
CIFAR-100 (gray),0.8,181,1.0,1,0
CIFAR-100 (gray),0.8,104,0.2,0,0
CIFAR-100 (gray),0.8,48,0.18666666666666668,0,1
CIFAR-100 (gray),0.8,56,0.22,0,0
CIFAR-100 (gray),0.8,37,1.0,1,0
CIFAR-100 (gray),0.8,163,0.24666666666666667,0,0
CIFAR-100 (gray),0.8,170,0.25333333333333335,0,0
CIFAR-100 (gray),0.8,129,0.16,0,0
CIFAR-100 (gray),0.8,101,0.21333333333333335,0,0
CIFAR-100 (gray),0.8,133,0.2,0,0
CIFAR-100 (gray),0.8,96,0.17333333333333334,0,0
CIFAR-100 (gray),0.8,114,0.16,0,0
CIFAR-100 (gray),0.8,121,0.18666666666666668,0,0
CIFAR-100 (gray),0.8,167,0.2,0,0
CIFAR-100 (gray),0.8,67,0.2866666666666667,0,0
CIFAR-100 (gray),0.8,91,0.22,0,0
CIFAR-100 (gray),0.8,39,0.29333333333333333,0,1
CIFAR-100 (gray),0.8,18,0.24666666666666667,0,0
CIFAR-100 (gray),0.8,44,0.2,0,0
CIFAR-100 (gray),0.8,163,0.23333333333333334,0,0
CIFAR-100 (gray),0.8,160,0.17333333333333334,0,1
CIFAR-100 (gray),0.8,192,0.18,0,0
CIFAR-100 (gray),0.8,31,0.18666666666666668,0,0
CIFAR-100 (gray),0.8,36,0.24,0,0
CIFAR-100 (gray),0.8,75,0.24,0,1
CIFAR-100 (gray),0.8,143,0.20666666666666667,0,0
CIFAR-100 (gray),0.8,125,0.14666666666666667,0,1
CIFAR-100 (gray),0.8,83,0.22666666666666666,0,0
CIFAR-100 (gray),0.8,99,0.17333333333333334,0,1
CIFAR-100 (gray),0.8,0,0.19333333333333333,0,0
CIFAR-100 (gray),0.8,70,0.20666666666666667,0,0
CIFAR-100 (gray),0.8,159,0.24666666666666667,0,0
CIFAR-100 (gray),0.8,79,0.2733333333333333,0,0
CIFAR-100 (gray),0.8,69,0.22,0,0
CIFAR-100 (gray),0.8,139,0.12666666666666668,0,0
CIFAR-100 (gray),0.8,194,0.20666666666666667,0,1
CIFAR-100 (gray),0.8,112,0.21333333333333335,0,1
CIFAR-100 (gray),0.8,105,0.24,0,0
CIFAR-100 (gray),0.8,97,0.18666666666666668,0,0
CIFAR-100 (gray),0.8,23,0.18666666666666668,0,0
CIFAR-100 (gray),0.8,61,0.22,0,1
CIFAR-100 (gray),0.8,64,0.21333333333333335,0,0
CIFAR-100 (gray),0.8,21,0.20666666666666667,0,1
CIFAR-100 (gray),0.8,152,0.22666666666666666,0,0
CIFAR-100 (gray),0.8,171,0.25333333333333335,0,0
CIFAR-100 (gray),0.8,14,0.20666666666666667,0,1
CIFAR-100 (gray),0.8,96,0.26,0,0
CIFAR-100 (gray),0.8,163,0.2,0,0
CIFAR-100 (gray),0.8,184,0.19333333333333333,0,1
CIFAR-100 (gray),0.8,111,0.17333333333333334,0,0
CIFAR-100 (gray),0.8,199,0.16,0,0
CIFAR-100 (gray),0.8,145,0.22666666666666666,0,1
CIFAR-100 (gray),0.8,61,0.18,0,1
CIFAR-100 (gray),0.8,109,0.23333333333333334,0,0
CIFAR-100 (gray),0.8,10,0.19333333333333333,0,0
CIFAR-100 (gray),0.8,89,0.25333333333333335,0,1
CIFAR-100 (gray),0.8,49,0.20666666666666667,0,0
CIFAR-100 (gray),0.8,46,0.22,0,0
CIFAR-100 (gray),0.8,168,0.28,0,0
CIFAR-100 (gray),0.8,104,0.13333333333333333,0,0
CIFAR-100 (gray),0.8,14,0.2,0,0
CIFAR-100 (gray),0.8,92,0.24,0,0
CIFAR-100 (gray),0.8,139,0.2,0,1
CIFAR-100 (gray),0.8,25,0.23333333333333334,0,0
CIFAR-100 (gray),0.8,2,0.18666666666666668,0,0
CIFAR-100 (gray),0.8,135,0.22666666666666666,0,0
CIFAR-100 (gray),0.8,74,0.22666666666666666,0,0
CIFAR-100 (gray),0.8,73,0.20666666666666667,0,0
CIFAR-100 (gray),0.8,159,0.24666666666666667,0,0
CIFAR-100 (gray),0.8,66,0.2,0,1
CIFAR-100 (gray),0.8,30,0.24666666666666667,0,0
CIFAR-100 (gray),0.8,59,0.15333333333333332,0,0
CIFAR-100 (gray),0.8,43,1.0,1,0
CIFAR-100 (gray),0.8,53,0.26,0,0
CIFAR-100 (gray),0.8,140,0.28,0,0
CIFAR-100 (gray),0.8,109,0.23333333333333334,0,0
CIFAR-100 (gray),0.8,185,0.22666666666666666,0,0
CIFAR-100 (gray),0.8,63,0.22,0,1
CIFAR-100 (gray),0.8,23,0.20666666666666667,0,1
CIFAR-100 (gray),0.8,40,0.22666666666666666,0,0
CIFAR-100 (gray),0.8,181,0.16666666666666666,0,0
CIFAR-100 (gray),0.8,98,0.24,0,0
CIFAR-100 (gray),0.8,97,0.20666666666666667,0,0
CIFAR-100 (gray),0.8,169,0.24666666666666667,0,1
CIFAR-100 (gray),0.8,46,0.16,0,0
CIFAR-100 (gray),0.8,33,0.15333333333333332,0,0
CIFAR-100 (gray),0.8,124,0.25333333333333335,0,0
CIFAR-100 (gray),0.8,65,0.20666666666666667,0,0
CIFAR-100 (gray),0.8,31,0.16666666666666666,0,0
CIFAR-100 (gray),0.8,103,0.2,0,1
CIFAR-100 (gray),0.8,155,0.17333333333333334,0,0
CIFAR-100 (gray),0.8,172,0.2,0,0
CIFAR-100 (gray),0.8,169,0.19333333333333333,0,0
CIFAR-100 (gray),0.8,178,0.16,0,0
CIFAR-100 (gray),0.8,104,0.19333333333333333,0,1
CIFAR-100 (gray),0.8,194,0.16,0,0
CIFAR-100 (gray),0.8,16,0.23333333333333334,0,0
CIFAR-100 (gray),0.8,13,0.20666666666666667,0,1
CIFAR-100 (gray),0.8,152,0.21333333333333335,0,0
CIFAR-100 (gray),0.8,88,0.20666666666666667,0,0
CIFAR-100 (gray),0.8,123,0.24666666666666667,0,0
CIFAR-100 (gray),0.8,133,0.23333333333333334,0,1
CIFAR-100 (gray),0.8,103,0.22666666666666666,0,0
CIFAR-100 (gray),0.8,25,0.24,0,1
CIFAR-100 (gray),0.8,80,0.18666666666666668,0,0
CIFAR-100 (gray),0.8,145,0.20666666666666667,0,0
CIFAR-100 (gray),0.8,82,0.2733333333333333,0,1
CIFAR-100 (gray),0.8,50,0.19333333333333333,0,0
CIFAR-100 (gray),0.8,3,0.26666666666666666,0,1
CIFAR-100 (gray),0.8,166,0.20666666666666667,0,0
CIFAR-100 (gray),0.8,134,0.2,0,0
CIFAR-100 (gray),0.8,44,0.16,0,0
CIFAR-100 (gray),0.8,158,0.18666666666666668,0,0
CIFAR-100 (gray),0.8,162,0.22,0,0
CIFAR-100 (gray),0.8,0,1.0,1,1
CIFAR-100 (gray),0.8,49,0.18,0,0
CIFAR-100 (gray),0.8,192,0.28,0,0
CIFAR-100 (gray),0.8,36,0.21333333333333335,0,0
CIFAR-100 (gray),0.8,71,0.20666666666666667,0,0
CIFAR-100 (gray),0.8,66,0.2,0,1
CIFAR-100 (gray),0.8,105,0.18666666666666668,0,0
CIFAR-100 (gray),0.8,19,0.26666666666666666,0,0
CIFAR-100 (gray),0.8,121,0.24666666666666667,0,0
CIFAR-100 (gray),0.8,155,0.19333333333333333,0,0
CIFAR-100 (gray),0.8,108,0.18,0,1
CIFAR-100 (gray),0.8,194,0.22666666666666666,0,0
CIFAR-100 (gray),0.8,79,0.18,0,0
CIFAR-100 (gray),0.8,141,0.21333333333333335,0,0
CIFAR-100 (gray),0.8,3,1.0,1,1
CIFAR-100 (gray),0.8,98,0.24,0,0
CIFAR-100 (gray),0.8,190,0.26,0,0
CIFAR-100 (gray),0.8,38,0.16666666666666666,0,1
CIFAR-100 (gray),0.8,141,0.22,0,0
CIFAR-100 (gray),0.8,115,0.24,0,0
CIFAR-100 (gray),1.0,6,0.25333333333333335,0,0
CIFAR-100 (gray),1.0,68,0.17333333333333334,0,0
CIFAR-100 (gray),1.0,8,0.22,0,0
CIFAR-100 (gray),1.0,58,0.2733333333333333,0,0
CIFAR-100 (gray),1.0,101,0.16,0,0
CIFAR-100 (gray),1.0,73,0.22,0,0
CIFAR-100 (gray),1.0,3,0.22,0,1
CIFAR-100 (gray),1.0,114,0.18666666666666668,0,0
CIFAR-100 (gray),1.0,39,0.22,0,0
CIFAR-100 (gray),1.0,120,0.21333333333333335,0,0
CIFAR-100 (gray),1.0,178,0.25333333333333335,0,1
CIFAR-100 (gray),1.0,4,0.16666666666666666,0,0
CIFAR-100 (gray),1.0,38,0.18666666666666668,0,0
CIFAR-100 (gray),1.0,0,0.21333333333333335,0,0
CIFAR-100 (gray),1.0,114,0.16666666666666666,0,0
CIFAR-100 (gray),1.0,96,0.19333333333333333,0,0
CIFAR-100 (gray),1.0,129,0.20666666666666667,0,0
CIFAR-100 (gray),1.0,164,0.17333333333333334,0,0
CIFAR-100 (gray),1.0,31,0.17333333333333334,0,0
CIFAR-100 (gray),1.0,1,0.18666666666666668,0,0
CIFAR-100 (gray),1.0,99,0.18,0,0
CIFAR-100 (gray),1.0,120,0.18666666666666668,0,0
CIFAR-100 (gray),1.0,36,0.18666666666666668,0,0
CIFAR-100 (gray),1.0,121,0.22,0,0
CIFAR-100 (gray),1.0,95,0.18666666666666668,0,0
CIFAR-100 (gray),1.0,150,0.19333333333333333,0,0
CIFAR-100 (gray),1.0,118,0.22,0,0
CIFAR-100 (gray),1.0,194,0.16666666666666666,0,0
CIFAR-100 (gray),1.0,3,0.22666666666666666,0,0
CIFAR-100 (gray),1.0,53,0.17333333333333334,0,0
CIFAR-100 (gray),1.0,127,0.18666666666666668,0,0
CIFAR-100 (gray),1.0,55,0.22666666666666666,0,0
CIFAR-100 (gray),1.0,132,0.26,0,0
CIFAR-100 (gray),1.0,7,0.17333333333333334,0,0
CIFAR-100 (gray),1.0,37,0.19333333333333333,0,0
CIFAR-100 (gray),1.0,191,1.0,1,0
CIFAR-100 (gray),1.0,135,0.19333333333333333,0,0
CIFAR-100 (gray),1.0,97,0.24,0,0
CIFAR-100 (gray),1.0,72,0.20666666666666667,0,0
CIFAR-100 (gray),1.0,122,0.22666666666666666,0,0
CIFAR-100 (gray),1.0,151,0.26666666666666666,0,0
CIFAR-100 (gray),1.0,52,0.22,0,0
CIFAR-100 (gray),1.0,114,0.16,0,0
CIFAR-100 (gray),1.0,35,0.26,0,0
CIFAR-100 (gray),1.0,151,0.19333333333333333,0,0
CIFAR-100 (gray),1.0,75,0.22,0,0
CIFAR-100 (gray),1.0,191,0.2,0,0
CIFAR-100 (gray),1.0,103,0.22666666666666666,0,0
CIFAR-100 (gray),1.0,108,0.2,0,1
CIFAR-100 (gray),1.0,26,0.23333333333333334,0,0
CIFAR-100 (gray),1.0,143,0.17333333333333334,0,0
CIFAR-100 (gray),1.0,96,0.20666666666666667,0,0
CIFAR-100 (gray),1.0,90,0.24,0,0
CIFAR-100 (gray),1.0,174,0.21333333333333335,0,0
CIFAR-100 (gray),1.0,190,0.22,0,0
CIFAR-100 (gray),1.0,182,0.22666666666666666,0,0
CIFAR-100 (gray),1.0,62,0.22,0,1
CIFAR-100 (gray),1.0,189,0.2,0,0
CIFAR-100 (gray),1.0,9,0.2,0,0
CIFAR-100 (gray),1.0,47,0.20666666666666667,0,0
CIFAR-100 (gray),1.0,82,0.18,0,0
CIFAR-100 (gray),1.0,44,0.24,0,0
CIFAR-100 (gray),1.0,78,0.2,0,0
CIFAR-100 (gray),1.0,156,0.24666666666666667,0,0
CIFAR-100 (gray),1.0,139,0.19333333333333333,0,1
CIFAR-100 (gray),1.0,91,0.26,0,0
CIFAR-100 (gray),1.0,99,0.16666666666666666,0,0
CIFAR-100 (gray),1.0,23,0.17333333333333334,0,0
CIFAR-100 (gray),1.0,140,0.16,0,0
CIFAR-100 (gray),1.0,136,0.24,0,1
CIFAR-100 (gray),1.0,199,0.19333333333333333,0,0
CIFAR-100 (gray),1.0,152,0.20666666666666667,0,0
CIFAR-100 (gray),1.0,38,0.18666666666666668,0,0
CIFAR-100 (gray),1.0,155,0.17333333333333334,0,0
CIFAR-100 (gray),1.0,38,0.17333333333333334,0,0
CIFAR-100 (gray),1.0,41,0.24,0,0
CIFAR-100 (gray),1.0,173,0.23333333333333334,0,0
CIFAR-100 (gray),1.0,198,0.20666666666666667,0,0
CIFAR-100 (gray),1.0,71,0.2733333333333333,0,0
CIFAR-100 (gray),1.0,198,0.23333333333333334,0,0
CIFAR-100 (gray),1.0,140,0.12,0,0
CIFAR-100 (gray),1.0,83,0.17333333333333334,0,0
CIFAR-100 (gray),1.0,4,0.22,0,0
CIFAR-100 (gray),1.0,153,0.16666666666666666,0,0
CIFAR-100 (gray),1.0,158,0.20666666666666667,0,0
CIFAR-100 (gray),1.0,157,1.0,1,0
CIFAR-100 (gray),1.0,112,0.22666666666666666,0,0
CIFAR-100 (gray),1.0,73,0.18,0,0
CIFAR-100 (gray),1.0,66,0.18666666666666668,0,0
CIFAR-100 (gray),1.0,199,0.14,0,0
CIFAR-100 (gray),1.0,98,0.14666666666666667,0,0
CIFAR-100 (gray),1.0,125,0.23333333333333334,0,0
CIFAR-100 (gray),1.0,51,0.2,0,0
CIFAR-100 (gray),1.0,169,0.22,0,0
CIFAR-100 (gray),1.0,130,0.17333333333333334,0,1
CIFAR-100 (gray),1.0,89,0.16666666666666666,0,0
CIFAR-100 (gray),1.0,83,0.25333333333333335,0,0
CIFAR-100 (gray),1.0,126,0.16,0,0
CIFAR-100 (gray),1.0,134,0.19333333333333333,0,0
CIFAR-100 (gray),1.0,117,0.19333333333333333,0,0
CIFAR-100 (gray),1.0,66,0.22666666666666666,0,1
CIFAR-100 (gray),1.0,25,0.23333333333333334,0,1
CIFAR-100 (gray),1.0,164,0.16,0,1
CIFAR-100 (gray),1.0,164,0.19333333333333333,0,1
CIFAR-100 (gray),1.0,183,0.17333333333333334,0,1
CIFAR-100 (gray),1.0,185,0.19333333333333333,0,0
CIFAR-100 (gray),1.0,15,0.2,0,0
CIFAR-100 (gray),1.0,150,0.26,0,0
CIFAR-100 (gray),1.0,95,0.18666666666666668,0,0
CIFAR-100 (gray),1.0,70,0.22,0,1
CIFAR-100 (gray),1.0,18,0.18,0,0
CIFAR-100 (gray),1.0,196,0.25333333333333335,0,0
CIFAR-100 (gray),1.0,193,0.20666666666666667,0,0
CIFAR-100 (gray),1.0,12,0.18,0,0
CIFAR-100 (gray),1.0,108,0.16,0,1
CIFAR-100 (gray),1.0,55,0.2,0,0
CIFAR-100 (gray),1.0,163,0.20666666666666667,0,0
CIFAR-100 (gray),1.0,86,1.0,1,0
CIFAR-100 (gray),1.0,137,0.18,0,0
CIFAR-100 (gray),1.0,0,0.26666666666666666,0,0
CIFAR-100 (gray),1.0,130,0.20666666666666667,0,1
CIFAR-100 (gray),1.0,22,0.18,0,0
CIFAR-100 (gray),1.0,126,0.2,0,0
CIFAR-100 (gray),1.0,32,0.20666666666666667,0,0
CIFAR-100 (gray),1.0,33,0.25333333333333335,0,0
CIFAR-100 (gray),1.0,128,0.22666666666666666,0,0
CIFAR-100 (gray),1.0,91,0.24666666666666667,0,0
CIFAR-100 (gray),1.0,36,0.28,0,0
CIFAR-100 (gray),1.0,47,0.25333333333333335,0,0
CIFAR-100 (gray),1.0,196,0.18666666666666668,0,0
CIFAR-100 (gray),1.0,51,0.19333333333333333,0,0
CIFAR-100 (gray),1.0,117,0.30666666666666664,0,0
CIFAR-100 (gray),1.0,59,0.26,0,0
CIFAR-100 (gray),1.0,136,0.24,0,1
CIFAR-100 (gray),1.0,197,0.22666666666666666,0,0
CIFAR-100 (gray),1.0,70,0.22,0,0
CIFAR-100 (gray),1.0,26,0.21333333333333335,0,0
CIFAR-100 (gray),1.0,34,0.22666666666666666,0,0
CIFAR-100 (gray),1.0,74,0.25333333333333335,0,0
CIFAR-100 (gray),1.0,108,0.2733333333333333,0,1
CIFAR-100 (gray),1.0,134,0.24,0,0
CIFAR-100 (gray),1.0,159,0.22666666666666666,0,0
CIFAR-100 (gray),1.0,173,0.2,0,0
CIFAR-100 (gray),1.0,76,0.24666666666666667,0,0
CIFAR-100 (gray),1.0,19,0.17333333333333334,0,0
CIFAR-100 (gray),1.0,91,0.2,0,0
CIFAR-100 (gray),1.0,146,0.3,0,0
CIFAR-100 (gray),1.0,125,0.18666666666666668,0,0
CIFAR-100 (gray),1.0,10,0.18666666666666668,0,0
CIFAR-100 (gray),1.0,25,0.22666666666666666,0,0
CIFAR-100 (gray),1.0,77,0.28,0,0
CIFAR-100 (gray),1.0,184,0.18,0,0
CIFAR-100 (gray),1.0,183,0.18666666666666668,0,0
CIFAR-100 (gray),1.0,32,1.0,1,0
CIFAR-100 (gray),1.0,69,0.25333333333333335,0,0
CIFAR-100 (gray),1.0,104,0.28,0,0
CIFAR-100 (gray),1.0,155,0.18666666666666668,0,0
CIFAR-100 (gray),1.0,36,0.17333333333333334,0,0
CIFAR-100 (gray),1.0,118,0.24,0,0
CIFAR-100 (gray),1.0,44,0.17333333333333334,0,0
CIFAR-100 (gray),1.0,174,1.0,1,0
CIFAR-100 (gray),1.0,74,0.19333333333333333,0,0
CIFAR-100 (gray),1.0,104,0.19333333333333333,0,0
CIFAR-100 (gray),1.0,91,0.19333333333333333,0,0
CIFAR-100 (gray),1.0,37,0.16666666666666666,0,0
CIFAR-100 (gray),1.0,174,0.23333333333333334,0,0
CIFAR-100 (gray),1.0,24,0.2,0,0
CIFAR-100 (gray),1.0,120,0.26666666666666666,0,0
CIFAR-100 (gray),1.0,151,0.25333333333333335,0,0
CIFAR-100 (gray),1.0,184,0.18666666666666668,0,0
CIFAR-100 (gray),1.0,133,0.20666666666666667,0,0
CIFAR-100 (gray),1.0,84,0.19333333333333333,0,0
CIFAR-100 (gray),1.0,57,0.23333333333333334,0,1
CIFAR-100 (gray),1.0,165,0.19333333333333333,0,0
CIFAR-100 (gray),1.0,52,0.2733333333333333,0,0
CIFAR-100 (gray),1.0,144,0.19333333333333333,0,0
CIFAR-100 (gray),1.0,108,1.0,1,0
CIFAR-100 (gray),1.0,32,0.24,0,0
CIFAR-100 (gray),1.0,112,0.23333333333333334,0,0
CIFAR-100 (gray),1.0,31,0.23333333333333334,0,0
CIFAR-100 (gray),1.0,154,0.2,0,0
CIFAR-100 (gray),1.0,168,0.21333333333333335,0,0
CIFAR-100 (gray),1.0,103,0.2866666666666667,0,1
CIFAR-100 (gray),1.0,65,0.22,0,0
CIFAR-100 (gray),1.0,123,0.16,0,0
CIFAR-100 (gray),1.0,143,0.21333333333333335,0,0
CIFAR-100 (gray),1.0,141,0.22,0,0
CIFAR-100 (gray),1.0,147,0.20666666666666667,0,0
CIFAR-100 (gray),1.0,150,0.24,0,0
CIFAR-100 (gray),1.0,147,0.20666666666666667,0,0
CIFAR-100 (gray),1.0,22,0.22,0,0
CIFAR-100 (gray),1.0,31,0.28,0,0
CIFAR-100 (gray),1.0,85,0.20666666666666667,0,0
CIFAR-100 (gray),1.0,148,0.17333333333333334,0,0
CIFAR-100 (gray),1.0,80,0.21333333333333335,0,0
CIFAR-100 (gray),1.0,116,0.26666666666666666,0,0
CIFAR-100 (gray),1.0,184,0.18666666666666668,0,0
CIFAR-100 (gray),1.0,189,0.23333333333333334,0,0
CIFAR-100 (gray),1.0,153,1.0,1,0
CIFAR-100 (gray),1.0,171,0.16666666666666666,0,0
